{"type": "FeatureCollection", "features": [{"type": "Feature", "properties": {"level_in": 0.1}, "geometry": {"type": "LineString", "coordinates": [[-128.9304025334911, 54.9384870199], [-128.953125, 54.916898945650175], [-129.00048153991662, 54.8681882542], [-128.953125, 54.820961126456204], [-128.9337803157537, 54.7978894884], [-128.8828125, 54.775273634352025], [-128.8125, 54.76053308710803], [-128.7421875, 54.79507497750151], [-128.73957821887882, 54.7978894884], [-128.6843527659132, 54.8681882542], [-128.671875, 54.90089796285876], [-128.63309633908625, 54.938487019899995]]}}, {"type": "Feature", "properties": {"level_in": 0.1}, "geometry": {"type": "LineString", "coordinates": [[-128.34780856501683, 54.93848701990001], [-128.3203125, 54.91642516084023], [-128.25, 54.88370394865522], [-128.1796875, 54.88372627481556], [-128.109375, 54.89875352997558], [-128.0390625, 54.935332730917374], [-128.03451356734664, 54.9384870199]]}}, {"type": "Feature", "properties": {"level_in": 0.1}, "geometry": {"type": "LineString", "coordinates": [[-127.83359445433419, 54.9384870199], [-127.828125, 54.90616283077358], [-127.81364032655563, 54.86818825420001], [-127.7578125, 54.854608049994795], [-127.6875, 54.84570411366397], [-127.6171875, 54.858843806849684], [-127.58483080260163, 54.8681882542], [-127.546875, 54.87845593236812], [-127.4765625, 54.88290256849942], [-127.41909144908746, 54.8681882542], [-127.40625, 54.864895747066356], [-127.3359375, 54.83937910093127], [-127.27594497172058, 54.7978894884], [-127.3359375, 54.754033867481894], [-127.37231319489607, 54.7275907227], [-127.40424266757313, 54.6572919569], [-127.40625, 54.65566608154851], [-127.4765625, 54.61572000924916], [-127.546875, 54.587518769674986], [-127.54749957164839, 54.5869931912], [-127.546875, 54.58638284199152], [-127.48956033978804, 54.5166944254], [-127.54513892846744, 54.4463956596], [-127.52221696288416, 54.37609689380001], [-127.546875, 54.35893705430842], [-127.59182646347654, 54.305798127900005], [-127.61718749999999, 54.28440221746873], [-127.6875, 54.235710191281996], [-127.68769213392922, 54.2354993621], [-127.70829696612222, 54.16520059620001], [-127.7578125, 54.0990505112518], [-127.76224882246285, 54.0949018304], [-127.7578125, 54.09274377280438], [-127.68750000000001, 54.04850193216356], [-127.6575703552959, 54.0246030645], [-127.64739450302304, 53.9543042986], [-127.63269772993156, 53.8840055327], [-127.6171875, 53.87298725863101], [-127.546875, 53.83746944873357], [-127.4765625, 53.81873742203308], [-127.47172763213688, 53.8137067668], [-127.47656249999999, 53.79489649209967], [-127.49324512849877, 53.7434080008], [-127.4765625, 53.72995078084249], [-127.420348659272, 53.6731092349], [-127.4765625, 53.63418273123551], [-127.546875, 53.62344087243256], [-127.6157760875239, 53.6028104689], [-127.59600597373228, 53.532511703], [-127.546875, 53.51428220962463], [-127.4765625, 53.47392200041028], [-127.46201577016451, 53.462212937], [-127.40625, 53.45301725177008], [-127.3359375, 53.445381716019014], [-127.265625, 53.43277993515147], [-127.1953125, 53.41326280462334], [-127.13137751652881, 53.391914171], [-127.125, 53.38890846333196], [-127.05468749999999, 53.33393557449842], [-127.0455743399283, 53.321615405], [-126.984375, 53.289740561505624], [-126.92730145071344, 53.251316639], [-126.9140625, 53.21275853410076], [-126.88208392599009, 53.1810178729], [-126.84375, 53.177264674808974], [-126.7734375, 53.16113211026184], [-126.703125, 53.128662218593455], [-126.67640185461296, 53.11071910689999], [-126.6328125, 53.098630992048115], [-126.5625, 53.08225581418974], [-126.49218750000001, 53.07390148454202], [-126.42198913978211, 53.0404203408], [-126.421875, 53.040296325403055], [-126.3515625, 52.98363554763726], [-126.32691455972025, 52.970121574800004], [-126.3515625, 52.9521370702708], [-126.41093354919573, 52.8998228087], [-126.4118993726055, 52.8295240426], [-126.3515625, 52.80531606028265], [-126.28125, 52.77941469765816], [-126.2109375, 52.769586783592416], [-126.140625, 52.81016004087938], [-126.0703125, 52.82080897913312], [-126.0, 52.824960274197466], [-125.97663781517458, 52.8295240426], [-125.9296875, 52.84949309581444], [-125.859375, 52.87974929292703], [-125.82444380974198, 52.8998228087], [-125.7890625, 52.91709725580243], [-125.71875, 52.9386129710803], [-125.6484375, 52.95101454016539], [-125.578125, 52.96282366934341], [-125.54774778057501, 52.9701215748], [-125.5078125, 52.98466601572835], [-125.4375, 53.00865853267754], [-125.3671875, 53.03528503867826], [-125.35874189560788, 53.0404203408], [-125.296875, 53.083622057147316], [-125.23286948212488, 53.1107191069], [-125.2265625, 53.11607603048134], [-125.15625, 53.17037886236503], [-125.15475735857291, 53.1810178729], [-125.15625, 53.18320204067513], [-125.19100444469007, 53.251316639], [-125.15625, 53.28325858613341], [-125.135729557313, 53.321615405], [-125.0859375, 53.342930457566], [-125.015625, 53.33798427190287], [-124.94944497998682, 53.321615405], [-124.9453125, 53.31520341019167], [-124.875, 53.263110006711415], [-124.8363211811324, 53.251316639], [-124.85018083388667, 53.1810178729], [-124.875, 53.16571269308402], [-124.9453125, 53.13733348805521], [-125.015625, 53.12788222090697], [-125.0859375, 53.11432392881351], [-125.1075706664565, 53.1107191069], [-125.0859375, 53.10978086554515], [-125.015625, 53.08904199629121], [-124.9679582003214, 53.0404203408], [-124.97829316818519, 52.9701215748], [-124.9453125, 52.95083591083433], [-124.875, 52.95211428139017], [-124.8046875, 52.963944587293796], [-124.7786361244842, 52.97012157479999], [-124.734375, 53.02912490187872], [-124.7281242515387, 53.0404203408], [-124.6640625, 53.06952278353941], [-124.59375, 53.08745287375887], [-124.5234375, 53.09876198535885], [-124.47442545962193, 53.1107191069], [-124.453125, 53.12427577841791], [-124.3828125, 53.146705276807936], [-124.3125, 53.15478502735633], [-124.2421875, 53.16192699722162], [-124.171875, 53.173545829334486], [-124.13540172775336, 53.1810178729], [-124.10156250000001, 53.204863754542316], [-124.06096942707026, 53.251316638999995], [-124.04028760818296, 53.321615405], [-124.1015625, 53.36663653423318], [-124.171875, 53.38069454205121], [-124.2421875, 53.38298851952258], [-124.31249999999999, 53.38155182791434], [-124.3828125, 53.38361874318621], [-124.43794772953133, 53.391914170999996], [-124.3828125, 53.39474340682611], [-124.3125, 53.39855580642858], [-124.2421875, 53.40268098811057], [-124.171875, 53.40730519729914], [-124.1015625, 53.405105169779155], [-124.03125, 53.40819563394032], [-123.9609375, 53.412749152628336], [-123.890625, 53.424933822112536], [-123.8203125, 53.43579357598029], [-123.75, 53.445136377304735], [-123.6796875, 53.452404431725014], [-123.60959861612888, 53.462212937], [-123.609375, 53.46226596030264], [-123.5390625, 53.473677905665305], [-123.46875, 53.46773372349913], [-123.46000150154312, 53.462212937], [-123.46875, 53.408436393413766], [-123.4717852865616, 53.391914171], [-123.46875, 53.375391948586234], [-123.3984375, 53.3476256503992], [-123.328125, 53.32209130157667], [-123.3276433607154, 53.321615404999996], [-123.2578125, 53.26826301820922], [-123.20403683605483, 53.251316638999995], [-123.1875, 53.24890259495149], [-123.1171875, 53.233675177126216], [-123.04687500000001, 53.21125468894995], [-122.9765625, 53.20444875541064], [-122.90625, 53.204448763886916], [-122.83683253266948, 53.1810178729], [-122.90625, 53.12301460242897], [-122.92488481049972, 53.1107191069], [-122.90625, 53.09759129805609], [-122.8359375, 53.057267773282724], [-122.79925105590041, 53.0404203408], [-122.83593749999999, 53.0263129279497], [-122.90625, 53.00071829057323], [-122.94548852027121, 52.9701215748], [-122.9765625, 52.95332189050636], [-123.046875, 52.920553069131465], [-123.09191015982968, 52.8998228087], [-123.1171875, 52.88718660728302], [-123.1875, 52.8527909752971], [-123.21006131365459, 52.8295240426], [-123.2578125, 52.77318600466492], [-123.31509440862796, 52.75922527649999], [-123.328125, 52.75696844994827], [-123.3984375, 52.75001962240229], [-123.46875, 52.75002872587882], [-123.5390625, 52.74632274957377], [-123.609375, 52.706480108940035], [-123.66286909105496, 52.6889265104], [-123.6796875, 52.68568504285417], [-123.69824573145594, 52.68892651040001], [-123.75, 52.70480567148266], [-123.79718952747064, 52.759225276500004], [-123.8203125, 52.805462209540465], [-123.83021155930791, 52.829524042600006], [-123.8203125, 52.855237174486305], [-123.80371169475299, 52.8998228087], [-123.8203125, 52.93709931363438], [-123.890625, 52.91202188849042], [-123.90282646306045, 52.899822808699994], [-123.9609375, 52.885883348712944], [-124.03125, 52.88178490772722], [-124.1015625, 52.890188108521976], [-124.16413925711267, 52.8998228087], [-124.171875, 52.90038336348123], [-124.17353566301773, 52.8998228087], [-124.2421875, 52.853980803706534], [-124.3125, 52.8376386325932], [-124.3828125, 52.832352758929176], [-124.41009034737621, 52.8295240426], [-124.45312500000001, 52.8188831429741], [-124.5234375, 52.77755868332222], [-124.57308349304733, 52.7592252765], [-124.52343750000001, 52.69677081260073], [-124.5082466329631, 52.68892651040001], [-124.52324723003352, 52.6186277442], [-124.5234375, 52.618378473602334], [-124.59375, 52.59158955608586], [-124.6640625, 52.597126301510514], [-124.734375, 52.591021261367295], [-124.8046875, 52.5505999725614], [-124.80751501674472, 52.5483289781], [-124.8046875, 52.547368049599335], [-124.734375, 52.51693465637216], [-124.69809674019018, 52.4780302119], [-124.68435528764718, 52.4077314458], [-124.734375, 52.34053059559989], [-124.73707916414236, 52.3374326796], [-124.80369819821982, 52.2671339134], [-124.734375, 52.23284774420854], [-124.6640625, 52.241424633783], [-124.59375, 52.25086767102829], [-124.5234375, 52.23989850316698], [-124.4595842907791, 52.1968351472], [-124.5234375, 52.15386410519703], [-124.59375, 52.12972675026786], [-124.59854128165391, 52.126536381], [-124.6640625, 52.0983525264911], [-124.734375, 52.07855051226747], [-124.8046875, 52.064086972005576], [-124.85265011591912, 52.05623761479999], [-124.81201371475271, 51.9859388485], [-124.875, 51.96988219434028], [-124.91464760335248, 51.9859388485], [-124.9453125, 52.04269581810574], [-124.95293518932785, 52.0562376148], [-124.9453125, 52.067234650366565], [-124.92915585977397, 52.126536381], [-124.9453125, 52.140974217867125], [-125.015625, 52.15271431341954], [-125.0859375, 52.16147859379416], [-125.12619743982575, 52.1968351472], [-125.14785749604516, 52.2671339134], [-125.09257406372902, 52.3374326796], [-125.08593750000001, 52.34172429819707], [-125.05352224682795, 52.4077314458], [-125.0859375, 52.41888614429685], [-125.15625, 52.417819236744954], [-125.2265625, 52.413048472880526], [-125.24422372931106, 52.4077314458], [-125.25174332378151, 52.3374326796], [-125.29687500000001, 52.32576956219315], [-125.3671875, 52.295900812506034], [-125.4355956358682, 52.2671339134], [-125.3671875, 52.19873913936159], [-125.36515893916734, 52.1968351472], [-125.296875, 52.156701617262335], [-125.2265625, 52.12678840049266], [-125.22587589481996, 52.126536381], [-125.2265625, 52.126141586624044], [-125.25048439621237, 52.0562376148], [-125.296875, 51.99549563483361], [-125.3139557519629, 51.9859388485], [-125.296875, 51.94992779102293], [-125.2405342082883, 51.9156400823], [-125.2265625, 51.911648941994954], [-125.19926891457615, 51.9156400823], [-125.15624999999999, 51.920598400770984], [-125.08593749999999, 51.91656069575624], [-125.0838625612557, 51.91564008230001], [-125.015625, 51.85739013583879], [-124.99193820743285, 51.845341316], [-124.9453125, 51.835661980529316], [-124.875, 51.810147800872386], [-124.81237314889627, 51.7750425498], [-124.8046875, 51.77303339138934], [-124.734375, 51.77109207251542], [-124.6640625, 51.770637002889146], [-124.59375, 51.76270287017069], [-124.5234375, 51.7090207604271], [-124.52173305859563, 51.7047437835], [-124.5234375, 51.696018751926644], [-124.53200695311278, 51.6344450172], [-124.53373656330724, 51.5641462509], [-124.5234375, 51.54374283390547], [-124.49995274849161, 51.4938474846], [-124.453125, 51.43576710971193], [-124.3828125, 51.42823953895041], [-124.34889514974022, 51.4235487183], [-124.3125, 51.41933998161533], [-124.2421875, 51.40140944441719], [-124.171875, 51.36536152160623], [-124.15437709005154, 51.353249952], [-124.1015625, 51.32660685727842], [-124.03125, 51.33333258469285], [-123.9609375, 51.34467746035086], [-123.90488587878241, 51.353249952], [-123.890625, 51.36712036155315], [-123.8203125, 51.40182201724042], [-123.75, 51.41629802685836], [-123.7175486384979, 51.4235487183], [-123.6796875, 51.42909238656047], [-123.66056376627301, 51.42354871829999], [-123.65774882358865, 51.353249952], [-123.609375, 51.33019051220698], [-123.55907235685763, 51.2829511856], [-123.5390625, 51.276303599567555], [-123.46875, 51.26941418371649], [-123.3984375, 51.2612029159903], [-123.328125, 51.26952599537325], [-123.29919840336115, 51.2829511856], [-123.30664177277943, 51.353249952], [-123.2578125, 51.38491202750844], [-123.23003695170993, 51.4235487183], [-123.1875, 51.454894209884685], [-123.13491289940684, 51.493847484599996], [-123.1171875, 51.51584320390478], [-123.05040889985783, 51.5641462509], [-123.046875, 51.56654074460314], [-122.9765625, 51.580623947468176], [-122.92133695840906, 51.5641462509], [-122.90625, 51.55965258354295], [-122.83593749999999, 51.52392460930426], [-122.80464773477101, 51.49384748460001], [-122.765625, 51.439599373846654], [-122.73821342574625, 51.4235487183], [-122.765625, 51.39435512914164], [-122.8359375, 51.3706469968521], [-122.90625, 51.36685797339225], [-122.9765625, 51.36341236418291], [-123.02395235228971, 51.353249952], [-122.9765625, 51.29070754594618], [-122.95659737522506, 51.2829511856], [-122.90625, 51.26182185874209], [-122.8359375, 51.25965729467766], [-122.76865136441671, 51.2126524193], [-122.8359375, 51.1725826915018], [-122.90625, 51.15655769935897], [-122.97581454125796, 51.14235365289999], [-122.9765625, 51.142318275197944], [-122.97693647873128, 51.1423536529], [-123.046875, 51.18025685994144], [-123.1171875, 51.186172520299124], [-123.1875, 51.17253224231201], [-123.2578125, 51.147242799698134], [-123.328125, 51.1455509144126], [-123.3984375, 51.14756352490278], [-123.44596078249148, 51.1423536529], [-123.46874999999999, 51.134656094114476], [-123.5390625, 51.09475174853407], [-123.609375, 51.08978485062324], [-123.6796875, 51.099206195979754], [-123.75, 51.10936082835421], [-123.8203125, 51.105313680728415], [-123.890625, 51.094587752139816], [-123.9609375, 51.074349193406896], [-123.96806923976187, 51.0720548865], [-123.96587066959857, 51.0017561202], [-123.9609375, 50.994504106027634], [-123.89420234585279, 50.9314573538], [-123.890625, 50.92684699260547], [-123.82680500971354, 50.9314573538], [-123.8203125, 50.93200192006043], [-123.75, 50.93704482434936], [-123.6796875, 50.94686914727431], [-123.609375, 50.95237064066547], [-123.54915832427335, 50.9314573538], [-123.5390625, 50.93027699550709], [-123.46875, 50.91470647081047], [-123.3984375, 50.88928977300589], [-123.34172993536313, 50.8611585874], [-123.34619241255146, 50.7908598209], [-123.328125, 50.76031543909286], [-123.2578125, 50.77309919491839], [-123.1875, 50.784533847024385], [-123.1171875, 50.78786614742105], [-123.046875, 50.78908325198784], [-122.9765625, 50.790379194961915], [-122.96304226869651, 50.7908598209], [-122.9765625, 50.792108560413425], [-123.046875, 50.81005228833276], [-123.10490701416668, 50.8611585874], [-123.046875, 50.87909225074421], [-122.9765625, 50.89900499375222], [-122.90625, 50.904302769463115], [-122.83593750000001, 50.88895943618277], [-122.77961754022049, 50.8611585874], [-122.81543673438014, 50.79085982090001], [-122.765625, 50.73874633294826], [-122.75011869833844, 50.7205610545], [-122.73757763794974, 50.6502622881], [-122.765625, 50.626610344918035], [-122.78685073827828, 50.57996352159999], [-122.8359375, 50.546164625200525], [-122.90625, 50.52043845916541], [-122.94709783389095, 50.5096647552], [-122.91262212622635, 50.4393659887], [-122.9765625, 50.39161738414426], [-123.02300961388352, 50.3690672223], [-122.98851013905622, 50.2987684558], [-122.98442024518803, 50.2284696893], [-122.9765625, 50.219392537773615], [-122.90625, 50.18473626702779], [-122.85970532786558, 50.1581709228], [-122.88582646185873, 50.0878721563], [-122.8359375, 50.06788848827327], [-122.765625, 50.054795510181876], [-122.75887124623495, 50.0878721563], [-122.765625, 50.117490790025116], [-122.79841393213911, 50.1581709228], [-122.79002775624154, 50.2284696893], [-122.765625, 50.26076767829271], [-122.6997954786645, 50.2987684558], [-122.6953125, 50.317721345167286], [-122.6868605076298, 50.3690672223], [-122.625, 50.42787392542604], [-122.60581422300046, 50.4393659887], [-122.5546875, 50.47390200016338], [-122.49405219050817, 50.5096647552], [-122.484375, 50.514109821149745], [-122.41406250000001, 50.53860340691004], [-122.34375, 50.55510531317529], [-122.28488471570549, 50.57996352160001], [-122.2734375, 50.58797135156623], [-122.203125, 50.624048076748096], [-122.1328125, 50.64771851370107], [-122.12733846162143, 50.6502622881], [-122.0625, 50.67266282331521], [-121.9921875, 50.6932064666882], [-121.921875, 50.698370895713936], [-121.8515625, 50.68170876666669], [-121.79553258003438, 50.6502622881], [-121.8515625, 50.59112289254266], [-121.87827935997132, 50.5799635216], [-121.921875, 50.53848332933031], [-121.95454901370357, 50.5096647552], [-121.99218749999999, 50.483376975601004], [-122.05607703412659, 50.4393659887], [-122.0625, 50.41595518042678], [-122.074077718644, 50.3690672223], [-122.0625, 50.341830837838245], [-122.04250809909263, 50.2987684558], [-122.02374758495058, 50.2284696893], [-122.01407912210482, 50.1581709228], [-121.9921875, 50.14488670396382], [-121.921875, 50.10034557115694], [-121.90329681966128, 50.08787215630001], [-121.8515625, 50.064079019513535], [-121.78125, 50.0566462523843], [-121.74197691985992, 50.0878721563], [-121.7109375, 50.10762735773986], [-121.640625, 50.12782305336748], [-121.5703125, 50.13326865694083], [-121.5, 50.142877827271654], [-121.46636104824512, 50.1581709228], [-121.4296875, 50.172353202817504], [-121.359375, 50.19202969304638], [-121.2890625, 50.20631240631056], [-121.24999643305807, 50.2284696893], [-121.21875, 50.27055376700248], [-121.1943014699353, 50.2987684558], [-121.1484375, 50.3279236131053], [-121.078125, 50.35868567186616], [-121.06472353202054, 50.3690672223], [-121.0078125, 50.43469610453917], [-121.0030607076462, 50.4393659887], [-120.9375, 50.466301353084496], [-120.8671875, 50.48500633887087], [-120.82608211071026, 50.5096647552], [-120.8671875, 50.518547470714495], [-120.9375, 50.53277360496839], [-121.0078125, 50.56859171319759], [-121.02310656260224, 50.5799635216], [-121.07812500000001, 50.648813019714346], [-121.07891991529198, 50.650262288099995], [-121.078125, 50.65065370563638], [-121.0078125, 50.68062289417972], [-120.9375, 50.70966638086201], [-120.92022320271877, 50.7205610545], [-120.8671875, 50.745400596439374], [-120.796875, 50.722024329395424], [-120.79541143923852, 50.7205610545], [-120.796875, 50.71653260557488], [-120.84076767496117, 50.6502622881], [-120.796875, 50.608505221218415], [-120.7265625, 50.58963547565389], [-120.65625, 50.58750952819631], [-120.58593749999999, 50.58562281550216], [-120.55536528160093, 50.5799635216], [-120.515625, 50.56120094657173], [-120.44531249999999, 50.51786457387765], [-120.43425698301573, 50.5096647552], [-120.375, 50.44203300805431], [-120.37171802676231, 50.4393659887], [-120.3046875, 50.39598743234248], [-120.25578818241344, 50.4393659887], [-120.234375, 50.45115785487859], [-120.1640625, 50.48298527667467], [-120.11669487377247, 50.509664755200006], [-120.09375, 50.51813189843884], [-120.02343750000001, 50.52453179066653], [-119.953125, 50.51734928927305], [-119.8828125, 50.51100528402861], [-119.85861010426791, 50.50966475519999], [-119.8125, 50.502599907752796], [-119.7421875, 50.50110393029001], [-119.73179205164502, 50.5096647552], [-119.69966295820043, 50.57996352160001], [-119.70922811819955, 50.6502622881], [-119.671875, 50.69103433034465], [-119.65121804811355, 50.7205610545], [-119.6015625, 50.74984740781393], [-119.53125, 50.76627201970767], [-119.4609375, 50.77437535920515], [-119.390625, 50.76718991367052], [-119.3203125, 50.73107931541144], [-119.30927039915086, 50.720561054499996], [-119.25756671959384, 50.650262288099995], [-119.3203125, 50.61373562487009], [-119.37588196907902, 50.5799635216], [-119.35781132284521, 50.50966475519999], [-119.390625, 50.45738667821901], [-119.40647457114619, 50.43936598869999], [-119.390625, 50.419864317250884], [-119.35610197586651, 50.3690672223], [-119.39062500000001, 50.33813610575105], [-119.4609375, 50.31953054715438], [-119.47214585092684, 50.2987684558], [-119.53125, 50.22943423931468], [-119.53478704305218, 50.2284696893], [-119.53125, 50.22159521871983], [-119.50236520084158, 50.1581709228], [-119.52282418812275, 50.0878721563], [-119.53125, 50.07704313047365], [-119.57399087662006, 50.017573389800006], [-119.6015625, 49.99127548761358], [-119.671875, 49.9477856838836], [-119.67251042211521, 49.9472746232], [-119.671875, 49.9459381821322], [-119.63442246082232, 49.8769758567], [-119.671875, 49.84936576671309], [-119.7421875, 49.83145641040758], [-119.77318205810937, 49.8066770901], [-119.8125, 49.74888813515713], [-119.82343691364505, 49.7363783236], [-119.8125, 49.72655123566888], [-119.75801487013652, 49.666079557], [-119.77034826910435, 49.5957807904], [-119.74218749999999, 49.54861894271075], [-119.71904606111573, 49.5254820238], [-119.671875, 49.4960521990587], [-119.6309980741238, 49.4551832573], [-119.671875, 49.3973265136864], [-119.70450357050714, 49.3848844907], [-119.70442090134492, 49.314585724], [-119.67923759485521, 49.2442869574], [-119.7421875, 49.17782791299907], [-119.74553726442149, 49.1739881908], [-119.7421875, 49.17199954630547], [-119.6769243196662, 49.1036894241], [-119.671875, 49.10148431573204], [-119.61788082666769, 49.0333906575], [-119.671875, 48.96817843633087], [-119.69007214743574, 48.9630918908], [-119.70169492365591, 48.8927931242], [-119.69058292043813, 48.8224943575], [-119.7119206176688, 48.7521955908], [-119.6991339697795, 48.6818968241], [-119.73383440891564, 48.6115980574], [-119.74218749999999, 48.6075997667299], [-119.76231963522764, 48.54129929070001], [-119.76535581363808, 48.471000524], [-119.8125, 48.452326152598516], [-119.88281250000001, 48.4659189880699], [-119.90002801492638, 48.47100052399999], [-119.953125, 48.48070643845544], [-120.01978644395676, 48.5412992907], [-120.0234375, 48.54650358187746], [-120.09375000000001, 48.59059898229947], [-120.12240477625221, 48.6115980574], [-120.1640625, 48.616875280372206], [-120.234375, 48.61561365085201], [-120.25416534973192, 48.6115980574], [-120.3046875, 48.58622072719555], [-120.375, 48.569780053817055], [-120.39323813010188, 48.5412992907], [-120.375, 48.51311010923146], [-120.3046875, 48.48587224974459], [-120.28452437632933, 48.471000524], [-120.3046875, 48.42260294157744], [-120.31258259357948, 48.4007017573], [-120.3046875, 48.371406100406745], [-120.28145784472325, 48.3304029905], [-120.234375, 48.314431990079456], [-120.19643959603044, 48.2601042238], [-120.19289076993817, 48.189805457], [-120.234375, 48.14283010202537], [-120.252140584285, 48.1195066903], [-120.3046875, 48.09731494984517], [-120.375, 48.079026692393654], [-120.4089682782002, 48.0492079235], [-120.39305606845654, 47.9789091567], [-120.39934761138079, 47.9086103899], [-120.44531250000001, 47.88659231813688], [-120.515625, 47.87338002510742], [-120.5859375, 47.86823873261224], [-120.65625, 47.892962102407886], [-120.67752837577527, 47.9086103899], [-120.7265625, 47.921079289596264], [-120.796875, 47.9249431701877], [-120.8671875, 47.92145582924544], [-120.90164941767833, 47.9086103899], [-120.87549348809884, 47.8383116232], [-120.8838070521441, 47.7680128564], [-120.8671875, 47.74822501638123], [-120.796875, 47.723220384156946], [-120.77072562790708, 47.697714089499996], [-120.75772208753263, 47.6274153227], [-120.7265625, 47.56403260573927], [-120.71964509907735, 47.5571165559], [-120.7265625, 47.54560020247361], [-120.75080712470385, 47.4868177891], [-120.73576226064145, 47.4165190222], [-120.796875, 47.37862073348265], [-120.8671875, 47.36997498414131], [-120.9375, 47.36889314940557], [-121.0078125, 47.36986960737232], [-121.078125, 47.37536986428684], [-121.1484375, 47.37350246088471], [-121.21875, 47.36127864340937], [-121.2890625, 47.35162897221616], [-121.34171689668932, 47.3462202554], [-121.359375, 47.325382672728736], [-121.40382396611336, 47.2759214885], [-121.359375, 47.25634408512455], [-121.2890625, 47.23179980056413], [-121.22268679129473, 47.205622721699996], [-121.21875, 47.202051146298366], [-121.16938050950937, 47.1353239548], [-121.16337276571707, 47.0650251879], [-121.17070263566492, 46.994726421], [-121.14957340867097, 46.9244276541], [-121.1484375, 46.92306459441826], [-121.11924689604803, 46.8541288872], [-121.0803602741165, 46.7838301203], [-121.08789685773206, 46.7135313534], [-121.08060392261994, 46.6432325865], [-121.07980447009588, 46.5729338195], [-121.08919054131488, 46.5026350526], [-121.1161851203444, 46.4323362857], [-121.1484375, 46.36495641316422], [-121.15448711029158, 46.3620375187], [-121.21875, 46.34655358333294], [-121.262884556805, 46.291738751699995], [-121.2890625, 46.23211955785462], [-121.291432004446, 46.2214399848], [-121.31979258130727, 46.1511412178], [-121.359375, 46.10553453367347], [-121.42011790441585, 46.0808424508], [-121.4296875, 46.07388351572385], [-121.5, 46.045462099740035], [-121.5703125, 46.03295600736293], [-121.640625, 46.02844012193986], [-121.66117692280972, 46.0105436838], [-121.7109375, 45.960792825536046], [-121.74335943858456, 45.9402449168], [-121.78125, 45.90159900774124], [-121.8515625, 45.90580071657179], [-121.91522235773273, 45.9402449168], [-121.921875, 45.94640776717599], [-121.95780095643795, 46.0105436838], [-121.921875, 46.052449113337616], [-121.88569432487029, 46.0808424508], [-121.91663358397808, 46.1511412178], [-121.921875, 46.15278445167183], [-121.9921875, 46.15597742816851], [-122.03093269247793, 46.1511412178], [-122.0625, 46.13610589290775], [-122.1328125, 46.12422348355929], [-122.203125, 46.12374633151679], [-122.2734375, 46.13239326166164], [-122.30932047215894, 46.1511412178], [-122.34375, 46.157042092041216], [-122.4140625, 46.19308332353413], [-122.44433494020402, 46.2214399848], [-122.44441146574934, 46.29173875170001], [-122.4140625, 46.32208178987818], [-122.34375, 46.34157941778859], [-122.3013430429681, 46.3620375187], [-122.2734375, 46.38993761133108], [-122.203125, 46.402906460749385], [-122.1328125, 46.40934039525246], [-122.0625, 46.4082083806928], [-121.9921875, 46.403406659791656], [-121.92187499999999, 46.39487556108001], [-121.8515625, 46.37583695434583], [-121.78124999999999, 46.37083992364546], [-121.7109375, 46.38981608457525], [-121.67997181308507, 46.4323362857], [-121.6645756853554, 46.5026350526], [-121.65083530217716, 46.5729338195], [-121.640625, 46.596877620566204], [-121.60485473265551, 46.6432325865], [-121.640625, 46.6483088962075], [-121.7109375, 46.64802960460682], [-121.78125, 46.645769254879596], [-121.8515625, 46.643509500813664], [-121.90390957067481, 46.643232586500005], [-121.921875, 46.64248528578465], [-121.92567146526632, 46.643232586500005], [-121.9921875, 46.64743461433864], [-122.0625, 46.695321997721905], [-122.07204473593157, 46.7135313534], [-122.0625, 46.72074638178766], [-122.04823948220807, 46.7838301203], [-122.04875580832227, 46.8541288872], [-122.04816744802383, 46.9244276541], [-121.9921875, 46.98764438510934], [-121.98441173696978, 46.994726421], [-121.921875, 47.05038476027642], [-121.87214831077644, 47.065025187900005], [-121.8515625, 47.08450079053793], [-121.78125, 47.113197678441324], [-121.7109375, 47.134230564821536], [-121.70478598001614, 47.1353239548], [-121.64175241666372, 47.2056227217], [-121.65842232420586, 47.2759214885], [-121.640625, 47.32327437100534], [-121.61811146410474, 47.3462202554], [-121.640625, 47.39130455011782], [-121.648135754457, 47.416519022200006], [-121.640625, 47.422660546586904], [-121.61906568130372, 47.4868177891], [-121.62421803366524, 47.5571165559], [-121.640625, 47.58967873727788], [-121.6783689574444, 47.6274153227], [-121.67265681250412, 47.69771408950001], [-121.68534212157175, 47.7680128564], [-121.68621223926716, 47.8383116232], [-121.640625, 47.88734717904508], [-121.6274173217629, 47.908610389900005], [-121.640625, 47.92344322737582], [-121.694562525009, 47.9789091567], [-121.7109375, 47.993531342838736], [-121.78125000000001, 48.02812906760291], [-121.80233297375233, 48.049207923500006], [-121.83084128475826, 48.1195066903], [-121.83573818388751, 48.189805457], [-121.83115836900618, 48.2601042238], [-121.8515625, 48.27269213151431], [-121.90928463315986, 48.3304029905], [-121.921875, 48.339097730681885], [-121.9921875, 48.348039816599616], [-122.0625, 48.3683043153278], [-122.09490377096729, 48.4007017573], [-122.11380307339326, 48.471000524], [-122.06250000000001, 48.49783769702725], [-122.04144906464467, 48.5412992907], [-122.0625, 48.5614665184257], [-122.1328125, 48.58239510799672], [-122.17473897447456, 48.6115980574], [-122.19914027284405, 48.6818968241], [-122.14622253001917, 48.7521955908], [-122.1328125, 48.75841751024903], [-122.11809933884206, 48.8224943575], [-122.0625, 48.878082836787925], [-122.05044611778297, 48.8927931242], [-122.04154372043683, 48.9630918908], [-121.9921875, 48.98613357892238], [-121.96039308259598, 49.0333906575], [-121.921875, 49.07190121676463], [-121.86663336984817, 49.1036894241], [-121.8515625, 49.11875735033535], [-121.78125, 49.145333072419376], [-121.74633778639425, 49.1739881908], [-121.7109375, 49.20938156282919], [-121.68227678366432, 49.2442869574], [-121.640625, 49.28593060566014], [-121.5703125, 49.296287000605005], [-121.55118388671453, 49.314585724], [-121.5703125, 49.358168717886386], [-121.59703349190548, 49.3848844907], [-121.640625, 49.440708144343944], [-121.65510294077973, 49.45518325729999], [-121.7109375, 49.513583923649094], [-121.7228379245524, 49.5254820238], [-121.7583991201996, 49.5957807904], [-121.78125, 49.60938613508034], [-121.8515625, 49.66070192308083], [-121.85907806503207, 49.666079557], [-121.921875, 49.67881668598128], [-121.98347807570642, 49.666079557], [-121.9921875, 49.65981380821672], [-122.0625, 49.63303358443338], [-122.11341601723979, 49.5957807904], [-122.0625, 49.543800631426045], [-122.0441778136943, 49.52548202380001], [-121.9921875, 49.46689862587307], [-121.98046984272369, 49.4551832573], [-121.9921875, 49.41911165849638], [-122.01137472532693, 49.3848844907], [-122.0625, 49.328130585084466], [-122.10513630632818, 49.314585724], [-122.1328125, 49.30947934631493], [-122.13791987525488, 49.314585724], [-122.203125, 49.34958246089998], [-122.26223099293505, 49.3848844907], [-122.2734375, 49.40048074396876], [-122.3363741255106, 49.4551832573], [-122.34375, 49.458640131821866], [-122.4140625, 49.45717057734247], [-122.41913419527802, 49.4551832573], [-122.484375, 49.42840669975983], [-122.5546875, 49.42254188066997], [-122.625, 49.43648041587303], [-122.6824882452165, 49.4551832573], [-122.6953125, 49.463452566169224], [-122.765625, 49.465374280999], [-122.80518000999592, 49.45518325729999], [-122.83593749999999, 49.45366940897031], [-122.90625, 49.44071278429125], [-122.9765625, 49.43136963480677], [-123.03163958669332, 49.4551832573], [-123.046875, 49.47618441407948], [-123.08001997133594, 49.52548202380001], [-123.046875, 49.56130259235191], [-122.9765625, 49.58740368860585], [-122.96649352590539, 49.5957807904], [-122.9765625, 49.61282104059529], [-122.99814378293117, 49.666079557], [-123.046875, 49.710181848358815], [-123.08023876051035, 49.7363783236], [-123.11332425910281, 49.8066770901], [-123.1171875, 49.80920298697914], [-123.1875, 49.8073774840223], [-123.19208313503592, 49.8066770901], [-123.2578125, 49.787435034323934], [-123.28450494068494, 49.7363783236], [-123.2578125, 49.72130443935789], [-123.20395772110791, 49.666079557], [-123.1875, 49.60137082871445], [-123.18301702133549, 49.5957807904], [-123.18749999999999, 49.59376248022922], [-123.2578125, 49.57594102846861], [-123.328125, 49.58377359887572], [-123.39843749999999, 49.5951888529627], [-123.46875, 49.58103536783457], [-123.5390625, 49.565671793924], [-123.60937500000001, 49.57077291442559], [-123.67027179686451, 49.5957807904], [-123.6796875, 49.60341438251025], [-123.75000000000001, 49.65500355964278], [-123.7664108152996, 49.666079557], [-123.75, 49.6880473353617], [-123.71992012390118, 49.7363783236], [-123.75, 49.75032385833293], [-123.8203125, 49.800193095255075], [-123.82679776155197, 49.8066770901], [-123.82031249999999, 49.8313836367912], [-123.78648507334876, 49.8769758567], [-123.8203125, 49.8898163876665], [-123.890625, 49.913331690049], [-123.9609375, 49.922509062024574], [-124.03125, 49.93548602712329], [-124.1015625, 49.92905843505256], [-124.171875, 49.91989547090294], [-124.2421875, 49.90890142487815], [-124.3125, 49.91090113021837], [-124.38021968976209, 49.9472746232], [-124.3828125, 49.94898151598495], [-124.44889192617808, 50.0175733898], [-124.453125, 50.02641595199673], [-124.48593518503247, 50.0878721563], [-124.48939727327684, 50.1581709228], [-124.5234375, 50.220826376802094], [-124.54056267412369, 50.2284696893], [-124.59375, 50.26935013580771], [-124.6266435687289, 50.2987684558], [-124.6640625, 50.32631189865474], [-124.734375, 50.34529888149448], [-124.80468749999999, 50.350100793654995], [-124.875, 50.35157201439475], [-124.9453125, 50.355095935948384], [-125.015625, 50.35659197218141], [-125.04784409976784, 50.3690672223], [-125.0286691496944, 50.43936598869999], [-125.0859375, 50.49005584875479], [-125.12434713682512, 50.5096647552], [-125.15625, 50.511757993497746], [-125.20032729000866, 50.5096647552], [-125.2265625, 50.49979443751909], [-125.296875, 50.48356776900525], [-125.3671875, 50.47731954666305], [-125.4375, 50.47380703410185], [-125.5078125, 50.488873389852216], [-125.54203410241138, 50.509664755200006], [-125.578125, 50.55487930530336], [-125.61515059279421, 50.5799635216], [-125.6484375, 50.584072851008486], [-125.71875, 50.5935307555263], [-125.7890625, 50.613350208202064], [-125.85157559922642, 50.6502622881], [-125.859375, 50.652435509962686], [-125.9296875, 50.68143706636453], [-125.97627277477812, 50.7205610545], [-126.0, 50.740732975952], [-126.06444142307971, 50.7908598209], [-126.0703125, 50.810721596580585], [-126.13579044301522, 50.8611585874], [-126.140625, 50.86306710495353], [-126.2109375, 50.86563011244596], [-126.28125, 50.86939941227324], [-126.3515625, 50.88641250309413], [-126.421875, 50.908463425552156], [-126.4522580937219, 50.9314573538], [-126.4921875, 50.968372514967896], [-126.55560133929599, 51.0017561202], [-126.5625, 51.01102133063877], [-126.59276063887734, 51.0720548865], [-126.6328125, 51.08876926012129], [-126.703125, 51.09892620781572], [-126.7734375, 51.09560249865186], [-126.84375, 51.09366667282004], [-126.9140625, 51.0987261872589], [-126.984375, 51.10256866337673], [-127.0546875, 51.10059917039817], [-127.125, 51.13103493188049], [-127.1366964186475, 51.1423536529], [-127.1953125, 51.19226691850331], [-127.21468935231914, 51.2126524193], [-127.1953125, 51.23234264383415], [-127.1311199231823, 51.2829511856], [-127.19378265064381, 51.353249952], [-127.1953125, 51.354346217003375], [-127.20428647731937, 51.353249952], [-127.265625, 51.32925552409375], [-127.3359375, 51.31366474284873], [-127.40625, 51.32538367195721], [-127.4461560058243, 51.353249952], [-127.4765625, 51.36672337269425], [-127.546875, 51.410526303961305], [-127.56333818917629, 51.4235487183], [-127.57119803278127, 51.4938474846], [-127.546875, 51.53199233941728], [-127.52117060685029, 51.5641462509], [-127.4765625, 51.62251000303178], [-127.46235900479361, 51.63444501720001], [-127.4765625, 51.64496444340501], [-127.546875, 51.656078186283004], [-127.6171875, 51.67658499888587], [-127.68433578145348, 51.7047437835], [-127.6875, 51.7058150722652], [-127.7578125, 51.75816807252199], [-127.77359715386697, 51.7750425498], [-127.81897162787155, 51.845341316], [-127.81214757240848, 51.9156400823], [-127.7578125, 51.94038348772052], [-127.70171030932856, 51.9859388485], [-127.6875, 52.04801312370778], [-127.67761833348595, 52.0562376148], [-127.6875, 52.11551605155134], [-127.6887755268938, 52.126536381], [-127.7578125, 52.180760670051455], [-127.76856164063986, 52.1968351472], [-127.828125, 52.217295785844286], [-127.89843749999999, 52.25957332603707], [-127.90978500890884, 52.2671339134], [-127.96875, 52.3160430402004], [-127.98370251244847, 52.3374326796], [-128.0390625, 52.3899061108731], [-128.06124536245864, 52.407731445799996], [-128.1030806776763, 52.4780302119], [-128.0972055985614, 52.5483289781], [-128.10742039213682, 52.6186277442], [-128.109375, 52.62204763940562], [-128.14411331627446, 52.688926510399995], [-128.1796875, 52.737220323220455], [-128.2015590508813, 52.759225276500004], [-128.25, 52.776059563305786], [-128.3203125, 52.78492685740154], [-128.390625, 52.80314087422124], [-128.43749833173058, 52.8295240426], [-128.4609375, 52.83789296734375], [-128.53125, 52.868776223597294], [-128.56947274739792, 52.8998228087], [-128.5930795276195, 52.9701215748], [-128.53125, 53.02819483041368], [-128.5279678603767, 53.0404203408], [-128.53125, 53.04504636379864], [-128.6015625, 53.09207526089192], [-128.671875, 53.10428958153141], [-128.7421875, 53.075411789214456], [-128.79304241578092, 53.04042034079999], [-128.76795186121913, 52.9701215748], [-128.8125, 52.951434115395884], [-128.86849825303824, 52.970121574800004], [-128.8828125, 52.97482904168374], [-128.953125, 52.99911666068271], [-129.0234375, 53.0286578030848], [-129.04304556042285, 53.0404203408], [-129.0234375, 53.059541055189975], [-128.953125, 53.09877743100108], [-128.93291206160103, 53.11071910689999], [-128.90879045618544, 53.1810178729], [-128.9347715885823, 53.251316639], [-128.94334702947395, 53.321615405], [-128.953125, 53.33838779505422], [-128.99623873437758, 53.39191417100001], [-129.0234375, 53.42322994330156], [-129.0860297864981, 53.462212937], [-129.09375, 53.47153255880994], [-129.1640625, 53.52371761941422], [-129.18357319113812, 53.532511703], [-129.21639535602333, 53.6028104689], [-129.234375, 53.60897611422967], [-129.3046875, 53.6297181830634], [-129.375, 53.63626977375495], [-129.4453125, 53.631109281872064], [-129.515625, 53.62321638777992], [-129.5859375, 53.61521759435608], [-129.65625, 53.60631241902531], [-129.7265625, 53.608873309106144], [-129.796875, 53.62437412735438], [-129.81986775245016, 53.673109234900004], [-129.8671875, 53.72097551691046], [-129.89353147260067, 53.7434080008], [-129.9375, 53.76207327743222]]}}, {"type": "Feature", "properties": {"level_in": 0.1}, "geometry": {"type": "LineString", "coordinates": [[-126.68306153062599, 54.9384870199], [-126.70141281996898, 54.86818825419999], [-126.703125, 54.867485462458106], [-126.77343750000001, 54.836665544029046], [-126.84375, 54.797959235944255], [-126.84398154062227, 54.7978894884], [-126.91406250000001, 54.783672937589444], [-126.984375, 54.77978765147691], [-127.0546875, 54.77604981080606], [-127.125, 54.78270237146267], [-127.1953125, 54.797046664156106], [-127.2048894091888, 54.7978894884], [-127.1953125, 54.80075261195657], [-127.12616897871733, 54.8681882542], [-127.1695317150879, 54.9384870199]]}}, {"type": "Feature", "properties": {"level_in": 0.1}, "geometry": {"type": "LineString", "coordinates": [[-125.46050248706206, 54.93848701990001], [-125.4375, 54.911582523864325], [-125.3671875, 54.8905856232047], [-125.296875, 54.88158929435616], [-125.2265625, 54.87519199296923], [-125.20185270423774, 54.86818825420001], [-125.2265625, 54.86382151656181], [-125.296875, 54.861026437823654], [-125.3671875, 54.856022882411075], [-125.4375, 54.845593515623534], [-125.5078125, 54.81383718796513], [-125.52010295828686, 54.7978894884], [-125.578125, 54.77586842257723], [-125.6484375, 54.7592524770573], [-125.71875, 54.748310598172054], [-125.7890625, 54.743346019439485], [-125.859375, 54.74657458407661], [-125.9296875, 54.760520947923965], [-125.99043782801039, 54.7978894884], [-126.0, 54.82219491572951], [-126.0266292155334, 54.86818825419999], [-126.0, 54.90403461056949], [-125.95953345794734, 54.9384870199]]}}, {"type": "Feature", "properties": {"level_in": 0.1}, "geometry": {"type": "LineString", "coordinates": [[-124.25213313202937, 54.9384870199], [-124.3125, 54.88854616190034], [-124.35437322816549, 54.86818825420001], [-124.3828125, 54.8618583053449], [-124.453125, 54.84477940208673], [-124.5234375, 54.818070149711616], [-124.59375, 54.804076861221844], [-124.6640625, 54.81715133178009], [-124.73437499999999, 54.83643814408365], [-124.8046875, 54.86008644997781], [-124.82633512328229, 54.86818825420001], [-124.875, 54.894556322874635], [-124.9453125, 54.9296478812307], [-124.96054290246175, 54.93848701990001]]}}, {"type": "Feature", "properties": {"level_in": 0.1}, "geometry": {"type": "LineString", "coordinates": [[-122.42136209195412, 54.9384870199], [-122.484375, 54.91360004564679], [-122.5546875, 54.900590775513095], [-122.62499999999999, 54.925597944111246], [-122.63956490969372, 54.938487019899995]]}}, {"type": "Feature", "properties": {"level_in": 0.1}, "geometry": {"type": "LineString", "coordinates": [[-121.75223971426934, 54.938487019899995], [-121.7109375, 54.922153206967835], [-121.64181098623426, 54.8681882542], [-121.640625, 54.86738839595897], [-121.5703125, 54.85068926160059], [-121.5, 54.84115034443971], [-121.43549098850067, 54.7978894884], [-121.4296875, 54.78897808351777], [-121.359375, 54.75611937866127], [-121.2890625, 54.75968211128539], [-121.21875, 54.76232262527992], [-121.1484375, 54.762343700050096], [-121.078125, 54.75916653331498], [-121.0078125, 54.75594698449593], [-120.9375, 54.76115796536688], [-120.8671875, 54.76164074092163], [-120.80946433015852, 54.7275907227], [-120.796875, 54.724290165601715], [-120.76970048048477, 54.7275907227], [-120.7265625, 54.77474568907529], [-120.65625, 54.796756123058785], [-120.5859375, 54.791887165103766], [-120.515625, 54.749847251497876], [-120.50918106426599, 54.7275907227], [-120.4453125, 54.68354477385613], [-120.375, 54.663535859662154], [-120.34161072509767, 54.65729195690001], [-120.3046875, 54.645967478389366], [-120.234375, 54.62867738765894], [-120.16406249999999, 54.61496626904892], [-120.09375, 54.592843472868175], [-120.08894659071093, 54.5869931912], [-120.03728980976067, 54.5166944254], [-120.0234375, 54.49124980810303], [-119.99036712079311, 54.4463956596], [-119.9630406401122, 54.376096893799996], [-119.953125, 54.36920771034204], [-119.8828125, 54.355162279032015], [-119.8125, 54.34206012450225], [-119.7421875, 54.328290800473724], [-119.68674831007009, 54.3057981279], [-119.671875, 54.29105932290013], [-119.6015625, 54.25086408879521], [-119.53125, 54.239709633456755], [-119.50589572933461, 54.2354993621], [-119.4609375, 54.21809956198284], [-119.40486269497114, 54.1652005962], [-119.390625, 54.159315489549776], [-119.3203125, 54.124825628921315], [-119.29431522093371, 54.094901830400005], [-119.3058556999902, 54.024603064500006], [-119.32031250000001, 54.010411894690556], [-119.34778893849499, 53.95430429859999], [-119.38741515810123, 53.8840055327], [-119.390625, 53.88258095432701], [-119.4609375, 53.85987676580385], [-119.53125, 53.829559083666275], [-119.55248752455151, 53.8137067668], [-119.6015625, 53.743567391102225], [-119.60367656733288, 53.7434080008], [-119.62802586979447, 53.6731092349], [-119.6015625, 53.66234136533828], [-119.53125, 53.654781082121914], [-119.47104577604534, 53.6731092349], [-119.4609375, 53.68321553650161], [-119.390625, 53.71309327913763], [-119.3203125, 53.73117542188342], [-119.26303059137203, 53.7434080008], [-119.25, 53.74701324501799], [-119.1796875, 53.76964075235435], [-119.109375, 53.78645511992602], [-119.0390625, 53.79229215275015], [-118.96875000000001, 53.757830915909274], [-118.96721222835093, 53.7434080008], [-118.8984375, 53.71524588775634], [-118.828125, 53.68405334116877], [-118.7578125, 53.6837902881428], [-118.6875, 53.68797340240924], [-118.6171875, 53.7141614281293], [-118.55500450606006, 53.7434080008], [-118.546875, 53.74717845307141], [-118.4765625, 53.76908492580178], [-118.40625, 53.77915492407729], [-118.3359375, 53.771476839568905], [-118.26828134581142, 53.7434080008], [-118.265625, 53.74062430131619], [-118.1953125, 53.708231534813606], [-118.125, 53.69847330635274], [-118.0546875, 53.684573028467554], [-117.9997991739121, 53.6731092349], [-117.984375, 53.669512073460034], [-117.9381025207739, 53.6731092349], [-117.91406250000001, 53.67502779922558], [-117.84375, 53.68041252520441], [-117.7734375, 53.691615346527044], [-117.70312500000001, 53.70450211341864], [-117.6328125, 53.7153011698569], [-117.5625, 53.72105740690907], [-117.4921875, 53.72486778676186], [-117.421875, 53.71710489438752], [-117.3515625, 53.6914794286149], [-117.32938349487203, 53.6731092349], [-117.34490849312874, 53.6028104689], [-117.29984202269475, 53.532511703], [-117.28125, 53.51764099353638], [-117.21093749999999, 53.46478051089797], [-117.20731640562242, 53.462212937], [-117.140625, 53.41757390538611], [-117.10497396882948, 53.391914171], [-117.07031250000001, 53.349704419932465], [-117.03927616125569, 53.321615405], [-117.05138181971782, 53.251316639], [-117.0, 53.22563074725859], [-116.9296875, 53.21511336555639], [-116.8641796329333, 53.1810178729], [-116.859375, 53.17931359209926], [-116.7890625, 53.149308342193805], [-116.72654312183522, 53.1107191069], [-116.71875, 53.10274926854845], [-116.6484375, 53.071043947568796], [-116.58511338481702, 53.0404203408], [-116.60883773294265, 52.9701215748], [-116.578125, 52.925649767737525], [-116.56632770507812, 52.8998228087], [-116.5078125, 52.83348365336733], [-116.50566968484024, 52.8295240426], [-116.45017244116221, 52.75922527649999], [-116.4375, 52.753361136132355], [-116.3671875, 52.72357171696457], [-116.296875, 52.70711749971007], [-116.2265625, 52.69577851399461], [-116.19782415138202, 52.6889265104], [-116.15625, 52.664666179392455], [-116.0859375, 52.65172092590804], [-116.01562499999999, 52.64422613937701], [-115.9453125, 52.624884037635944], [-115.92326396295844, 52.6186277442], [-115.88111291767224, 52.5483289781], [-115.875, 52.53875930525582], [-115.8326484860889, 52.4780302119], [-115.875, 52.41847651165779], [-115.89459777306456, 52.4077314458], [-115.875, 52.400762887501415], [-115.8046875, 52.36383673308434], [-115.73982645368427, 52.3374326796], [-115.734375, 52.33533637669727], [-115.6640625, 52.28665224549201], [-115.64732923510657, 52.2671339134], [-115.64014939505017, 52.1968351472], [-115.61440748731135, 52.126536381], [-115.59375, 52.10877754537664], [-115.54311768759675, 52.0562376148], [-115.52811506974476, 51.9859388485], [-115.5234375, 51.983501718179696], [-115.453125, 51.92342413626965], [-115.44763021000794, 51.9156400823], [-115.41846741673814, 51.845341316], [-115.3828125, 51.82239294316529], [-115.32391968646043, 51.7750425498], [-115.33095884284319, 51.7047437835], [-115.3125, 51.70048699747313], [-115.2421875, 51.68422096046427], [-115.171875, 51.65167644430725], [-115.14997667656115, 51.6344450172], [-115.1015625, 51.58364993833124], [-115.07391061996589, 51.5641462509], [-115.03232419036779, 51.4938474846], [-115.05214098388166, 51.4235487183], [-115.1015625, 51.39754895116203], [-115.13612937048738, 51.353249952], [-115.171875, 51.30898570133546], [-115.19902684225268, 51.2829511856], [-115.2421875, 51.22860122447331], [-115.26135407207717, 51.2126524193], [-115.3125, 51.181008301386], [-115.37118369385325, 51.1423536529], [-115.3125, 51.127980752761516], [-115.24218750000001, 51.086374293371385], [-115.23074072500579, 51.0720548865], [-115.171875, 51.029518836466906], [-115.12103721637244, 51.0017561202], [-115.11325300480972, 50.9314573538], [-115.11362732469536, 50.8611585874], [-115.1015625, 50.80496696058114], [-115.09788662175762, 50.7908598209], [-115.0726928226763, 50.7205610545], [-115.03450475289877, 50.6502622881], [-115.03125, 50.63814070033567], [-115.01141299034012, 50.57996352159999], [-114.9609375, 50.51741457503316], [-114.9561204786127, 50.5096647552], [-114.96093750000001, 50.505382754342385], [-115.03125000000001, 50.501060798336326], [-115.0901349042161, 50.4393659887], [-115.1015625, 50.377931226884144], [-115.10266170690538, 50.3690672223], [-115.171875, 50.30384444411092], [-115.2421875, 50.32097518794569], [-115.3125, 50.35661536485438], [-115.3470447377693, 50.3690672223], [-115.3828125, 50.397062805851185], [-115.41807203934873, 50.4393659887], [-115.453125, 50.45257906998948], [-115.5234375, 50.464653402494186], [-115.59375, 50.470467319240186], [-115.6640625, 50.47556352861119], [-115.734375, 50.484827072071745], [-115.78391131662696, 50.5096647552], [-115.8046875, 50.51444620928579], [-115.875, 50.543418216896804], [-115.9347089647545, 50.5799635216], [-115.9453125, 50.58628478472548], [-116.015625, 50.62197076033353], [-116.05506674167731, 50.6502622881], [-116.0859375, 50.65665963409562], [-116.15625, 50.66955696870349], [-116.18771847350489, 50.6502622881], [-116.15624999999999, 50.611028237474194], [-116.11166555158832, 50.57996352160001], [-116.15625, 50.53538778152581], [-116.17568749257143, 50.5096647552], [-116.15625, 50.48826554454013], [-116.08892805313572, 50.43936598869999], [-116.0859375, 50.438158637592004], [-116.015625, 50.374219950348], [-116.0116261420839, 50.3690672223], [-115.99804352974462, 50.2987684558], [-115.98769510390966, 50.2284696893], [-115.95365763431292, 50.1581709228], [-115.9453125, 50.129347913589775], [-115.93935364917355, 50.08787215630001], [-115.92010273949677, 50.017573389800006], [-115.91166116138767, 49.9472746232], [-115.90280123585086, 49.8769758567], [-115.875, 49.80773305400922], [-115.87394382980018, 49.8066770901], [-115.875, 49.805621126192285], [-115.9453125, 49.776939966734886], [-116.0149292707271, 49.7363783236], [-116.01562499999999, 49.73528023311599], [-116.0859375, 49.695816171555045], [-116.15625, 49.66955268056348], [-116.16453771361971, 49.666079557], [-116.18149024743121, 49.5957807904], [-116.15625, 49.57969038245364], [-116.10515606523818, 49.5254820238], [-116.0859375, 49.51307729817573], [-116.02109557223993, 49.4551832573], [-116.015625, 49.4496503546736], [-115.9453125, 49.39160260555524], [-115.93769325372776, 49.3848844907], [-115.875, 49.34156528310267], [-115.82803059300014, 49.314585724], [-115.8046875, 49.29919838539105], [-115.734375, 49.305142308463964], [-115.69161305457865, 49.314585724], [-115.6640625, 49.32047675413717], [-115.62674535581469, 49.314585724], [-115.63477635318156, 49.2442869574], [-115.59375, 49.187038926151466], [-115.58755273980509, 49.1739881908], [-115.59375, 49.13428895716394], [-115.61226855808718, 49.1036894241], [-115.6640625, 49.079829098167465], [-115.734375, 49.087766556676556], [-115.8046875, 49.090874969868786], [-115.875, 49.10363922379639], [-115.87518075638164, 49.1036894241], [-115.875, 49.103752466338456], [-115.84105925295493, 49.1739881908], [-115.875, 49.228775239913226], [-115.90247792283812, 49.2442869574], [-115.9453125, 49.25553561559159], [-116.015625, 49.259059387107015], [-116.0859375, 49.254804046940464], [-116.15625, 49.24768225685721], [-116.19689045945918, 49.2442869574], [-116.22656250000001, 49.238105284568654], [-116.296875, 49.221733025915725], [-116.3671875, 49.2226447254321], [-116.41255927223355, 49.2442869574], [-116.4375, 49.25013533889013], [-116.5078125, 49.267649956192905], [-116.578125, 49.280673199835476], [-116.6484375, 49.30381827894225], [-116.67861274811534, 49.314585724], [-116.70635633191779, 49.3848844907], [-116.71875, 49.40578159482433], [-116.75536885219796, 49.4551832573], [-116.74763127738615, 49.52548202380001], [-116.7890625, 49.59283185843128], [-116.79401396882841, 49.5957807904], [-116.7890625, 49.600255698131996], [-116.743513830647, 49.666079557], [-116.776165454464, 49.7363783236], [-116.7890625, 49.753157676629606], [-116.85937500000001, 49.80256250843258], [-116.88031529297947, 49.7363783236], [-116.9296875, 49.70161735794664], [-116.94959255486083, 49.666079557], [-116.97762170745744, 49.5957807904], [-116.9296875, 49.54502080378326], [-116.9187877899638, 49.5254820238], [-116.859375, 49.47005498300228], [-116.83531058222519, 49.45518325730001], [-116.7995571015664, 49.3848844907], [-116.7890625, 49.354208588339965], [-116.75172662291777, 49.314585724], [-116.71875, 49.288051791646254], [-116.69877524860524, 49.2442869574], [-116.69071043800821, 49.1739881908], [-116.71875, 49.14116815983884], [-116.73517891363397, 49.1036894241], [-116.74597726326938, 49.0333906575], [-116.72668095774051, 48.9630918908], [-116.71875, 48.95283255898142], [-116.6484375, 48.90439830538684], [-116.60801417991371, 48.8927931242], [-116.578125, 48.882586881675365], [-116.5078125, 48.83696947047664], [-116.49333455922029, 48.8224943575], [-116.5078125, 48.79059585131746], [-116.52078556229154, 48.7521955908], [-116.53002183612678, 48.6818968241], [-116.5078125, 48.6486169550318], [-116.470786370497, 48.6115980574], [-116.5078125, 48.56900739908147], [-116.578125, 48.545099621657705], [-116.59017676580646, 48.5412992907], [-116.6484375, 48.51070541529957], [-116.71875, 48.53144631857609], [-116.73108034189826, 48.5412992907], [-116.73506333220153, 48.6115980574], [-116.75019703584215, 48.68189682410001], [-116.77643840063571, 48.7521955908], [-116.7890625, 48.78002386757045], [-116.85863406214008, 48.8224943575], [-116.859375, 48.822759822277646], [-116.8596276828393, 48.8224943575], [-116.9296875, 48.7662035073067], [-116.94503628661805, 48.7521955908], [-117.0, 48.705612204915425], [-117.0703125, 48.69251491698989], [-117.140625, 48.69194096556831], [-117.2109375, 48.70253603253509], [-117.27715505576015, 48.7521955908], [-117.27089297063824, 48.8224943575], [-117.2705969793953, 48.8927931242], [-117.2356376179319, 48.9630918908], [-117.21330039218047, 49.0333906575], [-117.24578236361538, 49.1036894241], [-117.28125, 49.17008394111493], [-117.3515625, 49.17157649393781], [-117.36411487708949, 49.1739881908], [-117.421875, 49.17973488373194], [-117.4921875, 49.20261868326381], [-117.53945431173831, 49.2442869574], [-117.5625, 49.27208178998585], [-117.59216974840062, 49.314585724], [-117.6328125, 49.331102650614504], [-117.703125, 49.318585275028006], [-117.73189451045643, 49.314585724], [-117.74335882355845, 49.2442869574], [-117.7208420399269, 49.1739881908], [-117.7734375, 49.105163844335976], [-117.77547544397079, 49.1036894241], [-117.84375, 49.05008574589638], [-117.9140625, 49.038637843581476], [-117.984375, 49.03693034586091], [-118.0546875, 49.037121657238025], [-118.125, 49.04771522729776], [-118.1953125, 49.07809608496743], [-118.21776282283102, 49.10368942409999], [-118.265625, 49.1626939051982], [-118.27861078400721, 49.1739881908], [-118.3359375, 49.21325526520589], [-118.40625, 49.21922260307783], [-118.4765625, 49.20728170717901], [-118.546875, 49.183611274748024], [-118.6019511730751, 49.17398819080001], [-118.6171875, 49.16841900778367], [-118.6875, 49.155862603947455], [-118.7578125, 49.15173195776859], [-118.78778663007937, 49.1739881908], [-118.80364269783986, 49.24428695740001], [-118.828125, 49.26491457338646], [-118.88450722883078, 49.314585724], [-118.8984375, 49.34059436984363], [-118.96875, 49.378869304333456], [-119.00752875668688, 49.314585724], [-118.99185413732887, 49.2442869574], [-119.0390625, 49.180538134314745], [-119.04499369302299, 49.1739881908], [-119.08022143176687, 49.1036894241], [-119.06746242746226, 49.0333906575], [-119.109375, 48.97731973038816], [-119.1796875, 48.98284240633532], [-119.25, 48.992708799460104], [-119.3203125, 49.00923058040095], [-119.34235976311984, 49.0333906575], [-119.3203125, 49.09133555976755], [-119.31249180232662, 49.1036894241], [-119.3203125, 49.105268972145204], [-119.390625, 49.167240528751144], [-119.39863311840811, 49.1739881908], [-119.45428580127827, 49.2442869574], [-119.44594397551295, 49.314585724], [-119.44604176965781, 49.3848844907], [-119.44659605909663, 49.4551832573], [-119.45772654492065, 49.5254820238], [-119.4609375, 49.52856636367439], [-119.51390987609055, 49.5957807904], [-119.51966156485841, 49.666079557], [-119.53125, 49.715664444966656], [-119.55196792524745, 49.73637832359999], [-119.53125, 49.75709220220387], [-119.4609375, 49.78225333094309], [-119.43465780371463, 49.8066770901], [-119.390625, 49.856441758862715], [-119.3203125, 49.87044270981143], [-119.30310936574134, 49.8769758567], [-119.30199890277527, 49.9472746232], [-119.30681659854397, 50.0175733898], [-119.3203125, 50.06507022683546], [-119.34311888402773, 50.087872156299994], [-119.3203125, 50.11067408576453], [-119.25, 50.13319992431468], [-119.2279579660044, 50.1581709228], [-119.1796875, 50.20643196057407], [-119.14200759764562, 50.2284696893], [-119.1796875, 50.25472214854166], [-119.22374241210292, 50.2987684558], [-119.21103220632314, 50.3690672223], [-119.1796875, 50.431533587262166], [-119.17713345463575, 50.4393659887], [-119.109375, 50.47503783706573], [-119.04311704159751, 50.5096647552], [-119.0390625, 50.51907499743022], [-119.0000835672274, 50.5799635216], [-119.0201468493143, 50.650262288099995], [-119.0390625, 50.6712096106848], [-119.08758941556331, 50.7205610545], [-119.0805997813925, 50.7908598209], [-119.0390625, 50.85403696578787], [-119.03182443647171, 50.8611585874], [-118.99866795352129, 50.9314573538], [-118.98957641838635, 51.00175612019999], [-119.0390625, 51.03434320968378], [-119.109375, 51.033977329042585], [-119.1796875, 51.02399308114881], [-119.25, 51.00483852230272], [-119.2640818283793, 51.0017561202], [-119.3203125, 50.9900407516436], [-119.35632176186738, 51.0017561202], [-119.390625, 51.01719698726403], [-119.4609375, 51.05084416622657], [-119.5124858964152, 51.0720548865], [-119.47779174658176, 51.1423536529], [-119.4609375, 51.15872919214064], [-119.43459007241526, 51.2126524193], [-119.39482058405846, 51.282951185600005], [-119.390625, 51.28751565825116], [-119.32454185079499, 51.353249952], [-119.32031250000001, 51.37110710165906], [-119.31182494462692, 51.4235487183], [-119.28746526403066, 51.4938474846], [-119.3203125, 51.553670583520756], [-119.32840983964711, 51.5641462509], [-119.390625, 51.606021481052665], [-119.4609375, 51.5920307164168], [-119.49766880317826, 51.5641462509], [-119.53125, 51.543336411457204], [-119.57695224575741, 51.4938474846], [-119.58343926530773, 51.4235487183], [-119.6015625, 51.4125329051309], [-119.671875, 51.40220746318104], [-119.7421875, 51.40216073693898], [-119.79254543957299, 51.4235487183], [-119.8125, 51.42709403462772], [-119.8828125, 51.455857712345214], [-119.92113216262672, 51.4938474846], [-119.8828125, 51.52284824175182], [-119.82531641410861, 51.5641462509], [-119.81249999999999, 51.58271673731609], [-119.7421875, 51.627367940466286], [-119.671875, 51.63428433117091], [-119.67058227291037, 51.6344450172], [-119.6015625, 51.652031102488245], [-119.53125, 51.66537468582695], [-119.46290637755169, 51.7047437835], [-119.53125, 51.748241837433824], [-119.57647815382526, 51.77504254979999], [-119.6015625, 51.78379873425376], [-119.671875, 51.79016238021135], [-119.7421875, 51.790930758029766], [-119.8125, 51.783747925584194], [-119.87473720457966, 51.775042549800006], [-119.8828125, 51.77386668533731], [-119.89992729361772, 51.7750425498], [-119.953125, 51.78265697842995], [-120.0234375, 51.795767836201804], [-120.09375, 51.79751860579444], [-120.1640625, 51.78030600983009], [-120.16850019414439, 51.7750425498], [-120.20848001689268, 51.7047437835], [-120.234375, 51.69038962264825], [-120.3046875, 51.65494396321112], [-120.34939239380844, 51.634445017199994], [-120.35764463496714, 51.5641462509], [-120.375, 51.5234496147217], [-120.4453125, 51.503530535999985], [-120.515625, 51.51914622682786], [-120.5859375, 51.55193496943666], [-120.6243095690918, 51.5641462509], [-120.65625, 51.598227281770804], [-120.7265625, 51.59912895718303], [-120.796875, 51.60545596851799], [-120.86718749999999, 51.62564631880521], [-120.89308791648685, 51.634445017199994], [-120.9375, 51.66161724849736], [-120.96467908555378, 51.7047437835], [-120.9375, 51.71897766554908], [-120.8671875, 51.744733788786064], [-120.796875, 51.75253388683633], [-120.7265625, 51.74878564919415], [-120.67225595040208, 51.77504254979999], [-120.7265625, 51.798297206814695], [-120.796875, 51.7994470393032], [-120.85576462492098, 51.845341316], [-120.796875, 51.889478228978874], [-120.7265625, 51.87762158744039], [-120.67790617819566, 51.845341316], [-120.65625, 51.79237894575012], [-120.5859375, 51.804929776228846], [-120.515625, 51.84407774802168], [-120.51294054651066, 51.845341316], [-120.4453125, 51.876848907982215], [-120.375, 51.908915043071175], [-120.36511125482303, 51.9156400823], [-120.375, 51.93618013410959], [-120.39538135269731, 51.9859388485], [-120.4453125, 51.99842910931905], [-120.515625, 52.02201973858925], [-120.5859375, 52.05543750905035], [-120.60680145528073, 52.0562376148], [-120.65625, 52.057779140538244], [-120.66416177276218, 52.0562376148], [-120.7265625, 52.042364683989014], [-120.7800755207415, 51.985938848500005], [-120.796875, 51.95502788444057], [-120.8671875, 51.92701448442678], [-120.9375, 51.92837511469376], [-121.0078125, 51.93256283755743], [-121.078125, 51.93686939576366], [-121.1484375, 51.95580145113017], [-121.1681111751741, 51.9859388485], [-121.1484375, 52.01036300334515], [-121.12903583272755, 52.0562376148], [-121.13277990719602, 52.126536381], [-121.078125, 52.17262083723054], [-121.04993636004647, 52.1968351472], [-121.04623427402005, 52.2671339134], [-121.0078125, 52.29991706758858], [-120.9375, 52.327956986786496], [-120.89875706725994, 52.3374326796], [-120.86886621048143, 52.4077314458], [-120.8671875, 52.4099190005874], [-120.82832158871724, 52.47803021189999], [-120.86661228655902, 52.5483289781], [-120.796875, 52.58394867466262], [-120.7265625, 52.61009764792236], [-120.71241381724637, 52.6186277442], [-120.7265625, 52.67962250612194], [-120.72807286917033, 52.6889265104], [-120.79687500000001, 52.73624454567599], [-120.8671875, 52.74400713275499], [-120.9375, 52.74524722756474], [-121.0078125, 52.74135205499978], [-121.078125, 52.69332095883669], [-121.08610248295545, 52.6889265104], [-121.1484375, 52.66509368375216], [-121.21875, 52.621916898277576], [-121.2890625, 52.64872628407834], [-121.359375, 52.6585021136559], [-121.4296875, 52.65931448919944], [-121.5, 52.668009004076744], [-121.54866915270591, 52.6889265104], [-121.5703125, 52.72737515498332], [-121.61462879026712, 52.75922527649999], [-121.640625, 52.76576259816034], [-121.7109375, 52.771837157939785], [-121.78125, 52.780378157678584], [-121.8515625, 52.80960868106027], [-121.87592527728575, 52.8295240426], [-121.91382693379042, 52.8998228087], [-121.921875, 52.91579605808983], [-121.97974168384519, 52.9701215748], [-121.98836733372588, 53.0404203408], [-121.9921875, 53.04197275016296], [-122.06116980564722, 53.1107191069], [-122.0625, 53.11461436543334], [-122.09194091839623, 53.1810178729], [-122.0625, 53.21160987929778], [-122.01691291790607, 53.251316639], [-121.99218749999999, 53.2712832699532], [-121.921875, 53.290200562822235], [-121.8515625, 53.28339342129104], [-121.78125, 53.270224350966444], [-121.74926334438996, 53.25131663900001], [-121.73242656536596, 53.1810178729], [-121.78125, 53.15942599611546], [-121.8515625, 53.13197896798644], [-121.8902049378807, 53.11071910690001], [-121.8515625, 53.089412157394094], [-121.78125, 53.085181392876656], [-121.7109375, 53.0846688799354], [-121.640625, 53.08250828163616], [-121.5703125, 53.085037158530575], [-121.5, 53.08127953294151], [-121.4296875, 53.0733720559467], [-121.38738556529628, 53.1107191069], [-121.42511425382614, 53.1810178729], [-121.3784244656087, 53.251316639], [-121.38788646809255, 53.321615405], [-121.40384305881587, 53.391914170999996], [-121.359375, 53.43123502324336], [-121.2890625, 53.42689357483619], [-121.21875, 53.454074238131454], [-121.21239344052944, 53.462212937], [-121.19019872906985, 53.532511703], [-121.21875, 53.5417314295167], [-121.2890625, 53.59321932542557], [-121.29538319114901, 53.60281046890001], [-121.2890625, 53.60837245614268], [-121.21875, 53.646130846538796], [-121.1484375, 53.65732616123961], [-121.10463981334007, 53.6731092349], [-121.078125, 53.68682823025517], [-121.0078125, 53.67911593360912], [-120.9375, 53.67512149676107], [-120.86740708254065, 53.7434080008], [-120.8671875, 53.743518828641875], [-120.796875, 53.77617619080378], [-120.7265625, 53.8118843729414], [-120.72377585542127, 53.8137067668], [-120.7265625, 53.868500102727396], [-120.7272548413984, 53.884005532699994], [-120.7265625, 53.89105345965293], [-120.70972635133514, 53.95430429860001], [-120.7265625, 53.961081165469096], [-120.79595457631048, 54.0246030645], [-120.796875, 54.025048191135696], [-120.8671875, 54.05383707342003], [-120.9375, 54.05900951966381], [-121.0078125, 54.05498758223723], [-121.078125, 54.059355951332165], [-121.1484375, 54.09219774198251], [-121.15190964319449, 54.0949018304], [-121.1484375, 54.10360991866877], [-121.078125, 54.139720533254504], [-121.0078125, 54.142767731947444], [-120.98637990665294, 54.1652005962], [-120.9375, 54.23449826042398], [-120.93684289859843, 54.2354993621], [-120.9375, 54.23615406182772], [-121.0078125, 54.29000207424135], [-121.02994586318279, 54.30579812789999], [-121.078125, 54.32726184162141], [-121.1484375, 54.338923253173114], [-121.21875, 54.345965356396576], [-121.2890625, 54.36068746409771], [-121.33224279316465, 54.3760968938], [-121.359375, 54.38436479302867], [-121.4296875, 54.415765144183624], [-121.5, 54.42735324452421], [-121.57031250000001, 54.43413509987239], [-121.640625, 54.44398711397042], [-121.65612083130539, 54.4463956596], [-121.640625, 54.44827203903417], [-121.57093459221903, 54.5166944254], [-121.640625, 54.57483917919013], [-121.66909549821551, 54.5869931912], [-121.7109375, 54.60672128046209], [-121.77692535619087, 54.6572919569], [-121.78125, 54.67469175699241], [-121.80107101029344, 54.7275907227], [-121.8515625, 54.79635375825172], [-121.85342877681138, 54.7978894884], [-121.921875, 54.816409883915995], [-121.9921875, 54.81354402279315], [-122.0625, 54.80496659057517], [-122.1328125, 54.81709493312266], [-122.19547932967757, 54.8681882542], [-122.1328125, 54.90099211642802], [-122.0625, 54.898573861222346], [-121.9921875, 54.90464053700556], [-121.921875, 54.93370916551412], [-121.91378569142226, 54.938487019899995]]}}, {"type": "Feature", "properties": {"level_in": 0.1}, "geometry": {"type": "LineString", "coordinates": [[-121.43905461594962, 54.93848701990001], [-121.5, 54.900981756943864], [-121.5703125, 54.921609094124335], [-121.59249925130331, 54.9384870199]]}}, {"type": "Feature", "properties": {"level_in": 0.1}, "geometry": {"type": "LineString", "coordinates": [[-129.9375, 54.85739634140953], [-129.92672904583216, 54.8681882542], [-129.929893902376, 54.9384870199]]}}, {"type": "Feature", "properties": {"level_in": 0.1}, "geometry": {"type": "LineString", "coordinates": [[-60.046875, 54.07743749761536], [-60.1171875, 54.07254016961487], [-60.1875, 54.05204118489582], [-60.2536584479296, 54.024603064500006], [-60.25781250000001, 54.02154278333396], [-60.328125, 53.96974369666602], [-60.34908256243246, 53.9543042986], [-60.3984375, 53.90900364272484], [-60.44763691885028, 53.88400553270001], [-60.46875, 53.870082607312554], [-60.53906250000001, 53.86301050580266], [-60.609375, 53.861078982857045], [-60.6796875, 53.86498189084246], [-60.75, 53.870630857113625], [-60.8203125, 53.876067254786804], [-60.87440254674129, 53.8840055327], [-60.890625, 53.88562746316521], [-60.9609375, 53.89410685435873], [-61.03125, 53.899385702483144], [-61.1015625, 53.90501568429863], [-61.171875, 53.903214826073615], [-61.2421875, 53.899285211668825], [-61.3125, 53.89523620905097], [-61.3828125, 53.891950105131684], [-61.453125, 53.88922497162969], [-61.5234375, 53.885541087843215], [-61.53965995325871, 53.8840055327], [-61.59375, 53.877954676390445], [-61.6640625, 53.87276229027959], [-61.734375, 53.86872182890331], [-61.8046875, 53.86555326499227], [-61.875, 53.863476123870925], [-61.94531249999999, 53.86239316391028], [-62.015625, 53.86109556675633], [-62.0859375, 53.86503442777005], [-62.15625, 53.870780634155196], [-62.2265625, 53.87809016086968], [-62.26558341522819, 53.8840055327], [-62.296875, 53.888599901360706], [-62.3671875, 53.89794846675087], [-62.4375, 53.90348960839506], [-62.5078125, 53.90807320616171], [-62.578125, 53.91043059496485], [-62.6484375, 53.91108842517716], [-62.71875, 53.91310193723291], [-62.7890625, 53.91587669273643], [-62.859375, 53.9200844395018], [-62.9296875, 53.930534436019386], [-63.0, 53.945463433816656], [-63.02567548727788, 53.95430429860001], [-63.0703125, 54.0241938844723], [-63.07049477538207, 54.0246030645], [-63.0703125, 54.02495284721567], [-63.036687048324126, 54.0949018304], [-63.01333362103875, 54.165200596199995], [-63.01849502686107, 54.2354993621], [-63.0, 54.24898721818793], [-62.9296875, 54.29943085267357], [-62.918871117373534, 54.3057981279], [-62.859375, 54.32141279673461], [-62.7890625, 54.34044365016879], [-62.71875, 54.361627568966604], [-62.67411298727788, 54.3760968938], [-62.6484375, 54.38536058204061], [-62.578125, 54.41257470639124], [-62.5078125, 54.440160120262014], [-62.487147428884626, 54.4463956596], [-62.4375, 54.46085535675883], [-62.3671875, 54.47292547800629], [-62.296875, 54.48162909885728], [-62.2265625, 54.48890343952044], [-62.15625, 54.49472513627275], [-62.0859375, 54.501023283475675], [-62.015625, 54.511991718787684], [-61.988425767651236, 54.516694425400004], [-61.9453125, 54.53210496354967], [-61.875, 54.55835718763112], [-61.8046875, 54.583218705161336], [-61.79112859231543, 54.5869931912], [-61.8046875, 54.59058458594018], [-61.875, 54.610433148056856], [-61.9453125, 54.6336602784648], [-61.99690325856072, 54.6572919569], [-62.015625, 54.66276016071757], [-62.0859375, 54.6893682244626], [-62.15625, 54.71984732465371], [-62.17156108851872, 54.7275907227], [-62.2265625, 54.75936312100975], [-62.287192759070194, 54.7978894884], [-62.296875, 54.8081434889685], [-62.355625929501834, 54.8681882542], [-62.3671875, 54.937544127102356], [-62.36740440769382, 54.9384870199]]}}, {"type": "Feature", "properties": {"level_in": 0.1}, "geometry": {"type": "LineString", "coordinates": [[-129.9375, 53.36210272794813], [-129.8671875, 53.37712516302835], [-129.796875, 53.36776510437931], [-129.76885453386345, 53.321615405], [-129.796875, 53.28250746308011], [-129.8671875, 53.26858779081934], [-129.9375, 53.28206585582656]]}}, {"type": "Feature", "properties": {"level_in": 0.1}, "geometry": {"type": "LineString", "coordinates": [[-60.046875, 51.67579281370654], [-60.1171875, 51.68004064174066], [-60.1875, 51.684458563169656], [-60.2578125, 51.69023532629312], [-60.328125, 51.69656742789222], [-60.35363531911396, 51.7047437835], [-60.3984375, 51.71670060168837], [-60.46875, 51.73658078392498], [-60.5390625, 51.76691856691851], [-60.55585024069917, 51.7750425498], [-60.609375, 51.79544727419281], [-60.6796875, 51.82488049673371], [-60.7265461697766, 51.845341316], [-60.75, 51.85480950739489], [-60.8203125, 51.883646875852506], [-60.890625, 51.911348463696825], [-60.90138080757164, 51.9156400823], [-60.9609375, 51.94379456212127], [-61.03125, 51.977662245039255], [-61.04616899290204, 51.9859388485], [-61.1015625, 52.023549470030005], [-61.15845946744981, 52.0562376148], [-61.171875, 52.067842042908794], [-61.2421875, 52.11107828014554], [-61.27496506259711, 52.126536381], [-61.3125, 52.15090495562226], [-61.38185909764968, 52.1968351472], [-61.3828125, 52.19752963338969], [-61.45243037813319, 52.2671339134], [-61.453125, 52.267620053870594], [-61.5234375, 52.31467942997021], [-61.559987713226306, 52.3374326796], [-61.59375, 52.35093496051954], [-61.6640625, 52.37824378958727], [-61.734375, 52.40344344917176], [-61.74535702869906, 52.40773144580001], [-61.8046875, 52.438317723026785], [-61.859356186448, 52.4780302119], [-61.875, 52.49534675145745], [-61.90950681450831, 52.5483289781], [-61.9453125, 52.61725480308099], [-61.945947017511415, 52.6186277442], [-61.982034737251695, 52.6889265104], [-61.99256424178037, 52.7592252765], [-61.987073580614265, 52.8295240426], [-61.997381990198605, 52.8998228087], [-62.015625, 52.92686012909492], [-62.05098981528123, 52.9701215748], [-62.0859375, 53.009195221364095], [-62.10827981800607, 53.0404203408], [-62.12441417703892, 53.1107191069], [-62.089743996117605, 53.18101787289999], [-62.0859375, 53.183937058748405], [-62.015625, 53.23631083067403], [-61.994923285499624, 53.251316639], [-61.9453125, 53.27620300384462], [-61.875, 53.30819861995937], [-61.841661173220785, 53.321615405], [-61.8046875, 53.33723159501815], [-61.734375, 53.36381835779041], [-61.6640625, 53.38882197246999], [-61.655157363003305, 53.391914171], [-61.59375, 53.418789129410214], [-61.5234375, 53.445457206051245], [-61.47536115415742, 53.462212937000004], [-61.453125, 53.474045992238715], [-61.3828125, 53.509070034405426], [-61.331282321030216, 53.532511703], [-61.3125, 53.546074064630474], [-61.2421875, 53.588088023460834], [-61.210165746169054, 53.6028104689], [-61.171875, 53.62600127052053], [-61.1015625, 53.64984442548574], [-61.03125, 53.66345806850861], [-60.9609375, 53.670981432793006], [-60.91970331297284, 53.6731092349], [-60.89062499999999, 53.67526276525789], [-60.8203125, 53.67975760037631], [-60.75, 53.69071681746345], [-60.6796875, 53.7036517841395], [-60.609375, 53.7170091226405], [-60.5390625, 53.731767662670386], [-60.48257427166092, 53.7434080008], [-60.46875, 53.7520866589409], [-60.3984375, 53.778918826248535], [-60.328125, 53.77999462873616], [-60.2578125, 53.771151966449665], [-60.1875, 53.767407462394445], [-60.1171875, 53.76525652464693], [-60.046875, 53.76645565401413]]}}, {"type": "Feature", "properties": {"level_in": 0.1}, "geometry": {"type": "LineString", "coordinates": [[-120.7265625, 54.88651262238911], [-120.65625, 54.87674269413191], [-120.624314465731, 54.86818825420001], [-120.65625, 54.80222908131775], [-120.7265625, 54.807272115464215], [-120.77493885190896, 54.8681882542], [-120.7265625, 54.88651262238911]]}}, {"type": "Feature", "properties": {"level_in": 0.1}, "geometry": {"type": "LineString", "coordinates": [[-128.3203125, 54.814289728489925], [-128.3297811566043, 54.7978894884], [-128.3203125, 54.79352837524142], [-128.30398570180472, 54.7978894884], [-128.3203125, 54.81428972848993]]}}, {"type": "Feature", "properties": {"level_in": 0.1}, "geometry": {"type": "LineString", "coordinates": [[-113.9765625, 54.67015084479723], [-113.91803380501788, 54.6572919569], [-113.9765625, 54.646065754642976], [-113.99968356539208, 54.6572919569], [-113.9765625, 54.67015084479723]]}}, {"type": "Feature", "properties": {"level_in": 0.1}, "geometry": {"type": "LineString", "coordinates": [[-128.6015625, 54.5323028673825], [-128.61116463619337, 54.51669442539999], [-128.671875, 54.47400665266419], [-128.6953139268272, 54.4463956596], [-128.671875, 54.42544521286238], [-128.6015625, 54.41581143288718], [-128.57159738587086, 54.4463956596], [-128.53125, 54.48114354671883], [-128.49931120253348, 54.5166944254], [-128.53125, 54.543117769613325], [-128.6015625, 54.5323028673825]]}}, {"type": "Feature", "properties": {"level_in": 0.1}, "geometry": {"type": "LineString", "coordinates": [[-127.40625, 54.523167803146734], [-127.3359375, 54.53369831110187], [-127.265625, 54.545642178309436], [-127.1953125, 54.553577061326166], [-127.125, 54.55636341382375], [-127.0546875, 54.53848827141765], [-127.01003722753947, 54.516694425400004], [-126.99721649476811, 54.4463956596], [-127.01426685085079, 54.3760968938], [-126.984375, 54.31021813797523], [-126.97925692870814, 54.3057981279], [-126.984375, 54.29446746509596], [-127.0546875, 54.26015601005355], [-127.125, 54.27777921766808], [-127.17082465576172, 54.3057981279], [-127.1953125, 54.313125737025864], [-127.265625, 54.34806702866375], [-127.29566035878881, 54.3760968938], [-127.265625, 54.421453350073946], [-127.1953125, 54.44592466297155], [-127.19301118184727, 54.4463956596], [-127.1953125, 54.447237877785376], [-127.265625, 54.47110442550478], [-127.33593750000001, 54.49486080050869], [-127.40625, 54.51158781597911], [-127.42804582302671, 54.51669442539999], [-127.40625, 54.523167803146734]]}}, {"type": "Feature", "properties": {"level_in": 0.1}, "geometry": {"type": "LineString", "coordinates": [[-126.140625, 54.53119826962299], [-126.0703125, 54.55417720979156], [-125.99999999999999, 54.52477282301069], [-125.99272208069084, 54.5166944254], [-126.0, 54.511771024189756], [-126.0703125, 54.48213277717624], [-126.140625, 54.49943640603211], [-126.1659546376018, 54.51669442539999], [-126.140625, 54.53119826962299]]}}, {"type": "Feature", "properties": {"level_in": 0.1}, "geometry": {"type": "LineString", "coordinates": [[-121.2890625, 54.519851777090565], [-121.29965923758664, 54.5166944254], [-121.2890625, 54.51253663331302], [-121.28404299252796, 54.5166944254], [-121.2890625, 54.51985177709056]]}}, {"type": "Feature", "properties": {"level_in": 0.1}, "geometry": {"type": "LineString", "coordinates": [[-120.7265625, 54.40215774112773], [-120.73728676478927, 54.3760968938], [-120.7265625, 54.374353045911725], [-120.65625, 54.36418204829479], [-120.5859375, 54.373559151078965], [-120.57514436864929, 54.3760968938], [-120.5859375, 54.3818487117977], [-120.65625, 54.43169950607853], [-120.7265625, 54.40215774112773]]}}, {"type": "Feature", "properties": {"level_in": 0.1}, "geometry": {"type": "LineString", "coordinates": [[-104.5546875, 54.38208237124787], [-104.484375, 54.393440844588405], [-104.4140625, 54.38179795034397], [-104.4070931810731, 54.37609689380001], [-104.4140625, 54.3710604684247], [-104.48437499999999, 54.35760269345679], [-104.5546875, 54.36557955525647], [-104.5877291959765, 54.3760968938], [-104.5546875, 54.38208237124787]]}}, {"type": "Feature", "properties": {"level_in": 0.1}, "geometry": {"type": "LineString", "coordinates": [[-128.6015625, 54.27508945115895], [-128.64809716721422, 54.2354993621], [-128.60294877325973, 54.1652005962], [-128.6015625, 54.1628722688773], [-128.53125, 54.147750240488065], [-128.49839267976114, 54.1652005962], [-128.5120890686763, 54.2354993621], [-128.53125, 54.256060009146], [-128.6015625, 54.27508945115895]]}}, {"type": "Feature", "properties": {"level_in": 0.1}, "geometry": {"type": "LineString", "coordinates": [[-126.4921875, 54.261108279166855], [-126.421875, 54.236097410881655], [-126.4210189097897, 54.23549936210001], [-126.421875, 54.2348700494321], [-126.4921875, 54.20069141494014], [-126.55098423038284, 54.2354993621], [-126.4921875, 54.261108279166855]]}}, {"type": "Feature", "properties": {"level_in": 0.1}, "geometry": {"type": "LineString", "coordinates": [[-111.1640625, 54.02902392974164], [-111.09375, 54.03658803701034], [-111.03764339375934, 54.0246030645], [-111.09375, 53.99909542387074], [-111.1640625, 54.017884189714145], [-111.18526468989427, 54.0246030645], [-111.1640625, 54.02902392974164]]}}, {"type": "Feature", "properties": {"level_in": 0.1}, "geometry": {"type": "LineString", "coordinates": [[-128.7421875, 53.906854032890124], [-128.78579874962543, 53.8840055327], [-128.8125, 53.85388622210722], [-128.87927169222763, 53.8137067668], [-128.8125, 53.77997974457332], [-128.7678833250734, 53.8137067668], [-128.7421875, 53.83619590501724], [-128.71736753607937, 53.8840055327], [-128.7421875, 53.906854032890124]]}}, {"type": "Feature", "properties": {"level_in": 0.1}, "geometry": {"type": "LineString", "coordinates": [[-127.40625, 53.88417619522521], [-127.3359375, 53.8878125020696], [-127.32771687568582, 53.8840055327], [-127.3359375, 53.87796625260166], [-127.40624999999999, 53.88345799058701], [-127.40682146019356, 53.8840055327], [-127.40625, 53.88417619522521]]}}, {"type": "Feature", "properties": {"level_in": 0.1}, "geometry": {"type": "LineString", "coordinates": [[-120.23437499999999, 53.89791071508607], [-120.29824831423284, 53.8840055327], [-120.234375, 53.865493725500336], [-120.1949238267989, 53.8840055327], [-120.234375, 53.89791071508607]]}}, {"type": "Feature", "properties": {"level_in": 0.1}, "geometry": {"type": "LineString", "coordinates": [[-119.109375, 53.88748916885908], [-119.0390625, 53.923999864567655], [-118.96875, 53.935206879868915], [-118.8984375, 53.942815557736786], [-118.828125, 53.944478211082576], [-118.7578125, 53.94052521879196], [-118.6875, 53.899816877654246], [-118.67591842840595, 53.8840055327], [-118.6875, 53.87091799421928], [-118.7578125, 53.8261545373011], [-118.828125, 53.81647503608181], [-118.8984375, 53.815380641844236], [-118.96875, 53.81547926713275], [-119.0390625, 53.82564343142691], [-119.109375, 53.87603764371479], [-119.11287559902159, 53.8840055327], [-119.109375, 53.88748916885908]]}}, {"type": "Feature", "properties": {"level_in": 0.1}, "geometry": {"type": "LineString", "coordinates": [[-117.0, 53.7595934396794], [-116.9617842791207, 53.7434080008], [-117.0, 53.73566480179929], [-117.03067312699375, 53.7434080008], [-117.0, 53.7595934396794]]}}, {"type": "Feature", "properties": {"level_in": 0.1}, "geometry": {"type": "LineString", "coordinates": [[-120.65625, 53.67507272217228], [-120.65901202130271, 53.6731092349], [-120.7265625, 53.637533257744835], [-120.78364119613937, 53.6028104689], [-120.796875, 53.57479141557778], [-120.8048112889631, 53.532511703], [-120.796875, 53.49383429662025], [-120.78031880008538, 53.462212937], [-120.796875, 53.41947618817214], [-120.82781799562966, 53.391914171], [-120.8671875, 53.37371861644365], [-120.9375, 53.33223102785208], [-121.00226796487718, 53.321615405], [-121.00781249999999, 53.31468608770167], [-121.04106197305275, 53.251316639], [-121.078125, 53.23572765286191], [-121.12866300752056, 53.1810178729], [-121.078125, 53.14768628949002], [-121.0078125, 53.14419213490831], [-120.962668892637, 53.1810178729], [-120.9375, 53.217898414021136], [-120.8671875, 53.240507592099064], [-120.80044359174947, 53.251316639], [-120.79687499999999, 53.252637401521156], [-120.74476298644643, 53.321615405], [-120.7265625, 53.351365943972276], [-120.65625, 53.37360353986194], [-120.5859375, 53.37882035997646], [-120.515625, 53.38016449338802], [-120.4453125, 53.39156117052732], [-120.44379853783252, 53.391914171], [-120.375, 53.436930587493094], [-120.35253548123288, 53.462212937], [-120.375, 53.472779516963335], [-120.4453125, 53.47877363150854], [-120.515625, 53.487142658819636], [-120.5859375, 53.50378643284887], [-120.65624999999999, 53.5274106327315], [-120.67966359575561, 53.532511703], [-120.65625000000001, 53.5389602262155], [-120.63238029489173, 53.6028104689], [-120.5859375, 53.64127017505372], [-120.515625, 53.6708197009394], [-120.50983670847205, 53.6731092349], [-120.515625, 53.6757145665095], [-120.5859375, 53.69757443440281], [-120.65625, 53.67507272217228]]}}, {"type": "Feature", "properties": {"level_in": 0.1}, "geometry": {"type": "LineString", "coordinates": [[-119.8828125, 53.68517086068789], [-119.88469448189953, 53.6731092349], [-119.8828125, 53.67256288927685], [-119.87627783810525, 53.6731092349], [-119.8828125, 53.6851708606879]]}}, {"type": "Feature", "properties": {"level_in": 0.1}, "geometry": {"type": "LineString", "coordinates": [[-121.0078125, 53.647237241930554], [-121.04340737400261, 53.6028104689], [-121.0078125, 53.59998415095852], [-120.98344467935547, 53.6028104689], [-121.0078125, 53.64723724193056]]}}, {"type": "Feature", "properties": {"level_in": 0.1}, "geometry": {"type": "LineString", "coordinates": [[-129.375, 53.53313638449308], [-129.36948876395027, 53.532511703], [-129.375, 53.53207582449159], [-129.37775561931454, 53.532511703], [-129.375, 53.53313638449308]]}}, {"type": "Feature", "properties": {"level_in": 0.1}, "geometry": {"type": "LineString", "coordinates": [[-126.5625, 53.53717225082547], [-126.4921875, 53.575457247044916], [-126.421875, 53.569545406558476], [-126.3515625, 53.54603079739562], [-126.32813069922076, 53.532511703], [-126.3515625, 53.51865398161447], [-126.421875, 53.489139425306085], [-126.4921875, 53.46964938392086], [-126.5185814087854, 53.462212937000004], [-126.4921875, 53.452173735822214], [-126.421875, 53.42036412885123], [-126.37164482932756, 53.391914171], [-126.3515625, 53.36611511090413], [-126.28125, 53.34565373158009], [-126.24852477327512, 53.321615405], [-126.28124999999999, 53.30816093093898], [-126.3515625, 53.3135694964932], [-126.42187499999999, 53.31815834118883], [-126.43525980031193, 53.321615405], [-126.4921875, 53.343283640402575], [-126.5625, 53.37707760905693], [-126.58005108756592, 53.39191417100001], [-126.59439109358075, 53.46221293699999], [-126.5662769311485, 53.53251170299999], [-126.5625, 53.53717225082547]]}}, {"type": "Feature", "properties": {"level_in": 0.1}, "geometry": {"type": "LineString", "coordinates": [[-119.24999999999999, 53.539816214445324], [-119.29642310941956, 53.532511703], [-119.25, 53.52387652415164], [-119.22347247756946, 53.532511703], [-119.25, 53.53981621444533]]}}, {"type": "Feature", "properties": {"level_in": 0.1}, "geometry": {"type": "LineString", "coordinates": [[-129.5859375, 53.48068022681545], [-129.515625, 53.50353339518696], [-129.4453125, 53.501246939326926], [-129.43403818370385, 53.462212937000004], [-129.4453125, 53.450940822893486], [-129.515625, 53.429654454924034], [-129.5859375, 53.4419056827173], [-129.63357464317264, 53.462212937], [-129.5859375, 53.48068022681545]]}}, {"type": "Feature", "properties": {"level_in": 0.1}, "geometry": {"type": "LineString", "coordinates": [[-124.6640625, 53.47718957279268], [-124.64487439154681, 53.462212937], [-124.6640625, 53.44078360086054], [-124.72246108494636, 53.462212937], [-124.6640625, 53.47718957279268]]}}, {"type": "Feature", "properties": {"level_in": 0.1}, "geometry": {"type": "LineString", "coordinates": [[-122.34375, 53.50885679904455], [-122.2734375, 53.51248069849577], [-122.2268928278656, 53.462212937000004], [-122.2734375, 53.42111286316924], [-122.32241257507894, 53.391914171], [-122.34375, 53.38396541676664], [-122.4140625, 53.371992717917706], [-122.45609407062523, 53.391914171], [-122.4140625, 53.43281826693302], [-122.3758789377251, 53.462212937000004], [-122.34375, 53.50885679904455]]}}, {"type": "Feature", "properties": {"level_in": 0.1}, "geometry": {"type": "LineString", "coordinates": [[-120.0234375, 53.47195299681899], [-120.0873332812719, 53.462212937], [-120.09375, 53.45451437556861], [-120.11179087489255, 53.391914171], [-120.15537965984113, 53.321615405], [-120.09926093741026, 53.251316639], [-120.09375, 53.23657717769989], [-120.0234375, 53.188273291610315], [-120.00176572650727, 53.18101787290001], [-120.0234375, 53.16722943641517], [-120.09375, 53.14974102064385], [-120.1640625, 53.14006499763671], [-120.234375, 53.13038240688578], [-120.3046875, 53.12677828852001], [-120.375, 53.13102909422399], [-120.4453125, 53.139121039125556], [-120.50947322404474, 53.1107191069], [-120.4453125, 53.07893396156312], [-120.40260148339203, 53.0404203408], [-120.375, 52.99394543154895], [-120.3046875, 53.012017994462965], [-120.26415890068466, 53.0404203408], [-120.234375, 53.06162308410069], [-120.1640625, 53.07920562085101], [-120.09375, 53.087806662459265], [-120.0234375, 53.090970415844225], [-119.953125, 53.08531348432528], [-119.88281250000001, 53.04653447714503], [-119.8569804952854, 53.0404203408], [-119.8125, 53.03826907706818], [-119.7421875, 53.03494080647579], [-119.73400403781787, 53.0404203408], [-119.671875, 53.09591879454197], [-119.6015625, 53.10952069376551], [-119.59858780844624, 53.1107191069], [-119.6015625, 53.12348754357886], [-119.62620473721435, 53.1810178729], [-119.671875, 53.234609857564536], [-119.69066144059059, 53.251316639], [-119.7421875, 53.285061620100215], [-119.80861510419541, 53.321615405], [-119.8125, 53.32287464571851], [-119.8828125, 53.3507498243834], [-119.93742256446866, 53.391914171], [-119.8828125, 53.448555671774415], [-119.841993417019, 53.462212937], [-119.8828125, 53.47587020222558], [-119.953125, 53.47213955244021], [-120.0234375, 53.47195299681899]]}}, {"type": "Feature", "properties": {"level_in": 0.1}, "geometry": {"type": "LineString", "coordinates": [[-107.2265625, 53.46404145934745], [-107.15625, 53.47930565404006], [-107.13261579086378, 53.462212937000004], [-107.15625, 53.44461537216982], [-107.22656250000001, 53.459479984219406], [-107.22973451394881, 53.462212937], [-107.2265625, 53.46404145934745]]}}, {"type": "Feature", "properties": {"level_in": 0.1}, "geometry": {"type": "LineString", "coordinates": [[-124.59375, 53.3762065776201], [-124.5234375, 53.38346611924912], [-124.453125, 53.38044090365893], [-124.44195687742649, 53.321615405], [-124.39968219725873, 53.251316639], [-124.453125, 53.21955967080915], [-124.5234375, 53.20354652719155], [-124.59375, 53.19875011343473], [-124.63155156534314, 53.251316639], [-124.63797297811406, 53.321615405], [-124.59375, 53.3762065776201]]}}, {"type": "Feature", "properties": {"level_in": 0.1}, "geometry": {"type": "LineString", "coordinates": [[-123.9609375, 53.3245068716441], [-123.98025211614782, 53.321615405], [-123.9609375, 53.31754996199643], [-123.92391752720489, 53.251316639], [-123.9609375, 53.20420951127406], [-124.01955484691825, 53.1810178729], [-123.9609375, 53.17556273081345], [-123.890625, 53.171989682309956], [-123.8203125, 53.16658687943702], [-123.75, 53.15284850916204], [-123.6796875, 53.124482668802386], [-123.609375, 53.126770383285255], [-123.5390625, 53.13848806108926], [-123.49315677830123, 53.1810178729], [-123.46875000000001, 53.21467582535654], [-123.41561042852814, 53.25131663900001], [-123.46875, 53.29961589703514], [-123.4990052189324, 53.321615405], [-123.5390625, 53.33305810524167], [-123.609375, 53.34069032187706], [-123.6796875, 53.34764832896591], [-123.75, 53.34470983035666], [-123.8203125, 53.33829783789863], [-123.890625, 53.328188912620284], [-123.9609375, 53.3245068716441]]}}, {"type": "Feature", "properties": {"level_in": 0.1}, "geometry": {"type": "LineString", "coordinates": [[-121.2890625, 53.046046419928956], [-121.32702041766638, 53.0404203408], [-121.35937500000001, 53.0373790547901], [-121.4296875, 53.01679458345052], [-121.5, 52.977680928980384], [-121.50844813444566, 52.9701215748], [-121.5, 52.90011988449709], [-121.49996390887114, 52.8998228087], [-121.5, 52.89968198706339], [-121.52501489285983, 52.8295240426], [-121.5, 52.80633879934305], [-121.4296875, 52.7756536752313], [-121.359375, 52.764193115501065], [-121.2890625, 52.7884499413349], [-121.21875, 52.81245638532263], [-121.1484375, 52.82863618675051], [-121.1452748705007, 52.8295240426], [-121.11465234212727, 52.8998228087], [-121.1484375, 52.92355271971026], [-121.21567503509165, 52.9701215748], [-121.21875, 52.978319880644285], [-121.2783012451893, 53.0404203408], [-121.2890625, 53.04604641992896]]}}, {"type": "Feature", "properties": {"level_in": 0.1}, "geometry": {"type": "LineString", "coordinates": [[-120.8671875, 52.973253033838795], [-120.8697843677903, 52.9701215748], [-120.8671875, 52.96476779013333], [-120.83016070681774, 52.8998228087], [-120.86718749999999, 52.86747073026689], [-120.9375, 52.84562705730999], [-121.0078125, 52.83347817315513], [-121.02471741185914, 52.8295240426], [-121.0078125, 52.804463030858074], [-120.9375, 52.778170466562074], [-120.8671875, 52.77659495181908], [-120.796875, 52.78845115144486], [-120.7265625, 52.80077699257749], [-120.65625, 52.82098137163723], [-120.6264414663361, 52.8295240426], [-120.5859375, 52.89344995281241], [-120.58046281180856, 52.8998228087], [-120.5859375, 52.90357154714485], [-120.65392892851867, 52.9701215748], [-120.65625, 52.970340838454376], [-120.7265625, 52.974315840229885], [-120.796875, 52.97924517987168], [-120.8671875, 52.973253033838795]]}}, {"type": "Feature", "properties": {"level_in": 0.1}, "geometry": {"type": "LineString", "coordinates": [[-122.484375, 52.90879311799519], [-122.46735902120302, 52.899822808699994], [-122.484375, 52.86367092019923], [-122.5023423995579, 52.8295240426], [-122.5546875, 52.768627787972875], [-122.625, 52.79776481550802], [-122.6764193899015, 52.8295240426], [-122.625, 52.85954710003945], [-122.5546875, 52.87720934120205], [-122.5148800158696, 52.8998228087], [-122.484375, 52.90879311799519]]}}, {"type": "Feature", "properties": {"level_in": 0.1}, "geometry": {"type": "LineString", "coordinates": [[-111.8671875, 52.90070514795944], [-111.85732413012107, 52.8998228087], [-111.8671875, 52.899075507994226], [-111.90588227612795, 52.8998228087], [-111.8671875, 52.90070514795944]]}}, {"type": "Feature", "properties": {"level_in": 0.1}, "geometry": {"type": "LineString", "coordinates": [[-123.3984375, 52.86692590501869], [-123.44148366059099, 52.8295240426], [-123.3984375, 52.801472654069386], [-123.38248638685512, 52.8295240426], [-123.3984375, 52.86692590501869]]}}, {"type": "Feature", "properties": {"level_in": 0.1}, "geometry": {"type": "LineString", "coordinates": [[-125.57812500000001, 52.76595928603726], [-125.62486283721941, 52.7592252765], [-125.63858054459554, 52.688926510399995], [-125.6325262265261, 52.6186277442], [-125.64843749999999, 52.601113315617155], [-125.71875, 52.56292804042401], [-125.75765487120151, 52.5483289781], [-125.7890625, 52.506428220171074], [-125.801294417677, 52.4780302119], [-125.859375, 52.41422989651309], [-125.87659925924127, 52.4077314458], [-125.9296875, 52.366902318832686], [-126.0, 52.349796618833686], [-126.04107037586665, 52.3374326796], [-126.0, 52.30211331733571], [-125.93284518829758, 52.2671339134], [-125.9296875, 52.266124463702035], [-125.92884582642219, 52.2671339134], [-125.859375, 52.32324172058556], [-125.7890625, 52.335302748740666], [-125.77427918136408, 52.3374326796], [-125.71875000000001, 52.36141310887293], [-125.6484375, 52.373661888199074], [-125.578125, 52.380903169714756], [-125.5078125, 52.399972512478115], [-125.48523428565008, 52.40773144580001], [-125.4375, 52.46625835883095], [-125.41855218046453, 52.4780302119], [-125.4375, 52.510536585730854], [-125.44666357977596, 52.5483289781], [-125.4375, 52.556460346802886], [-125.39319436583145, 52.6186277442], [-125.3671875, 52.66239615264728], [-125.33317012647878, 52.6889265104], [-125.31355736003266, 52.75922527649999], [-125.3671875, 52.77658647466863], [-125.4375, 52.78028412470273], [-125.5078125, 52.7732437766805], [-125.578125, 52.76595928603725]]}}, {"type": "Feature", "properties": {"level_in": 0.1}, "geometry": {"type": "LineString", "coordinates": [[-124.2421875, 52.763141395064956], [-124.20243117481087, 52.7592252765], [-124.2421875, 52.74736001282816], [-124.24545962853605, 52.7592252765], [-124.2421875, 52.763141395064956]]}}, {"type": "Feature", "properties": {"level_in": 0.1}, "geometry": {"type": "LineString", "coordinates": [[-124.3125, 52.69301539968148], [-124.29812765144698, 52.688926510399995], [-124.3125, 52.6818924731921], [-124.33829648460457, 52.68892651040001], [-124.3125, 52.69301539968148]]}}, {"type": "Feature", "properties": {"level_in": 0.1}, "geometry": {"type": "LineString", "coordinates": [[-123.2578125, 52.273912862504105], [-123.24108942495732, 52.2671339134], [-123.1875, 52.25484635500578], [-123.1171875, 52.21537785055944], [-123.10227987009925, 52.196835147200005], [-123.1171875, 52.184629822721426], [-123.1875, 52.157021002930875], [-123.2578125, 52.15199278722111], [-123.328125, 52.153677397858814], [-123.3984375, 52.16819790135999], [-123.45266496345442, 52.1968351472], [-123.3984375, 52.23288584372984], [-123.328125, 52.256007877238005], [-123.27681904539735, 52.2671339134], [-123.2578125, 52.273912862504105]]}}, {"type": "Feature", "properties": {"level_in": 0.1}, "geometry": {"type": "LineString", "coordinates": [[-121.2890625, 52.137008659551654], [-121.26429819335866, 52.126536380999994], [-121.28906249999999, 52.11934483735973], [-121.31347800457279, 52.126536380999994], [-121.2890625, 52.137008659551654]]}}, {"type": "Feature", "properties": {"level_in": 0.1}, "geometry": {"type": "LineString", "coordinates": [[-122.9765625, 52.07637504667825], [-122.90625, 52.094129636100995], [-122.8359375, 52.09377510266944], [-122.765625, 52.090189657448086], [-122.70087888046204, 52.0562376148], [-122.6953125, 52.051668029864565], [-122.63514509367141, 51.9859388485], [-122.6953125, 51.93545238478982], [-122.71493605385336, 51.9156400823], [-122.765625, 51.886855505764714], [-122.8359375, 51.870109666685096], [-122.90625, 51.859292697150444], [-122.9765625, 51.8462498699315], [-122.9803924320224, 51.845341316], [-123.046875, 51.82071903432687], [-123.1171875, 51.8214875345235], [-123.1875, 51.83225892179921], [-123.25781250000001, 51.843882651861676], [-123.27281490792777, 51.84534131600001], [-123.27368593110334, 51.9156400823], [-123.2578125, 51.92321830144099], [-123.1875, 51.96378801167594], [-123.1550693562136, 51.9859388485], [-123.1171875, 52.00339047095099], [-123.046875, 52.03457869029914], [-123.0112406770777, 52.0562376148], [-122.9765625, 52.07637504667825]]}}, {"type": "Feature", "properties": {"level_in": 0.1}, "geometry": {"type": "LineString", "coordinates": [[-123.60937499999999, 51.91862293963265], [-123.59567908729164, 51.9156400823], [-123.54802870596839, 51.845341316], [-123.609375, 51.82226505348896], [-123.6796875, 51.78771462534569], [-123.75, 51.8255916945659], [-123.77102298610173, 51.845341316], [-123.75, 51.86946032545258], [-123.6796875, 51.8984114929154], [-123.636607582193, 51.9156400823], [-123.60937499999999, 51.91862293963265]]}}, {"type": "Feature", "properties": {"level_in": 0.1}, "geometry": {"type": "LineString", "coordinates": [[-120.09375, 51.93751926830733], [-120.13194837123947, 51.9156400823], [-120.09375, 51.89353475455738], [-120.0234375, 51.88031735928054], [-119.96403524714161, 51.9156400823], [-120.0234375, 51.95086012028433], [-120.09375, 51.93751926830733]]}}, {"type": "Feature", "properties": {"level_in": 0.1}, "geometry": {"type": "LineString", "coordinates": [[-122.203125, 51.779854284214814], [-122.16775184230619, 51.7750425498], [-122.1328125, 51.77136544266069], [-122.0625, 51.757546345517525], [-121.9921875, 51.75168228550339], [-121.921875, 51.741870006087794], [-121.86154985285538, 51.7047437835], [-121.8816356673191, 51.6344450172], [-121.8515625, 51.604293263006], [-121.7990068816373, 51.5641462509], [-121.82608604915005, 51.493847484599996], [-121.78125, 51.45285158262348], [-121.73916703462704, 51.4938474846], [-121.7109375, 51.51408357438014], [-121.640625, 51.52701165143135], [-121.57184667519442, 51.4938474846], [-121.640625, 51.44698407338879], [-121.7109375, 51.43499006406591], [-121.72178574792873, 51.4235487183], [-121.7109375, 51.419406599146846], [-121.640625, 51.39403905311176], [-121.59375351576489, 51.353249952], [-121.60820365075625, 51.2829511856], [-121.640625, 51.25107943348471], [-121.678165514663, 51.2829511856], [-121.7109375, 51.30048769361927], [-121.78125, 51.34688014579388], [-121.78942701782228, 51.353249952], [-121.8515625, 51.39052395938603], [-121.921875, 51.394886159698885], [-121.99218749999999, 51.39446615282685], [-122.0625, 51.38461167605432], [-122.1328125, 51.39011364747526], [-122.17945897835143, 51.4235487183], [-122.1328125, 51.48782986066403], [-122.12466729689638, 51.4938474846], [-122.1328125, 51.50994196048963], [-122.1507426656031, 51.5641462509], [-122.1806627269564, 51.6344450172], [-122.203125, 51.66180367421399], [-122.23624867571544, 51.70474378350001], [-122.2101157418596, 51.7750425498], [-122.203125, 51.779854284214814]]}}, {"type": "Feature", "properties": {"level_in": 0.1}, "geometry": {"type": "LineString", "coordinates": [[-115.3125, 51.56790797658985], [-115.326598659272, 51.5641462509], [-115.3125, 51.552198294453106], [-115.30104081365155, 51.5641462509], [-115.3125, 51.56790797658985]]}}, {"type": "Feature", "properties": {"level_in": 0.1}, "geometry": {"type": "LineString", "coordinates": [[-115.3125, 51.35831454981406], [-115.31829972747195, 51.353249952], [-115.3125, 51.35255892777156], [-115.31022624309556, 51.353249952], [-115.3125, 51.35831454981406]]}}, {"type": "Feature", "properties": {"level_in": 0.1}, "geometry": {"type": "LineString", "coordinates": [[-122.6953125, 51.31147063616224], [-122.625, 51.32081558362306], [-122.55468749999999, 51.305941189797515], [-122.51153233053245, 51.2829511856], [-122.484375, 51.27660453948204], [-122.4140625, 51.24262573693814], [-122.36206737751138, 51.2126524193], [-122.36755186785922, 51.1423536529], [-122.3798116451502, 51.0720548865], [-122.4140625, 51.05117775465219], [-122.46007733182947, 51.0720548865], [-122.484375, 51.07788022899984], [-122.5546875, 51.10250912932743], [-122.625, 51.13619301905129], [-122.65721371658755, 51.1423536529], [-122.68839344960317, 51.2126524193], [-122.6953125, 51.24525306975882], [-122.73964190820224, 51.2829511856], [-122.6953125, 51.31147063616224]]}}, {"type": "Feature", "properties": {"level_in": 0.1}, "geometry": {"type": "LineString", "coordinates": [[-122.2734375, 51.30585358084814], [-122.22130968568169, 51.2829511856], [-122.203125, 51.27752294294054], [-122.1328125, 51.22469087743029], [-122.12590069163332, 51.2126524193], [-122.1328125, 51.163324101804385], [-122.203125, 51.151963342059865], [-122.2734375, 51.17381299000524], [-122.33608782874312, 51.2126524193], [-122.34036703700676, 51.2829511856], [-122.2734375, 51.30585358084814]]}}, {"type": "Feature", "properties": {"level_in": 0.1}, "geometry": {"type": "LineString", "coordinates": [[-121.1484375, 51.30452311451881], [-121.078125, 51.32567044882676], [-121.0078125, 51.35188905719611], [-120.93750000000001, 51.28895287545192], [-120.93090891718984, 51.2829511856], [-120.9375, 51.27724958024878], [-121.00781249999999, 51.25301362233462], [-121.078125, 51.24616195293578], [-121.1484375, 51.252630185037944], [-121.18341986936308, 51.2829511856], [-121.1484375, 51.30452311451881]]}}, {"type": "Feature", "properties": {"level_in": 0.1}, "geometry": {"type": "LineString", "coordinates": [[-121.8515625, 51.218838403557], [-121.81353505446728, 51.2126524193], [-121.78125, 51.18690862638606], [-121.74341730710995, 51.1423536529], [-121.78125, 51.12526551458204], [-121.8515625, 51.12874561231324], [-121.87791673637976, 51.1423536529], [-121.88366358465743, 51.2126524193], [-121.8515625, 51.218838403557]]}}, {"type": "Feature", "properties": {"level_in": 0.1}, "geometry": {"type": "LineString", "coordinates": [[-121.5703125, 51.15441079834012], [-121.5, 51.158803191140095], [-121.47160093340949, 51.1423536529], [-121.5, 51.11912259355917], [-121.56083981883836, 51.0720548865], [-121.5, 51.01625784084287], [-121.47637830056652, 51.0017561202], [-121.4296875, 50.98371666384769], [-121.38631200778602, 50.9314573538], [-121.4270770025454, 50.861158587400006], [-121.359375, 50.82460798308193], [-121.32252848355904, 50.7908598209], [-121.2890625, 50.746754185270646], [-121.26935783557403, 50.7205610545], [-121.28906249999999, 50.707399053312486], [-121.359375, 50.690488114187026], [-121.42968750000001, 50.7163925912542], [-121.43380222644325, 50.720561054499996], [-121.48177618483996, 50.7908598209], [-121.4453791608471, 50.8611585874], [-121.5, 50.86496373968083], [-121.5703125, 50.890875430575264], [-121.60911762094719, 50.9314573538], [-121.60735629247317, 51.0017561202], [-121.640625, 51.03783716828681], [-121.68967535524428, 51.0720548865], [-121.640625, 51.11216440408516], [-121.58881287460721, 51.1423536529], [-121.5703125, 51.15441079834012]]}}, {"type": "Feature", "properties": {"level_in": 0.1}, "geometry": {"type": "LineString", "coordinates": [[-120.51562499999999, 51.10093173008272], [-120.44531250000001, 51.10475605832861], [-120.38171446406989, 51.0720548865], [-120.44355865364395, 51.0017561202], [-120.4453125, 51.000916615899335], [-120.44725165861466, 51.00175612019999], [-120.515625, 51.028956413441634], [-120.56347365221248, 51.0720548865], [-120.51562499999999, 51.10093173008272]]}}, {"type": "Feature", "properties": {"level_in": 0.1}, "geometry": {"type": "LineString", "coordinates": [[-119.8828125, 51.09665734369217], [-119.8125, 51.1135504904001], [-119.7421875, 51.10736231715718], [-119.70220123221881, 51.0720548865], [-119.70326252923147, 51.0017561202], [-119.7421875, 50.97239549345293], [-119.8125, 50.95160324709265], [-119.869094731169, 50.9314573538], [-119.8828125, 50.91449783443687], [-119.90895963283856, 50.9314573538], [-119.88745111439316, 51.0017561202], [-119.91943171476112, 51.0720548865], [-119.8828125, 51.09665734369217]]}}, {"type": "Feature", "properties": {"level_in": 0.1}, "geometry": {"type": "LineString", "coordinates": [[-120.0234375, 50.8675705842849], [-119.953125, 50.87354162180374], [-119.945882660233, 50.8611585874], [-119.953125, 50.8562761342494], [-120.0234375, 50.855582937182454], [-120.0296438710386, 50.8611585874], [-120.0234375, 50.8675705842849]]}}, {"type": "Feature", "properties": {"level_in": 0.1}, "geometry": {"type": "LineString", "coordinates": [[-123.3984375, 50.75680951955412], [-123.42264557450292, 50.7205610545], [-123.3984375, 50.675197487513614], [-123.34901911846606, 50.7205610545], [-123.3984375, 50.756809519554125]]}}, {"type": "Feature", "properties": {"level_in": 0.1}, "geometry": {"type": "LineString", "coordinates": [[-123.5390625, 50.58239594704327], [-123.54447095514982, 50.5799635216], [-123.5390625, 50.57652477352476], [-123.46875, 50.552773993539944], [-123.3984375, 50.571603063900895], [-123.38557612060546, 50.57996352160001], [-123.3984375, 50.60561392389094], [-123.46875, 50.61453900218062], [-123.5390625, 50.58239594704327]]}}, {"type": "Feature", "properties": {"level_in": 0.1}, "geometry": {"type": "LineString", "coordinates": [[-127.1953125, 50.44958284783113], [-127.125, 50.46826962105078], [-127.0546875, 50.47480039804461], [-126.984375, 50.459841216261104], [-126.9215488936829, 50.439365988700004], [-126.9140625, 50.43246581718163], [-126.84374999999999, 50.37393802031295], [-126.83722863732979, 50.3690672223], [-126.7734375, 50.33702579927047], [-126.74396674773763, 50.3690672223], [-126.7734375, 50.41079405151835], [-126.79683231281669, 50.439365988700004], [-126.7734375, 50.44839756215341], [-126.703125, 50.47148520099147], [-126.6328125, 50.48040269950632], [-126.5625, 50.47678646848516], [-126.4921875, 50.45529990375541], [-126.45375113731585, 50.4393659887], [-126.421875, 50.43346629609187], [-126.3515625, 50.411003457141845], [-126.29469319860536, 50.3690672223], [-126.28125, 50.358698467100226], [-126.2109375, 50.350267399347324], [-126.1736880509934, 50.2987684558], [-126.140625, 50.280300066119594], [-126.08878449764741, 50.2284696893], [-126.0703125, 50.210542406041604], [-126.0, 50.19140861650402], [-125.96367871254125, 50.1581709228], [-125.93367504917107, 50.0878721563], [-125.9296875, 50.08372909585927], [-125.859375, 50.04775634139624], [-125.7890625, 50.049273979775464], [-125.71875, 50.07734349233865], [-125.6484375, 50.0377428431719], [-125.62325757163993, 50.017573389800006], [-125.6484375, 50.00266856480133], [-125.71875, 49.99273933314961], [-125.7890625, 49.967272740673366], [-125.80670110203758, 49.9472746232], [-125.7890625, 49.916451436042806], [-125.74164131566958, 49.8769758567], [-125.71875, 49.82601272217066], [-125.71363249299954, 49.806677090099996], [-125.67752269781082, 49.7363783236], [-125.65058262279472, 49.666079557], [-125.6484375, 49.66442746106647], [-125.578125, 49.63024874931249], [-125.51138199752648, 49.5957807904], [-125.5078125, 49.59489302914915], [-125.4375, 49.55984994913898], [-125.41165592420629, 49.5254820238], [-125.40915036971475, 49.45518325729999], [-125.4375, 49.42785044965296], [-125.5078125, 49.392420070637804], [-125.52651844918046, 49.3848844907], [-125.578125, 49.366148616003414], [-125.64519614656568, 49.3848844907], [-125.6484375, 49.38600627833527], [-125.71875, 49.399414681632656], [-125.77080655033703, 49.3848844907], [-125.7890625, 49.35364768338887], [-125.859375, 49.339136530502245], [-125.9296875, 49.378420369716885], [-125.93812393365916, 49.3848844907], [-126.0, 49.42835493020384], [-126.0352251565732, 49.4551832573], [-126.0, 49.485671272935576], [-125.9443591502541, 49.5254820238], [-126.0, 49.55929632803411], [-126.0703125, 49.58492166082967], [-126.10398920479541, 49.5957807904], [-126.0703125, 49.61371563510929], [-126.02076040912405, 49.66607955700001], [-126.04274436137115, 49.7363783236], [-126.03801786125052, 49.8066770901], [-126.0703125, 49.82307940211156], [-126.140625, 49.824354201325], [-126.2109375, 49.82683229666147], [-126.28125, 49.82482662622085], [-126.3515625, 49.81862876736936], [-126.421875, 49.80844723892318], [-126.42749606036692, 49.8066770901], [-126.44164540168964, 49.7363783236], [-126.4921875, 49.709907531992954], [-126.5625, 49.735734519626156], [-126.56367907570403, 49.73637832359999], [-126.63281249999999, 49.78053326125303], [-126.68763937189375, 49.8066770901], [-126.703125, 49.815423963564704], [-126.7734375, 49.82948523201594], [-126.84375, 49.86400487302186], [-126.8567235176587, 49.8769758567], [-126.9140625, 49.91302370879488], [-126.97640798174355, 49.9472746232], [-126.95433747127177, 50.0175733898], [-126.984375, 50.062113390862635], [-127.002941174341, 50.08787215630001], [-126.984375, 50.15606511689126], [-126.9140625, 50.13381008291453], [-126.84375, 50.135863667772355], [-126.7734375, 50.14247686590753], [-126.703125, 50.146497951903385], [-126.6328125, 50.145601592899425], [-126.5625, 50.1320778792423], [-126.50941064575179, 50.0878721563], [-126.4921875, 50.0845153959736], [-126.421875, 50.083503283338736], [-126.3515625, 50.07819221539897], [-126.28125, 50.081323702128294], [-126.26877546348805, 50.0878721563], [-126.28125, 50.11323519227409], [-126.30139235872778, 50.1581709228], [-126.3515625, 50.187406677866], [-126.421875, 50.21676586969603], [-126.4586508197583, 50.2284696893], [-126.4921875, 50.23500228367816], [-126.5625, 50.2438459929967], [-126.6328125, 50.25691324290682], [-126.703125, 50.275680727510746], [-126.7734375, 50.26842309950756], [-126.84375, 50.258051977586604], [-126.9140625, 50.250524760591055], [-126.93796317122866, 50.2284696893], [-126.984375, 50.15914916989378], [-126.98666175013989, 50.1581709228], [-127.0546875, 50.14074460140262], [-127.08879782587604, 50.1581709228], [-127.125, 50.16336717495147], [-127.1953125, 50.170416840991365], [-127.265625, 50.1741864880138], [-127.3359375, 50.19066125106421], [-127.39517798896894, 50.2284696893], [-127.40625, 50.23449395735082], [-127.4765625, 50.26087174218513], [-127.546875, 50.28084595463724], [-127.6154259044945, 50.2987684558], [-127.546875, 50.329174548493754], [-127.4765625, 50.3423292382777], [-127.40625, 50.35536870099608], [-127.34949585416355, 50.3690672223], [-127.3359375, 50.380948589161996], [-127.265625, 50.4239748686971], [-127.22172564437014, 50.4393659887], [-127.1953125, 50.44958284783113]]}}, {"type": "Feature", "properties": {"level_in": 0.1}, "geometry": {"type": "LineString", "coordinates": [[-127.6875, 50.371244223914076], [-127.67735539969948, 50.3690672223], [-127.6875, 50.363826868469694], [-127.69927208091875, 50.3690672223], [-127.6875, 50.371244223914076]]}}, {"type": "Feature", "properties": {"level_in": 0.1}, "geometry": {"type": "LineString", "coordinates": [[-115.5234375, 50.389398659763486], [-115.453125, 50.39278569969959], [-115.42265140817022, 50.3690672223], [-115.43435873477183, 50.298768455799994], [-115.453125, 50.293535743491056], [-115.48642590588133, 50.2987684558], [-115.5234375, 50.323931436715185], [-115.54542350751888, 50.3690672223], [-115.5234375, 50.389398659763486]]}}, {"type": "Feature", "properties": {"level_in": 0.1}, "geometry": {"type": "LineString", "coordinates": [[-121.7109375, 50.309894788448375], [-121.640625, 50.335296549469156], [-121.5703125, 50.309951063393655], [-121.55961224799512, 50.2987684558], [-121.5703125, 50.28642099320053], [-121.640625, 50.257317858712895], [-121.7109375, 50.28321453180328], [-121.72796938873469, 50.2987684558], [-121.7109375, 50.309894788448375]]}}, {"type": "Feature", "properties": {"level_in": 0.1}, "geometry": {"type": "LineString", "coordinates": [[-120.375, 50.344314337695366], [-120.44262479291551, 50.2987684558], [-120.4453125, 50.29720659197055], [-120.515625, 50.26426009877096], [-120.58352006539846, 50.2284696893], [-120.58593750000001, 50.22733861410676], [-120.65625, 50.212679737822974], [-120.69879829326258, 50.2284696893], [-120.7265625, 50.24324733002132], [-120.796875, 50.26400524633674], [-120.8671875, 50.27164137914115], [-120.9375, 50.27859067847075], [-120.99181997932953, 50.2284696893], [-121.0078125, 50.20465145824922], [-121.0535431010145, 50.1581709228], [-121.06895095597055, 50.0878721563], [-121.02220404114195, 50.0175733898], [-121.0078125, 49.995890651946], [-120.9375, 49.96307744130023], [-120.8671875, 49.96841769204481], [-120.796875, 50.00312197986197], [-120.75860078761846, 50.01757338979999], [-120.72656249999999, 50.02755475337408], [-120.65625, 50.04114892402531], [-120.5859375, 50.03626987049458], [-120.515625, 50.034810798853215], [-120.4453125, 50.05026962267759], [-120.375, 50.073881220147435], [-120.33947405912792, 50.087872156299994], [-120.3046875, 50.11873665479809], [-120.234375, 50.15707801877903], [-120.22562079397515, 50.1581709228], [-120.20114518561914, 50.2284696893], [-120.234375, 50.26112019394296], [-120.27686576616831, 50.2987684558], [-120.3046875, 50.33330366578789], [-120.375, 50.344314337695366]]}}, {"type": "Feature", "properties": {"level_in": 0.1}, "geometry": {"type": "LineString", "coordinates": [[-117.9140625, 50.232422887492454], [-117.91492229813572, 50.2284696893], [-117.9140625, 50.21954403473169], [-117.88682079466415, 50.2284696893], [-117.9140625, 50.23242288749246]]}}, {"type": "Feature", "properties": {"level_in": 0.1}, "geometry": {"type": "LineString", "coordinates": [[-115.1015625, 50.27728899624555], [-115.04365391770584, 50.2284696893], [-115.1015625, 50.193441841168166], [-115.13777407059646, 50.2284696893], [-115.1015625, 50.27728899624555]]}}, {"type": "Feature", "properties": {"level_in": 0.1}, "geometry": {"type": "LineString", "coordinates": [[-125.7890625, 50.20050219752396], [-125.71875, 50.16647216016988], [-125.70653039239033, 50.1581709228], [-125.71875, 50.10783009859682], [-125.7890625, 50.11608719894335], [-125.85263413940082, 50.1581709228], [-125.7890625, 50.20050219752396]]}}, {"type": "Feature", "properties": {"level_in": 0.1}, "geometry": {"type": "LineString", "coordinates": [[-115.5234375, 50.19785738331039], [-115.467587814686, 50.1581709228], [-115.5234375, 50.12414122955322], [-115.57749522023464, 50.1581709228], [-115.5234375, 50.19785738331039]]}}, {"type": "Feature", "properties": {"level_in": 0.1}, "geometry": {"type": "LineString", "coordinates": [[-123.9609375, 50.08831631585558], [-123.96703042196697, 50.0878721563], [-123.9609375, 50.085815545717544], [-123.95824844423295, 50.0878721563], [-123.9609375, 50.08831631585557]]}}, {"type": "Feature", "properties": {"level_in": 0.1}, "geometry": {"type": "LineString", "coordinates": [[-117.91406249999999, 50.11621072248353], [-117.95729082127647, 50.0878721563], [-117.984375, 50.08061465044092], [-118.0546875, 50.01829711929625], [-118.05745774094805, 50.0175733898], [-118.125, 49.983392012512155], [-118.15687017081092, 49.9472746232], [-118.16474528025756, 49.8769758567], [-118.16402287867206, 49.8066770901], [-118.14874301681935, 49.73637832359999], [-118.125, 49.70385154967147], [-118.07857846791995, 49.73637832360001], [-118.06981661516161, 49.8066770901], [-118.0546875, 49.82425469421342], [-118.00468108326973, 49.8769758567], [-117.984375, 49.920376364283044], [-117.96388128652389, 49.9472746232], [-117.9140625, 49.97029244583156], [-117.89409351702162, 50.0175733898], [-117.84375, 50.08041009032208], [-117.83256364952305, 50.0878721563], [-117.84375, 50.12674527914333], [-117.9140625, 50.11621072248353]]}}, {"type": "Feature", "properties": {"level_in": 0.1}, "geometry": {"type": "LineString", "coordinates": [[-115.3828125, 50.1126476747952], [-115.3125, 50.12058793757833], [-115.2421875, 50.09991644156426], [-115.2232103269717, 50.0878721563], [-115.171875, 50.05466648718979], [-115.1015625, 50.070003134489674], [-115.06395575263369, 50.0878721563], [-115.03125, 50.10799484055683], [-114.97028392643843, 50.0878721563], [-115.03125, 50.051581533180176], [-115.04653456613703, 50.0175733898], [-115.04789946488899, 49.9472746232], [-115.03125, 49.92874119332484], [-114.9609375, 49.87812335607919], [-114.95856273846783, 49.8769758567], [-114.9218420486881, 49.8066770901], [-114.9609375, 49.782379260829146], [-115.03125, 49.74815619775784], [-115.06958231924466, 49.73637832360001], [-115.10156250000001, 49.71952177657359], [-115.1431754741936, 49.666079557], [-115.1015625, 49.644756198451574], [-115.05669705122851, 49.5957807904], [-115.03125, 49.53527489402682], [-115.02108560364879, 49.5254820238], [-114.9609375, 49.499902359088836], [-114.890625, 49.48217055285222], [-114.8203125, 49.47133805714339], [-114.75718167547166, 49.4551832573], [-114.8203125, 49.38763538967862], [-114.85391940537696, 49.3848844907], [-114.890625, 49.38363746004625], [-114.89240929526004, 49.3848844907], [-114.9609375, 49.41403111455615], [-115.03125, 49.41711058024468], [-115.1015625, 49.41955845046189], [-115.171875, 49.44376264823064], [-115.19922788341954, 49.4551832573], [-115.2305856672128, 49.52548202380001], [-115.2421875, 49.530495945333165], [-115.3125, 49.5578034564924], [-115.3828125, 49.56926667833953], [-115.453125, 49.57327461930102], [-115.5234375, 49.593538688568024], [-115.5269870200952, 49.5957807904], [-115.59375, 49.62258126903741], [-115.63725678568477, 49.666079557], [-115.60846002829827, 49.7363783236], [-115.59375, 49.76461874587787], [-115.56839441770876, 49.8066770901], [-115.54716564244288, 49.8769758567], [-115.5234375, 49.934426757438004], [-115.51275031327722, 49.9472746232], [-115.453125, 50.015268275966264], [-115.3828125, 50.01662267698658], [-115.3125, 50.01546088751159], [-115.29420305179536, 50.017573389800006], [-115.3125, 50.02204369338479], [-115.3828125, 50.02143171972515], [-115.4417605982394, 50.0878721563], [-115.3828125, 50.1126476747952]]}}, {"type": "Feature", "properties": {"level_in": 0.1}, "geometry": {"type": "LineString", "coordinates": [[-123.890625, 50.04649700758647], [-123.91497553249421, 50.0175733898], [-123.890625, 50.00617156094059], [-123.8203125, 50.00830446553139], [-123.77494583112008, 50.0175733898], [-123.8203125, 50.03198051943474], [-123.890625, 50.04649700758647]]}}, {"type": "Feature", "properties": {"level_in": 0.1}, "geometry": {"type": "LineString", "coordinates": [[-122.6953125, 50.020853347602596], [-122.71573255129675, 50.0175733898], [-122.6953125, 50.00441040155063], [-122.69237536881806, 50.0175733898], [-122.6953125, 50.020853347602596]]}}, {"type": "Feature", "properties": {"level_in": 0.1}, "geometry": {"type": "LineString", "coordinates": [[-126.70312499999999, 49.952794847784766], [-126.71016099605683, 49.9472746232], [-126.703125, 49.937590411904395], [-126.65995391506002, 49.9472746232], [-126.703125, 49.952794847784766]]}}, {"type": "Feature", "properties": {"level_in": 0.1}, "geometry": {"type": "LineString", "coordinates": [[-122.625, 49.94859124612794], [-122.63144238375722, 49.9472746232], [-122.625, 49.943280733246915], [-122.62310080010532, 49.9472746232], [-122.625, 49.94859124612793]]}}, {"type": "Feature", "properties": {"level_in": 0.1}, "geometry": {"type": "LineString", "coordinates": [[-126.0, 49.90478973307998], [-126.020958467571, 49.8769758567], [-126.0, 49.838845761673895], [-125.94942629717744, 49.8769758567], [-126.0, 49.90478973307998]]}}, {"type": "Feature", "properties": {"level_in": 0.1}, "geometry": {"type": "LineString", "coordinates": [[-121.42968749999999, 49.88508933687857], [-121.47472787490057, 49.8769758567], [-121.49272111062804, 49.80667709010001], [-121.4296875, 49.75230928176056], [-121.3954178930714, 49.73637832359999], [-121.359375, 49.72491130808808], [-121.33651057840589, 49.73637832360001], [-121.31526170702423, 49.806677090099996], [-121.359375, 49.85177229715143], [-121.4067669482991, 49.8769758567], [-121.4296875, 49.88508933687857]]}}, {"type": "Feature", "properties": {"level_in": 0.1}, "geometry": {"type": "LineString", "coordinates": [[-122.34375, 49.82304230270424], [-122.38382620471182, 49.8066770901], [-122.34375, 49.78401067322642], [-122.31632478483712, 49.8066770901], [-122.34375, 49.82304230270424]]}}, {"type": "Feature", "properties": {"level_in": 0.1}, "geometry": {"type": "LineString", "coordinates": [[-114.75, 49.850794562098116], [-114.6796875, 49.83996698011782], [-114.64909081505368, 49.8066770901], [-114.67968750000001, 49.77582985521218], [-114.75, 49.79676305137074], [-114.77521490598316, 49.8066770901], [-114.75, 49.850794562098116]]}}, {"type": "Feature", "properties": {"level_in": 0.1}, "geometry": {"type": "LineString", "coordinates": [[-118.1953125, 49.70142318210564], [-118.20944424966255, 49.666079557], [-118.1953125, 49.60608071908059], [-118.17499263008536, 49.5957807904], [-118.1953125, 49.581924305174745], [-118.265625, 49.52694818646269], [-118.26613198966616, 49.5254820238], [-118.265625, 49.5176239689783], [-118.25310975861487, 49.45518325729999], [-118.1953125, 49.426544711911774], [-118.12778236986766, 49.4551832573], [-118.16137089085998, 49.5254820238], [-118.125, 49.570440049585414], [-118.11842982304748, 49.5957807904], [-118.125, 49.62523893652998], [-118.15096666581655, 49.666079557], [-118.1953125, 49.701423182105636]]}}, {"type": "Feature", "properties": {"level_in": 0.1}, "geometry": {"type": "LineString", "coordinates": [[-118.96875, 49.53126570794723], [-119.00841729515199, 49.525482023799995], [-119.03364038574705, 49.4551832573], [-118.96875, 49.395858140543666], [-118.9542982727298, 49.4551832573], [-118.9507194087925, 49.5254820238], [-118.96875, 49.53126570794723]]}}, {"type": "Feature", "properties": {"level_in": 0.1}, "geometry": {"type": "LineString", "coordinates": [[-117.42187499999999, 49.52692216886654], [-117.43305270490072, 49.5254820238], [-117.421875, 49.49472370664729], [-117.41920940994149, 49.5254820238], [-117.421875, 49.52692216886655]]}}, {"type": "Feature", "properties": {"level_in": 0.1}, "geometry": {"type": "LineString", "coordinates": [[-114.5390625, 49.32000460485997], [-114.52607610773833, 49.314585724], [-114.46875, 49.288568622801876], [-114.3984375, 49.28021511022837], [-114.328125, 49.27902916864013], [-114.2578125, 49.26803919625928], [-114.1875, 49.252267631644045], [-114.11804054490695, 49.2442869574], [-114.1171875, 49.24381497625788], [-114.09639685692699, 49.1739881908], [-114.07845718432893, 49.1036894241], [-114.046875, 49.07663668977146], [-114.01229046697667, 49.03339065750001], [-113.9765625, 49.012135967864296], [-113.90625, 48.96490525654278], [-113.90341315606656, 48.9630918908], [-113.8359375, 48.89906223849931], [-113.82829816519879, 48.8927931242], [-113.765625, 48.842799132459255], [-113.74557496660847, 48.8224943575], [-113.69531249999999, 48.76302451261832], [-113.68689306212411, 48.7521955908], [-113.625, 48.68376566319226], [-113.62311038953811, 48.6818968241], [-113.563505835356, 48.6115980574], [-113.5546875, 48.57991335729397], [-113.5407226211604, 48.5412992907], [-113.5546875, 48.52312796607258], [-113.625, 48.495230477015504], [-113.69145444395828, 48.5412992907], [-113.6953125, 48.54404578715964], [-113.765625, 48.59969841368155], [-113.78445942946479, 48.6115980574], [-113.83593749999999, 48.654030384662995], [-113.87458562554701, 48.6818968241], [-113.90625, 48.69817262765415], [-113.97431385290953, 48.7521955908], [-113.9765625, 48.7534693129192], [-114.046875, 48.798505175619425], [-114.08419879437449, 48.8224943575], [-114.1171875, 48.83904679313813], [-114.1875, 48.867233563190744], [-114.22108295487122, 48.8927931242], [-114.2578125, 48.9455409897872], [-114.26916764388277, 48.9630918908], [-114.31645628072468, 49.0333906575], [-114.328125, 49.04998865232766], [-114.37150454041117, 49.1036894241], [-114.3984375, 49.13384383676693], [-114.45277474419805, 49.1739881908], [-114.46875, 49.194776046997454], [-114.53906249999999, 49.2187168030204], [-114.58640932101163, 49.24428695739999], [-114.56788944055867, 49.314585724], [-114.5390625, 49.32000460485997]]}}, {"type": "Feature", "properties": {"level_in": 0.1}, "geometry": {"type": "LineString", "coordinates": [[-114.890625, 49.1448245226253], [-114.8203125, 49.13519394569157], [-114.75, 49.10912006674198], [-114.74422729350485, 49.1036894241], [-114.6796875, 49.06592154355434], [-114.65660241626547, 49.0333906575], [-114.61142123764859, 48.9630918908], [-114.609375, 48.956794961203286], [-114.58099243858052, 48.8927931242], [-114.54851533100296, 48.8224943575], [-114.5390625, 48.79394851472166], [-114.52643106703606, 48.7521955908], [-114.5390625, 48.709572820290084], [-114.609375, 48.68315367859711], [-114.6796875, 48.70071644001197], [-114.75, 48.74440419447748], [-114.7585442749146, 48.7521955908], [-114.80782711045757, 48.8224943575], [-114.8203125, 48.83819940394032], [-114.86059442349182, 48.8927931242], [-114.890625, 48.921273501357724], [-114.92324347396658, 48.9630918908], [-114.9456357520722, 49.03339065749999], [-114.91155607173255, 49.1036894241], [-114.890625, 49.1448245226253]]}}, {"type": "Feature", "properties": {"level_in": 0.1}, "geometry": {"type": "LineString", "coordinates": [[-116.015625, 49.02255373482914], [-115.9453125, 48.98414908474337], [-115.9279703524308, 48.9630918908], [-115.875, 48.928246142983966], [-115.8533048584972, 48.8927931242], [-115.8571519644751, 48.8224943575], [-115.875, 48.80954064014858], [-115.9453125, 48.792943256358896], [-116.015625, 48.82028015048434], [-116.01948937738504, 48.8224943575], [-116.0859375, 48.85533682691607], [-116.14589432900954, 48.8927931242], [-116.0859375, 48.96278766006227], [-116.08552745341852, 48.9630918908], [-116.015625, 49.02255373482914]]}}, {"type": "Feature", "properties": {"level_in": 0.1}, "geometry": {"type": "LineString", "coordinates": [[-119.17968750000001, 48.92510311119291], [-119.11289460283366, 48.8927931242], [-119.109375, 48.89128472347222], [-119.0390625, 48.87666235959102], [-118.96875, 48.8747023181995], [-118.8984375, 48.8532831738909], [-118.8644264984155, 48.8224943575], [-118.83599032258643, 48.7521955908], [-118.89801530990083, 48.6818968241], [-118.8984375, 48.681218744548154], [-118.93546782472757, 48.6115980574], [-118.96875, 48.55541268911496], [-119.02035337630548, 48.6115980574], [-119.0390625, 48.620019567566544], [-119.09596374798674, 48.68189682410001], [-119.109375, 48.69487917118111], [-119.1741258877865, 48.7521955908], [-119.1796875, 48.75923432739236], [-119.2219467052542, 48.8224943575], [-119.24269804194309, 48.8927931242], [-119.17968750000001, 48.92510311119291]]}}, {"type": "Feature", "properties": {"level_in": 0.1}, "geometry": {"type": "LineString", "coordinates": [[-118.4765625, 48.85837771581937], [-118.40625, 48.88131038348759], [-118.3359375, 48.874847745824006], [-118.265625, 48.82973614361072], [-118.25995115907013, 48.8224943575], [-118.265625, 48.81467518544075], [-118.33197210665782, 48.7521955908], [-118.29391779333056, 48.6818968241], [-118.30525028820881, 48.6115980574], [-118.29024985440788, 48.5412992907], [-118.3359375, 48.52035016652313], [-118.40625, 48.47656632964837], [-118.4325594946414, 48.471000524], [-118.4765625, 48.44257802141861], [-118.546875, 48.43212665000506], [-118.6171875, 48.46612193378787], [-118.62206704327497, 48.471000524], [-118.61718750000001, 48.47997386952502], [-118.59161381410912, 48.5412992907], [-118.6171875, 48.583372640868134], [-118.63974837007717, 48.6115980574], [-118.6171875, 48.64045975477494], [-118.58589908502958, 48.6818968241], [-118.59381673664902, 48.7521955908], [-118.546875, 48.806941485040284], [-118.51832382448755, 48.8224943575], [-118.4765625, 48.85837771581937]]}}, {"type": "Feature", "properties": {"level_in": 0.1}, "geometry": {"type": "LineString", "coordinates": [[-115.453125, 48.82864493190242], [-115.43611310830362, 48.82249435749999], [-115.3828125, 48.80245455342799], [-115.31250000000001, 48.76044802123055], [-115.30183852667552, 48.7521955908], [-115.2421875, 48.69887900821942], [-115.2131289728537, 48.6818968241], [-115.171875, 48.660486731265806], [-115.10824252927036, 48.6115980574], [-115.171875, 48.57507096505745], [-115.2421875, 48.59421806797913], [-115.2852467046792, 48.6115980574], [-115.3125, 48.65516401744398], [-115.3828125, 48.658931728147785], [-115.41042920642464, 48.6115980574], [-115.453125, 48.58816877200432], [-115.5234375, 48.55426074268952], [-115.5532087816836, 48.5412992907], [-115.59375, 48.51592387474079], [-115.61671319540474, 48.5412992907], [-115.6640625, 48.56093409631891], [-115.71693478743781, 48.6115980574], [-115.6640625, 48.67313686135289], [-115.63787666914494, 48.6818968241], [-115.59375, 48.70181382869245], [-115.5234375, 48.748063231245474], [-115.52005406975148, 48.7521955908], [-115.46297978703132, 48.8224943575], [-115.453125, 48.82864493190242]]}}, {"type": "Feature", "properties": {"level_in": 0.1}, "geometry": {"type": "LineString", "coordinates": [[-117.421875, 48.75485253858385], [-117.38284673105994, 48.7521955908], [-117.42187500000001, 48.74889533563966], [-117.43168013282722, 48.75219559079999], [-117.421875, 48.75485253858385]]}}, {"type": "Feature", "properties": {"level_in": 0.1}, "geometry": {"type": "LineString", "coordinates": [[-117.703125, 48.706828147558504], [-117.6328125, 48.71701410008019], [-117.57039707575602, 48.6818968241], [-117.62077169001375, 48.6115980574], [-117.63281250000001, 48.60731922616497], [-117.64289317734345, 48.6115980574], [-117.703125, 48.6433427818332], [-117.72561596969425, 48.68189682410001], [-117.703125, 48.706828147558504]]}}, {"type": "Feature", "properties": {"level_in": 0.1}, "geometry": {"type": "LineString", "coordinates": [[-119.109375, 48.483053845959475], [-119.0390625, 48.50909957753938], [-118.97297690789415, 48.471000524], [-119.0390625, 48.432702519570356], [-119.10937500000001, 48.453073860481794], [-119.13800723064358, 48.471000524], [-119.109375, 48.483053845959475]]}}, {"type": "Feature", "properties": {"level_in": 0.1}, "geometry": {"type": "LineString", "coordinates": [[-116.2265625, 48.47614370965355], [-116.15625, 48.50690285493066], [-116.08593749999999, 48.476408189600306], [-116.08033586449288, 48.471000524], [-116.015625, 48.41098023669757], [-116.00583634476078, 48.400701757300006], [-115.9453125, 48.343080864902745], [-115.90469927450262, 48.3304029905], [-115.875, 48.31935151095883], [-115.8046875, 48.312329604096334], [-115.734375, 48.31521534676919], [-115.6640625, 48.31647851025888], [-115.59375, 48.28768069936506], [-115.56940038453321, 48.2601042238], [-115.55035045755008, 48.189805457], [-115.54411097338235, 48.1195066903], [-115.5234375, 48.06656272915549], [-115.51417364032721, 48.0492079235], [-115.5234375, 48.00963371370059], [-115.59375, 47.99108817179191], [-115.6640625, 48.012908241204514], [-115.734375, 48.040696878544786], [-115.74845304113263, 48.0492079235], [-115.8046875, 48.09639720487927], [-115.83010420940657, 48.1195066903], [-115.875, 48.15182048364264], [-115.9453125, 48.17726242781286], [-116.0075122677401, 48.189805457], [-116.015625, 48.19162684856812], [-116.0859375, 48.21346640822607], [-116.13356715615751, 48.2601042238], [-116.15625, 48.283404411835946], [-116.18815634246184, 48.33040299049999], [-116.22124877364749, 48.4007017573], [-116.2265625, 48.44323310363281], [-116.23008858201335, 48.471000524], [-116.2265625, 48.47614370965355]]}}, {"type": "Feature", "properties": {"level_in": 0.1}, "geometry": {"type": "LineString", "coordinates": [[-86.203125, 48.40512827377355], [-86.1328125, 48.42148046670034], [-86.0625, 48.43405721267631], [-85.9921875, 48.440759375242564], [-85.921875, 48.446718915356534], [-85.8515625, 48.44756273548872], [-85.78125, 48.448213660822034], [-85.7109375, 48.447827439229854], [-85.640625, 48.44729403025391], [-85.5703125, 48.44431364069564], [-85.5, 48.43996436114456], [-85.4296875, 48.43154078866512], [-85.359375, 48.418708889057264], [-85.28906249999999, 48.403356231347864], [-85.27840348062826, 48.4007017573], [-85.21875, 48.38428215348958], [-85.1484375, 48.36398603801325], [-85.078125, 48.344046268544], [-85.03622616258961, 48.3304029905], [-85.0078125, 48.32061185010931], [-84.9375, 48.29097288038651], [-84.87443677492423, 48.2601042238], [-84.8671875, 48.25674807395536], [-84.796875, 48.22471177016263], [-84.72656250000001, 48.194414189980414], [-84.71070223923141, 48.189805457], [-84.65625, 48.17674831672261], [-84.5859375, 48.160366712747184], [-84.515625, 48.14602578498626], [-84.4453125, 48.131636309596686], [-84.39456039160362, 48.1195066903], [-84.375, 48.115446498687994], [-84.3046875, 48.101055273733095], [-84.234375, 48.08883939508394], [-84.1640625, 48.07677949769608], [-84.09375, 48.06501493783838], [-84.0234375, 48.05236585231828], [-84.00825430916312, 48.049207923500006], [-83.953125, 48.0366408999772], [-83.8828125, 48.019044254925205], [-83.8125, 47.99975368003274], [-83.74290255141496, 47.9789091567], [-83.7421875, 47.97865985398123], [-83.671875, 47.95184159660585], [-83.6015625, 47.920245259544565], [-83.57974285603751, 47.9086103899], [-83.53125, 47.878981647499515], [-83.47086206172384, 47.8383116232], [-83.4609375, 47.832370304553926], [-83.390625, 47.79418328503728], [-83.34243819826615, 47.7680128564], [-83.3203125, 47.75688896873432], [-83.25, 47.72313673911641], [-83.20206749778468, 47.69771408950001], [-83.1796875, 47.68226425040827], [-83.109375, 47.63527728235127], [-83.09849412172406, 47.6274153227], [-83.0390625, 47.57780246457338], [-83.00412701050175, 47.5571165559], [-82.96875, 47.53913676173586], [-82.8984375, 47.50326450980713], [-82.86351744129121, 47.4868177891], [-82.828125, 47.47081005195747], [-82.7578125, 47.436617714638494], [-82.72335087186681, 47.41651902219999], [-82.6875, 47.39806997128829], [-82.6171875, 47.36331181417473], [-82.57941324778238, 47.3462202554], [-82.546875, 47.335548427837125], [-82.4765625, 47.314081578623224], [-82.40625, 47.297981360695786], [-82.3359375, 47.282393658364505], [-82.2966792430411, 47.2759214885], [-82.265625, 47.27202475168635], [-82.1953125, 47.262776067169035], [-82.125, 47.254501107300136], [-82.0546875, 47.24610879309192], [-81.984375, 47.239774956327686], [-81.9140625, 47.23339502071321], [-81.84375, 47.22766932811311], [-81.7734375, 47.221771694160964], [-81.703125, 47.21374670463926], [-81.6328125, 47.205720850787486], [-81.63200913823009, 47.2056227217], [-81.5625, 47.19901574839775], [-81.4921875, 47.19256235153621], [-81.421875, 47.188421962574495], [-81.3515625, 47.1847257564818], [-81.28125, 47.18131604024278], [-81.2109375, 47.17818703571486], [-81.140625, 47.17200257787776], [-81.0703125, 47.1647124354351], [-81.0, 47.15496228805442], [-80.9296875, 47.14303380852503], [-80.88701795157792, 47.1353239548], [-80.859375, 47.130834102704476], [-80.7890625, 47.11810857403512], [-80.71875, 47.10351478997194], [-80.6484375, 47.08653294434469], [-80.578125, 47.06648838551147], [-80.57331641480737, 47.0650251879], [-80.5078125, 47.04804599949463], [-80.4375, 47.03127842717941], [-80.3671875, 47.014818471924556], [-80.296875, 47.00096793599381], [-80.26358046297602, 46.99472642100001], [-80.2265625, 46.98908070861142], [-80.15625, 46.97741099221824], [-80.0859375, 46.96517796987243], [-80.015625, 46.95299365657765], [-79.9453125, 46.94010358900512], [-79.875, 46.929575902520234], [-79.84020770679086, 46.9244276541], [-79.8046875, 46.920033039607944], [-79.734375, 46.912664933726894], [-79.6640625, 46.90499128711553], [-79.59375, 46.897892010470926], [-79.5234375, 46.89073139966743], [-79.453125, 46.88443809572951], [-79.3828125, 46.87859201226088], [-79.3125, 46.87260201278473], [-79.2421875, 46.86677067386294], [-79.171875, 46.859664556301404], [-79.12221196365432, 46.85412888719999], [-79.1015625, 46.85224163409089], [-79.03125, 46.84562701217188], [-78.9609375, 46.83866080889474], [-78.890625, 46.832069235484695], [-78.8203125, 46.825283196708305], [-78.75, 46.81820253144761], [-78.6796875, 46.81078683479629], [-78.609375, 46.802614587899086], [-78.5390625, 46.79361962158945], [-78.46875, 46.78484310326179], [-78.46033497922609, 46.78383012030001], [-78.3984375, 46.77725821425678], [-78.328125, 46.769620789550366], [-78.2578125, 46.76152179269022], [-78.1875, 46.751366464858066], [-78.1171875, 46.73935092727088], [-78.04687500000001, 46.723842318783475], [-78.00681877558657, 46.7135313534], [-77.9765625, 46.70628387018662], [-77.90625, 46.689672230392425], [-77.8359375, 46.67212075957455], [-77.765625, 46.65535256455195], [-77.71769516063112, 46.6432325865], [-77.6953125, 46.63782518769599], [-77.625, 46.61897225521637], [-77.5546875, 46.5983519458868], [-77.48788429436502, 46.5729338195], [-77.484375, 46.571582141897], [-77.4140625, 46.54378302150066], [-77.34375, 46.51334849211921], [-77.32103306998197, 46.5026350526], [-77.2734375, 46.483676372216124], [-77.203125, 46.461669323480265], [-77.1328125, 46.437477397491215], [-77.11899694469216, 46.4323362857], [-77.0625, 46.411682833080526], [-76.9921875, 46.38611031115026], [-76.93143383402729, 46.36203751869999], [-76.921875, 46.35800859962093], [-76.8515625, 46.33196628342663], [-76.78125, 46.307082762352096], [-76.73971077629031, 46.2917387517], [-76.7109375, 46.28239859757036], [-76.640625, 46.25929341907817], [-76.57031249999999, 46.23283482578611], [-76.54130177697425, 46.2214399848], [-76.5, 46.20798129194285], [-76.4296875, 46.18388855178198], [-76.359375, 46.15964776819093], [-76.3352080643961, 46.1511412178], [-76.2890625, 46.13613485915062], [-76.21875, 46.11255434412203], [-76.1484375, 46.088213020487416], [-76.1229190126434, 46.0808424508], [-76.078125, 46.06919827807625], [-76.0078125, 46.05336619517783], [-75.9375, 46.041358006459674], [-75.8671875, 46.03067004787704], [-75.796875, 46.01912076413485], [-75.74808327381925, 46.0105436838], [-75.7265625, 46.00713512159198], [-75.65625, 45.99748331361763], [-75.5859375, 45.98719020783304], [-75.515625, 45.976133755228105], [-75.4453125, 45.96403436029831], [-75.375, 45.9459785025305], [-75.35430518423414, 45.9402449168], [-75.3046875, 45.929934820618534], [-75.234375, 45.90889493772576], [-75.1640625, 45.885694144169484], [-75.11498546477472, 45.8699461498], [-75.09375, 45.864420190608904], [-75.0234375, 45.8486270379119], [-74.953125, 45.8375450455452], [-74.8828125, 45.82823464087071], [-74.8125, 45.8208846410082], [-74.7421875, 45.81674905396592], [-74.671875, 45.81559858278287], [-74.6015625, 45.815461683624115], [-74.53125, 45.81642352607569], [-74.4609375, 45.81254031553593], [-74.390625, 45.803855145762256], [-74.37189681260077, 45.7996473828], [-74.3203125, 45.787404230460346], [-74.25, 45.76182949447228], [-74.1796875, 45.73621644102465], [-74.16112218181839, 45.729348615800006], [-74.109375, 45.718472073582305], [-74.0390625, 45.70975892764937], [-73.96875, 45.701748509784196], [-73.8984375, 45.69510744831862], [-73.828125, 45.68847182472895], [-73.7578125, 45.682205838225066], [-73.6875, 45.67554313592983], [-73.6171875, 45.66791932661697], [-73.546875, 45.65956101645752], [-73.54279382793897, 45.6590498488], [-73.4765625, 45.651424702544524], [-73.40625, 45.64265310804425], [-73.3359375, 45.63401525758036], [-73.265625, 45.62511794553659], [-73.1953125, 45.61671698223462], [-73.125, 45.607636437110195], [-73.0546875, 45.59745543820598], [-72.984375, 45.589567474807936], [-72.97225738210851, 45.5887510817], [-72.9140625, 45.58512367439546], [-72.84375, 45.58212691725968], [-72.7734375, 45.580736396117196], [-72.703125, 45.579003327023514], [-72.6328125, 45.57680762011547], [-72.5625, 45.57601104657486], [-72.4921875, 45.576382485299796], [-72.421875, 45.576704311864006], [-72.3515625, 45.576899587955594], [-72.28125, 45.57333315506784], [-72.2109375, 45.56553039957396], [-72.140625, 45.553064898718794], [-72.0703125, 45.534653958694165], [-72.00723839302614, 45.5184523147], [-72.0, 45.51663608489551], [-71.9296875, 45.49739643906933], [-71.859375, 45.48555001926993], [-71.7890625, 45.47408822069396], [-71.71875, 45.46592957247693], [-71.6484375, 45.458049181459636], [-71.578125, 45.45105940417717], [-71.53318733590793, 45.4481535477], [-71.5078125, 45.44698814371409], [-71.48425019090664, 45.4481535477], [-71.4375, 45.4510748768866], [-71.3671875, 45.45719016266908], [-71.296875, 45.4703045821672], [-71.2265625, 45.48157833376906], [-71.15625, 45.47555389893907], [-71.0859375, 45.46512163386933], [-71.04204591720362, 45.4481535477], [-71.015625, 45.43970439296971], [-70.9453125, 45.4213897743686], [-70.875, 45.41050781495139], [-70.8046875, 45.40322764647496], [-70.734375, 45.4029678917252], [-70.6640625, 45.39829260453225], [-70.59375, 45.38429270871461], [-70.57959877100033, 45.3778547806], [-70.52411710523258, 45.3075560136], [-70.5234375, 45.30563814552309], [-70.49202685061331, 45.2372572465], [-70.453125, 45.18818509234494], [-70.42283578001101, 45.1669584794], [-70.3828125, 45.15749109355344], [-70.3125, 45.14105719243881], [-70.2421875, 45.11972112189213], [-70.1979491391384, 45.0966597123], [-70.171875, 45.07746602434547], [-70.12757528397816, 45.0263609453], [-70.1015625, 44.98816780843444], [-70.07135194729916, 44.9560621782], [-70.03125, 44.93640313195959], [-69.9609375, 44.91240370511241], [-69.890625, 44.90006591902565], [-69.8203125, 44.89751510525132], [-69.75, 44.891803586756545], [-69.69649089314505, 44.8857634111], [-69.6796875, 44.88341139319349], [-69.609375, 44.866602512391424], [-69.5390625, 44.84996943368115], [-69.46875, 44.82925308070059], [-69.42569926455701, 44.815464644], [-69.3984375, 44.80219507071483], [-69.328125, 44.75791855457743], [-69.30892059351757, 44.7451658768], [-69.2578125, 44.67520074871872], [-69.25756318070366, 44.674867109699996], [-69.2504911548715, 44.6045683426], [-69.2578125, 44.559276143303364], [-69.262258960286, 44.5342695755], [-69.2578125, 44.47711185805956], [-69.25696060114386, 44.4639708083], [-69.21651373591493, 44.3936720412], [-69.1875, 44.369735322186855], [-69.137264642091, 44.323373274], [-69.1171875, 44.30616765249601], [-69.046875, 44.26969034461769], [-69.00555810612346, 44.2530745069], [-68.9765625, 44.2393424296496], [-68.90625, 44.20522698255113], [-68.86340701959833, 44.1827757397], [-68.8359375, 44.163971457300846], [-68.765625, 44.11826792472349], [-68.75773939533086, 44.11247697260001], [-68.69759256374509, 44.0421782054], [-68.71114680086608, 43.9718794382], [-68.765625, 43.903382304388465], [-68.76711163639357, 43.901580671], [-68.8359375, 43.8519861393205], [-68.86786277343734, 43.8312819038], [-68.90625, 43.78103939589578], [-68.92201157191515, 43.76098313659999], [-68.93370043047771, 43.6906843694], [-68.92788373831468, 43.6203856022], [-68.90625, 43.56714362243545], [-68.89700910048803, 43.550086835], [-68.89357674767189, 43.4797880678], [-68.90625, 43.466349382109], [-68.9765625, 43.41818719259501], [-68.99256977820596, 43.4094893005], [-69.046875, 43.39986261244333], [-69.1171875, 43.3915253392661], [-69.1875, 43.38440954526628], [-69.2578125, 43.36962961757443], [-69.328125, 43.35029427925908], [-69.375056440656, 43.3391905333], [-69.3984375, 43.33658380092168], [-69.46875, 43.333118339718126], [-69.5390625, 43.33081117616161], [-69.609375, 43.32963812021204], [-69.6796875, 43.32685086982346], [-69.75, 43.321602367258606], [-69.8203125, 43.314063830336345], [-69.890625, 43.30310477245877], [-69.9609375, 43.29178702759854], [-70.01242881197874, 43.2688917661], [-70.03125, 43.25911570016259], [-70.1015625, 43.234727866279], [-70.171875, 43.21673760539556], [-70.21553577726036, 43.1985929988], [-70.2421875, 43.17630682122134], [-70.27756081937184, 43.1282942316], [-70.3125, 43.11164561799063], [-70.3828125, 43.083602227967546], [-70.453125, 43.05850064486295], [-70.45418088709559, 43.0579954643], [-70.5234375, 43.01724527048421], [-70.59375, 42.992854854713606], [-70.59963843128376, 42.987696697], [-70.65659141240377, 42.917397929799996], [-70.6640625, 42.91098880400942], [-70.69800395793364, 42.8470991625], [-70.734375, 42.80261654056433], [-70.77739114044644, 42.7768003952], [-70.734375, 42.7379463165], [-70.68156735126489, 42.7065016279], [-70.734375, 42.672304666124695], [-70.8046875, 42.69261080371568], [-70.83690315255258, 42.706501627899996], [-70.875, 42.72343025079862], [-70.9453125, 42.74776332699858], [-71.015625, 42.77506085028131], [-71.01935799132372, 42.7768003952], [-71.07160331753437, 42.8470991625], [-71.015625, 42.91316462643724], [-71.01215492301905, 42.9173979298], [-70.95005355745133, 42.987696697], [-70.9453125, 42.99202046547029], [-70.875, 43.04447656888936], [-70.85648640791155, 43.0579954643], [-70.82383006919942, 43.12829423160001], [-70.80621099084273, 43.1985929988], [-70.80468749999999, 43.20057801202122], [-70.76528414190534, 43.2688917661], [-70.734375, 43.288415818790085], [-70.6640625, 43.339118190964044], [-70.66394303182655, 43.3391905333], [-70.59375, 43.389038671251264], [-70.57054109114883, 43.4094893005], [-70.59375, 43.45046205949342], [-70.64061525133945, 43.4797880678], [-70.6640625, 43.485544221984746], [-70.734375, 43.48974042441204], [-70.8046875, 43.49189386702574], [-70.875, 43.49172497871194], [-70.9453125, 43.49084130175254], [-71.015625, 43.48968373723342], [-71.0859375, 43.49012112854583], [-71.15625, 43.50172482353657], [-71.2265625, 43.50339793958004], [-71.296875, 43.491799171517364], [-71.3671875, 43.482883781061766], [-71.39131204851904, 43.4797880678], [-71.4375, 43.45380072368275], [-71.5078125, 43.44846061049859], [-71.578125, 43.46822448461845], [-71.62089174577252, 43.4797880678], [-71.6484375, 43.48277856042992], [-71.71875, 43.4904719570937], [-71.7890625, 43.49119019678132], [-71.85185195197074, 43.4797880678], [-71.859375, 43.47687972261835], [-71.9296875, 43.46466255154898], [-72.0, 43.46474802009553], [-72.0703125, 43.47333367203608], [-72.09683514811096, 43.4797880678], [-72.140625, 43.51007013794269], [-72.18288730890282, 43.4797880678], [-72.2109375, 43.458059745214456], [-72.22617018872793, 43.4094893005], [-72.2357764483683, 43.3391905333], [-72.2109375, 43.27205432752415], [-72.20560528205048, 43.2688917661], [-72.2109375, 43.26711470726112], [-72.28125, 43.26605258019602], [-72.29853537741954, 43.2688917661], [-72.3515625, 43.27320817505466], [-72.421875, 43.27004711695329], [-72.430069085737, 43.2688917661], [-72.46408193252421, 43.198592998799995], [-72.44715671760038, 43.1282942316], [-72.421875, 43.08013919606808], [-72.39906083489217, 43.05799546429999], [-72.40440166337096, 42.987696697], [-72.41796252805361, 42.9173979298], [-72.42179725532179, 42.8470991625], [-72.421875, 42.84699233227685], [-72.47170628797242, 42.7768003952], [-72.4921875, 42.728399701955325], [-72.50517859481324, 42.7065016279], [-72.4921875, 42.68150477055372], [-72.46864368410039, 42.6362028606], [-72.4921875, 42.588182855826176], [-72.50096037963867, 42.5659040933], [-72.5158749872243, 42.495605326], [-72.53472430969622, 42.4253065587], [-72.5625, 42.38759274974642], [-72.5880780013259, 42.3550077914], [-72.6328125, 42.3180482141783], [-72.68140776073204, 42.2847090241], [-72.703125, 42.26783257235084], [-72.7734375, 42.2305253511335], [-72.84375, 42.220609876260966], [-72.9140625, 42.228031976302184], [-72.97479976067272, 42.2847090241], [-72.96193697123492, 42.3550077914], [-72.98437499999999, 42.41732348763428], [-72.98657645141624, 42.425306558699994], [-73.00748864894875, 42.495605326], [-73.01127511858064, 42.56590409329999], [-72.984375, 42.599467101208916], [-72.9326785402682, 42.6362028606], [-72.9140625, 42.648773544698194], [-72.84375, 42.688702565982005], [-72.79768204128541, 42.7065016279], [-72.79391627424138, 42.7768003952], [-72.81650841952268, 42.8470991625], [-72.82226626947552, 42.9173979298], [-72.84375, 42.93861471745832], [-72.90770594052944, 42.987696697], [-72.91094231024415, 43.0579954643], [-72.86882068345349, 43.1282942316], [-72.84375, 43.14922480091744], [-72.78037907816967, 43.1985929988], [-72.7734375, 43.212251003628424], [-72.74008775325588, 43.2688917661], [-72.7734375, 43.32411650767503], [-72.77942339276385, 43.33919053329999], [-72.7734375, 43.35505792973045], [-72.74557492708924, 43.4094893005], [-72.703125, 43.46704712248099], [-72.67576411167161, 43.4797880678], [-72.703125, 43.487150250599626], [-72.7734375, 43.50568142646573], [-72.84375, 43.51584430330004], [-72.9140625, 43.515498345812844], [-72.984375, 43.517474110578036], [-73.0546875, 43.52393184074224], [-73.125, 43.50270824099225], [-73.15320301507968, 43.4797880678], [-73.1953125, 43.456239002955435], [-73.265625, 43.43328913739665], [-73.3359375, 43.41621736931664], [-73.35103823803868, 43.4094893005], [-73.40625, 43.37875378731955], [-73.43379631165234, 43.3391905333], [-73.4765625, 43.30088664169271], [-73.51439634221295, 43.2688917661], [-73.53092371078438, 43.1985929988], [-73.52883894836427, 43.1282942316], [-73.546875, 43.10443869705395], [-73.57578535036203, 43.0579954643], [-73.6171875, 43.02098077307981], [-73.6875, 42.995084815546605], [-73.71735647846174, 42.987696697], [-73.7578125, 42.960028204358444], [-73.80763395129, 42.9173979298], [-73.828125, 42.88838327767092], [-73.8984375, 42.84732739742589], [-73.89975164766541, 42.8470991625], [-73.8984375, 42.84687409748034], [-73.828125, 42.81605728761362], [-73.7578125, 42.79045952776279], [-73.74411337087155, 42.7768003952], [-73.69578133979738, 42.7065016279], [-73.71661490604022, 42.6362028606], [-73.7578125, 42.59039565974852], [-73.77483021154919, 42.56590409329999], [-73.828125, 42.507327762110585], [-73.84714511274558, 42.495605326], [-73.83663357251453, 42.4253065587], [-73.828125, 42.37880215569085], [-73.82524608432243, 42.3550077914], [-73.828125, 42.34630253090503], [-73.84083356782082, 42.2847090241], [-73.86267649714506, 42.2144102568], [-73.8984375, 42.159674313577824], [-73.9116747787235, 42.1441114894], [-73.96875, 42.09727349908866], [-74.0358787556729, 42.073812722099994], [-74.0390625, 42.0718519679386], [-74.109375, 42.04240056828253], [-74.15681016695567, 42.0035139548], [-74.16563615243697, 41.93321518740001], [-74.1796875, 41.916772907924695], [-74.25, 41.88943153733132], [-74.3203125, 41.88328692671398], [-74.390625, 41.92247474290175], [-74.40467294127541, 41.9332151874], [-74.390625, 41.98452080703689], [-74.38392348587232, 42.0035139548], [-74.3203125, 42.04637113439226], [-74.26009483198453, 42.0738127221], [-74.25, 42.08148991376424], [-74.20716747209138, 42.1441114894], [-74.22181769238563, 42.2144102568], [-74.25, 42.25374038028821], [-74.26685273025716, 42.2847090241], [-74.31654631035565, 42.3550077914], [-74.30223635225143, 42.4253065587], [-74.25, 42.46589130426198], [-74.1796875, 42.493875352109015], [-74.17391657096998, 42.495605326], [-74.12935048735356, 42.5659040933], [-74.1584270419537, 42.6362028606], [-74.1796875, 42.69540560016182], [-74.1842276700549, 42.7065016279], [-74.1796875, 42.713880757376224], [-74.119990384709, 42.7768003952], [-74.109375, 42.78650658541198], [-74.0390625, 42.83643262896773], [-74.00278922122922, 42.8470991625], [-74.0390625, 42.86755002860032], [-74.06601805394897, 42.9173979298], [-74.05077403921845, 42.987696697000004], [-74.109375, 43.025607571828495], [-74.1796875, 43.01476738535574], [-74.25, 43.02151190849738], [-74.3203125, 43.032458173867695], [-74.38208595133469, 43.0579954643], [-74.390625, 43.05952355572498], [-74.4609375, 43.08292312808316], [-74.53125, 43.12377490389068], [-74.5373006133814, 43.128294231599995], [-74.58143126023558, 43.1985929988], [-74.59896351041402, 43.2688917661], [-74.57340310768615, 43.3391905333], [-74.53125, 43.37299718816417], [-74.4609375, 43.39392144096136], [-74.390625, 43.39920564223218], [-74.3203125, 43.40043189503648], [-74.25, 43.40274879133537], [-74.19950703290871, 43.4094893005], [-74.1796875, 43.446289819226294], [-74.17141868916293, 43.4797880678], [-74.1796875, 43.49049082947648], [-74.25, 43.54076098295968], [-74.2677013778646, 43.55008683500001], [-74.3203125, 43.588500737298496], [-74.36525842742672, 43.6203856022], [-74.3203125, 43.64332367474219], [-74.25, 43.66173053758259], [-74.19221570956523, 43.6906843694], [-74.20695215134106, 43.7609831366], [-74.25, 43.81266888716607], [-74.26055729090658, 43.831281903800004], [-74.30900634084121, 43.901580671000005], [-74.3203125, 43.9085033932214], [-74.390625, 43.92471193151127], [-74.4609375, 43.93760400688424], [-74.53125, 43.95205385731609], [-74.60156249999999, 43.96522846776326], [-74.65614135439533, 43.9718794382], [-74.671875, 43.97310664579925], [-74.7421875, 43.97892857405879], [-74.8125, 43.98533425626094], [-74.8828125, 43.99399163630124], [-74.953125, 44.00363920780545], [-75.0234375, 44.016634278028675], [-75.09375, 44.03520005246661], [-75.1640625, 44.04121119012733], [-75.18176523662879, 44.04217820539999], [-75.234375, 44.044126337626345], [-75.24241261616287, 44.0421782054], [-75.3046875, 44.02577729175995], [-75.375, 44.01916656093995], [-75.4453125, 44.02972808675681], [-75.51562499999999, 44.040247390837266], [-75.5859375, 44.030294239277964], [-75.65625, 44.02446067069373], [-75.7265625, 44.028871873900044], [-75.796875, 44.035886748447005], [-75.83255279044687, 44.0421782054], [-75.8671875, 44.04567306363838], [-75.9375, 44.053714007330825], [-76.0078125, 44.063324440558155], [-76.078125, 44.066475377866404], [-76.1484375, 44.06183917014873], [-76.21875, 44.04943959427188], [-76.25213610201533, 44.0421782054], [-76.21875, 43.991977427359366], [-76.21157881212807, 43.9718794382], [-76.21787856048401, 43.901580671000005], [-76.21875, 43.90063710474031], [-76.2890625, 43.854342516624556], [-76.31009246183434, 43.8312819038], [-76.2890625, 43.81147916236313], [-76.25446547804046, 43.7609831366], [-76.27248154116403, 43.690684369399996], [-76.2890625, 43.66177644949906], [-76.32119062760557, 43.6203856022], [-76.2890625, 43.59218370809201], [-76.2685657950221, 43.550086835], [-76.2890625, 43.53232062965843], [-76.359375, 43.509577793254444], [-76.4296875, 43.50277647665143], [-76.5, 43.49874209075144], [-76.5703125, 43.487327721818886], [-76.59867584472656, 43.4797880678], [-76.60192196310608, 43.4094893005], [-76.640625, 43.38854974140589], [-76.7109375, 43.35863996352764], [-76.72992931258875, 43.3391905333], [-76.78125, 43.30707566346839], [-76.8515625, 43.29240004169308], [-76.921875, 43.28373986361699], [-76.9921875, 43.27914325943509], [-77.0625, 43.276097869681635], [-77.1328125, 43.27475233969372], [-77.203125, 43.273929140998526], [-77.2734375, 43.27383370146977], [-77.34375, 43.27387557463247], [-77.36273540623145, 43.2688917661], [-77.4140625, 43.24013366435656], [-77.484375, 43.21906422425629], [-77.5546875, 43.20744712937219], [-77.62471690747944, 43.1985929988], [-77.625, 43.19849657625445], [-77.69531250000001, 43.18830088969054], [-77.765625, 43.18237538780212], [-77.8359375, 43.18887000169164], [-77.89507006654978, 43.1985929988], [-77.90625, 43.1998221393149], [-77.9765625, 43.21479979976913], [-78.046875, 43.24164657514625], [-78.09902193418225, 43.2688917661], [-78.1171875, 43.298668121667426], [-78.16536895328771, 43.3391905333], [-78.1875, 43.342665563512305], [-78.2578125, 43.34924513770959], [-78.328125, 43.353271937073146], [-78.3984375, 43.35634656391733], [-78.46875, 43.35934577321012], [-78.5390625, 43.36226909545333], [-78.609375, 43.36363609153394], [-78.6796875, 43.36501819409945], [-78.75, 43.343724663645496], [-78.75876420247623, 43.3391905333], [-78.8203125, 43.315480565517376], [-78.890625, 43.30126261964962], [-78.9609375, 43.29204194510124], [-79.03125, 43.27234365701138], [-79.03815513102455, 43.2688917661], [-79.1015625, 43.242167278897185], [-79.171875, 43.22726886165883], [-79.2421875, 43.215863482829654], [-79.27201286593717, 43.1985929988], [-79.3125, 43.16801358429837], [-79.3828125, 43.142391706017605], [-79.44949078787334, 43.1282942316], [-79.453125, 43.12651076700256], [-79.5234375, 43.09906484333232], [-79.59375, 43.09099178501279], [-79.6640625, 43.08583695153908], [-79.734375, 43.08868322119398], [-79.8046875, 43.09524940061895], [-79.875, 43.1078634768007], [-79.9453125, 43.12692941909574], [-79.95014934240152, 43.1282942316], [-80.015625, 43.14066142127008], [-80.0859375, 43.164581625543384], [-80.14025547737813, 43.1985929988], [-80.15625, 43.22485312227511], [-80.18162596487369, 43.2688917661], [-80.15625, 43.29808811974192], [-80.12372227004619, 43.3391905333], [-80.0859375, 43.37663942259443], [-80.0392896730283, 43.4094893005], [-80.015625, 43.432579226608176], [-79.95008822513044, 43.4797880678], [-79.94531249999999, 43.48268393640083], [-79.875, 43.513850270686454], [-79.8046875, 43.53191632064619], [-79.734375, 43.54387449705301], [-79.68441192239628, 43.550086835], [-79.6640625, 43.55391730398149], [-79.59375, 43.566455645883515], [-79.5234375, 43.56529147576538], [-79.453125, 43.55715326848785], [-79.42638733892171, 43.550086835], [-79.3828125, 43.51562389645258], [-79.32043667645218, 43.4797880678], [-79.3125, 43.47592094935999], [-79.3074907889777, 43.4797880678], [-79.2421875, 43.510661903582786], [-79.171875, 43.52587734151491], [-79.1015625, 43.52699842499126], [-79.03125, 43.52729083679484], [-78.9609375, 43.523011145067166], [-78.890625, 43.507183679240015], [-78.82031249999999, 43.484060091464166], [-78.78432199205871, 43.4797880678], [-78.75, 43.478849897381274], [-78.6796875, 43.47723170990068], [-78.609375, 43.479111505374846], [-78.59920437275554, 43.4797880678], [-78.5390625, 43.4889442374465], [-78.46875, 43.49261347685082], [-78.3984375, 43.493623461904306], [-78.328125, 43.49549311437852], [-78.2578125, 43.49836342866693], [-78.1875, 43.497630240795836], [-78.1171875, 43.495259645496716], [-78.05085154151975, 43.4797880678], [-78.046875, 43.47904329630239], [-77.9765625, 43.46128757347264], [-77.90625, 43.45660714502388], [-77.8359375, 43.45404466952367], [-77.765625, 43.468116229075875], [-77.7115905186588, 43.4797880678], [-77.6953125, 43.48618828635063], [-77.625, 43.49841796882137], [-77.5546875, 43.50688848560223], [-77.484375, 43.51770823037852], [-77.4140625, 43.52300771729216], [-77.34375, 43.517738554150306], [-77.2734375, 43.51158979586445], [-77.203125, 43.5048977173267], [-77.1328125, 43.50457402091344], [-77.0625, 43.51875863500911], [-76.9921875, 43.53283413560796], [-76.93459108000579, 43.550086835], [-76.921875, 43.55590426985538], [-76.8515625, 43.58549606920055], [-76.78125, 43.61407194813215], [-76.76660911425452, 43.6203856022], [-76.7109375, 43.648127620025335], [-76.64585013495076, 43.690684369399996], [-76.640625, 43.69889938691555], [-76.59071973334206, 43.7609831366], [-76.61668360497065, 43.8312819038], [-76.640625, 43.847202608006214], [-76.7109375, 43.85031718273357], [-76.78125, 43.84747327233274], [-76.8515625, 43.842715793083556], [-76.921875, 43.83836967659411], [-76.9921875, 43.83772046319505], [-77.0625, 43.8342647650336], [-77.1328125, 43.8943124900493], [-77.13568443478388, 43.901580671], [-77.203125, 43.93002660583041], [-77.2734375, 43.95266600332183], [-77.34375, 43.9607671257288], [-77.4140625, 43.96090440610983], [-77.484375, 43.95469589572786], [-77.5546875, 43.94648142459533], [-77.625, 43.95010235523958], [-77.6953125, 43.957802768559674], [-77.765625, 43.96004953489347], [-77.8359375, 43.96064412427369], [-77.90625, 43.960568786306084], [-77.9765625, 43.960366377478415], [-78.02713389397775, 43.9718794382], [-78.046875, 43.97481071382307], [-78.1171875, 43.983327902130405], [-78.1875, 43.97949373502076], [-78.2578125, 43.976582590034525], [-78.3011469484162, 43.971879438200006], [-78.328125, 43.964947177720035], [-78.3984375, 43.95021925762585], [-78.46875, 43.94112407555265], [-78.5390625, 43.93452379009321], [-78.609375, 43.931313570957954], [-78.6796875, 43.92828751796676], [-78.75, 43.92739265599563], [-78.8203125, 43.92624375291008], [-78.890625, 43.9220349855951], [-78.9609375, 43.917954743501824], [-79.03125, 43.91636856590916], [-79.1015625, 43.91365644554665], [-79.171875, 43.907493249926766], [-79.2421875, 43.90187262789879], [-79.24446939725043, 43.901580671], [-79.3125, 43.88158053839831], [-79.3828125, 43.870187233588], [-79.453125, 43.85972600665511], [-79.5234375, 43.84997719129235], [-79.59375, 43.83208532094384], [-79.59736910399133, 43.8312819038], [-79.6640625, 43.810609434913424], [-79.734375, 43.80829108621781], [-79.8046875, 43.80322393368621], [-79.875, 43.79170082432921], [-79.9453125, 43.78467898820331], [-80.015625, 43.78453839437229], [-80.0859375, 43.7890938927906], [-80.15625, 43.81250665050275], [-80.19918960236727, 43.8312819038], [-80.2265625, 43.83918380286637], [-80.296875, 43.86734046441258], [-80.36506705570324, 43.901580671], [-80.3671875, 43.9023109393214], [-80.4375, 43.930591286415066], [-80.5078125, 43.95391006858641], [-80.55434573785902, 43.9718794382], [-80.578125, 43.97636132624863], [-80.6484375, 43.97917811895968], [-80.71875, 43.98060543905151], [-80.7890625, 43.971904203379225], [-80.7892748298388, 43.9718794382], [-80.859375, 43.95640228636255], [-80.9296875, 43.94337620770979], [-81.0, 43.93405300701434], [-81.0703125, 43.92750661698935], [-81.140625, 43.92238624742726], [-81.2109375, 43.91926311335958], [-81.28125, 43.916279874711186], [-81.3515625, 43.913497437526274], [-81.421875, 43.91100538879138], [-81.4921875, 43.908816341239465], [-81.5625, 43.905440130376455], [-81.60276416789696, 43.901580671], [-81.6328125, 43.89526210002816], [-81.703125, 43.87400187817705], [-81.77153374350523, 43.8312819038], [-81.7734375, 43.828730006533156], [-81.83407039935656, 43.7609831366], [-81.84375, 43.752885460454905], [-81.9140625, 43.72627704048483], [-81.984375, 43.697262764744096], [-82.05230055152155, 43.6906843694], [-82.0546875, 43.69033158519705], [-82.125, 43.68320754042701], [-82.1953125, 43.665861712139126], [-82.265625, 43.649164727871096], [-82.30538293743135, 43.6203856022], [-82.3359375, 43.58144689675635], [-82.36103044682602, 43.550086835], [-82.40625, 43.48430894755775], [-82.41046110800264, 43.4797880678], [-82.4765625, 43.41881911013221], [-82.49549238943129, 43.4094893005], [-82.546875, 43.382752655152316], [-82.6171875, 43.386063054889554], [-82.66072563536959, 43.4094893005], [-82.6875, 43.41856249049084], [-82.7578125, 43.45301204417828], [-82.79980550582215, 43.4797880678], [-82.828125, 43.4954484438172], [-82.8984375, 43.547315851712916], [-82.90152358383864, 43.550086835], [-82.96875, 43.602885702938124], [-83.00103390371633, 43.6203856022], [-83.0390625, 43.63024131812788], [-83.109375, 43.64698195859966], [-83.1796875, 43.66031701093811], [-83.25, 43.66673731337845], [-83.3203125, 43.66507242231674], [-83.390625, 43.652698391705925], [-83.4609375, 43.63497929483482], [-83.50689450381451, 43.6203856022], [-83.53125, 43.610597851260174], [-83.6015625, 43.58363151280757], [-83.671875, 43.558107828247714], [-83.69785281305286, 43.550086835], [-83.7421875, 43.52366280051287], [-83.8125, 43.491917625194965], [-83.848073832768, 43.4797880678], [-83.8828125, 43.46039916801311], [-83.953125, 43.43696252637389], [-84.0234375, 43.421129243108766], [-84.07795841342258, 43.4094893005], [-84.09375000000001, 43.40180098651034], [-84.1640625, 43.37425719006023], [-84.234375, 43.35827685552673], [-84.3046875, 43.34270866730506], [-84.31764186828472, 43.3391905333], [-84.375, 43.308866357807226], [-84.4453125, 43.28124331513948], [-84.48384219103421, 43.2688917661], [-84.515625, 43.251353865260185], [-84.5859375, 43.21413222229483], [-84.6346149798996, 43.1985929988], [-84.64041652116435, 43.128294231599995], [-84.65625, 43.11828137139244], [-84.7265625, 43.099519562029656], [-84.796875, 43.09586272706396], [-84.8671875, 43.1109028796866], [-84.91702484470491, 43.1282942316], [-84.9375, 43.14320385722177], [-84.9997350197004, 43.1985929988], [-85.0078125, 43.203018938373305], [-85.078125, 43.24190953280373], [-85.12797454256675, 43.2688917661], [-85.1484375, 43.28342595531228], [-85.19477727827781, 43.3391905333], [-85.21875, 43.3814124009211], [-85.23200137197088, 43.4094893005], [-85.25377118458383, 43.4797880678], [-85.22903289337346, 43.550086834999995], [-85.21875, 43.56488442783427], [-85.18084322083627, 43.6203856022], [-85.1484375, 43.65495812084384], [-85.1053474390352, 43.6906843694], [-85.13666045395155, 43.7609831366], [-85.1484375, 43.76539150966426], [-85.21875, 43.789135378972034], [-85.2890625, 43.81010813823312], [-85.3533564141402, 43.8312819038], [-85.359375, 43.832578473161], [-85.4296875, 43.85050100796568], [-85.5, 43.87657585157788], [-85.55832487189487, 43.901580671], [-85.5703125, 43.906537547918504], [-85.640625, 43.94005696968812], [-85.70836606050715, 43.9718794382], [-85.7109375, 43.972664344071106], [-85.78125, 43.989087903849494], [-85.8515625, 43.992721980527236], [-85.921875, 43.9903288408528], [-85.9921875, 43.975421710496995], [-86.00592463817871, 43.9718794382], [-86.0625, 43.94293130225719], [-86.1328125, 43.91750685668366], [-86.20269101378275, 43.901580671], [-86.20312500000001, 43.90139332456139], [-86.2734375, 43.86801812902499], [-86.32164083536235, 43.83128190379999], [-86.34375, 43.78849025285578], [-86.34814205376398, 43.7609831366], [-86.4140625, 43.70241430991341], [-86.44629163339312, 43.6906843694], [-86.484375, 43.655505520399444], [-86.49872997393234, 43.6203856022], [-86.52542010767414, 43.550086835], [-86.484375, 43.50981465217491], [-86.44596639575752, 43.4797880678], [-86.44341131763929, 43.4094893005], [-86.484375, 43.36641680855622], [-86.53045127516144, 43.3391905333], [-86.484375, 43.30886339082075], [-86.42048786790312, 43.2688917661], [-86.44482473681583, 43.1985929988], [-86.484375, 43.16386489573275], [-86.5546875, 43.13780220274523], [-86.59198578775982, 43.1282942316], [-86.625, 43.110765966534274], [-86.6953125, 43.098415753504135], [-86.765625, 43.09178987189643], [-86.82741324250352, 43.05799546429999], [-86.8359375, 43.05257396796374], [-86.90625, 43.00083097014142], [-86.91851457507425, 42.98769669699999], [-86.9765625, 42.92388213510293], [-86.98195116440672, 42.9173979298], [-87.046875, 42.84747383224909], [-87.0472018483778, 42.8470991625], [-87.10526763149768, 42.7768003952], [-87.1171875, 42.758361937911545], [-87.15405327255044, 42.7065016279], [-87.1875, 42.637232657275], [-87.18788453263518, 42.6362028606], [-87.21831311915221, 42.5659040933], [-87.2578125, 42.51230191450664], [-87.26810534133932, 42.495605326], [-87.27961497356327, 42.4253065587], [-87.328125, 42.36404686601516], [-87.3379179090596, 42.3550077914], [-87.38140929294286, 42.2847090241], [-87.3984375, 42.26086408524774], [-87.4408710957824, 42.2144102568], [-87.46875, 42.18216791671742], [-87.51693402335657, 42.1441114894], [-87.5390625, 42.13152619151033], [-87.609375, 42.11315119679333], [-87.6796875, 42.112870239782524], [-87.75, 42.119218187145414], [-87.82031250000001, 42.13037300660374], [-87.8889285323745, 42.1441114894], [-87.890625, 42.14435022794729], [-87.9609375, 42.157647907742685], [-88.03125, 42.17668524287562], [-88.1015625, 42.209683288255], [-88.10907360489537, 42.21441025680001], [-88.13826256153601, 42.2847090241], [-88.171875, 42.33443661705772], [-88.209818928696, 42.2847090241], [-88.2421875, 42.23714632494056], [-88.26563865105354, 42.2144102568], [-88.28246089111047, 42.1441114894], [-88.3125, 42.12458988510204], [-88.3828125, 42.110777808895506], [-88.453125, 42.102999064513895], [-88.5234375, 42.12248080451377], [-88.59375, 42.10625780113138], [-88.61165421809261, 42.0738127221], [-88.6640625, 42.040779182196516], [-88.72790156577541, 42.003513954800006], [-88.734375, 41.993540448277066], [-88.77099750188442, 41.93321518740001], [-88.8046875, 41.888673279267906], [-88.8598397410703, 41.86291642010001], [-88.875, 41.85963542237027], [-88.9453125, 41.8545158527684], [-89.015625, 41.85064796789492], [-89.0859375, 41.84802192162366], [-89.15625, 41.81781498257706], [-89.2265625, 41.81018843266866], [-89.296875, 41.81449831175357], [-89.3671875, 41.830142468545155], [-89.4375, 41.85910755688028], [-89.45342628233396, 41.8629164201], [-89.5078125, 41.87534512324339], [-89.578125, 41.87041157934131], [-89.60666637715397, 41.8629164201], [-89.6484375, 41.85241240637106], [-89.71875, 41.81684107364758], [-89.75731433855582, 41.7926176527], [-89.7890625, 41.771825439458254], [-89.84960841139366, 41.7223188853], [-89.859375, 41.71785925862664], [-89.9296875, 41.72210838850181], [-89.9310209071183, 41.7223188853], [-90.0, 41.72833484866822], [-90.0703125, 41.72706470712984], [-90.140625, 41.7234198830252], [-90.2109375, 41.76235879385854], [-90.28125, 41.77586414524694], [-90.3515625, 41.740801697893986], [-90.421875, 41.730311140998495], [-90.4703707030126, 41.7223188853], [-90.421875, 41.71918399178762], [-90.3515625, 41.70988738438176], [-90.28125, 41.662953453336605], [-90.27581182051918, 41.652020118], [-90.28125, 41.64456925361713], [-90.31233469566749, 41.5817213506], [-90.3515625, 41.540059485171234], [-90.421875, 41.515000626772185], [-90.42734478323518, 41.5114225832], [-90.421875, 41.50646127404907], [-90.3515625, 41.46654646559723], [-90.30250214524048, 41.4411238158], [-90.28125, 41.42892057002282], [-90.2109375, 41.38420213703135], [-90.19071590884107, 41.3708250484], [-90.1534696957277, 41.3005262811], [-90.2109375, 41.265505123746195], [-90.28125, 41.23642334580554], [-90.29330910938462, 41.2302275137], [-90.3515625, 41.206804085766564], [-90.421875, 41.18790969495353], [-90.4921875, 41.174708286667716], [-90.52898172382851, 41.1599287463], [-90.5625, 41.142202471685906], [-90.6328125, 41.10211292578985], [-90.65305196326452, 41.0896299788], [-90.70019053357913, 41.0193312114], [-90.703125, 41.008828726189286], [-90.72450711772382, 40.949032444], [-90.7734375, 40.905320779394984], [-90.84375, 40.90297536909524], [-90.9140625, 40.904025459578065], [-90.984375, 40.948607218077846], [-91.0546875, 40.93611123783571], [-91.06629419518833, 40.8787336766], [-91.0686308358784, 40.8084349092], [-91.0546875, 40.78495595197633], [-90.984375, 40.75141061105256], [-90.9140625, 40.76217146729758], [-90.89242648130349, 40.7381361417], [-90.84375, 40.66861189256722], [-90.84346078993288, 40.6678373743], [-90.84375, 40.66512656036088], [-90.85105823803643, 40.5975386068], [-90.9140625, 40.54687114267429], [-90.94273606063769, 40.5272398394], [-90.984375, 40.50339675552437], [-91.04116521485811, 40.45694107189999], [-91.0546875, 40.44113888388801], [-91.09708202054279, 40.3866423045], [-91.125, 40.33137551565952], [-91.13605508977842, 40.316343537], [-91.1699183369181, 40.2460447695], [-91.17149446006705, 40.1757460021], [-91.16213848753566, 40.10544723459999], [-91.19104572741273, 40.0351484671], [-91.1953125, 40.031055470011296], [-91.265625, 39.97235948256664], [-91.3359375, 39.968056622396325], [-91.40625, 39.97107250932395], [-91.4765625, 39.987120697560584], [-91.53914581738742, 39.9648496996], [-91.546875, 39.96274215783547], [-91.6171875, 39.924234609345476], [-91.67532935941956, 39.8945509321], [-91.6875, 39.889840632754336], [-91.7578125, 39.866474032401285], [-91.828125, 39.860408463163495], [-91.8984375, 39.855813790056885], [-91.96875, 39.85464620845512], [-92.0390625, 39.85342944614443], [-92.109375, 39.85128973853708], [-92.1796875, 39.85220483062828], [-92.25, 39.85512004791204], [-92.3203125, 39.85505370753046], [-92.390625, 39.85625176528785], [-92.4609375, 39.87147266459684], [-92.5239713319557, 39.8945509321], [-92.53125, 39.8969160356239], [-92.6015625, 39.92454357301302], [-92.671875, 39.94933161915222], [-92.71947310363902, 39.9648496996], [-92.7421875, 39.97115801721033], [-92.8125, 39.971021460133464], [-92.85069521851358, 39.9648496996], [-92.8828125, 39.95976280337414], [-92.953125, 39.964603261691316], [-92.95467434462303, 39.9648496996], [-93.0234375, 39.98062828845509], [-93.09375000000001, 40.02722924540763], [-93.10483908399871, 40.0351484671], [-93.1640625, 40.07334959598944], [-93.234375, 40.10151370376594], [-93.24355504336317, 40.1054472346], [-93.3046875, 40.128900443963595], [-93.375, 40.16132515715016], [-93.40673199912797, 40.1757460021], [-93.4453125, 40.19058177578585], [-93.515625, 40.22062397337632], [-93.5859375, 40.22340357891862], [-93.65625, 40.205353873521034], [-93.68001885687234, 40.1757460021], [-93.70046762154954, 40.1054472346], [-93.69807911776809, 40.0351484671], [-93.68400870233944, 39.9648496996], [-93.67471940864333, 39.8945509321], [-93.72594276390763, 39.82425216459999], [-93.7265625, 39.82406358603564], [-93.796875, 39.81477138115851], [-93.8671875, 39.81311514526729], [-93.93749999999999, 39.80469529140185], [-94.0078125, 39.7957327135915], [-94.078125, 39.800317423507835], [-94.1484375, 39.808914444722696], [-94.18971133465192, 39.8242521646], [-94.21875, 39.83868276290102], [-94.2890625, 39.87371639261852], [-94.327227596493, 39.8945509321], [-94.359375, 39.911680043170136], [-94.4296875, 39.943121234876635], [-94.47843924219356, 39.9648496996], [-94.5, 39.976243874798314], [-94.5703125, 39.99528878400434], [-94.640625, 40.00131584837341], [-94.7109375, 39.971873989865664], [-94.7243615417853, 39.9648496996], [-94.78125, 39.94361550641305], [-94.8515625, 39.93065927725146], [-94.921875, 39.9157190475861], [-94.97448476337121, 39.8945509321], [-94.95397245767404, 39.8242521646], [-94.96434576123713, 39.7539533971], [-94.9921875, 39.71782542748514], [-95.0625, 39.68440721012334], [-95.06448218267755, 39.6836546296], [-95.1328125, 39.65163107712834], [-95.17695832197384, 39.6133558621], [-95.19996936394834, 39.5430570946], [-95.18462800779785, 39.472758327099996], [-95.19054920615676, 39.4024595596], [-95.203125, 39.384171049805985], [-95.2734375, 39.36556861524285], [-95.34375, 39.36936678723014], [-95.38229591721395, 39.4024595596], [-95.4140625, 39.43065137101969], [-95.46403922285208, 39.4727583271], [-95.484375, 39.48785620341185], [-95.52828346435547, 39.5430570946], [-95.5546875, 39.57146943136274], [-95.59962899535657, 39.6133558621], [-95.625, 39.631015778661876], [-95.6953125, 39.63090946098961], [-95.765625, 39.614252583651826], [-95.76686189688122, 39.6133558621], [-95.8359375, 39.564209340492305], [-95.87092689790236, 39.5430570946], [-95.90625, 39.520440807818204], [-95.9765625, 39.482999432800725], [-96.01458615361314, 39.4727583271], [-96.046875, 39.4636529924522], [-96.1171875, 39.44655369579954], [-96.1875, 39.43208890510167], [-96.2578125, 39.406591000389504], [-96.266365289834, 39.4024595596], [-96.328125, 39.38057645923526], [-96.3984375, 39.36449298328786], [-96.46875, 39.3539659208045], [-96.5390625, 39.37084572495051], [-96.60230250029574, 39.4024595596], [-96.609375, 39.40879918438161], [-96.65634153206022, 39.4727583271], [-96.6796875, 39.51064814245182], [-96.72194313121723, 39.5430570946], [-96.75, 39.55985793174132], [-96.78927963021474, 39.5430570946], [-96.8203125, 39.5333231973322], [-96.890625, 39.51210606165747], [-96.9609375, 39.47606105527938], [-96.96318427919876, 39.47275832710001], [-96.96551762753187, 39.4024595596], [-96.9609375, 39.38386339306571], [-96.9421744981166, 39.332160792], [-96.93619390099849, 39.26186202449999], [-96.9609375, 39.201701884383226], [-96.96665784656271, 39.191563257], [-97.01784346506396, 39.1212644894], [-97.03125, 39.09750301837229], [-97.06965074065175, 39.0509657219], [-97.04407405145007, 38.9806669543], [-97.03125, 38.97343620284149], [-96.9609375, 38.963115746098595], [-96.890625, 38.9577207237697], [-96.8203125, 38.96634532326864], [-96.75, 38.97637882231317], [-96.73030251266877, 38.9806669543], [-96.6796875, 38.99384706939626], [-96.609375, 39.01149044234809], [-96.5390625, 39.02868459700901], [-96.46875, 39.020030981691185], [-96.3984375, 38.99856094452964], [-96.35811151244317, 38.9806669543], [-96.328125, 38.96758148265316], [-96.2578125, 38.92733589066283], [-96.22739691196139, 38.9103681868], [-96.1875, 38.871974946014305], [-96.17123922319816, 38.8400694192], [-96.1679287013828, 38.7697706516], [-96.1875, 38.72665295738442], [-96.19964253502167, 38.6994718841], [-96.2578125, 38.65755128509281], [-96.328125, 38.63524077765431], [-96.35010061567866, 38.6291731165], [-96.3984375, 38.614266929450494], [-96.46875, 38.596436029260005], [-96.5390625, 38.57483130505832], [-96.58365684467444, 38.5588743489], [-96.60937500000001, 38.54756943921678], [-96.6796875, 38.49694477134643], [-96.69102103556827, 38.4885755813], [-96.75, 38.44064772112971], [-96.77899518223961, 38.4182768137], [-96.8203125, 38.38519025843159], [-96.88166647158818, 38.3479780462], [-96.890625, 38.342158412679076], [-96.9609375, 38.30564200204141], [-97.03125, 38.28124807898489], [-97.04187349400259, 38.27767927859999], [-97.1015625, 38.251570425173476], [-97.171875, 38.22320345111294], [-97.20838277711633, 38.207380511], [-97.2421875, 38.19038488210053], [-97.3125, 38.16655554483451], [-97.3828125, 38.15354462087539], [-97.453125, 38.152614446770095], [-97.5234375, 38.15555387637813], [-97.59375, 38.16671339256235], [-97.6640625, 38.18085624561276], [-97.734375, 38.20002864201678], [-97.7574854159526, 38.207380511], [-97.8046875, 38.220789539607345], [-97.875, 38.241966407944204], [-97.9453125, 38.26429484442893], [-97.985208549351, 38.2776792786], [-98.015625, 38.28640502252081], [-98.0859375, 38.310870091102124], [-98.15625, 38.335954627490466], [-98.18300555276441, 38.3479780462], [-98.2265625, 38.36513348962144], [-98.296875, 38.394286142332376], [-98.34174524798348, 38.4182768137], [-98.3671875, 38.43111055326913], [-98.4375, 38.47085514949856], [-98.46398397263673, 38.4885755813], [-98.5078125, 38.51828211361553], [-98.55872802027795, 38.5588743489], [-98.578125, 38.57598270693347], [-98.63784718504854, 38.6291731165], [-98.6484375, 38.63959329803021], [-98.70296188946057, 38.6994718841], [-98.71875, 38.71877088824968], [-98.76487061860507, 38.7697706516], [-98.7890625, 38.79671222015996], [-98.82291181798125, 38.8400694192], [-98.859375, 38.89074194304523], [-98.87746819825017, 38.9103681868], [-98.9296875, 38.97124268580259], [-98.9368992240424, 38.9806669543], [-98.98966263955634, 39.0509657219], [-99.0, 39.06552915692719], [-99.04341299421327, 39.1212644894], [-99.07031249999999, 39.169503384584544], [-99.08265016143226, 39.191563257], [-99.10793613438297, 39.2618620245], [-99.11915176284701, 39.332160792], [-99.12536610038305, 39.4024595596], [-99.13452896292371, 39.4727583271], [-99.140625, 39.50871794551858], [-99.14733754130344, 39.5430570946], [-99.15618728253364, 39.6133558621], [-99.16729473427222, 39.6836546296], [-99.18728674906536, 39.7539533971], [-99.2109375, 39.808411175976865], [-99.21833638550906, 39.8242521646], [-99.2425286330595, 39.8945509321], [-99.25377085693779, 39.9648496996], [-99.26359447195532, 40.0351484671], [-99.28125, 40.07722329435264], [-99.29358982497241, 40.1054472346], [-99.34628217802927, 40.1757460021], [-99.3515625, 40.18189910324712], [-99.40104624250516, 40.2460447695], [-99.421875, 40.26893975549216], [-99.4832964062244, 40.316343537], [-99.4921875, 40.33082989944089], [-99.52618516672672, 40.3866423045], [-99.5458275254976, 40.4569410719], [-99.56073428931204, 40.5272398394], [-99.5625, 40.57914129354396], [-99.56324800881876, 40.5975386068], [-99.57331768371039, 40.66783737429999], [-99.6328125, 40.693738463780626], [-99.68380324487724, 40.7381361417], [-99.6328125, 40.80241625558525], [-99.62528771334055, 40.8084349092], [-99.6328125, 40.81553383082539], [-99.703125, 40.835558778432826], [-99.7734375, 40.859433835085845], [-99.79024341613163, 40.87873367659999], [-99.7734375, 40.91029695679069], [-99.703125, 40.94628842728403], [-99.68736342808485, 40.949032444], [-99.66433096164553, 41.0193312114], [-99.68924324475444, 41.0896299788], [-99.703125, 41.10411246318829], [-99.77343749999999, 41.15253218043639], [-99.78193151334308, 41.1599287463], [-99.81543163761398, 41.2302275137], [-99.84375, 41.259365012308834], [-99.88301331173335, 41.3005262811], [-99.9140625, 41.34406728835985], [-99.9283732698293, 41.3708250484], [-99.95457542283984, 41.4411238158], [-99.97020289343426, 41.5114225832], [-99.96974867104909, 41.5817213506], [-99.95932469216066, 41.652020118], [-99.94502817452776, 41.7223188853], [-99.94539924758108, 41.7926176527], [-99.95192349923536, 41.8629164201], [-99.984375, 41.90476158655399], [-100.00283033156504, 41.93321518740001], [-100.05055654435003, 42.0035139548], [-100.0546875, 42.00926150311454], [-100.09743114819169, 42.0738127221], [-100.125, 42.13519115555619], [-100.12997380165577, 42.1441114894], [-100.1645271683437, 42.2144102568], [-100.1859293901646, 42.2847090241], [-100.18918612490369, 42.3550077914], [-100.17477325179803, 42.4253065587], [-100.15050127183758, 42.495605326], [-100.125, 42.54851013708434], [-100.11528984682931, 42.5659040933], [-100.05939098739788, 42.63620286060001], [-100.0546875, 42.64208906773659], [-100.00349562475496, 42.7065016279], [-99.984375, 42.73572992181712], [-99.95629307975142, 42.7768003952], [-99.92348549472081, 42.8470991625], [-99.9140625, 42.86912802086013], [-99.89157620989965, 42.9173979298], [-99.86550091901343, 42.987696697], [-99.86438207487895, 43.05799546430001], [-99.88105971978125, 43.1282942316], [-99.89412813407142, 43.1985929988], [-99.87641051911916, 43.2688917661], [-99.84375, 43.303545123815816], [-99.81109640360944, 43.3391905333], [-99.7734375, 43.38497139185595], [-99.75326929897768, 43.4094893005], [-99.72074228874895, 43.479788067799994], [-99.703125, 43.50868578402404], [-99.67858626667885, 43.550086835], [-99.6328125, 43.58994651792557], [-99.59221912597098, 43.6203856022], [-99.56249999999999, 43.64055595394773], [-99.4921875, 43.68780592877487], [-99.48903646728515, 43.6906843694], [-99.4232864124761, 43.7609831366], [-99.421875, 43.76245841639916], [-99.35545340209455, 43.8312819038], [-99.35156249999999, 43.83459142708131], [-99.28125, 43.89432347044849], [-99.27431094268714, 43.901580671], [-99.21855474013199, 43.9718794382], [-99.2109375, 43.987021343615474], [-99.18559020589632, 44.0421782054], [-99.16879169018368, 44.1124769726], [-99.15688311131439, 44.1827757397], [-99.140625, 44.247039420688886], [-99.13891737222653, 44.2530745069], [-99.10564089886032, 44.323373274], [-99.0703125, 44.36420364225352], [-99.0457881961407, 44.3936720412], [-99.0, 44.42979904035895], [-98.95271982324182, 44.4639708083], [-98.9296875, 44.478669423221476], [-98.859375, 44.51884294209777], [-98.83623052952854, 44.5342695755], [-98.7890625, 44.56626278231158], [-98.71875, 44.60335580837772], [-98.71690713002918, 44.6045683426], [-98.6484375, 44.65012103387687], [-98.59837737425698, 44.6748671097], [-98.578125, 44.68568252787155], [-98.5078125, 44.72225814222102], [-98.45292978213995, 44.7451658768], [-98.4375, 44.75229868534969], [-98.3671875, 44.782610794211585], [-98.296875, 44.80692194005669], [-98.26869355299849, 44.815464644], [-98.2265625, 44.83019470784811], [-98.15625, 44.85221863503849], [-98.0859375, 44.87011774339467], [-98.03338386684763, 44.8857634111], [-98.015625, 44.89214259748378], [-97.9453125, 44.914891507820826], [-97.875, 44.936540214556466], [-97.8046875, 44.95544868218178], [-97.80230622083174, 44.9560621782], [-97.73437499999999, 44.97651261722598], [-97.6640625, 44.99613219699508], [-97.59375, 45.01835519560972], [-97.57013130980337, 45.0263609453], [-97.5234375, 45.045007990273604], [-97.453125, 45.075752331156814], [-97.40499150512795, 45.0966597123], [-97.3828125, 45.1076818308614], [-97.3125, 45.14171389508017], [-97.25911925232504, 45.1669584794], [-97.2421875, 45.17585800646082], [-97.171875, 45.20844298698459], [-97.1015625, 45.23239385813588], [-97.08401484859036, 45.2372572465], [-97.03125, 45.254585382909234], [-96.9609375, 45.26664399032792], [-96.890625, 45.27546073975457], [-96.8203125, 45.282557836130096], [-96.75, 45.2885854782302], [-96.6796875, 45.303940028371194], [-96.66174104132874, 45.3075560136], [-96.609375, 45.3242491729885], [-96.5390625, 45.356379355552896], [-96.48746595507622, 45.3778547806], [-96.46875, 45.3885072641834], [-96.3984375, 45.434634703916075], [-96.37222661604474, 45.4481535477], [-96.328125, 45.480970852139535], [-96.27231785333558, 45.5184523147], [-96.2578125, 45.543976761258605], [-96.21818144551263, 45.5887510817], [-96.1875, 45.60113081224635], [-96.1171875, 45.60548029060149], [-96.046875, 45.63310584604197], [-95.99876108814811, 45.6590498488], [-95.9765625, 45.66919579427882], [-95.90935740087491, 45.7293486158], [-95.90624999999999, 45.732705381012295], [-95.8359375, 45.79784511680805], [-95.83122948139471, 45.7996473828], [-95.765625, 45.82327148202681], [-95.6953125, 45.85910219716433], [-95.67864002549759, 45.8699461498], [-95.625, 45.907027146248254], [-95.56248119476285, 45.9402449168], [-95.5546875, 45.94394222000187], [-95.484375, 45.98313403555463], [-95.43811218433822, 46.0105436838], [-95.4140625, 46.0230694464333], [-95.34375, 46.06149612664844], [-95.31160387331128, 46.0808424508], [-95.2734375, 46.10498381277535], [-95.20329314555856, 46.1511412178], [-95.203125, 46.151243032490314], [-95.1328125, 46.19432749475682], [-95.08954367013251, 46.2214399848], [-95.0625, 46.23815462293814], [-94.9921875, 46.28261216804498], [-94.97836990701131, 46.29173875170001], [-94.921875, 46.33063801933308], [-94.88000080264258, 46.36203751869999], [-94.8515625, 46.385340644497276], [-94.7959592388937, 46.4323362857], [-94.78125, 46.44596251996222], [-94.7242443219102, 46.5026350526], [-94.7109375, 46.51502417412489], [-94.6416522943957, 46.5729338195], [-94.640625, 46.57438275561971], [-94.58886202835293, 46.6432325865], [-94.5703125, 46.65770032718601], [-94.5, 46.7008436432553], [-94.48084030006058, 46.7135313534], [-94.4296875, 46.734736905726535], [-94.359375, 46.75099215709382], [-94.2890625, 46.7605619902688], [-94.21875, 46.77440845904454], [-94.18384023577114, 46.7838301203], [-94.1484375, 46.79880528965846], [-94.078125, 46.83045043946641], [-94.0078125, 46.85257810042766], [-94.00114280957098, 46.8541288872], [-93.9375, 46.87712780201527], [-93.8671875, 46.8964721292167], [-93.796875, 46.908224943530676], [-93.72800007799904, 46.9244276541], [-93.7265625, 46.924772175069585], [-93.65625, 46.94095746168658], [-93.5859375, 46.976327884251305], [-93.55613792283984, 46.994726421], [-93.515625, 47.01090754975282], [-93.4453125, 47.03069885310646], [-93.375, 47.05299064260315], [-93.34759166565269, 47.0650251879], [-93.3046875, 47.085704590705745], [-93.234375, 47.114459547267714], [-93.196171324523, 47.1353239548], [-93.1640625, 47.16407931282649], [-93.11839910911164, 47.205622721699996], [-93.09375, 47.22050229979431], [-93.0234375, 47.26216823002548], [-92.99798531840736, 47.2759214885], [-92.953125, 47.30894211544645], [-92.8828125, 47.331407591849434], [-92.8125, 47.34398416536702], [-92.80200147908877, 47.3462202554], [-92.7421875, 47.36374852034105], [-92.671875, 47.38436107662187], [-92.6015625, 47.413250686061374], [-92.5939669429288, 47.41651902219999], [-92.53125, 47.445824309544285], [-92.4609375, 47.4716586803728], [-92.41842701596079, 47.4868177891], [-92.390625, 47.499693261410684], [-92.3203125, 47.52577728757804], [-92.25, 47.541078091763154], [-92.18831622756947, 47.557116555899995], [-92.17968749999999, 47.55948476346281], [-92.109375, 47.584811232147736], [-92.0390625, 47.609029671457655], [-91.98301910527391, 47.6274153227], [-91.96875, 47.63280368131294], [-91.8984375, 47.65761893192818], [-91.828125, 47.67910208639016], [-91.76220373904361, 47.6977140895], [-91.7578125, 47.69910138492041], [-91.6875, 47.716665069069556], [-91.6171875, 47.72880792911346], [-91.546875, 47.7408500031527], [-91.4765625, 47.75419361849929], [-91.40625, 47.7631143700696], [-91.3675102276031, 47.76801285639999], [-91.3359375, 47.77293083756169], [-91.265625, 47.79634812489991], [-91.1953125, 47.81680119585887], [-91.15360316446112, 47.8383116232], [-91.125, 47.8594039548213], [-91.0546875, 47.885441791809264], [-90.984375, 47.8851720155765], [-90.9140625, 47.88030391152276], [-90.84375, 47.89535403388297], [-90.80542838752154, 47.9086103899], [-90.7734375, 47.92016430281191], [-90.703125, 47.94677079708533], [-90.6328125, 47.974399137147465], [-90.62182317400446, 47.9789091567], [-90.5625, 48.00233472888674], [-90.4921875, 48.029863909457845], [-90.43988465645495, 48.04920792349999], [-90.421875, 48.055950960163734], [-90.3515625, 48.081296026874426], [-90.28125, 48.102923603827094], [-90.21634699847074, 48.11950669030001], [-90.2109375, 48.12110148656433], [-90.140625, 48.140221154292234], [-90.0703125, 48.15317851773838], [-90.0, 48.16580541996703], [-89.9296875, 48.17411513475057], [-89.859375, 48.18198772664735], [-89.7890625, 48.18823024836935], [-89.77000620561722, 48.18980545699999], [-89.71875, 48.194075963113896], [-89.6484375, 48.19615645691978], [-89.578125, 48.197160834310665], [-89.50781249999999, 48.1951705273582], [-89.4375, 48.19077454598506], [-89.4196055511246, 48.189805457], [-89.3671875, 48.18644930716013], [-89.296875, 48.18382618301745], [-89.2265625, 48.183805504252334], [-89.15625, 48.1895985887219], [-89.15381882518913, 48.189805457], [-89.0859375, 48.19560615262223], [-89.015625, 48.20502454778857], [-88.9453125, 48.21391456818987], [-88.875, 48.21923464719296], [-88.8046875, 48.224612959475934], [-88.734375, 48.22630156807704], [-88.6640625, 48.2276378157155], [-88.59375, 48.22952914467744], [-88.5234375, 48.23160064994632], [-88.453125, 48.23464202948308], [-88.3828125, 48.2379159513559], [-88.3125, 48.24130203703845], [-88.2421875, 48.244393936517454], [-88.171875, 48.247644251973355], [-88.1015625, 48.25154713286042], [-88.03125, 48.25574040276736], [-87.96214254486901, 48.2601042238], [-87.9609375, 48.260192380438745], [-87.890625, 48.2656900780462], [-87.82031250000001, 48.2722823628255], [-87.75, 48.278444172193765], [-87.6796875, 48.28627636606318], [-87.609375, 48.29450869285917], [-87.5390625, 48.30336521158468], [-87.46875, 48.31216045244009], [-87.3984375, 48.32104144653411], [-87.328125, 48.3302061725117], [-87.32669489508342, 48.3304029905], [-87.2578125, 48.34285800675545], [-87.1875, 48.354808250497086], [-87.1171875, 48.36548261350578], [-87.046875, 48.373292109132606], [-86.9765625, 48.38105933704695], [-86.90625, 48.38390092032597], [-86.8359375, 48.38675615090461], [-86.765625, 48.38378239491525], [-86.6953125, 48.38017467993514], [-86.625, 48.37478195708583], [-86.5546875, 48.36955826513989], [-86.484375, 48.367698680442764], [-86.4140625, 48.36799204862905], [-86.34375, 48.375790840996004], [-86.2734375, 48.39018720861212], [-86.22436003335771, 48.4007017573], [-86.203125, 48.40512827377355]]}}, {"type": "Feature", "properties": {"level_in": 0.1}, "geometry": {"type": "LineString", "coordinates": [[-121.5, 48.33162912317885], [-121.50229601053792, 48.3304029905], [-121.5, 48.31423740297671], [-121.49927150527157, 48.3304029905], [-121.5, 48.33162912317885]]}}, {"type": "Feature", "properties": {"level_in": 0.1}, "geometry": {"type": "LineString", "coordinates": [[-114.75, 48.33880959335821], [-114.74348656972371, 48.33040299049999], [-114.75, 48.3266515650923], [-114.75465948109158, 48.3304029905], [-114.75, 48.33880959335821]]}}, {"type": "Feature", "properties": {"level_in": 0.1}, "geometry": {"type": "LineString", "coordinates": [[-118.47656250000001, 48.284480517223976], [-118.40625, 48.27587982446549], [-118.39047131747309, 48.2601042238], [-118.40625, 48.24432862311206], [-118.4765625, 48.24075100727855], [-118.49548391169553, 48.2601042238], [-118.47656250000001, 48.284480517223976]]}}, {"type": "Feature", "properties": {"level_in": 0.1}, "geometry": {"type": "LineString", "coordinates": [[-123.9609375, 48.00042403951501], [-123.890625, 48.02581550634528], [-123.8203125, 48.035317051281055], [-123.75, 48.03406721836471], [-123.6796875, 48.033086780789084], [-123.609375, 48.03244583375115], [-123.5390625, 48.03453682602478], [-123.46875, 48.03582269799526], [-123.3984375, 48.03608905103506], [-123.328125, 48.03596471099276], [-123.2578125, 48.033188711664465], [-123.1875, 48.02882554276081], [-123.1171875, 48.01028223871076], [-123.08580828910777, 47.9789091567], [-123.046875, 47.950289080597614], [-123.00443565043625, 47.9086103899], [-122.99235247669078, 47.8383116232], [-122.98841489854743, 47.76801285639999], [-123.00562350450143, 47.6977140895], [-123.046875, 47.65647065110419], [-123.1171875, 47.64256113615844], [-123.13376879204277, 47.6274153227], [-123.1875, 47.573694609340826], [-123.2094284686248, 47.5571165559], [-123.2578125, 47.50874197473038], [-123.2984701475686, 47.4868177891], [-123.32812499999999, 47.45716872871205], [-123.3984375, 47.43774720177964], [-123.46875, 47.41929648176503], [-123.50098298866226, 47.4165190222], [-123.5390625, 47.409367360320196], [-123.609375, 47.406202234124095], [-123.66455498129973, 47.4165190222], [-123.6796875, 47.41962874330638], [-123.74999999999999, 47.45439616805287], [-123.79742061936338, 47.4868177891], [-123.8203125, 47.49885556572778], [-123.890625, 47.5348777614199], [-123.92302072983264, 47.5571165559], [-123.9609375, 47.62049112874102], [-123.96325104478716, 47.6274153227], [-123.96774122086845, 47.6977140895], [-123.96667444037031, 47.7680128564], [-123.9609375, 47.781851356277265], [-123.946807920463, 47.8383116232], [-123.9609375, 47.86918752816982], [-123.98553125180347, 47.90861038989999], [-123.99996880936538, 47.9789091567], [-123.9609375, 48.00042403951501]]}}, {"type": "Feature", "properties": {"level_in": 0.1}, "geometry": {"type": "LineString", "coordinates": [[-115.38281249999999, 47.92832033077679], [-115.34819315434603, 47.9086103899], [-115.3125, 47.890386309989964], [-115.24672091271114, 47.8383116232], [-115.2421875, 47.830432815231774], [-115.2034886453999, 47.7680128564], [-115.22306327369776, 47.6977140895], [-115.2421875, 47.68117048443179], [-115.3125, 47.69117758766409], [-115.34616957000442, 47.697714089499996], [-115.3828125, 47.70785547696744], [-115.453125, 47.73303832693704], [-115.46317561660945, 47.768012856400006], [-115.46749141955209, 47.8383116232], [-115.453125, 47.88115692569161], [-115.43594486845288, 47.9086103899], [-115.38281249999999, 47.92832033077679]]}}, {"type": "Feature", "properties": {"level_in": 0.1}, "geometry": {"type": "LineString", "coordinates": [[-113.765625, 47.71602335375674], [-113.6953125, 47.73838120753271], [-113.625, 47.74268608858135], [-113.5546875, 47.71114606174767], [-113.53640334785194, 47.6977140895], [-113.50697871258095, 47.6274153227], [-113.5546875, 47.60482083353081], [-113.625, 47.618917574504835], [-113.64425502109931, 47.6274153227], [-113.6953125, 47.66846230267953], [-113.765625, 47.68960864030865], [-113.77345066033726, 47.6977140895], [-113.765625, 47.71602335375674]]}}, {"type": "Feature", "properties": {"level_in": 0.1}, "geometry": {"type": "LineString", "coordinates": [[-115.8046875, 47.68227913719129], [-115.734375, 47.68627724388621], [-115.6640625, 47.689574528465975], [-115.59375, 47.69122988423398], [-115.5234375, 47.68458200544702], [-115.5028240261976, 47.6274153227], [-115.51470328263959, 47.5571165559], [-115.50858668925383, 47.4868177891], [-115.453125, 47.42230873165704], [-115.4400739971313, 47.4165190222], [-115.3828125, 47.39492932713624], [-115.3125, 47.39056576730316], [-115.2647754397932, 47.3462202554], [-115.2421875, 47.3285298242244], [-115.19680800314404, 47.2759214885], [-115.171875, 47.258578631379876], [-115.1015625, 47.22040815555234], [-115.05509691481788, 47.2056227217], [-115.03125, 47.20097572635935], [-114.9609375, 47.18103989620867], [-114.890625, 47.18509813423184], [-114.86482089964082, 47.2056227217], [-114.8203125, 47.268342798134945], [-114.80973357608772, 47.2759214885], [-114.75000000000001, 47.28355448236625], [-114.6796875, 47.27999346734011], [-114.66510941725711, 47.2759214885], [-114.609375, 47.252777840827704], [-114.5390625, 47.23431847803936], [-114.46875000000001, 47.21633938298838], [-114.43400644567602, 47.2056227217], [-114.3984375, 47.191605078101446], [-114.328125, 47.17445301245877], [-114.28010067821222, 47.1353239548], [-114.328125, 47.09238422730677], [-114.3984375, 47.08842301871547], [-114.46875, 47.097470659229316], [-114.5390625, 47.115235878635275], [-114.609375, 47.124580291742035], [-114.6796875, 47.127218505597114], [-114.75, 47.12773000077739], [-114.77224680648992, 47.065025187900005], [-114.75875145139959, 46.994726421], [-114.75, 46.99070341601969], [-114.6796875, 46.95937885234869], [-114.6174476920199, 46.9244276541], [-114.609375, 46.912007716078605], [-114.57406040896154, 46.8541288872], [-114.60849675219127, 46.7838301203], [-114.57058655556611, 46.7135313534], [-114.5390625, 46.67678282336526], [-114.46875, 46.711043640188144], [-114.46276843430074, 46.7135313534], [-114.3984375, 46.75031950397052], [-114.328125, 46.758456981772234], [-114.2578125, 46.74743223375674], [-114.22440445464932, 46.7135313534], [-114.1875, 46.65159669153823], [-114.18246672830529, 46.643232586500005], [-114.1875, 46.63866806689107], [-114.21581072410282, 46.5729338195], [-114.23219430204935, 46.5026350526], [-114.20087133786346, 46.4323362857], [-114.2578125, 46.40562051277238], [-114.28957456239837, 46.3620375187], [-114.27728121529321, 46.2917387517], [-114.2578125, 46.23051520324845], [-114.25257647005424, 46.2214399848], [-114.21467196412341, 46.1511412178], [-114.2578125, 46.10275260603331], [-114.28088235326172, 46.0808424508], [-114.2578125, 46.01922656330713], [-114.25156312797341, 46.0105436838], [-114.1988245967678, 45.9402449168], [-114.23325996478346, 45.8699461498], [-114.1875, 45.83826434207404], [-114.1171875, 45.82160609016353], [-114.046875, 45.8090126393483], [-113.9765625, 45.81623798230861], [-113.9339497299634, 45.8699461498], [-113.92359394600132, 45.9402449168], [-113.9066439621749, 46.010543683799995], [-113.9765625, 46.07736689747558], [-113.98016407793585, 46.08084245079999], [-113.98589253015763, 46.1511412178], [-113.99608401837605, 46.2214399848], [-113.97656249999999, 46.239496969713386], [-113.94318076272668, 46.2917387517], [-113.9423017769513, 46.3620375187], [-113.90625, 46.4208847472832], [-113.88805870823634, 46.4323362857], [-113.8359375, 46.48792841582362], [-113.80488408875891, 46.5026350526], [-113.765625, 46.54265610350886], [-113.73374383843922, 46.5729338195], [-113.765625, 46.59242536229423], [-113.81243718189756, 46.6432325865], [-113.765625, 46.679898127555106], [-113.6953125, 46.67529002643728], [-113.625, 46.672056506286886], [-113.56539353286887, 46.6432325865], [-113.5546875, 46.62953073229217], [-113.49575317042571, 46.572933819499994], [-113.487026806161, 46.5026350526], [-113.48613060964117, 46.4323362857], [-113.50222925401084, 46.362037518700006], [-113.5546875, 46.3121880532885], [-113.56177520464911, 46.2917387517], [-113.5590108811956, 46.2214399848], [-113.56139110084384, 46.1511412178], [-113.5546875, 46.14422460710269], [-113.484375, 46.1285919773499], [-113.4140625, 46.14795031113951], [-113.4051276236415, 46.1511412178], [-113.3977353454147, 46.2214399848], [-113.34375, 46.278211407911655], [-113.32127764783422, 46.2917387517], [-113.2734375, 46.3374454902569], [-113.203125, 46.35871725625277], [-113.19873470074496, 46.36203751869999], [-113.17960625800208, 46.4323362857], [-113.13281250000001, 46.456035860615565], [-113.0625, 46.46931131486292], [-112.9921875, 46.46439013805121], [-112.921875, 46.449837281379324], [-112.88749133031988, 46.4323362857], [-112.8515625, 46.40611597878849], [-112.81876226782119, 46.3620375187], [-112.8515625, 46.322605390496754], [-112.89966641822625, 46.291738751699995], [-112.90230764577704, 46.2214399848], [-112.921875, 46.20292123349775], [-112.9921875, 46.16399114826349], [-113.0507089474354, 46.1511412178], [-113.0625, 46.1203879552956], [-113.0702621514603, 46.0808424508], [-113.0625, 46.07138770533567], [-112.9921875, 46.03769960054085], [-112.95999030421328, 46.010543683799995], [-112.921875, 45.98425964614138], [-112.8515625, 45.95347011585385], [-112.81627850184245, 45.9402449168], [-112.84566296013391, 45.8699461498], [-112.80517083336463, 45.7996473828], [-112.8515625, 45.779697196964044], [-112.921875, 45.74259040217201], [-112.93280946596971, 45.7293486158], [-112.921875, 45.67082138514148], [-112.91921781250768, 45.6590498488], [-112.87460912681391, 45.5887510817], [-112.921875, 45.52106789658271], [-112.9921875, 45.531843768692525], [-113.0625, 45.525632145135866], [-113.09365037777862, 45.5184523147], [-113.0625, 45.48977677064467], [-112.9921875, 45.464209407773794], [-112.97916471296796, 45.4481535477], [-112.92187499999999, 45.403090335712186], [-112.89904811212618, 45.3778547806], [-112.921875, 45.36040566117141], [-112.98369818779194, 45.307556013600006], [-112.99218749999999, 45.29889257945943], [-113.0625, 45.268048286606884], [-113.1328125, 45.27539648395563], [-113.203125, 45.287273018081926], [-113.22822308939743, 45.3075560136], [-113.26585528399072, 45.3778547806], [-113.2734375, 45.38743598683109], [-113.34375, 45.4414228132232], [-113.3561716040039, 45.4481535477], [-113.34375, 45.47990995387276], [-113.32453951487435, 45.5184523147], [-113.34375, 45.53874494164464], [-113.37055777336832, 45.58875108170001], [-113.34375, 45.61093249360845], [-113.28646478970666, 45.6590498488], [-113.2734375, 45.671233553296624], [-113.20838586888591, 45.7293486158], [-113.20312500000001, 45.732744629395505], [-113.1328125, 45.76665890329977], [-113.0631486959773, 45.7996473828], [-113.10645398616808, 45.8699461498], [-113.128392823065, 45.9402449168], [-113.1328125, 45.94197159616537], [-113.13596215559971, 45.9402449168], [-113.203125, 45.92148037932647], [-113.26476696166618, 45.8699461498], [-113.2734375, 45.86220858650185], [-113.34375, 45.82479251346254], [-113.4140625, 45.80295043079192], [-113.42437214837526, 45.7996473828], [-113.48118498416224, 45.7293486158], [-113.484375, 45.72664119450564], [-113.5546875, 45.69037898675981], [-113.625, 45.68259196303105], [-113.69074967935167, 45.6590498488], [-113.6953125, 45.65524010052984], [-113.765625, 45.60586551720616], [-113.82026031807348, 45.5887510817], [-113.765625, 45.57274870456196], [-113.6953125, 45.55297877120505], [-113.65436329821267, 45.5184523147], [-113.625, 45.4963435279826], [-113.59032212253487, 45.4481535477], [-113.625, 45.39324069165127], [-113.6953125, 45.37967657752112], [-113.72821843577253, 45.3778547806], [-113.765625, 45.34583671542296], [-113.7806167101692, 45.3075560136], [-113.8359375, 45.25477364115473], [-113.84719375627506, 45.2372572465], [-113.88318502491487, 45.1669584794], [-113.90625, 45.13244974063375], [-113.95490166737846, 45.09665971230001], [-113.9765625, 45.037931540514926], [-113.98107729312383, 45.0263609453], [-113.9788513539595, 44.9560621782], [-114.02219414480975, 44.8857634111], [-114.046875, 44.862817241893744], [-114.08194445927677, 44.815464644], [-114.1171875, 44.78419136297429], [-114.17400492365637, 44.7451658768], [-114.12833724437041, 44.6748671097], [-114.1363669788347, 44.6045683426], [-114.1875, 44.56073241641091], [-114.2578125, 44.5504923386678], [-114.328125, 44.55121243922612], [-114.37545536346525, 44.53426957549999], [-114.35151365215809, 44.4639708083], [-114.34083123009394, 44.3936720412], [-114.34246516035685, 44.323373274], [-114.37466490729861, 44.2530745069], [-114.3984375, 44.2218750704306], [-114.46875, 44.19232048035192], [-114.51738506835937, 44.1827757397], [-114.48249524583846, 44.11247697260001], [-114.46875, 44.10266085838693], [-114.3984375, 44.05539971942274], [-114.3751040720689, 44.0421782054], [-114.328125, 44.00114313497029], [-114.29682142271913, 43.9718794382], [-114.2578125, 43.933471310577424], [-114.22165354869502, 43.901580671], [-114.1875, 43.87378391122684], [-114.1171875, 43.8520228586402], [-114.04921452957667, 43.8312819038], [-114.046875, 43.83054407537441], [-113.9765625, 43.80193191373701], [-113.90625, 43.76654108800579], [-113.89830278457693, 43.7609831366], [-113.8359375, 43.73078766324662], [-113.765625, 43.700633050445894], [-113.75232909126733, 43.6906843694], [-113.765625, 43.65114310879029], [-113.80249424498132, 43.6203856022], [-113.8359375, 43.612673963470066], [-113.90625, 43.57710012399682], [-113.9765625, 43.56454776418537], [-114.046875, 43.56332321701406], [-114.1171875, 43.57542594474686], [-114.18363884009591, 43.6203856022], [-114.1875, 43.62748376772288], [-114.2578125, 43.688656451054776], [-114.26613167740236, 43.6906843694], [-114.28031745042315, 43.7609831366], [-114.328125, 43.78459007589316], [-114.3984375, 43.774354072833795], [-114.46875, 43.763084151581566], [-114.48892368521513, 43.7609831366], [-114.5390625, 43.73956048520182], [-114.60405820727578, 43.6906843694], [-114.54420240994666, 43.6203856022], [-114.609375, 43.56563240068818], [-114.6796875, 43.560613554357815], [-114.75, 43.57256993036983], [-114.8203125, 43.59575658221287], [-114.89051814890782, 43.550086835], [-114.890625, 43.55006161810153], [-114.9609375, 43.54685489856036], [-115.03125, 43.54725892552764], [-115.03695930234294, 43.550086835], [-115.03125, 43.583713292120194], [-115.01323776701604, 43.6203856022], [-115.03125, 43.62685026589176], [-115.1015625, 43.65821832668047], [-115.171875, 43.668045160770255], [-115.2421875, 43.65778529254542], [-115.27915180953875, 43.6203856022], [-115.3125, 43.60525877408563], [-115.3828125, 43.604630641405], [-115.42968108452216, 43.6203856022], [-115.453125, 43.646408049895314], [-115.5234375, 43.68354825693284], [-115.52619259808804, 43.6906843694], [-115.53165839810772, 43.7609831366], [-115.5234375, 43.80357399986582], [-115.51054014687902, 43.8312819038], [-115.5234375, 43.855576509013176], [-115.57118047603345, 43.901580671], [-115.59375, 43.91486014900165], [-115.6640625, 43.96559687139516], [-115.6687710186396, 43.9718794382], [-115.71541682990811, 44.042178205400006], [-115.73437499999999, 44.110098377182936], [-115.73539662432594, 44.1124769726], [-115.78676933044333, 44.182775739700006], [-115.8046875, 44.23936665889949], [-115.81581113560553, 44.2530745069], [-115.8530954602659, 44.323373274], [-115.875, 44.33267000668451], [-115.9453125, 44.32964087199782], [-116.015625, 44.326695497784925], [-116.03795831821711, 44.323373274], [-116.0859375, 44.31249123192515], [-116.15625, 44.31293693101158], [-116.17389457354074, 44.323373274], [-116.19976778752134, 44.3936720412], [-116.20975237167885, 44.4639708083], [-116.2265625, 44.517301373458835], [-116.23206414782116, 44.5342695755], [-116.25213820935849, 44.6045683426], [-116.24060423203736, 44.6748671097], [-116.2265625, 44.7273634598035], [-116.206949568555, 44.7451658768], [-116.2265625, 44.80854246613658], [-116.22798592367639, 44.815464644], [-116.2265625, 44.82049529931896], [-116.21388946841148, 44.8857634111], [-116.22088375784138, 44.9560621782], [-116.2265625, 44.962968907974734], [-116.29169530489978, 45.0263609453], [-116.296875, 45.03285877160414], [-116.32303621673475, 45.0263609453], [-116.36718750000001, 45.01773249428126], [-116.4375, 45.002617436965195], [-116.5078125, 44.982082943750356], [-116.578125, 44.986941069901306], [-116.60931042897055, 45.0263609453], [-116.6484375, 45.056746449190115], [-116.68113499229841, 45.09665971230001], [-116.71874999999999, 45.14612849626447], [-116.73619485066197, 45.166958479399995], [-116.732598761251, 45.2372572465], [-116.71875, 45.27573112448397], [-116.70773848274156, 45.3075560136], [-116.65536956706717, 45.3778547806], [-116.65264068222645, 45.4481535477], [-116.64843749999999, 45.452532137574686], [-116.63950573502515, 45.4481535477], [-116.578125, 45.42737838712573], [-116.5078125, 45.411939629932874], [-116.4375, 45.38616580767712], [-116.4178858783376, 45.3778547806], [-116.3671875, 45.364731075378494], [-116.30839720187349, 45.3778547806], [-116.296875, 45.38370044128415], [-116.2265625, 45.44326972175646], [-116.22055462571373, 45.4481535477], [-116.21843306954152, 45.5184523147], [-116.20483232392864, 45.5887510817], [-116.15625, 45.611213224205926], [-116.13146583886328, 45.6590498488], [-116.0928864912468, 45.72934861579999], [-116.0859375, 45.73790127682096], [-116.03247133679706, 45.7996473828], [-116.015625, 45.80932029703819], [-115.9453125, 45.82333228255745], [-115.875, 45.84285547626728], [-115.82042099253734, 45.8699461498], [-115.8046875, 45.88987609114869], [-115.7884457976518, 45.9402449168], [-115.74865245244447, 46.0105436838], [-115.734375, 46.032609329970875], [-115.6640625, 46.06516465475045], [-115.61054846056409, 46.0808424508], [-115.59375, 46.08806495133002], [-115.5234375, 46.10354462480658], [-115.46279104911108, 46.15114121780001], [-115.49616090548852, 46.2214399848], [-115.5234375, 46.238237685274996], [-115.59375, 46.26419531971942], [-115.63533229898835, 46.2917387517], [-115.6640625, 46.30470852627571], [-115.72285908317927, 46.3620375187], [-115.734375, 46.37949167991708], [-115.75821873706525, 46.4323362857], [-115.78294917597957, 46.5026350526], [-115.79403191779596, 46.5729338195], [-115.8046875, 46.60742883106396], [-115.81077876477826, 46.64323258649999], [-115.8046875, 46.66965916735221], [-115.78750343088149, 46.7135313534], [-115.75102153877644, 46.783830120299996], [-115.73833453582003, 46.8541288872], [-115.80468750000001, 46.91529827562322], [-115.875, 46.915896797953366], [-115.9453125, 46.9054617549547], [-116.015625, 46.88743780159162], [-116.0859375, 46.87027752335728], [-116.15625, 46.92277833472264], [-116.15712665630085, 46.9244276541], [-116.16778374267841, 46.994726421], [-116.19180862513217, 47.0650251879], [-116.16239651151469, 47.1353239548], [-116.15625, 47.14384867325338], [-116.0859375, 47.197247876958826], [-116.06658494138648, 47.2056227217], [-116.015625, 47.24727835343165], [-115.9453125, 47.26753494231683], [-115.91050934274043, 47.2759214885], [-115.9453125, 47.30393255562082], [-115.99689292005664, 47.3462202554], [-116.015625, 47.354055616522814], [-116.0859375, 47.39189279083877], [-116.11197392406861, 47.416519022200006], [-116.0859375, 47.42921072735564], [-116.015625, 47.45760233906047], [-115.99119889669241, 47.4868177891], [-115.9453125, 47.52195271089179], [-115.89792620152855, 47.5571165559], [-115.875, 47.588794374714524], [-115.85052059584444, 47.6274153227], [-115.8046875, 47.68227913719129]]}}, {"type": "Feature", "properties": {"level_in": 0.1}, "geometry": {"type": "LineString", "coordinates": [[-113.90625, 47.47792362275943], [-113.8359375, 47.46396159404359], [-113.77734572478624, 47.41651902219999], [-113.765625, 47.40769783833523], [-113.6953125, 47.365242613581614], [-113.6475694958794, 47.3462202554], [-113.625, 47.324947445168526], [-113.60106222244087, 47.2759214885], [-113.62500000000001, 47.2547236005122], [-113.6953125, 47.20702169531463], [-113.69784587373888, 47.2056227217], [-113.7144460290635, 47.1353239548], [-113.71044070593373, 47.0650251879], [-113.76417246890517, 46.994726421], [-113.765625, 46.99273556527755], [-113.8359375, 46.97388301253924], [-113.87578268374205, 46.994726421], [-113.90625, 47.00157776440203], [-113.9765625, 47.05583298044689], [-113.98427687854903, 47.0650251879], [-113.9765625, 47.09689461464005], [-113.97037111881708, 47.1353239548], [-113.94299988634359, 47.2056227217], [-113.97103633160133, 47.2759214885], [-113.972044564501, 47.3462202554], [-113.94320497996114, 47.4165190222], [-113.90625, 47.47792362275943]]}}, {"type": "Feature", "properties": {"level_in": 0.1}, "geometry": {"type": "LineString", "coordinates": [[-113.484375, 47.45403439416932], [-113.4140625, 47.42846002809334], [-113.39782208524191, 47.416519022200006], [-113.34375, 47.38279748142993], [-113.28317588357886, 47.3462202554], [-113.2734375, 47.34131178153992], [-113.203125, 47.320620278809095], [-113.1328125, 47.28128359546714], [-113.12279001708984, 47.27592148850001], [-113.1328125, 47.24121401944123], [-113.1565446599788, 47.2056227217], [-113.203125, 47.19160036069888], [-113.2734375, 47.19770927298199], [-113.34375, 47.202303940437986], [-113.35101125224358, 47.2056227217], [-113.40855508413628, 47.2759214885], [-113.4140625, 47.278472448903145], [-113.484375, 47.31091756009461], [-113.53063210636694, 47.3462202554], [-113.51482820325612, 47.416519022200006], [-113.484375, 47.45403439416932]]}}, {"type": "Feature", "properties": {"level_in": 0.1}, "geometry": {"type": "LineString", "coordinates": [[-120.5859375, 47.35235434028621], [-120.515625, 47.38507250896712], [-120.4453125, 47.37785059125744], [-120.41367598500531, 47.3462202554], [-120.37499999999999, 47.306869155275066], [-120.3046875, 47.2966878393526], [-120.25634258875434, 47.2759214885], [-120.29514932237154, 47.2056227217], [-120.3046875, 47.203018364417886], [-120.375, 47.1896208993301], [-120.42721398600055, 47.2056227217], [-120.4453125, 47.210941411149626], [-120.515625, 47.24397008998014], [-120.57704103193166, 47.2759214885], [-120.5859375, 47.30662011818043], [-120.59376897705077, 47.3462202554], [-120.5859375, 47.35235434028621]]}}, {"type": "Feature", "properties": {"level_in": 0.1}, "geometry": {"type": "LineString", "coordinates": [[-112.921875, 47.16922774213366], [-112.8515625, 47.177487677975435], [-112.78125, 47.13707598481772], [-112.77978049072266, 47.1353239548], [-112.78125, 47.133679979220396], [-112.8515625, 47.092329418634634], [-112.921875, 47.11901227768601], [-112.97130661456117, 47.1353239548], [-112.921875, 47.16922774213366]]}}, {"type": "Feature", "properties": {"level_in": 0.1}, "geometry": {"type": "LineString", "coordinates": [[-112.9921875, 46.80521756277106], [-112.921875, 46.79196668948682], [-112.90828734285736, 46.7838301203], [-112.92187500000001, 46.772730778766714], [-112.9921875, 46.7584200860921], [-113.03957588277562, 46.7838301203], [-112.9921875, 46.80521756277106]]}}, {"type": "Feature", "properties": {"level_in": 0.1}, "geometry": {"type": "LineString", "coordinates": [[-112.42968749999999, 46.508735081252766], [-112.359375, 46.52130881633358], [-112.2890625, 46.51840856232171], [-112.25257592777588, 46.5026350526], [-112.23155346567441, 46.4323362857], [-112.23291648477695, 46.3620375187], [-112.2890625, 46.31154755580164], [-112.359375, 46.30476527659727], [-112.4296875, 46.30742150550232], [-112.5, 46.352242858392614], [-112.50607635541914, 46.36203751869999], [-112.5, 46.367538245127726], [-112.48084764423096, 46.4323362857], [-112.44563050246786, 46.5026350526], [-112.42968749999999, 46.508735081252766]]}}, {"type": "Feature", "properties": {"level_in": 0.1}, "geometry": {"type": "LineString", "coordinates": [[-111.9375, 46.380700248033754], [-111.8671875, 46.412425431577326], [-111.83826845112162, 46.3620375187], [-111.8671875, 46.317678924439804], [-111.9375, 46.35668807099379], [-111.94119438822376, 46.3620375187], [-111.9375, 46.380700248033754]]}}, {"type": "Feature", "properties": {"level_in": 0.1}, "geometry": {"type": "LineString", "coordinates": [[-117.6328125, 46.24689825080392], [-117.5625, 46.26202873188295], [-117.4921875, 46.256885336969916], [-117.421875, 46.248397883676844], [-117.36345931267076, 46.2214399848], [-117.41756360294917, 46.151141217799996], [-117.421875, 46.14799039071254], [-117.4921875, 46.11422599417139], [-117.5625, 46.10993061126207], [-117.6328125, 46.110944820523954], [-117.703125, 46.09570240505074], [-117.72465885989254, 46.0808424508], [-117.7734375, 46.01970332148528], [-117.77654260830114, 46.0105436838], [-117.80890847489863, 45.9402449168], [-117.82318709218865, 45.86994614979999], [-117.84375, 45.84678270459956], [-117.9140625, 45.80157441238584], [-117.91775356287525, 45.7996473828], [-117.984375, 45.7573992837367], [-118.0546875, 45.75470255154001], [-118.10133156765463, 45.7996473828], [-118.05604966059224, 45.86994614980001], [-118.0546875, 45.87664706632338], [-118.04133659934367, 45.9402449168], [-117.984375, 46.00845063283768], [-117.98088695951002, 46.0105436838], [-117.91657300068108, 46.0808424508], [-117.91406249999999, 46.08335246114572], [-117.84375, 46.10404188434312], [-117.78028309785509, 46.1511412178], [-117.7734375, 46.15531589974245], [-117.703125, 46.19285424264844], [-117.68116431294209, 46.2214399848], [-117.6328125, 46.24689825080392]]}}, {"type": "Feature", "properties": {"level_in": 0.1}, "geometry": {"type": "LineString", "coordinates": [[-116.71875, 46.23608104306711], [-116.6484375, 46.25547950332721], [-116.578125, 46.26553385865317], [-116.5078125, 46.25877980149379], [-116.43749999999999, 46.22515523053201], [-116.43219065609276, 46.2214399848], [-116.4375, 46.194359311073725], [-116.44328764979073, 46.1511412178], [-116.5078125, 46.11429909846093], [-116.578125, 46.09655060491064], [-116.6484375, 46.094110837831686], [-116.71875, 46.11823828885127], [-116.76005112915523, 46.1511412178], [-116.73339391844696, 46.2214399848], [-116.71875, 46.23608104306711]]}}, {"type": "Feature", "properties": {"level_in": 0.1}, "geometry": {"type": "LineString", "coordinates": [[-112.57031250000001, 46.24599813248477], [-112.5, 46.27898734993375], [-112.4296875, 46.28502328974174], [-112.359375, 46.279817948407086], [-112.2890625, 46.25788284259726], [-112.23950959124556, 46.2214399848], [-112.27917521041597, 46.1511412178], [-112.2890625, 46.1405190625164], [-112.359375, 46.09572733703705], [-112.38997769333612, 46.0808424508], [-112.4296875, 46.057703523010495], [-112.5, 46.05228130961348], [-112.5703125, 46.07460932155935], [-112.57772122400814, 46.0808424508], [-112.59875446050845, 46.1511412178], [-112.5810402927741, 46.2214399848], [-112.57031250000001, 46.24599813248477]]}}, {"type": "Feature", "properties": {"level_in": 0.1}, "geometry": {"type": "LineString", "coordinates": [[-114.890625, 46.1347900963816], [-114.90766973395559, 46.0808424508], [-114.890625, 46.074627623585855], [-114.87220291235616, 46.0808424508], [-114.89062500000001, 46.1347900963816]]}}, {"type": "Feature", "properties": {"level_in": 0.1}, "geometry": {"type": "LineString", "coordinates": [[-80.01562500000001, 46.01119163921938], [-80.02532717580988, 46.0105436838], [-80.0859375, 46.003810520854444], [-80.15625, 45.99690472770233], [-80.2265625, 45.991774030668054], [-80.296875, 45.987395779670976], [-80.3671875, 45.985187157524706], [-80.4375, 45.98301544833409], [-80.5078125, 45.98095770599194], [-80.578125, 45.978665275298354], [-80.6484375, 45.97170879560947], [-80.71875, 45.96351495083231], [-80.77292696634483, 45.9402449168], [-80.76468662890322, 45.8699461498], [-80.71875, 45.8423148672379], [-80.66106727831144, 45.7996473828], [-80.6484375, 45.79073974800179], [-80.578125, 45.76972082613195], [-80.5078125, 45.76244765984872], [-80.4375, 45.76182949447228], [-80.3671875, 45.76445498409228], [-80.296875, 45.76723620351014], [-80.2265625, 45.77005786054234], [-80.15625, 45.77245982038802], [-80.0859375, 45.77437961869179], [-80.015625, 45.77620934413488], [-79.9453125, 45.77761545409388], [-79.875, 45.77995374482317], [-79.8046875, 45.783020972448554], [-79.734375, 45.78546135914972], [-79.6640625, 45.78774805978953], [-79.59375, 45.78937993521009], [-79.5234375, 45.790556687724056], [-79.453125, 45.79329530394194], [-79.3828125, 45.79827154495507], [-79.36993607402547, 45.7996473828], [-79.3125, 45.809411930499365], [-79.2421875, 45.83473172398826], [-79.17878915096782, 45.8699461498], [-79.2421875, 45.935616297784875], [-79.24509075993154, 45.9402449168], [-79.3125, 45.978479227046435], [-79.368713840728, 46.01054368380001], [-79.3828125, 46.016058126494435], [-79.453125, 46.03570884564911], [-79.5234375, 46.0465479955691], [-79.59375, 46.0492884845495], [-79.6640625, 46.040347072014384], [-79.734375, 46.03112035346665], [-79.8046875, 46.02553843459057], [-79.875, 46.020853909537045], [-79.9453125, 46.0159073792291], [-80.015625, 46.011191639219376]]}}, {"type": "Feature", "properties": {"level_in": 0.1}, "geometry": {"type": "LineString", "coordinates": [[-117.140625, 45.80953995848408], [-117.0703125, 45.83877791955293], [-117.0, 45.83107959881746], [-116.9784301128258, 45.7996473828], [-117.0, 45.762658400176456], [-117.0703125, 45.75527658292886], [-117.140625, 45.76971102281701], [-117.15599801079719, 45.7996473828], [-117.140625, 45.80953995848408]]}}, {"type": "Feature", "properties": {"level_in": 0.1}, "geometry": {"type": "LineString", "coordinates": [[-117.421875, 45.549679182859634], [-117.3515625, 45.545762961771196], [-117.31269425320917, 45.5184523147], [-117.3515625, 45.482444525875536], [-117.39296616258886, 45.4481535477], [-117.3515625, 45.4279988511854], [-117.28125, 45.41353321805228], [-117.21093750000001, 45.39545926396267], [-117.140625, 45.38529036608278], [-117.0703125, 45.38974191248254], [-117.05801688496462, 45.377854780599996], [-117.03321122428201, 45.3075560136], [-117.0, 45.25102697101806], [-116.99309695690607, 45.2372572465], [-116.92968750000001, 45.17730487209767], [-116.91910667440793, 45.16695847940001], [-116.9296875, 45.16082439448761], [-116.97753346950309, 45.0966597123], [-117.0, 45.066958081887975], [-117.06829034111212, 45.0263609453], [-117.0703125, 45.02474793327993], [-117.140625, 44.99151463254526], [-117.2109375, 44.97873393973728], [-117.28125, 44.979883113047066], [-117.3515625, 44.99744868261358], [-117.40474324425156, 45.0263609453], [-117.421875, 45.030800040029185], [-117.4921875, 45.04883244572169], [-117.5625, 45.06551455081198], [-117.61051772138399, 45.0263609453], [-117.6328125, 44.98007093027567], [-117.703125, 45.00155113281703], [-117.72793965909247, 45.0263609453], [-117.703125, 45.078355435998766], [-117.67096343997781, 45.0966597123], [-117.6765620049618, 45.1669584794], [-117.703125, 45.201734212591795], [-117.73865497335099, 45.2372572465], [-117.7374103515514, 45.30755601359999], [-117.75179029474364, 45.3778547806], [-117.72430567381556, 45.4481535477], [-117.703125, 45.46489609571116], [-117.6328125, 45.485372359223135], [-117.5625, 45.486215307118506], [-117.4921875, 45.484122914892524], [-117.45310796838868, 45.5184523147], [-117.421875, 45.549679182859634]]}}, {"type": "Feature", "properties": {"level_in": 0.1}, "geometry": {"type": "LineString", "coordinates": [[-112.078125, 45.577607910034054], [-112.0078125, 45.5644843559144], [-111.95402530588802, 45.5184523147], [-112.0078125, 45.454247625580415], [-112.078125, 45.47602530032397], [-112.12493260591006, 45.5184523147], [-112.078125, 45.577607910034054]]}}, {"type": "Feature", "properties": {"level_in": 0.1}, "geometry": {"type": "LineString", "coordinates": [[-110.953125, 45.54671589018251], [-110.8828125, 45.5507271637403], [-110.83157257553057, 45.5184523147], [-110.8828125, 45.464376290121564], [-110.953125, 45.468048938276816], [-110.99785391963998, 45.5184523147], [-110.953125, 45.54671589018251]]}}, {"type": "Feature", "properties": {"level_in": 0.1}, "geometry": {"type": "LineString", "coordinates": [[-121.78125000000001, 45.45961426892549], [-121.7109375, 45.47173760984833], [-121.640625, 45.47721166601069], [-121.5703125, 45.47061569017397], [-121.5325725840962, 45.4481535477], [-121.5, 45.42715761724235], [-121.45275311266604, 45.3778547806], [-121.48556712426466, 45.3075560136], [-121.49999999999999, 45.30034098519181], [-121.55644036139786, 45.2372572465], [-121.5703125, 45.22338781729793], [-121.640625, 45.197072690475935], [-121.7109375, 45.1872034208445], [-121.78125, 45.20790167598718], [-121.8176142175615, 45.2372572465], [-121.80968658058478, 45.3075560136], [-121.81667268019021, 45.3778547806], [-121.80322220362642, 45.4481535477], [-121.78125000000001, 45.45961426892549]]}}, {"type": "Feature", "properties": {"level_in": 0.1}, "geometry": {"type": "LineString", "coordinates": [[-110.390625, 45.45971272054737], [-110.3203125, 45.48459998729268], [-110.25, 45.49200192359142], [-110.1796875, 45.49149232586657], [-110.109375, 45.46919938387656], [-110.05168255238382, 45.4481535477], [-110.0390625, 45.442488222829056], [-109.96875, 45.418309536639555], [-109.8984375, 45.37823243880394], [-109.89787959753505, 45.37785478060001], [-109.87831003437282, 45.307556013600006], [-109.828125, 45.28659239036865], [-109.7578125, 45.24199103841774], [-109.7496781831048, 45.2372572465], [-109.6875, 45.1991008433239], [-109.64672610916533, 45.1669584794], [-109.6171875, 45.13604325304293], [-109.58023364777029, 45.0966597123], [-109.546875, 45.057063929655094], [-109.5215145498915, 45.0263609453], [-109.4765625, 44.96686351441109], [-109.40625, 44.984093168121746], [-109.37616816033466, 45.0263609453], [-109.3359375, 45.05091412833396], [-109.265625, 45.05666207736917], [-109.23718841941522, 45.0263609453], [-109.265625, 44.9957091733164], [-109.3359375, 44.98346524422738], [-109.37552272736261, 44.9560621782], [-109.40625, 44.94004447031463], [-109.4765625, 44.949380582039446], [-109.546875, 44.95051630175285], [-109.6171875, 44.915346821637655], [-109.6875, 44.906432279320995], [-109.7578125, 44.910847320905596], [-109.828125, 44.920159939159305], [-109.87763480780899, 44.8857634111], [-109.8984375, 44.82884082705339], [-109.96875, 44.8495997516361], [-110.00108137580754, 44.8857634111], [-110.0390625, 44.906486870961466], [-110.109375, 44.92388405038895], [-110.1796875, 44.935245714508945], [-110.24999999999999, 44.94638828479963], [-110.26812584572806, 44.9560621782], [-110.3203125, 44.97943615508923], [-110.390625, 44.982055349409286], [-110.4609375, 44.99512269542644], [-110.51971159713418, 45.0263609453], [-110.53125, 45.036600129387764], [-110.6015625, 45.068576886956265], [-110.64153106286886, 45.0966597123], [-110.64901738641255, 45.1669584794], [-110.671875, 45.2130472576682], [-110.6828151085362, 45.2372572465], [-110.671875, 45.243505828785004], [-110.6015625, 45.29358409787224], [-110.59070821973012, 45.3075560136], [-110.53125, 45.35052237343329], [-110.4609375, 45.375712337053805], [-110.45491605814566, 45.3778547806], [-110.41510803327998, 45.4481535477], [-110.390625, 45.45971272054737]]}}, {"type": "Feature", "properties": {"level_in": 0.1}, "geometry": {"type": "LineString", "coordinates": [[-111.1640625, 45.39457616427062], [-111.09375, 45.39912222333219], [-111.05813128380582, 45.3778547806], [-111.04864050011106, 45.3075560136], [-111.0234375, 45.25026807974891], [-110.953125, 45.25926293427559], [-110.8828125, 45.24919532650626], [-110.86605192236946, 45.23725724650001], [-110.8828125, 45.22063912350047], [-110.953125, 45.20316301550062], [-111.0234375, 45.22653705303563], [-111.0416718039836, 45.2372572465], [-111.09375, 45.25595695068714], [-111.15706993083745, 45.3075560136], [-111.1640625, 45.317865997881164], [-111.2054033255572, 45.3778547806], [-111.1640625, 45.39457616427062]]}}, {"type": "Feature", "properties": {"level_in": 0.1}, "geometry": {"type": "LineString", "coordinates": [[-113.5546875, 45.32833147556902], [-113.484375, 45.333310797812985], [-113.4242687557126, 45.30755601359999], [-113.4140625, 45.30550043830211], [-113.34375, 45.28566642447678], [-113.2734375, 45.28032502642259], [-113.23574582758002, 45.2372572465], [-113.2734375, 45.19134742169548], [-113.28734650079426, 45.1669584794], [-113.2734375, 45.10727374189461], [-113.2697056388339, 45.0966597123], [-113.2734375, 45.05168973466081], [-113.27492771938864, 45.0263609453], [-113.34375, 44.984973134698], [-113.4140625, 44.98001431235192], [-113.484375, 44.98644009049926], [-113.55468749999999, 45.02437779867461], [-113.55740335120736, 45.0263609453], [-113.625, 45.065909775881124], [-113.65321326820441, 45.0966597123], [-113.66712902908395, 45.1669584794], [-113.66319642046409, 45.2372572465], [-113.625, 45.29878390153175], [-113.6112271308312, 45.3075560136], [-113.5546875, 45.32833147556902]]}}, {"type": "Feature", "properties": {"level_in": 0.1}, "geometry": {"type": "LineString", "coordinates": [[-111.515625, 45.338698837273924], [-111.4453125, 45.33118740735755], [-111.375, 45.317089707036985], [-111.34410765950527, 45.307556013600006], [-111.3046875, 45.28380177407888], [-111.23983451210827, 45.2372572465], [-111.25044384411878, 45.1669584794], [-111.3046875, 45.12753937493456], [-111.375, 45.11475231474932], [-111.4453125, 45.128124927297335], [-111.4714495690518, 45.1669584794], [-111.4735840154764, 45.2372572465], [-111.515625, 45.254070356625164], [-111.54260822754937, 45.307556013600006], [-111.515625, 45.338698837273924]]}}, {"type": "Feature", "properties": {"level_in": 0.1}, "geometry": {"type": "LineString", "coordinates": [[-119.3203125, 45.17892935133482], [-119.25, 45.1835102585963], [-119.1796875, 45.175499933950135], [-119.15449717848028, 45.1669584794], [-119.109375, 45.132589894895446], [-119.0786504468061, 45.0966597123], [-119.109375, 45.08327053155566], [-119.16472551076461, 45.0966597123], [-119.1796875, 45.12028553828867], [-119.25, 45.13834805389969], [-119.3203125, 45.146343405197015], [-119.34321715174218, 45.166958479399995], [-119.3203125, 45.17892935133482]]}}, {"type": "Feature", "properties": {"level_in": 0.1}, "geometry": {"type": "LineString", "coordinates": [[-118.26562500000001, 45.16870108347081], [-118.1953125, 45.20457380007687], [-118.125, 45.193978023802856], [-118.10412496531404, 45.1669584794], [-118.08977187716846, 45.0966597123], [-118.08494819220613, 45.0263609453], [-118.07332114600754, 44.9560621782], [-118.0546875, 44.926529386898956], [-118.01746647552736, 44.8857634111], [-117.98437500000001, 44.83077383334019], [-117.97256507437282, 44.815464644], [-117.98437499999999, 44.80937456891234], [-118.0546875, 44.767761067124376], [-118.125, 44.760601152427256], [-118.1953125, 44.75846034021044], [-118.265625, 44.75550980592811], [-118.3359375, 44.756647775357145], [-118.40625, 44.76034183635653], [-118.4765625, 44.75134996438669], [-118.48627074662794, 44.7451658768], [-118.53994733795592, 44.6748671097], [-118.546875, 44.66824579446884], [-118.6171875, 44.65307385050304], [-118.6875, 44.64934342436517], [-118.7578125, 44.655068384462865], [-118.80230821313097, 44.6748671097], [-118.77899878614497, 44.7451658768], [-118.82091092289731, 44.815464644], [-118.828125, 44.83038815235097], [-118.85654343966047, 44.8857634111], [-118.828125, 44.9096493746087], [-118.76525186526366, 44.95606217819999], [-118.7578125, 44.96131572202001], [-118.6875, 45.0177686910444], [-118.66461299642341, 45.0263609453], [-118.6171875, 45.06048626775023], [-118.55730252309169, 45.0966597123], [-118.546875, 45.10161609068284], [-118.4940753521673, 45.0966597123], [-118.4765625, 45.093710260221066], [-118.40625, 45.08934961892018], [-118.39965130113704, 45.0966597123], [-118.3359375, 45.11459601660837], [-118.2676602173985, 45.16695847940001], [-118.26562500000001, 45.16870108347081]]}}, {"type": "Feature", "properties": {"level_in": 0.1}, "geometry": {"type": "LineString", "coordinates": [[-122.2734375, 44.97453175373883], [-122.203125, 44.981197862327306], [-122.16259174406369, 44.9560621782], [-122.1328125, 44.9277927121926], [-122.0920657672612, 44.8857634111], [-122.1328125, 44.848432441849745], [-122.203125, 44.8374104717259], [-122.2734375, 44.85140326194943], [-122.3280803486197, 44.8857634111], [-122.29900235979295, 44.9560621782], [-122.2734375, 44.97453175373883]]}}, {"type": "Feature", "properties": {"level_in": 0.1}, "geometry": {"type": "LineString", "coordinates": [[-111.4453125, 44.986132394992836], [-111.375, 45.024988318920265], [-111.3046875, 45.01569290679202], [-111.234375, 44.99612078618287], [-111.1640625, 44.972945523558124], [-111.11237673430003, 44.9560621782], [-111.09374999999999, 44.90746040728046], [-111.0234375, 44.905299387587476], [-110.953125, 44.9197147528803], [-110.8828125, 44.916328497188395], [-110.81862223765948, 44.8857634111], [-110.8125, 44.877243919921675], [-110.75045540565941, 44.815464644], [-110.7421875, 44.770642958632706], [-110.72369247313893, 44.7451658768], [-110.7421875, 44.743368905240835], [-110.8125, 44.743424250046374], [-110.82049573694425, 44.745165876799994], [-110.8828125, 44.7674570733159], [-110.9395254309082, 44.815464644], [-110.953125, 44.83165346770386], [-111.0234375, 44.87485259259999], [-111.09375, 44.88235507332679], [-111.16406250000001, 44.88393020676919], [-111.234375, 44.820429988639766], [-111.24835564277186, 44.815464644], [-111.3046875, 44.79008194617935], [-111.375, 44.79255282358804], [-111.4413506886619, 44.815464644], [-111.4453125, 44.817216054019426], [-111.50662314490833, 44.8857634111], [-111.47305904774838, 44.9560621782], [-111.4453125, 44.986132394992836]]}}, {"type": "Feature", "properties": {"level_in": 0.1}, "geometry": {"type": "LineString", "coordinates": [[-121.8515625, 44.933974201253946], [-121.78125, 44.95066226589841], [-121.7109375, 44.93815624077027], [-121.66808894628156, 44.8857634111], [-121.640625, 44.85415457063844], [-121.60782494569023, 44.815464644], [-121.57849002457846, 44.7451658768], [-121.5740880630564, 44.6748671097], [-121.61382917281833, 44.60456834259999], [-121.640625, 44.54522996205269], [-121.6475580584575, 44.5342695755], [-121.6908467486297, 44.4639708083], [-121.7109375, 44.44105337351587], [-121.73057425682069, 44.3936720412], [-121.7109375, 44.36619545638896], [-121.66736849518243, 44.323373274], [-121.640625, 44.288773313805564], [-121.60222675313653, 44.2530745069], [-121.5703125, 44.21791241129564], [-121.53210202143049, 44.1827757397], [-121.5, 44.14413388379079], [-121.46677633759032, 44.1124769726], [-121.47110242036791, 44.04217820539999], [-121.43872682651697, 43.97187943819999], [-121.48183269255703, 43.90158067099999], [-121.5, 43.89253595995194], [-121.5703125, 43.85924157301625], [-121.640625, 43.83789061306154], [-121.662538154592, 43.8312819038], [-121.7109375, 43.78026380741724], [-121.72236937289425, 43.7609831366], [-121.7109375, 43.720884457475094], [-121.70168826251708, 43.6906843694], [-121.7109375, 43.66338639513329], [-121.72848904104117, 43.6203856022], [-121.78125, 43.57062313349751], [-121.79928793910341, 43.550086835], [-121.84499469898266, 43.4797880678], [-121.8515625, 43.473659317420896], [-121.86800395194686, 43.4094893005], [-121.8515625, 43.38844569036456], [-121.78125000000001, 43.3506066565792], [-121.7109375, 43.36948624626056], [-121.64488318281923, 43.4094893005], [-121.640625, 43.412190042075345], [-121.5703125, 43.43530303168988], [-121.5, 43.42825732542969], [-121.4296875, 43.41875834231915], [-121.40091739372241, 43.4094893005], [-121.359375, 43.39914216319834], [-121.2890625, 43.37724891248634], [-121.22242347556086, 43.3391905333], [-121.23529934828903, 43.2688917661], [-121.2890625, 43.1994883417338], [-121.29063808386421, 43.1985929988], [-121.32328740412709, 43.1282942316], [-121.2890625, 43.1072636280955], [-121.22139934340613, 43.0579954643], [-121.21875, 43.05690664053699], [-121.1484375, 43.04212859620354], [-121.078125, 43.02473103865643], [-121.0078125, 43.015036960396486], [-120.9375, 43.0251461633035], [-120.8671875, 43.0180670917228], [-120.81706887072748, 42.987696697], [-120.79895297359907, 42.9173979298], [-120.81013903485704, 42.8470991625], [-120.796875, 42.82230773651059], [-120.75739245155263, 42.7768003952], [-120.73751302628085, 42.7065016279], [-120.7265625, 42.692882563291306], [-120.68135997480228, 42.6362028606], [-120.65625, 42.593476374433564], [-120.64210572080438, 42.5659040933], [-120.65625, 42.5318372662567], [-120.68885813015952, 42.495605326], [-120.7265625, 42.449893306080796], [-120.796875, 42.45453618838619], [-120.8671875, 42.46690584306212], [-120.91567528095234, 42.495605326], [-120.9375, 42.504120333022875], [-121.0078125, 42.54434364530928], [-121.078125, 42.56050876081062], [-121.14772244858504, 42.5659040933], [-121.1484375, 42.565972563793714], [-121.14889192572502, 42.5659040933], [-121.21875, 42.550037100416965], [-121.2890625, 42.53872895727318], [-121.359375, 42.542204143631444], [-121.4296875, 42.55773486623112], [-121.44097006209643, 42.5659040933], [-121.48746053880572, 42.636202860599994], [-121.4995119045263, 42.7065016279], [-121.44338557076293, 42.7768003952], [-121.5, 42.819368594553524], [-121.52515429883385, 42.8470991625], [-121.54196936938955, 42.9173979298], [-121.52813970371497, 42.987696697], [-121.5113424280496, 43.0579954643], [-121.5, 43.12359419797576], [-121.49835276542483, 43.1282942316], [-121.5, 43.12882050614837], [-121.5703125, 43.14710733788688], [-121.640625, 43.177724331224624], [-121.69275854284585, 43.198592998799995], [-121.7109375, 43.21540622622864], [-121.71626177819113, 43.1985929988], [-121.78125, 43.15014057061007], [-121.82817779050085, 43.12829423160001], [-121.8515625, 43.11157597711784], [-121.91397224954378, 43.0579954643], [-121.85190927743471, 42.987696697], [-121.87348273691903, 42.9173979298], [-121.88436917983864, 42.8470991625], [-121.921875, 42.81349661492432], [-121.96816556478889, 42.7768003952], [-121.98283326638644, 42.7065016279], [-121.9921875, 42.69828183691141], [-122.03504448172617, 42.6362028606], [-122.0625, 42.60691669468977], [-122.09276436030827, 42.5659040933], [-122.07179567126813, 42.495605326], [-122.0625, 42.45132021791374], [-122.05249094491624, 42.4253065587], [-122.01715829203437, 42.3550077914], [-122.04141157579541, 42.2847090241], [-122.02751122516365, 42.2144102568], [-122.0625, 42.18141393536649], [-122.1328125, 42.157310182213585], [-122.203125, 42.1457486732222], [-122.21915749847628, 42.1441114894], [-122.27343749999999, 42.13451148790513], [-122.34375, 42.12675506455192], [-122.4140625, 42.122272946362685], [-122.484375, 42.13243056359877], [-122.5056851712119, 42.1441114894], [-122.5546875, 42.188812912659806], [-122.59816916765664, 42.2144102568], [-122.5546875, 42.235663808671774], [-122.50716866750531, 42.28470902410001], [-122.48437500000001, 42.30625442539464], [-122.44004136836543, 42.3550077914], [-122.4140625, 42.404899301297235], [-122.40495979254774, 42.4253065587], [-122.4140625, 42.48433502736572], [-122.41724078024194, 42.495605326], [-122.4414937863905, 42.5659040933], [-122.43414186787916, 42.6362028606], [-122.41641764305955, 42.706501627899996], [-122.45110349333166, 42.7768003952], [-122.484375, 42.81648735091167], [-122.54996540642229, 42.8470991625], [-122.5546875, 42.84834775951224], [-122.56967358677056, 42.8470991625], [-122.62500000000001, 42.84048883094181], [-122.69531249999999, 42.843101890861], [-122.70425437947684, 42.8470991625], [-122.6953125, 42.85383140913291], [-122.67018610138767, 42.9173979298], [-122.6630872116209, 42.987696697], [-122.65304021826763, 43.05799546430001], [-122.6953125, 43.0778287708991], [-122.765625, 43.083761990249705], [-122.8359375, 43.087749672764176], [-122.90625, 43.10159875655178], [-122.95308527678583, 43.1282942316], [-122.9765625, 43.177238880002875], [-122.9848653590917, 43.1985929988], [-122.9765625, 43.20689423626436], [-122.90625, 43.23813740691847], [-122.84544833827924, 43.2688917661], [-122.8359375, 43.28010449988534], [-122.765625, 43.299507949762884], [-122.6953125, 43.31369409545871], [-122.625, 43.32338837004535], [-122.5546875, 43.33341052007076], [-122.51927800236214, 43.3391905333], [-122.5546875, 43.34597426091473], [-122.625, 43.370404681505015], [-122.6953125, 43.39195108009588], [-122.765625, 43.39521300376924], [-122.82057053684468, 43.4094893005], [-122.8359375, 43.41069623592525], [-122.90625, 43.42258455016946], [-122.9765625, 43.447763187042135], [-123.00200937318898, 43.4797880678], [-122.9912850533919, 43.550086835], [-122.9765625, 43.56305781878885], [-122.90625, 43.59552732531513], [-122.8359375, 43.61817972213739], [-122.83000793133232, 43.6203856022], [-122.765625, 43.66845633126417], [-122.6953125, 43.68960286999929], [-122.66078095271843, 43.6906843694], [-122.625, 43.69467386631398], [-122.60871967254835, 43.6906843694], [-122.5546875, 43.685292990488556], [-122.48437499999999, 43.6402173790496], [-122.46453934903089, 43.6203856022], [-122.4140625, 43.59805880147834], [-122.34375, 43.59687574018835], [-122.3034943858867, 43.6203856022], [-122.2734375, 43.650436617648275], [-122.24790312301636, 43.6906843694], [-122.24875458244122, 43.7609831366], [-122.2734375, 43.7991746580317], [-122.28808141844698, 43.83128190379999], [-122.34375, 43.860851161603605], [-122.4140625, 43.891100609361], [-122.43017694091449, 43.90158067099999], [-122.44639117725313, 43.9718794382], [-122.4140625, 43.995137857810946], [-122.34375, 44.026248919031545], [-122.27418298356638, 44.0421782054], [-122.2734375, 44.04256150364892], [-122.2716632492008, 44.0421782054], [-122.203125, 44.03820067695454], [-122.1328125, 44.03641688108929], [-122.11279952266219, 44.0421782054], [-122.0625, 44.068257943465284], [-122.02919254769395, 44.1124769726], [-122.0625, 44.17864576359134], [-122.0667952693683, 44.182775739700006], [-122.1328125, 44.24433970088831], [-122.20312500000001, 44.22559987125428], [-122.2734375, 44.208737524695614], [-122.34375, 44.20776861497043], [-122.4140625, 44.21519625307742], [-122.48437499999999, 44.24912320570358], [-122.48901424722641, 44.2530745069], [-122.484375, 44.25744043174335], [-122.43730251163865, 44.323373274], [-122.4140625, 44.34627589686858], [-122.35334209888879, 44.393672041200006], [-122.34375, 44.41883750201471], [-122.32107395405549, 44.4639708083], [-122.3049133194258, 44.534269575500005], [-122.34375, 44.58183908668882], [-122.4140625, 44.59044700173253], [-122.432167185682, 44.604568342600004], [-122.4140625, 44.61543978304214], [-122.34375, 44.614774145108655], [-122.29985648464037, 44.6045683426], [-122.2734375, 44.5861565619013], [-122.203125, 44.576784893988744], [-122.1328125, 44.57529171540168], [-122.0625, 44.603821767935464], [-122.06122718107649, 44.6045683426], [-122.00002278439752, 44.6748671097], [-121.99729487525488, 44.74516587680001], [-121.9921875, 44.755075009512794], [-121.96610986867785, 44.815464644], [-121.921875, 44.88357224224962], [-121.91921786792051, 44.8857634111], [-121.8515625, 44.933974201253946]]}}, {"type": "Feature", "properties": {"level_in": 0.1}, "geometry": {"type": "LineString", "coordinates": [[-116.7890625, 44.91362506336368], [-116.71875, 44.92867250292082], [-116.6484375, 44.90914536074673], [-116.63419219980791, 44.8857634111], [-116.6484375, 44.86854928010948], [-116.71875, 44.819005289531724], [-116.7890625, 44.847349157610594], [-116.81692959505165, 44.8857634111], [-116.7890625, 44.91362506336368]]}}, {"type": "Feature", "properties": {"level_in": 0.1}, "geometry": {"type": "LineString", "coordinates": [[-111.86718749999999, 44.89369351418679], [-111.83830005963696, 44.8857634111], [-111.796875, 44.8745661970499], [-111.73540114953505, 44.815464644], [-111.78367838470939, 44.7451658768], [-111.796875, 44.73509506635605], [-111.8671875, 44.700366677565185], [-111.9375, 44.690098154032256], [-112.0078125, 44.69182558130827], [-112.078125, 44.70452130330068], [-112.1484375, 44.71389780451547], [-112.21875, 44.721140734711184], [-112.28906249999999, 44.719619544437606], [-112.359375, 44.721674584368806], [-112.42355278315992, 44.7451658768], [-112.359375, 44.778669141180934], [-112.2890625, 44.77452005597477], [-112.21875, 44.77729658929269], [-112.1484375, 44.804793360930304], [-112.12391319614069, 44.815464644], [-112.078125, 44.824296871391525], [-112.0078125, 44.83409000665476], [-111.9375, 44.86400143476001], [-111.88651902093234, 44.88576341110001], [-111.86718749999999, 44.89369351418679]]}}, {"type": "Feature", "properties": {"level_in": 0.1}, "geometry": {"type": "LineString", "coordinates": [[-113.4140625, 44.87676989392676], [-113.34375, 44.870057762636684], [-113.2734375, 44.825634369468055], [-113.26139941983664, 44.815464644], [-113.203125, 44.779826752787145], [-113.1328125, 44.74821696156134], [-113.12990236285722, 44.7451658768], [-113.07684102426745, 44.6748671097], [-113.13281250000001, 44.650961636679824], [-113.203125, 44.66182075880354], [-113.22663356909179, 44.6748671097], [-113.27086376146265, 44.7451658768], [-113.2734375, 44.755833102290104], [-113.34375, 44.76748180347845], [-113.4140625, 44.78410136900714], [-113.451065240115, 44.815464644], [-113.4140625, 44.87676989392676]]}}, {"type": "Feature", "properties": {"level_in": 0.1}, "geometry": {"type": "LineString", "coordinates": [[-116.7890625, 44.751213736380045], [-116.71875, 44.8013020597619], [-116.64843750000001, 44.764139296773784], [-116.63976723951941, 44.7451658768], [-116.6484375, 44.73649730972843], [-116.71875, 44.72518520518701], [-116.78906249999999, 44.736971336565276], [-116.79747395108642, 44.7451658768], [-116.7890625, 44.751213736380045]]}}, {"type": "Feature", "properties": {"level_in": 0.1}, "geometry": {"type": "LineString", "coordinates": [[-113.8359375, 44.78339423175605], [-113.765625, 44.797368564422555], [-113.6953125, 44.800513235654066], [-113.625, 44.78203394022942], [-113.59195593455364, 44.7451658768], [-113.625, 44.67641190932114], [-113.62700090580519, 44.6748671097], [-113.6953125, 44.63754566208577], [-113.71465874797448, 44.6045683426], [-113.765625, 44.57831175607741], [-113.8359375, 44.56338795919077], [-113.90625, 44.55754907042173], [-113.97656250000001, 44.582115135959874], [-114.00706739663144, 44.6045683426], [-114.046875, 44.64728729721534], [-114.09710343240343, 44.6748671097], [-114.046875, 44.69507302890038], [-113.9765625, 44.71428473873536], [-113.90625, 44.73393590892257], [-113.88939041047702, 44.7451658768], [-113.8359375, 44.78339423175605]]}}, {"type": "Feature", "properties": {"level_in": 0.1}, "geometry": {"type": "LineString", "coordinates": [[-109.96875, 44.79379155612915], [-109.8984375, 44.811859715495736], [-109.828125, 44.77672887129059], [-109.79490031099832, 44.7451658768], [-109.7636499083046, 44.6748671097], [-109.828125, 44.62165624649545], [-109.8984375, 44.60978973023041], [-109.94621284981498, 44.6045683426], [-109.96875, 44.59788280254054], [-110.0211476191871, 44.5342695755], [-109.96875, 44.521657801527596], [-109.91682156614884, 44.4639708083], [-109.8984375, 44.435607593788504], [-109.86619934079094, 44.39367204119999], [-109.82975115157441, 44.323373274], [-109.828125, 44.32184792718895], [-109.7578125, 44.28248550470638], [-109.72304725248355, 44.2530745069], [-109.703000438897, 44.1827757397], [-109.69310518725605, 44.1124769726], [-109.6875, 44.083320554026045], [-109.65735021042228, 44.04217820539999], [-109.6171875, 44.03360391007454], [-109.546875, 44.01787737549283], [-109.47656249999999, 43.99005985364583], [-109.44321264778861, 43.9718794382], [-109.42676277321803, 43.901580671], [-109.4765625, 43.85883413575914], [-109.50856992621132, 43.8312819038], [-109.4765625, 43.80016230920919], [-109.42099681129024, 43.7609831366], [-109.4765625, 43.74945798248836], [-109.546875, 43.74032030720979], [-109.6171875, 43.733847788414124], [-109.6875, 43.72982365489291], [-109.7578125, 43.71642869593312], [-109.828125, 43.70120093835536], [-109.86786588705081, 43.6906843694], [-109.8984375, 43.67180742626621], [-109.96875, 43.629770427253725], [-109.98680377977124, 43.6203856022], [-110.0390625, 43.57201359020847], [-110.109375, 43.556043598111316], [-110.13094681245366, 43.550086835], [-110.1108951555768, 43.4797880678], [-110.109375, 43.47809673816641], [-110.1067147277406, 43.4797880678], [-110.0390625, 43.51861787703527], [-109.96875, 43.495868270447666], [-109.95063381799758, 43.4797880678], [-109.8984375, 43.4451261767005], [-109.828125, 43.44123020477144], [-109.7578125, 43.41100873678621], [-109.7549215131981, 43.4094893005], [-109.6875, 43.3817937869329], [-109.61718749999999, 43.33942436720828], [-109.61687595981297, 43.3391905333], [-109.54687499999999, 43.2727727283114], [-109.54338145190255, 43.2688917661], [-109.52384662647457, 43.1985929988], [-109.51562792815798, 43.1282942316], [-109.48889925157172, 43.0579954643], [-109.4765625, 43.049759495624144], [-109.40625, 43.01638476478418], [-109.36000813167139, 42.987696697], [-109.33835522259993, 42.9173979298], [-109.3359375, 42.91644294962811], [-109.265625, 42.88034339883765], [-109.2404880839145, 42.8470991625], [-109.22260007154998, 42.7768003952], [-109.22347684321906, 42.7065016279], [-109.265625, 42.68717512959257], [-109.31622221753403, 42.7065016279], [-109.3359375, 42.71464902021716], [-109.40559778641712, 42.7768003952], [-109.40625, 42.77747703383992], [-109.4765625, 42.83681234348355], [-109.4911464764941, 42.8470991625], [-109.546875, 42.8695824662651], [-109.60304333693061, 42.9173979298], [-109.6171875, 42.94995535655005], [-109.66646487746887, 42.987696697], [-109.6875, 42.996045919527624], [-109.7578125, 43.03613968160124], [-109.78685513742681, 43.05799546430001], [-109.828125, 43.07959042808195], [-109.8984375, 43.10514307895911], [-109.94636194530582, 43.1282942316], [-109.96875, 43.15866233223355], [-110.00377624985774, 43.1985929988], [-110.03674470554805, 43.2688917661], [-110.0390625, 43.27159533148824], [-110.04348737936708, 43.2688917661], [-110.109375, 43.239054381073586], [-110.1796875, 43.227167786774714], [-110.25, 43.23125217799084], [-110.32031249999999, 43.24017937419897], [-110.390625, 43.24566372376765], [-110.46093749999999, 43.24619725597719], [-110.50091859461747, 43.2688917661], [-110.53125, 43.285862464701076], [-110.60021178436308, 43.3391905333], [-110.6015625, 43.34032133331024], [-110.66511102186217, 43.4094893005], [-110.66003462334332, 43.4797880678], [-110.61585738216893, 43.550086835], [-110.6015625, 43.56387043957005], [-110.53125, 43.61157211107301], [-110.51552307034869, 43.6203856022], [-110.4609375, 43.66406384375248], [-110.42894368410629, 43.6906843694], [-110.45451482729737, 43.7609831366], [-110.4609375, 43.77889725126814], [-110.47424088749852, 43.83128190379999], [-110.4609375, 43.84381565325866], [-110.390625, 43.89149169183168], [-110.37160256035153, 43.901580671000005], [-110.390625, 43.942800242454894], [-110.41915482897255, 43.97187943819999], [-110.4609375, 43.98088760130342], [-110.53125, 43.98855591067165], [-110.6015625, 44.01205835967734], [-110.66374587174664, 44.0421782054], [-110.671875, 44.04526469118894], [-110.68487639305746, 44.04217820539999], [-110.7421875, 43.99437720929713], [-110.76227296717292, 43.9718794382], [-110.7421875, 43.92564775985825], [-110.73387428066405, 43.901580671], [-110.69912409735304, 43.8312819038], [-110.6837493619076, 43.7609831366], [-110.71276773713811, 43.6906843694], [-110.7421875, 43.66957973737425], [-110.80486293950463, 43.6203856022], [-110.8125, 43.61285799108771], [-110.8828125, 43.56576880598155], [-110.90390539268128, 43.550086835], [-110.94638188112835, 43.4797880678], [-110.953125, 43.451518988932335], [-110.96240276901875, 43.4094893005], [-110.95801693191478, 43.3391905333], [-111.0234375, 43.2953860939264], [-111.09375, 43.30009741888314], [-111.1640625, 43.317745635246006], [-111.19718353081112, 43.3391905333], [-111.20388746500527, 43.4094893005], [-111.19296329367226, 43.4797880678], [-111.17401988676015, 43.550086835], [-111.16406250000001, 43.57122598734574], [-111.12948688358651, 43.6203856022], [-111.09375, 43.63503887738402], [-111.058199168276, 43.6906843694], [-111.04424879882814, 43.7609831366], [-111.02570871269562, 43.8312819038], [-111.0234375, 43.85260497950055], [-111.0160627316976, 43.901580671], [-111.01608853558271, 43.9718794382], [-110.95754151724034, 44.0421782054], [-110.98101877893197, 44.1124769726], [-111.0234375, 44.15684052287198], [-111.06606369350766, 44.1827757397], [-111.09375, 44.19722134498241], [-111.1640625, 44.25195272384555], [-111.16583449006598, 44.2530745069], [-111.17890903927184, 44.323373274000005], [-111.16730119961764, 44.3936720412], [-111.1640625, 44.4092242217641], [-111.1487215045319, 44.4639708083], [-111.09375, 44.50921628536114], [-111.0234375, 44.521747551714675], [-110.953125, 44.51526271837512], [-110.8828125, 44.47531937719749], [-110.87026803623326, 44.463970808300004], [-110.84146806217765, 44.3936720412], [-110.8125, 44.37284821048828], [-110.7421875, 44.34041618185547], [-110.70294899495389, 44.323373274], [-110.671875, 44.31522178813518], [-110.6015625, 44.29691007484045], [-110.53125, 44.27087585258981], [-110.48438141547783, 44.2530745069], [-110.4609375, 44.24732563519861], [-110.390625, 44.247407997053365], [-110.35726595643999, 44.2530745069], [-110.3203125, 44.26451939723589], [-110.25142139013924, 44.323373274], [-110.25000000000001, 44.32649668061174], [-110.23269386927007, 44.3936720412], [-110.2479052248271, 44.4639708083], [-110.1796875, 44.51708795432847], [-110.109375, 44.532512796181734], [-110.08982136315241, 44.5342695755], [-110.05407838241828, 44.6045683426], [-110.06268993618394, 44.6748671097], [-110.0390625, 44.71210657941732], [-110.0122112271766, 44.7451658768], [-109.96875, 44.79379155612915]]}}, {"type": "Feature", "properties": {"level_in": 0.1}, "geometry": {"type": "LineString", "coordinates": [[-119.25, 44.68139457627295], [-119.1796875, 44.70279424790877], [-119.109375, 44.71447281859031], [-119.0390625, 44.71405184101971], [-118.96875000000001, 44.70162337911371], [-118.8984375, 44.68325035250166], [-118.85165542663981, 44.6748671097], [-118.8348926067587, 44.6045683426], [-118.8984375, 44.56676972506266], [-118.96875000000001, 44.573429616970756], [-119.0390625, 44.59458985785484], [-119.09779841450026, 44.6045683426], [-119.109375, 44.60648516161459], [-119.1796875, 44.60470709133927], [-119.25, 44.630911520691456], [-119.26610788598674, 44.6748671097], [-119.25, 44.68139457627295]]}}, {"type": "Feature", "properties": {"level_in": 0.1}, "geometry": {"type": "LineString", "coordinates": [[-117.84375, 44.61083561667944], [-117.83725949307546, 44.6045683426], [-117.84374999999999, 44.60230465423982], [-117.84945594062005, 44.604568342600004], [-117.84375, 44.61083561667944]]}}, {"type": "Feature", "properties": {"level_in": 0.1}, "geometry": {"type": "LineString", "coordinates": [[-120.65625, 44.542533314949246], [-120.5859375, 44.56085106812263], [-120.515625, 44.544791971877856], [-120.502533608408, 44.53426957549999], [-120.4453125, 44.48101795555841], [-120.41057308963474, 44.4639708083], [-120.375, 44.4411642711191], [-120.3046875, 44.43505103676907], [-120.234375, 44.42509298858949], [-120.1640625, 44.42760927509943], [-120.09375, 44.436472931834146], [-120.0234375, 44.45322255446283], [-119.98663417292764, 44.4639708083], [-119.953125, 44.47639267535319], [-119.92920100938355, 44.4639708083], [-119.8828125, 44.45014059960023], [-119.8125, 44.43436882199813], [-119.7421875, 44.41511054071095], [-119.68324318383569, 44.393672041200006], [-119.671875, 44.364546766455476], [-119.64973788653886, 44.323373274], [-119.62049265606517, 44.253074506900006], [-119.671875, 44.230743279758386], [-119.72095320064457, 44.2530745069], [-119.7421875, 44.2666204964973], [-119.8125, 44.28878145902934], [-119.8828125, 44.29346297866988], [-119.953125, 44.299824027083226], [-120.0234375, 44.30387215418034], [-120.09375, 44.31043110118148], [-120.16406250000001, 44.30704093668264], [-120.234375, 44.2908214711921], [-120.3046875, 44.30000183147361], [-120.34754811505317, 44.323373274], [-120.375, 44.352109003121605], [-120.4453125, 44.38742186121988], [-120.45577055112892, 44.3936720412], [-120.515625, 44.42804356563442], [-120.56808901973716, 44.4639708083], [-120.5859375, 44.48351931185326], [-120.65625, 44.524635958633894], [-120.67554176529738, 44.5342695755], [-120.65625, 44.542533314949246]]}}, {"type": "Feature", "properties": {"level_in": 0.1}, "geometry": {"type": "LineString", "coordinates": [[-113.5546875, 44.575168147939166], [-113.48437500000001, 44.56042830378462], [-113.4140625, 44.55383883929618], [-113.34375, 44.543965824971124], [-113.32845437640783, 44.53426957549999], [-113.34375, 44.51336403664249], [-113.38461965568342, 44.463970808300004], [-113.36476314416734, 44.3936720412], [-113.4140625, 44.33898433782882], [-113.484375, 44.37809087568627], [-113.50876112468785, 44.393672041200006], [-113.5546875, 44.462084993409135], [-113.55648559210756, 44.4639708083], [-113.55875275027608, 44.5342695755], [-113.5546875, 44.575168147939166]]}}, {"type": "Feature", "properties": {"level_in": 0.1}, "geometry": {"type": "LineString", "coordinates": [[-118.75781249999999, 44.39452253666142], [-118.71003371883914, 44.3936720412], [-118.6875, 44.39342055090339], [-118.6171875, 44.39157948974232], [-118.546875, 44.387595135556325], [-118.4765625, 44.38099234735371], [-118.40625, 44.35919870640265], [-118.37419245972114, 44.323373274], [-118.3643541383503, 44.2530745069], [-118.40625, 44.21210743725183], [-118.44092150725638, 44.1827757397], [-118.4765625, 44.14139081652843], [-118.546875, 44.13433991136796], [-118.6171875, 44.13983359768224], [-118.6875, 44.13760128603418], [-118.75781250000001, 44.15207915969569], [-118.79632893752655, 44.1827757397], [-118.828125, 44.20394356575527], [-118.8975096668999, 44.2530745069], [-118.87291528541186, 44.323373274], [-118.828125, 44.38396808374658], [-118.76852924838306, 44.3936720412], [-118.75781249999999, 44.39452253666142]]}}, {"type": "Feature", "properties": {"level_in": 0.1}, "geometry": {"type": "LineString", "coordinates": [[-119.3203125, 44.274069333442434], [-119.25, 44.28803137649946], [-119.1796875, 44.275970850606925], [-119.12742345394118, 44.2530745069], [-119.109375, 44.24204201039745], [-119.05756112167822, 44.182775739700006], [-119.109375, 44.128839814083605], [-119.140584656773, 44.1124769726], [-119.1796875, 44.08410408054061], [-119.23717201628205, 44.1124769726], [-119.25, 44.11535716592532], [-119.3203125, 44.1558066701665], [-119.33873973778127, 44.1827757397], [-119.3604244450861, 44.2530745069], [-119.3203125, 44.274069333442434]]}}, {"type": "Feature", "properties": {"level_in": 0.1}, "geometry": {"type": "LineString", "coordinates": [[-116.0859375, 44.19005971884377], [-116.06161302174544, 44.1827757397], [-116.0859375, 44.17929333650409], [-116.08912845390593, 44.1827757397], [-116.0859375, 44.19005971884377]]}}, {"type": "Feature", "properties": {"level_in": 0.1}, "geometry": {"type": "LineString", "coordinates": [[-119.67187499999999, 44.05529832698889], [-119.6331747679531, 44.0421782054], [-119.6015625, 44.02969459280308], [-119.53125, 44.020199765924225], [-119.46404420015546, 44.0421782054], [-119.4609375, 44.04341554602372], [-119.390625, 44.06008845428474], [-119.35327209775409, 44.0421782054], [-119.390625, 43.98278831329882], [-119.39544458495254, 43.9718794382], [-119.41588328075049, 43.901580671], [-119.4609375, 43.882614177517816], [-119.53125, 43.887160340697044], [-119.60156250000001, 43.89669227195164], [-119.61060497463887, 43.901580671], [-119.671875, 43.921192330479215], [-119.7421875, 43.95123549073309], [-119.76927881999848, 43.9718794382], [-119.7421875, 43.995600743959685], [-119.6955284859458, 44.04217820539999], [-119.67187499999999, 44.05529832698889]]}}, {"type": "Feature", "properties": {"level_in": 0.1}, "geometry": {"type": "LineString", "coordinates": [[-118.6875, 44.046974294751706], [-118.67956790954591, 44.042178205400006], [-118.6875, 44.0286590251807], [-118.74949234813423, 44.0421782054], [-118.6875, 44.046974294751706]]}}, {"type": "Feature", "properties": {"level_in": 0.1}, "geometry": {"type": "LineString", "coordinates": [[-120.72656250000001, 43.902804784099615], [-120.65625, 43.919039942180916], [-120.5859375, 43.909496627802596], [-120.54556979542923, 43.901580671], [-120.5859375, 43.857346304088615], [-120.65625, 43.858880122298416], [-120.7265625, 43.8990404447605], [-120.72836814698348, 43.901580671], [-120.72656250000001, 43.902804784099615]]}}, {"type": "Feature", "properties": {"level_in": 0.1}, "geometry": {"type": "LineString", "coordinates": [[-121.35937499999999, 43.86282070395727], [-121.2890625, 43.87309477554831], [-121.21875, 43.87556846382778], [-121.1484375, 43.874890738585435], [-121.08217143391298, 43.8312819038], [-121.078125, 43.82840585374708], [-121.0078125, 43.77360980053517], [-120.98138246342356, 43.76098313659999], [-120.95963362326259, 43.6906843694], [-120.9536738189779, 43.6203856022], [-121.0078125, 43.59918287891598], [-121.04552051653027, 43.550086835], [-121.078125, 43.52386042773253], [-121.1484375, 43.513264395620915], [-121.21875, 43.547620615543174], [-121.22231050704266, 43.550086835], [-121.2890625, 43.56925840020114], [-121.359375, 43.578269052552], [-121.4296875, 43.586037605168585], [-121.5, 43.60710036417602], [-121.51906351062655, 43.6203856022], [-121.5, 43.63453970601684], [-121.45442162723529, 43.6906843694], [-121.4296875, 43.73629039913066], [-121.40721366653901, 43.7609831366], [-121.40167138175914, 43.8312819038], [-121.35937499999999, 43.86282070395727]]}}, {"type": "Feature", "properties": {"level_in": 0.1}, "geometry": {"type": "LineString", "coordinates": [[-120.515625, 43.84170279891592], [-120.48389300087203, 43.8312819038], [-120.4453125, 43.82389558013509], [-120.41501062840238, 43.7609831366], [-120.4453125, 43.74938750903719], [-120.515625, 43.72934364133185], [-120.5859375, 43.718866321296915], [-120.65625, 43.737719134651535], [-120.68559850544662, 43.760983136600004], [-120.65625, 43.8101221062887], [-120.5859375, 43.82786675720346], [-120.528261652108, 43.83128190379999], [-120.515625, 43.84170279891592]]}}, {"type": "Feature", "properties": {"level_in": 0.1}, "geometry": {"type": "LineString", "coordinates": [[-120.3046875, 43.849301119728025], [-120.234375, 43.86390834746235], [-120.19573235349267, 43.8312819038], [-120.234375, 43.81419895660521], [-120.3046875, 43.82483197107729], [-120.33196000132817, 43.8312819038], [-120.3046875, 43.849301119728025]]}}, {"type": "Feature", "properties": {"level_in": 0.1}, "geometry": {"type": "LineString", "coordinates": [[-119.8125, 43.859598023525486], [-119.74218750000001, 43.84848158285746], [-119.71488359661573, 43.8312819038], [-119.69908289702308, 43.7609831366], [-119.7421875, 43.73629230289165], [-119.81250000000001, 43.7481848336908], [-119.82309658326909, 43.7609831366], [-119.86261471147274, 43.8312819038], [-119.8125, 43.859598023525486]]}}, {"type": "Feature", "properties": {"level_in": 0.1}, "geometry": {"type": "LineString", "coordinates": [[-119.53125, 43.76304573622141], [-119.52421549819618, 43.7609831366], [-119.53125, 43.75932455135509], [-119.5338879376401, 43.7609831366], [-119.53125, 43.76304573622141]]}}, {"type": "Feature", "properties": {"level_in": 0.1}, "geometry": {"type": "LineString", "coordinates": [[-111.4453125, 43.71224936571096], [-111.375, 43.70749190941474], [-111.32577694877386, 43.6906843694], [-111.3046875, 43.62407380502464], [-111.30255180958414, 43.6203856022], [-111.3046875, 43.62009633174835], [-111.375, 43.60937702575837], [-111.42944194213867, 43.6203856022], [-111.4453125, 43.63453765756819], [-111.46253211740174, 43.6906843694], [-111.4453125, 43.71224936571096]]}}, {"type": "Feature", "properties": {"level_in": 0.1}, "geometry": {"type": "LineString", "coordinates": [[-108.984375, 43.7060414561883], [-108.97672960317013, 43.6906843694], [-108.984375, 43.686965864790096], [-108.99959712292713, 43.6906843694], [-108.984375, 43.7060414561883]]}}, {"type": "Feature", "properties": {"level_in": 0.1}, "geometry": {"type": "LineString", "coordinates": [[-72.42187499999999, 43.62404717942708], [-72.4533542525889, 43.6203856022], [-72.4921875, 43.6001188346359], [-72.5625, 43.566405315954924], [-72.58655619192649, 43.550086835], [-72.5625, 43.52356091311634], [-72.4921875, 43.49726666392579], [-72.421875, 43.48652274933639], [-72.3515625, 43.508004976982505], [-72.28125, 43.54085110354869], [-72.24645526306216, 43.550086835], [-72.28125, 43.57791718791624], [-72.30032636092378, 43.6203856022], [-72.3515625, 43.62589059646682], [-72.421875, 43.62404717942708]]}}, {"type": "Feature", "properties": {"level_in": 0.1}, "geometry": {"type": "LineString", "coordinates": [[-113.6953125, 43.552716842402496], [-113.69362547944846, 43.550086835], [-113.625, 43.5109779530362], [-113.60878025319123, 43.4797880678], [-113.625, 43.46088510632926], [-113.6953125, 43.45625395198344], [-113.72609910714363, 43.4797880678], [-113.69826622543955, 43.550086835], [-113.6953125, 43.552716842402496]]}}, {"type": "Feature", "properties": {"level_in": 0.1}, "geometry": {"type": "LineString", "coordinates": [[-109.96875, 43.41304421587376], [-109.9718036409338, 43.4094893005], [-109.96875, 43.408055550188806], [-109.96750808867093, 43.4094893005], [-109.96875, 43.41304421587376]]}}, {"type": "Feature", "properties": {"level_in": 0.1}, "geometry": {"type": "LineString", "coordinates": [[-115.453125, 43.34312249989262], [-115.44474819957331, 43.3391905333], [-115.453125, 43.33567793440979], [-115.46082458922743, 43.3391905333], [-115.453125, 43.34312249989262]]}}, {"type": "Feature", "properties": {"level_in": 0.1}, "geometry": {"type": "LineString", "coordinates": [[-120.9375, 43.28828446051506], [-120.89291233804246, 43.2688917661], [-120.9375, 43.24717242077625], [-120.97808035473919, 43.2688917661], [-120.9375, 43.28828446051506]]}}, {"type": "Feature", "properties": {"level_in": 0.1}, "geometry": {"type": "LineString", "coordinates": [[-110.7421875, 43.1482567972303], [-110.671875, 43.15909690076883], [-110.6015625, 43.15246260741326], [-110.54417518981934, 43.1282942316], [-110.53125, 43.12106437186742], [-110.46979318258225, 43.0579954643], [-110.4609375, 43.014102472884964], [-110.45458806636515, 42.987696697], [-110.4609375, 42.981800868464745], [-110.53125, 42.94329849840011], [-110.58542607134609, 42.9173979298], [-110.6015625, 42.86485577337034], [-110.60480755238382, 42.8470991625], [-110.6015625, 42.843117375511376], [-110.56369247190204, 42.7768003952], [-110.55508621248052, 42.7065016279], [-110.6015625, 42.64764918202624], [-110.64359507583328, 42.6362028606], [-110.671875, 42.60527773058436], [-110.70819784475577, 42.6362028606], [-110.7421875, 42.64539428960276], [-110.79020127421359, 42.7065016279], [-110.8125, 42.73220278161324], [-110.83653125591026, 42.7768003952], [-110.8510337658465, 42.8470991625], [-110.84241524698227, 42.9173979298], [-110.84275971613745, 42.987696697], [-110.84374643305807, 43.05799546429999], [-110.8125, 43.12499774546291], [-110.80901969583942, 43.1282942316], [-110.7421875, 43.1482567972303]]}}, {"type": "Feature", "properties": {"level_in": 0.1}, "geometry": {"type": "LineString", "coordinates": [[-73.3359375, 43.14765003539527], [-73.265625, 43.14529479277722], [-73.24197652471341, 43.1282942316], [-73.25258289040981, 43.05799546429999], [-73.265625, 43.04969898338894], [-73.3359375, 43.047949902788496], [-73.40625, 43.052895144793744], [-73.41038991436943, 43.0579954643], [-73.40625, 43.07197166322518], [-73.38088342742672, 43.1282942316], [-73.3359375, 43.14765003539527]]}}, {"type": "Feature", "properties": {"level_in": 0.1}, "geometry": {"type": "LineString", "coordinates": [[-123.9609375, 42.84980495285273], [-123.890625, 42.88362113450614], [-123.8203125, 42.885670399180796], [-123.75, 42.87012011659634], [-123.7013591349896, 42.8470991625], [-123.69543551156889, 42.7768003952], [-123.6796875, 42.747312403425205], [-123.65307475005974, 42.706501627899996], [-123.61860996649915, 42.6362028606], [-123.609375, 42.619816019244084], [-123.57698658178454, 42.5659040933], [-123.609375, 42.50606024065031], [-123.61317546120358, 42.495605326], [-123.62785793637349, 42.4253065587], [-123.62597367127731, 42.3550077914], [-123.64803921418317, 42.2847090241], [-123.6796875, 42.265254989359136], [-123.70329339207501, 42.2144102568], [-123.75, 42.14929869945249], [-123.7540926955066, 42.1441114894], [-123.77635366153208, 42.0738127221], [-123.8203125, 42.019327290018076], [-123.890625, 42.03277818474498], [-123.95030460239914, 42.0738127221], [-123.9609375, 42.08047971325907], [-124.01047463819611, 42.1441114894], [-124.01087251185507, 42.2144102568], [-124.02133045244682, 42.2847090241], [-124.03125, 42.293846778494505], [-124.1015625, 42.30398095761499], [-124.171875, 42.30816704900151], [-124.2421875, 42.33974504224359], [-124.25745323069881, 42.3550077914], [-124.2421875, 42.38509114493888], [-124.22518814360996, 42.4253065587], [-124.19585669379096, 42.495605326], [-124.171875, 42.51958233593807], [-124.12536006720852, 42.5659040933], [-124.171875, 42.62945892959921], [-124.17945954268417, 42.6362028606], [-124.23246174035452, 42.7065016279], [-124.18956709593277, 42.7768003952], [-124.171875, 42.78521312781171], [-124.1015625, 42.80894935516159], [-124.03125, 42.82571604736302], [-123.96548083543587, 42.8470991625], [-123.9609375, 42.84980495285273]]}}, {"type": "Feature", "properties": {"level_in": 0.1}, "geometry": {"type": "LineString", "coordinates": [[-123.1171875, 42.71124487695691], [-123.10213287685394, 42.706501627899996], [-123.11718749999999, 42.70350427636954], [-123.12530059363066, 42.7065016279], [-123.1171875, 42.71124487695691]]}}, {"type": "Feature", "properties": {"level_in": 0.1}, "geometry": {"type": "LineString", "coordinates": [[-121.7109375, 42.48482119119935], [-121.64542117116203, 42.4253065587], [-121.7109375, 42.38790957119074], [-121.74661248468607, 42.4253065587], [-121.7109375, 42.48482119119935]]}}, {"type": "Feature", "properties": {"level_in": 0.1}, "geometry": {"type": "LineString", "coordinates": [[-120.65625, 42.442894058588735], [-120.6416590699632, 42.4253065587], [-120.65625, 42.413139345431524], [-120.68080082548391, 42.4253065587], [-120.65625, 42.442894058588735]]}}, {"type": "Feature", "properties": {"level_in": 0.1}, "geometry": {"type": "LineString", "coordinates": [[-121.28906250000001, 42.382833474289086], [-121.25790375160152, 42.3550077914], [-121.2890625, 42.33671388963923], [-121.34314940162176, 42.3550077914], [-121.28906250000001, 42.382833474289086]]}}, {"type": "Feature", "properties": {"level_in": 0.1}, "geometry": {"type": "LineString", "coordinates": [[-120.37500000000001, 42.35944628536399], [-120.30468749999999, 42.36044229625138], [-120.28547229792667, 42.3550077914], [-120.234375, 42.30253972197454], [-120.23081137466309, 42.284709024099996], [-120.20644103851211, 42.2144102568], [-120.234375, 42.17669237710969], [-120.3046875, 42.2050901603331], [-120.30896716713126, 42.2144102568], [-120.375, 42.268305634132886], [-120.40471663645442, 42.2847090241], [-120.38300181085692, 42.3550077914], [-120.37500000000001, 42.35944628536399]]}}, {"type": "Feature", "properties": {"level_in": 0.1}, "geometry": {"type": "LineString", "coordinates": [[-71.15625, 42.374527798926835], [-71.0859375, 42.38640496081187], [-71.015625, 42.38554791735939], [-70.9453125, 42.359461220916536], [-70.93941199884868, 42.3550077914], [-70.875, 42.31469270653912], [-70.83446469142861, 42.2847090241], [-70.875, 42.231567919654495], [-70.9144362345094, 42.2144102568], [-70.9453125, 42.20624667374431], [-71.015625, 42.20891366577575], [-71.05475201696537, 42.2144102568], [-71.0859375, 42.218657881389944], [-71.15625, 42.23966561516367], [-71.2265625, 42.28289401949182], [-71.22869420857084, 42.2847090241], [-71.2265625, 42.290008837411825], [-71.19870036369342, 42.3550077914], [-71.15625, 42.374527798926835]]}}, {"type": "Feature", "properties": {"level_in": 0.1}, "geometry": {"type": "LineString", "coordinates": [[-123.3984375, 42.189093732736005], [-123.328125, 42.18121299796197], [-123.27018109430286, 42.1441114894], [-123.2578125, 42.135900710328855], [-123.1875, 42.10486135049314], [-123.1171875, 42.09224651865273], [-123.046875, 42.097443355910485], [-122.9765625, 42.12581393048233], [-122.90625, 42.142343374019255], [-122.89340677175807, 42.1441114894], [-122.8359375, 42.16406540016147], [-122.80061662939212, 42.1441114894], [-122.765625, 42.13516800822631], [-122.6953125, 42.113598091671], [-122.625, 42.0816147285841], [-122.61698596952564, 42.0738127221], [-122.625, 42.06664912266685], [-122.65228479680502, 42.0035139548], [-122.6953125, 41.9522305215377], [-122.71453623652407, 41.9332151874], [-122.765625, 41.87130992145985], [-122.79995180139085, 41.8629164201], [-122.8359375, 41.85041417940345], [-122.90625, 41.83727510657933], [-122.9765625, 41.82855439498042], [-123.046875, 41.82056829850998], [-123.1171875, 41.831432823483766], [-123.16825980350504, 41.8629164201], [-123.1875, 41.867751008526426], [-123.2578125, 41.875617876420186], [-123.328125, 41.875329828038076], [-123.38982153035604, 41.8629164201], [-123.3984375, 41.85731445467897], [-123.43507073921268, 41.7926176527], [-123.46875, 41.75561534073431], [-123.48912955488453, 41.7223188853], [-123.46875, 41.657072419824345], [-123.3984375, 41.671715496801724], [-123.328125, 41.70403088564724], [-123.29150608638363, 41.7223188853], [-123.2578125, 41.756005891053675], [-123.1875, 41.770787989283], [-123.1171875, 41.759642170757644], [-123.06567130503262, 41.7223188853], [-123.046875, 41.71141708041169], [-122.9793313436739, 41.652020118], [-122.98783701043429, 41.5817213506], [-122.9765625, 41.56013078394744], [-122.93497933790536, 41.5114225832], [-122.90841344967092, 41.4411238158], [-122.90625, 41.43838763757348], [-122.8359375, 41.37295919935862], [-122.765625, 41.40456699837645], [-122.71049027883588, 41.441123815800005], [-122.70706680289958, 41.5114225832], [-122.70018681718939, 41.581721350600006], [-122.6953125, 41.58350956092532], [-122.69469213257908, 41.5817213506], [-122.66150831057341, 41.5114225832], [-122.625, 41.50178599315119], [-122.5546875, 41.475066749385554], [-122.484375, 41.468772799534726], [-122.4140625, 41.47127838397135], [-122.34375, 41.51079954400137], [-122.34289213688982, 41.5114225832], [-122.2734375, 41.54881580698299], [-122.25620942984506, 41.5817213506], [-122.23093172830846, 41.652020117999996], [-122.26119497632996, 41.7223188853], [-122.2734375, 41.7340516544075], [-122.3199859123213, 41.7926176527], [-122.34375, 41.85003631290448], [-122.35163852201745, 41.8629164201], [-122.34375, 41.875028240567886], [-122.2734375, 41.91643145429344], [-122.203125, 41.916872103133095], [-122.1328125, 41.91087305324417], [-122.0625, 41.87770995259991], [-122.0463064903883, 41.86291642009999], [-122.01193674930494, 41.7926176527], [-121.9921875, 41.75060752434605], [-121.96941414547251, 41.7223188853], [-121.921875, 41.70519318512899], [-121.88373596919304, 41.7223188853], [-121.85156250000001, 41.748878694811125], [-121.78125, 41.77424181642916], [-121.7109375, 41.77320512730264], [-121.640625, 41.764085560701034], [-121.5703125, 41.738045892521356], [-121.5413807600388, 41.7223188853], [-121.5, 41.69854760198566], [-121.42968750000001, 41.66160570631901], [-121.41614869657334, 41.652020118], [-121.359375, 41.59150903000484], [-121.35098715173044, 41.5817213506], [-121.33054466662668, 41.5114225832], [-121.359375, 41.47751995288155], [-121.39267276194398, 41.4411238158], [-121.4296875, 41.41740753886953], [-121.5, 41.375091626571916], [-121.50651979089369, 41.3708250484], [-121.5703125, 41.314914197551325], [-121.5828887455729, 41.30052628109999], [-121.60302626624815, 41.2302275137], [-121.61482611437779, 41.1599287463], [-121.640625, 41.14213489803021], [-121.7109375, 41.0915267462297], [-121.71626367512884, 41.0896299788], [-121.78125, 41.06616276239416], [-121.8515625, 41.06583705944887], [-121.921875, 41.07488772693543], [-121.95706323714381, 41.0896299788], [-121.9921875, 41.09963821591212], [-122.0625, 41.115670833673335], [-122.1328125, 41.13604029772837], [-122.20312499999999, 41.155438498632364], [-122.2734375, 41.11353737658135], [-122.30132476038511, 41.0896299788], [-122.34375, 41.060408998039144], [-122.4140625, 41.04447659856642], [-122.47832780970107, 41.0193312114], [-122.484375, 41.01328520216625], [-122.5546875, 41.00587802400005], [-122.625, 40.97704135745968], [-122.66219269799237, 40.949032444], [-122.6953125, 40.92276017614855], [-122.76054264972765, 40.8787336766], [-122.765625, 40.87517570392804], [-122.8359375, 40.82288237819425], [-122.90625, 40.81388069290595], [-122.9765625, 40.810997347064415], [-122.98816414147434, 40.8084349092], [-123.046875, 40.7673037867668], [-123.1171875, 40.74979258191978], [-123.1875, 40.74500970510245], [-123.2578125, 40.76807147991765], [-123.27275966236657, 40.8084349092], [-123.328125, 40.86724909319909], [-123.3377682619416, 40.8787336766], [-123.3984375, 40.90178253512586], [-123.46875, 40.94258520452854], [-123.47888223334611, 40.949032444], [-123.5390625, 40.967589298906326], [-123.58092329547253, 41.0193312114], [-123.609375, 41.0701268017248], [-123.62888198694753, 41.0896299788], [-123.609375, 41.11567661283894], [-123.59746627073702, 41.1599287463], [-123.57164955418122, 41.2302275137], [-123.5390625, 41.27841897371051], [-123.46875, 41.29793899509469], [-123.3984375, 41.29882806647957], [-123.328125, 41.290812793982546], [-123.30589382193011, 41.3005262811], [-123.328125, 41.31306863909539], [-123.39843749999999, 41.367907441776715], [-123.39937526469697, 41.3708250484], [-123.46875, 41.40629297866341], [-123.53256151499627, 41.4411238158], [-123.5390625, 41.44236150697852], [-123.54033399427772, 41.4411238158], [-123.609375, 41.37574264773456], [-123.66547539154561, 41.37082504840001], [-123.6796875, 41.36811256397179], [-123.75, 41.358457142995405], [-123.76237032144603, 41.37082504840001], [-123.8203125, 41.40354656922619], [-123.8578970871477, 41.4411238158], [-123.87171088518282, 41.5114225832], [-123.87793251713184, 41.5817213506], [-123.8730245195724, 41.652020118], [-123.890625, 41.70838150808633], [-123.90456509984776, 41.7223188853], [-123.890625, 41.73625626253349], [-123.87011808823854, 41.7926176527], [-123.85762925831962, 41.8629164201], [-123.8203125, 41.886453813109284], [-123.79115193884519, 41.9332151874], [-123.75, 41.984781568825966], [-123.6796875, 41.987919724437766], [-123.62991963837275, 42.0035139548], [-123.609375, 42.01916224242567], [-123.5390625, 42.04564050693199], [-123.51665652774838, 42.0738127221], [-123.46875, 42.14011357647625], [-123.4628177854399, 42.1441114894], [-123.3984375, 42.189093732736005]]}}, {"type": "Feature", "properties": {"level_in": 0.1}, "geometry": {"type": "LineString", "coordinates": [[-121.0078125, 42.079438342098726], [-120.9375, 42.107252159546675], [-120.86815495931322, 42.0738127221], [-120.8671875, 42.07322691050036], [-120.796875, 42.06405909855127], [-120.7930861021096, 42.0738127221], [-120.7265625, 42.108483814516205], [-120.65625, 42.077512101687965], [-120.65378862759229, 42.0738127221], [-120.63215396494473, 42.0035139548], [-120.65625, 41.969286022404084], [-120.7265625, 41.97484004393002], [-120.76677252540304, 41.9332151874], [-120.796875, 41.917344482461786], [-120.8671875, 41.8962199683765], [-120.9375, 41.92507861816689], [-120.94639409795064, 41.9332151874], [-120.99831144656028, 42.0035139548], [-121.0078125, 42.04868063973808], [-121.01434711571216, 42.0738127221], [-121.0078125, 42.079438342098726]]}}, {"type": "Feature", "properties": {"level_in": 0.1}, "geometry": {"type": "LineString", "coordinates": [[-90.9140625, 41.943493613837305], [-90.92276132407581, 41.9332151874], [-90.9140625, 41.92169954892741], [-90.84375, 41.92576184615095], [-90.79777878116086, 41.9332151874], [-90.84375, 41.947541094321636], [-90.9140625, 41.943493613837305]]}}, {"type": "Feature", "properties": {"level_in": 0.1}, "geometry": {"type": "LineString", "coordinates": [[-91.0546875, 41.86712670563319], [-91.06668000480457, 41.8629164201], [-91.0546875, 41.83139943299468], [-91.02841820106329, 41.8629164201], [-91.0546875, 41.86712670563319]]}}, {"type": "Feature", "properties": {"level_in": 0.1}, "geometry": {"type": "LineString", "coordinates": [[-90.6328125, 41.87116994499493], [-90.6801626524082, 41.8629164201], [-90.6328125, 41.856736441624605], [-90.61462726841587, 41.8629164201], [-90.6328125, 41.87116994499493]]}}, {"type": "Feature", "properties": {"level_in": 0.1}, "geometry": {"type": "LineString", "coordinates": [[-122.76562499999999, 41.663400684153075], [-122.73833512013445, 41.65202011800001], [-122.765625, 41.60673693753839], [-122.78341295793918, 41.652020117999996], [-122.76562499999999, 41.663400684153075]]}}, {"type": "Feature", "properties": {"level_in": 0.1}, "geometry": {"type": "LineString", "coordinates": [[-90.140625, 41.58583663520318], [-90.1343822657053, 41.5817213506], [-90.140625, 41.577661828978684], [-90.15189008143022, 41.5817213506], [-90.140625, 41.58583663520318]]}}, {"type": "Feature", "properties": {"level_in": 0.1}, "geometry": {"type": "LineString", "coordinates": [[-98.71875, 41.44378872252523], [-98.72166146499562, 41.4411238158], [-98.75029980826562, 41.3708250484], [-98.74979918826665, 41.3005262811], [-98.75701823266458, 41.2302275137], [-98.76771457109379, 41.1599287463], [-98.75640529351642, 41.0896299788], [-98.73616863397419, 41.0193312114], [-98.71875, 40.97378366117288], [-98.66511176743258, 40.949032444], [-98.6484375, 40.94201309088103], [-98.578125, 40.93389247062957], [-98.57124185234693, 40.949032444], [-98.52255739864397, 41.0193312114], [-98.5078125, 41.03330741034506], [-98.47041866832632, 41.089629978800005], [-98.4375, 41.13795678472112], [-98.42303229223597, 41.1599287463], [-98.39814286684802, 41.2302275137], [-98.4073798814443, 41.3005262811], [-98.43750000000001, 41.37039131774063], [-98.43777113468452, 41.3708250484], [-98.5078125, 41.4262924942725], [-98.54110703702398, 41.4411238158], [-98.578125, 41.45523809212472], [-98.6484375, 41.465689215004396], [-98.71875, 41.44378872252523]]}}, {"type": "Feature", "properties": {"level_in": 0.1}, "geometry": {"type": "LineString", "coordinates": [[-123.2578125, 41.26314034542014], [-123.2742566850322, 41.2302275137], [-123.2578125, 41.21179771374293], [-123.19237278640385, 41.1599287463], [-123.1875, 41.15728276543363], [-123.18125432535244, 41.1599287463], [-123.17007559062552, 41.2302275137], [-123.1875, 41.23891008787934], [-123.2578125, 41.26314034542014]]}}, {"type": "Feature", "properties": {"level_in": 0.1}, "geometry": {"type": "LineString", "coordinates": [[-90.984375, 41.203432607591886], [-91.05053762251137, 41.1599287463], [-90.99937370734362, 41.0896299788], [-90.984375, 41.059944496936396], [-90.95692456952229, 41.0896299788], [-90.92400159362408, 41.1599287463], [-90.984375, 41.20343260759188]]}}, {"type": "Feature", "properties": {"level_in": 0.1}, "geometry": {"type": "LineString", "coordinates": [[-123.82031250000001, 40.840143395209296], [-123.75, 40.86183023124692], [-123.6796875, 40.85798042066128], [-123.609375, 40.849429430448296], [-123.54180475116809, 40.8084349092], [-123.5390625, 40.80654521399335], [-123.46875, 40.74579520908769], [-123.45078299947627, 40.7381361417], [-123.3984375, 40.70760723025707], [-123.328125, 40.71789588183543], [-123.2578125, 40.718879142808035], [-123.1875, 40.712374098800694], [-123.14467670221173, 40.6678373743], [-123.1171875, 40.634303640050106], [-123.0733913761778, 40.5975386068], [-123.09587469527148, 40.52723983940001], [-123.04687500000001, 40.46150229588099], [-123.04391859835505, 40.4569410719], [-123.00729032931375, 40.3866423045], [-122.9765625, 40.3420882608899], [-122.95830171851043, 40.31634353700001], [-122.90625, 40.246967962551594], [-122.90526136788608, 40.2460447695], [-122.8686883081001, 40.1757460021], [-122.8359375, 40.13208169810261], [-122.80773234210622, 40.10544723460001], [-122.76900907627972, 40.0351484671], [-122.765625, 40.02687454707787], [-122.73939656799118, 39.964849699599995], [-122.765625, 39.921706158708865], [-122.78149117445541, 39.8945509321], [-122.81286745977586, 39.8242521646], [-122.82745917963446, 39.75395339709999], [-122.77826203707983, 39.6836546296], [-122.765625, 39.657529205591956], [-122.7436706595224, 39.61335586210001], [-122.73927238842035, 39.5430570946], [-122.74226853924078, 39.47275832710001], [-122.765625, 39.4527994390481], [-122.8359375, 39.43497306221026], [-122.90027322583526, 39.4727583271], [-122.90625, 39.47409432637813], [-122.9765625, 39.51112501927906], [-123.02548549405019, 39.5430570946], [-123.046875, 39.5737679920843], [-123.07762477814316, 39.6133558621], [-123.05638166338754, 39.6836546296], [-123.04687500000001, 39.69559515761658], [-122.99821019543144, 39.7539533971], [-123.02215113843317, 39.8242521646], [-123.046875, 39.83324162654107], [-123.1171875, 39.86676326259339], [-123.16274452724167, 39.8945509321], [-123.1875, 39.90657325569345], [-123.2578125, 39.95054152421072], [-123.27623277883562, 39.9648496996], [-123.30421457145715, 40.0351484671], [-123.3010817753266, 40.1054472346], [-123.31928896843326, 40.1757460021], [-123.328125, 40.18069144198752], [-123.3984375, 40.19722255019619], [-123.46875, 40.20738380974059], [-123.53906249999999, 40.22789415934167], [-123.56732696598613, 40.2460447695], [-123.59071154398374, 40.316343537], [-123.609375, 40.338242079357215], [-123.65778467987599, 40.3866423045], [-123.6796875, 40.41843051219711], [-123.73651903833024, 40.4569410719], [-123.72698831291461, 40.5272398394], [-123.75, 40.553280526321686], [-123.794266726128, 40.5975386068], [-123.8203125, 40.627061239954315], [-123.86109659975227, 40.6678373743], [-123.86230089258254, 40.7381361417], [-123.85125864999645, 40.8084349092], [-123.82031250000001, 40.840143395209296]]}}, {"type": "Feature", "properties": {"level_in": 0.1}, "geometry": {"type": "LineString", "coordinates": [[-121.78125, 40.812150269646764], [-121.7109375, 40.820586924789914], [-121.67380549307578, 40.8084349092], [-121.640625, 40.795349051721004], [-121.5703125, 40.76535631060955], [-121.51642620089424, 40.7381361417], [-121.5, 40.727568440557675], [-121.4296875, 40.686542996791346], [-121.39018678494489, 40.6678373743], [-121.359375, 40.653562654548416], [-121.2890625, 40.659374555372914], [-121.21875, 40.66499951662097], [-121.1484375, 40.66264027794765], [-121.078125, 40.65337837861388], [-121.0078125, 40.61714975781489], [-120.99042055046067, 40.5975386068], [-120.97929580847901, 40.52723983940001], [-120.98479766998602, 40.4569410719], [-121.0078125, 40.42922928938158], [-121.078125, 40.39374916385873], [-121.11162476791739, 40.3866423045], [-121.1484375, 40.3734616330991], [-121.21875, 40.346728182946165], [-121.2890625, 40.32371417932997], [-121.30429314736176, 40.316343537], [-121.2890625, 40.24738144346098], [-121.28875191689906, 40.2460447695], [-121.23655119069029, 40.1757460021], [-121.21875, 40.107668060255115], [-121.21818556395374, 40.1054472346], [-121.21875000000001, 40.10416072088652], [-121.24836973608473, 40.0351484671], [-121.2890625, 39.98925876982043], [-121.359375, 39.976538749613724], [-121.4296875, 39.97881806026926], [-121.5, 40.01685874071609], [-121.5182932991872, 40.0351484671], [-121.5703125, 40.09157780531902], [-121.58471417578326, 40.1054472346], [-121.57827623041753, 40.1757460021], [-121.5703125, 40.206355304983774], [-121.56388330946601, 40.2460447695], [-121.5703125, 40.25538346730361], [-121.62438312286378, 40.316343537], [-121.640625, 40.32668743971778], [-121.7109375, 40.36797149271516], [-121.72337944526663, 40.3866423045], [-121.7109375, 40.41864092899277], [-121.69868762838033, 40.4569410719], [-121.7109375, 40.47676888276782], [-121.7414520238012, 40.5272398394], [-121.75887080262468, 40.5975386068], [-121.78125, 40.6186138594081], [-121.84438324652027, 40.6678373743], [-121.8270187086129, 40.7381361417], [-121.79670804031878, 40.8084349092], [-121.78125, 40.812150269646764]]}}, {"type": "Feature", "properties": {"level_in": 0.1}, "geometry": {"type": "LineString", "coordinates": [[-105.1875, 40.678276711239285], [-105.14675815298187, 40.6678373743], [-105.1875, 40.640916062194144], [-105.20291038676025, 40.6678373743], [-105.1875, 40.678276711239285]]}}, {"type": "Feature", "properties": {"level_in": 0.1}, "geometry": {"type": "LineString", "coordinates": [[-122.9765625, 40.55557029493051], [-122.90625, 40.56941266249376], [-122.8359375, 40.55722425632045], [-122.79222090911085, 40.5272398394], [-122.8359375, 40.49614792679954], [-122.90625, 40.46781719987615], [-122.9765625, 40.502179800327355], [-123.0093888907953, 40.5272398394], [-122.9765625, 40.55557029493051]]}}, {"type": "Feature", "properties": {"level_in": 0.1}, "geometry": {"type": "LineString", "coordinates": [[-105.890625, 40.581127167255076], [-105.8203125, 40.55219379599018], [-105.78533369544553, 40.527239839399996], [-105.77330238360437, 40.4569410719], [-105.8203125, 40.40863858227709], [-105.890625, 40.410588434160154], [-105.93931535916508, 40.4569410719], [-105.94119966942375, 40.5272398394], [-105.890625, 40.581127167255076]]}}, {"type": "Feature", "properties": {"level_in": 0.1}, "geometry": {"type": "LineString", "coordinates": [[-95.41406249999999, 40.393073928693575], [-95.41977393586811, 40.3866423045], [-95.41637568592849, 40.316343537], [-95.4140625, 40.297290964438545], [-95.40658765286756, 40.2460447695], [-95.41311882298275, 40.1757460021], [-95.4140625, 40.12165203515965], [-95.41431707344393, 40.1054472346], [-95.4140625, 40.104979791849004], [-95.36808859892611, 40.0351484671], [-95.34375, 40.02207109566787], [-95.2734375, 39.99675468707294], [-95.203125, 39.97715450642373], [-95.16439829575145, 39.9648496996], [-95.1328125, 39.9568481101482], [-95.0625, 39.95338439977472], [-95.0116605571302, 39.9648496996], [-95.02070109613814, 40.0351484671], [-95.05339414338823, 40.10544723460001], [-95.0625, 40.11474098597331], [-95.11012297100675, 40.1757460021], [-95.1328125, 40.20022201436979], [-95.17599279316465, 40.2460447695], [-95.203125, 40.28059587133451], [-95.23578551911916, 40.316343537], [-95.2734375, 40.35712521970669], [-95.31989962451448, 40.3866423045], [-95.34375, 40.3992909102513], [-95.4140625, 40.393073928693575]]}}, {"type": "Feature", "properties": {"level_in": 0.1}, "geometry": {"type": "LineString", "coordinates": [[-98.4375, 40.17328720020641], [-98.46353667117718, 40.1054472346], [-98.47517766354927, 40.0351484671], [-98.4375, 40.006493283674075], [-98.38148557514114, 39.9648496996], [-98.3671875, 39.95644639227877], [-98.296875, 39.90937721051573], [-98.27031527896042, 39.8945509321], [-98.2265625, 39.86303630219525], [-98.1836145147021, 39.8242521646], [-98.15625, 39.760414000191325], [-98.1531483081538, 39.7539533971], [-98.15357612832867, 39.6836546296], [-98.14433043108937, 39.6133558621], [-98.11103784326545, 39.5430570946], [-98.0859375, 39.517961653598924], [-98.015625, 39.505922236092374], [-97.9453125, 39.51767385429273], [-97.91653922370969, 39.5430570946], [-97.875, 39.57163355705873], [-97.82019730943715, 39.61335586210001], [-97.8046875, 39.62886264236796], [-97.75299861763173, 39.6836546296], [-97.76219145989083, 39.7539533971], [-97.79228660909558, 39.8242521646], [-97.8046875, 39.862825130443], [-97.82323220295905, 39.8945509321], [-97.875, 39.95682193496282], [-97.88434321337343, 39.96484969960001], [-97.9453125, 40.00129159447486], [-98.015625, 40.0263154390458], [-98.0397197968719, 40.0351484671], [-98.0859375, 40.048643026649636], [-98.15625, 40.06913148393795], [-98.2265625, 40.10370227909441], [-98.22878595787893, 40.10544723460001], [-98.296875, 40.14720795118076], [-98.3671875, 40.161202674590356], [-98.4375, 40.17328720020641]]}}, {"type": "Feature", "properties": {"level_in": 0.1}, "geometry": {"type": "LineString", "coordinates": [[-105.890625, 39.85818003215475], [-105.82610165573048, 39.8242521646], [-105.83012213216114, 39.7539533971], [-105.890625, 39.69346234587458], [-105.94794351713352, 39.7539533971], [-105.93936071784243, 39.8242521646], [-105.890625, 39.85818003215475]]}}, {"type": "Feature", "properties": {"level_in": 0.1}, "geometry": {"type": "LineString", "coordinates": [[-120.65625, 39.66202434946662], [-120.5859375, 39.661101674514754], [-120.52583550366187, 39.61335586209999], [-120.515625, 39.60447788200682], [-120.4453125, 39.56093130193805], [-120.40767275670012, 39.5430570946], [-120.375, 39.52258329186426], [-120.32292940778183, 39.4727583271], [-120.30468750000001, 39.42630065036348], [-120.29391310505824, 39.4024595596], [-120.28829805007055, 39.332160792], [-120.3046875, 39.30633294320356], [-120.33269565136223, 39.2618620245], [-120.375, 39.22262490173824], [-120.4453125, 39.22770925836183], [-120.50248716390531, 39.2618620245], [-120.515625, 39.26745741286635], [-120.57455485473868, 39.332160792], [-120.5859375, 39.339587690869074], [-120.64215976493698, 39.4024595596], [-120.65625, 39.46039027447291], [-120.66060337026138, 39.4727583271], [-120.68494451849807, 39.5430570946], [-120.70422379145117, 39.6133558621], [-120.65625, 39.66202434946662]]}}, {"type": "Feature", "properties": {"level_in": 0.1}, "geometry": {"type": "LineString", "coordinates": [[-94.8515625, 39.660565900672495], [-94.78125, 39.64729216372751], [-94.7109375, 39.62871166104435], [-94.65279342805927, 39.6133558621], [-94.7109375, 39.57636233937857], [-94.78125, 39.567505724636334], [-94.8515625, 39.5653843517956], [-94.90375225690093, 39.6133558621], [-94.8515625, 39.660565900672495]]}}, {"type": "Feature", "properties": {"level_in": 0.1}, "geometry": {"type": "LineString", "coordinates": [[-119.8125, 38.52943682280201], [-119.7421875, 38.51074154879952], [-119.71316829682766, 38.4885755813], [-119.69062773021071, 38.4182768137], [-119.7421875, 38.387869613950386], [-119.79303227056087, 38.4182768137], [-119.8125, 38.42814563435295], [-119.86567212315235, 38.4885755813], [-119.8125, 38.52943682280201]]}}, {"type": "Feature", "properties": {"level_in": 0.1}, "geometry": {"type": "LineString", "coordinates": [[-119.671875, 38.18336264262631], [-119.6015625, 38.20050743360227], [-119.53125, 38.17358497060851], [-119.49450643100732, 38.1370817434], [-119.4609375, 38.07274244641514], [-119.45279425333922, 38.0667829758], [-119.46093750000001, 38.05488023078799], [-119.53125, 38.034677592168556], [-119.6015625, 38.04912409067038], [-119.63485853933201, 38.0667829758], [-119.671875, 38.100778834759375], [-119.69947946329927, 38.1370817434], [-119.671875, 38.18336264262631]]}}, {"type": "Feature", "properties": {"level_in": 0.1}, "geometry": {"type": "LineString", "coordinates": [[-119.390625, 38.01469492964491], [-119.37482288343453, 37.9964842081], [-119.390625, 37.93527332295708], [-119.4153995023639, 37.9964842081], [-119.390625, 38.01469492964491]]}}, {"type": "Feature", "properties": {"level_in": 0.25}, "geometry": {"type": "LineString", "coordinates": [[-126.97201380838078, 54.9384870199], [-126.984375, 54.930584003210384], [-127.05468749999999, 54.933650389121524], [-127.059940156559, 54.9384870199]]}}, {"type": "Feature", "properties": {"level_in": 0.25}, "geometry": {"type": "LineString", "coordinates": [[-60.046875, 54.37616655336728], [-60.04758900574649, 54.3760968938], [-60.1171875, 54.36717764088098], [-60.1875, 54.35750341413882], [-60.2578125, 54.34873283734794], [-60.328125, 54.34239973964336], [-60.3984375, 54.33628701535203], [-60.46875, 54.333509781706056], [-60.5390625, 54.338335758164426], [-60.609375, 54.34479334725539], [-60.6796875, 54.35451545487642], [-60.75, 54.36847872251806], [-60.808258596366116, 54.3760968938], [-60.8203125, 54.3847308426452], [-60.85503815284274, 54.4463956596], [-60.8203125, 54.46016747728553], [-60.75, 54.50378734846067], [-60.73515397572018, 54.5166944254], [-60.6796875, 54.544147706213096], [-60.609375, 54.58399527310148], [-60.60526857299541, 54.5869931912], [-60.5390625, 54.65341146218644], [-60.53576455819291, 54.657291956899996], [-60.5390625, 54.66465237410928], [-60.57520086053887, 54.7275907227], [-60.609375, 54.7542531969892], [-60.670513052581896, 54.7978894884], [-60.6796875, 54.807740128317754], [-60.735310658003144, 54.8681882542], [-60.719264185057824, 54.9384870199]]}}, {"type": "Feature", "properties": {"level_in": 0.25}, "geometry": {"type": "LineString", "coordinates": [[-60.04687499999999, 52.93189924272407], [-60.1171875, 52.92088287552535], [-60.1875, 52.91125445561546], [-60.2578125, 52.90135875996774], [-60.26754674215406, 52.8998228087], [-60.328125, 52.88597185743633], [-60.3984375, 52.87083389022101], [-60.46875, 52.855665638132386], [-60.5390625, 52.84019746782763], [-60.58960593746049, 52.8295240426], [-60.60937500000001, 52.82432993636056], [-60.6796875, 52.80433660558293], [-60.75, 52.787189720902305], [-60.8203125, 52.77303801943135], [-60.890625, 52.76302032869323], [-60.92444711196722, 52.7592252765], [-60.9609375, 52.7549593316924], [-61.03125, 52.74999606452697], [-61.1015625, 52.75138821143243], [-61.171875, 52.75289579965977], [-61.21101653167214, 52.7592252765], [-61.2421875, 52.766417162397154], [-61.3125, 52.79090998017341], [-61.36115712890624, 52.8295240426], [-61.33553606730442, 52.899822808699994], [-61.3125, 52.91588683608626], [-61.242525010042876, 52.970121574800004], [-61.2421875, 52.97031138714811], [-61.171875, 53.008480430346765], [-61.11791079933038, 53.0404203408], [-61.1015625, 53.04926931840021], [-61.03125, 53.09079399860202], [-61.00064755095258, 53.1107191069], [-60.96093750000001, 53.133890219958175], [-60.890625, 53.1690903779547], [-60.86260377590199, 53.1810178729], [-60.8203125, 53.19763059047075], [-60.75, 53.21866280845775], [-60.6796875, 53.23662611963595], [-60.609375, 53.25116583496707], [-60.60846912809184, 53.251316639], [-60.5390625, 53.26439399634102], [-60.46875, 53.27807930559373], [-60.3984375, 53.29382315843554], [-60.328125, 53.31438734479454], [-60.30488186996127, 53.321615405], [-60.25781249999999, 53.34239039156838], [-60.1875, 53.373052609874144], [-60.149822666634336, 53.39191417100001], [-60.11718750000001, 53.41141454250409], [-60.046875, 53.44970303142488]]}}, {"type": "Feature", "properties": {"level_in": 0.25}, "geometry": {"type": "LineString", "coordinates": [[-125.7890625, 54.903623336960166], [-125.71875, 54.91492267774656], [-125.6484375, 54.887855964906166], [-125.62720595086753, 54.86818825420001], [-125.6484375, 54.84906842841707], [-125.71875, 54.814932203340184], [-125.78152626283034, 54.7978894884], [-125.7890625, 54.79635636727458], [-125.80444898965004, 54.7978894884], [-125.83463633388087, 54.86818825420001], [-125.7890625, 54.903623336960166]]}}, {"type": "Feature", "properties": {"level_in": 0.25}, "geometry": {"type": "LineString", "coordinates": [[-128.109375, 54.65922585517713], [-128.0390625, 54.67002116198822], [-127.96875, 54.665927019798396], [-127.95045180061872, 54.6572919569], [-127.96875, 54.62201798209447], [-128.0390625, 54.62239745498947], [-128.109375, 54.648616283024786], [-128.12043289324416, 54.657291956899996], [-128.109375, 54.65922585517713]]}}, {"type": "Feature", "properties": {"level_in": 0.25}, "geometry": {"type": "LineString", "coordinates": [[-129.4453125, 54.53883705986673], [-129.38863830539702, 54.5166944254], [-129.42899824376562, 54.4463956596], [-129.42363449589567, 54.37609689380001], [-129.4453125, 54.32730663016859], [-129.515625, 54.32860321675924], [-129.5859375, 54.3727759837231], [-129.58866495477483, 54.3760968938], [-129.60229081155742, 54.4463956596], [-129.5859375, 54.4605878873369], [-129.515625, 54.51109218852759], [-129.50912044661206, 54.51669442539999], [-129.4453125, 54.53883705986673]]}}, {"type": "Feature", "properties": {"level_in": 0.25}, "geometry": {"type": "LineString", "coordinates": [[-128.8125, 54.45124129754417], [-128.81010046528252, 54.4463956596], [-128.8125, 54.43817028659792], [-128.83526770056824, 54.4463956596], [-128.8125, 54.45124129754417]]}}, {"type": "Feature", "properties": {"level_in": 0.25}, "geometry": {"type": "LineString", "coordinates": [[-128.25, 54.4077769548748], [-128.1796875, 54.38431160649389], [-128.1705082334035, 54.3760968938], [-128.109375, 54.35698376984901], [-128.0390625, 54.331883743074826], [-127.97883855205589, 54.3057981279], [-127.96875, 54.28844668592892], [-127.8984375, 54.266452068411155], [-127.87214324172095, 54.2354993621], [-127.8984375, 54.22248134319579], [-127.96875, 54.21945775796033], [-128.0390625, 54.20465354897945], [-128.07467149634874, 54.1652005962], [-128.109375, 54.13265294702286], [-128.14472202593862, 54.0949018304], [-128.109375, 54.04374034128735], [-128.09589264034096, 54.0246030645], [-128.0390625, 53.97581144535417], [-128.00487077687922, 53.9543042986], [-127.96875, 53.92176769447036], [-127.9240018274642, 53.8840055327], [-127.8984375, 53.86196783175859], [-127.85531895148318, 53.81370676680001], [-127.828125, 53.77359869500822], [-127.80892878734727, 53.7434080008], [-127.828125, 53.70449676991055], [-127.88334154407613, 53.6731092349], [-127.89843749999999, 53.66688387248072], [-127.95658524688638, 53.6028104689], [-127.96875, 53.591312249718705], [-128.0390625, 53.55077893307666], [-128.0825927899195, 53.532511703], [-128.109375, 53.51736313154528], [-128.1796875, 53.49016545595376], [-128.25, 53.470082077907605], [-128.27974035356218, 53.462212937], [-128.3203125, 53.441827083868496], [-128.390625, 53.41623302796422], [-128.4415218589773, 53.391914171], [-128.390625, 53.38844552408764], [-128.3203125, 53.38035259079535], [-128.25, 53.36234100035544], [-128.1848374435473, 53.321615405], [-128.1796875, 53.3174667840763], [-128.109375, 53.29739949913554], [-128.0390625, 53.28106690334858], [-128.01031734332668, 53.251316638999995], [-127.99196401532987, 53.1810178729], [-127.98512109507506, 53.11071910690001], [-127.96875, 53.09233264400682], [-127.90413925324269, 53.0404203408], [-127.8984375, 53.0375314710823], [-127.828125, 53.02409804759215], [-127.76510556021542, 53.0404203408], [-127.7578125, 53.046465666341255], [-127.6875, 53.08426104123379], [-127.6171875, 53.10951786511846], [-127.60776055341006, 53.1107191069], [-127.546875, 53.11423626168579], [-127.4765625, 53.1123436769193], [-127.471330713482, 53.11071910690001], [-127.40625, 53.091861845250136], [-127.33593749999999, 53.06115389298784], [-127.31087005885934, 53.040420340800004], [-127.265625, 53.01834796564087], [-127.1953125, 52.992767578872474], [-127.125, 52.97737378560499], [-127.0546875, 53.00044726643122], [-126.99471616492286, 53.0404203408], [-126.984375, 53.06657963156695], [-126.9140625, 53.10722338636725], [-126.84375, 53.08753089040087], [-126.77343750000001, 53.06365284455696], [-126.71064597611493, 53.0404203408], [-126.73917966745935, 52.970121574800004], [-126.77343749999999, 52.95380668035788], [-126.84375, 52.94866653800945], [-126.9140625, 52.94202219050023], [-126.984375, 52.93211925712306], [-127.0546875, 52.900899883490524], [-127.05540742897333, 52.8998228087], [-127.05597600836285, 52.8295240426], [-127.10569737387121, 52.7592252765], [-127.125, 52.71001937956032], [-127.1460295923749, 52.688926510399995], [-127.125, 52.6794778745272], [-127.0546875, 52.66596709232829], [-126.984375, 52.67310917514493], [-126.95828651186031, 52.6889265104], [-126.9140625, 52.71547396934124], [-126.84375, 52.75268908171325], [-126.83110057193154, 52.759225276500004], [-126.7734375, 52.793836841509645], [-126.703125, 52.813580270995466], [-126.63505275717291, 52.829524042600006], [-126.6328125, 52.8306078263292], [-126.63116231066502, 52.829524042600006], [-126.5625, 52.80486766892605], [-126.4921875, 52.77529121981996], [-126.45842282999192, 52.759225276500004], [-126.421875, 52.71840327049893], [-126.38135034512871, 52.6889265104], [-126.3515625, 52.66746414679096], [-126.28125, 52.65044294422037], [-126.2109375, 52.632110688964346], [-126.16279095511133, 52.6186277442], [-126.140625, 52.61202008957281], [-126.0703125, 52.57629421843504], [-126.04693399676265, 52.5483289781], [-126.0, 52.50951461675356], [-125.97002661461937, 52.4780302119], [-126.0, 52.46291322073717], [-126.0703125, 52.437042159866884], [-126.140625, 52.41717856576272], [-126.17811161900079, 52.4077314458], [-126.2109375, 52.39667773506708], [-126.28125, 52.38186496442095], [-126.3515625, 52.370296795466864], [-126.421875, 52.36264332841665], [-126.4921875, 52.360168106053294], [-126.5243844491478, 52.3374326796], [-126.4921875, 52.33204581758822], [-126.421875, 52.32665786602989], [-126.3515625, 52.317359362794264], [-126.28125, 52.29844941951116], [-126.21876639422977, 52.2671339134], [-126.2109375, 52.25995760964482], [-126.140625, 52.20580726086382], [-126.1292219025261, 52.1968351472], [-126.0703125, 52.130230343700525], [-126.06642163729364, 52.126536381], [-126.05047009060517, 52.0562376148], [-126.0, 51.98670587334618], [-125.9296875, 52.00353895216743], [-125.859375, 52.00748930499684], [-125.7890625, 52.0022557463006], [-125.71874999999999, 51.99425156217425], [-125.66389018203111, 51.9859388485], [-125.6484375, 51.971021945462], [-125.60972935865394, 51.9156400823], [-125.61586737943898, 51.845341316], [-125.6484375, 51.84310046675903], [-125.71523726475829, 51.7750425498], [-125.67904472123794, 51.7047437835], [-125.6484375, 51.692689946107436], [-125.578125, 51.662669503026805], [-125.51793963700347, 51.6344450172], [-125.5078125, 51.62991987999335], [-125.4375, 51.599131934203925], [-125.3671875, 51.611686583231304], [-125.33133329075001, 51.634445017199994], [-125.296875, 51.652699202985325], [-125.2265625, 51.68718590500879], [-125.15625, 51.695881572369565], [-125.0859375, 51.700134867150396], [-125.015625, 51.697386796469424], [-124.9453125, 51.68547955831873], [-124.87658553262673, 51.6344450172], [-124.875, 51.63308407524512], [-124.8046875, 51.58751141055528], [-124.7781789888119, 51.5641462509], [-124.734375, 51.529690477212725], [-124.69471522859747, 51.4938474846], [-124.71358408201186, 51.4235487183], [-124.67512424314529, 51.353249952], [-124.690107660418, 51.2829511856], [-124.69422035330732, 51.2126524193], [-124.734375, 51.17291950499619], [-124.74975149949861, 51.1423536529], [-124.76111089988501, 51.0720548865], [-124.8046875, 51.04194166314584], [-124.81456040554961, 51.0017561202], [-124.8046875, 50.948349930810494], [-124.73437499999999, 50.9337479201836], [-124.68732910651985, 50.9314573538], [-124.734375, 50.92826718004421], [-124.8046875, 50.9178457551558], [-124.84167727944896, 50.8611585874], [-124.8046875, 50.84711579893204], [-124.734375, 50.841993345151664], [-124.6640625, 50.81401986196778], [-124.63741632681848, 50.7908598209], [-124.6640625, 50.74692098222164], [-124.69151001163564, 50.7205610545], [-124.734375, 50.681899403944335], [-124.79618980683502, 50.6502622881], [-124.734375, 50.62232108939009], [-124.66903235447916, 50.5799635216], [-124.6640625, 50.57898767939698], [-124.59375, 50.550735747040015], [-124.56424342022463, 50.5096647552], [-124.53763197879115, 50.4393659887], [-124.59375, 50.40783976199698], [-124.6640625, 50.4034941967158], [-124.734375, 50.40089215456803], [-124.8046875, 50.40562942671097], [-124.875, 50.424368078929184], [-124.90309767155756, 50.43936598869999], [-124.9453125, 50.47681881284099], [-124.97509768246985, 50.5096647552], [-125.015625, 50.51896529125332], [-125.0859375, 50.524428811916565], [-125.15625, 50.527091516884184], [-125.2265625, 50.52469613355543], [-125.296875, 50.52487401912485], [-125.3671875, 50.52732505550962], [-125.4375, 50.538239386785136], [-125.4799476954177, 50.5799635216], [-125.5078125, 50.5939331160987], [-125.578125, 50.60350550928103], [-125.6484375, 50.61520218072688], [-125.71874999999999, 50.6315038224695], [-125.76463780179363, 50.6502622881], [-125.7890625, 50.65522972148382], [-125.859375, 50.67606802380983], [-125.92233434143513, 50.7205610545], [-125.9296875, 50.72686510401463], [-125.99960439423472, 50.7908598209], [-125.98047144877009, 50.8611585874], [-125.99287672683464, 50.9314573538], [-126.0, 50.99085386930126], [-126.00322614736817, 51.0017561202], [-126.0703125, 51.05935457172605], [-126.10999358602541, 51.0720548865], [-126.140625, 51.077326481950294], [-126.15262612606818, 51.0720548865], [-126.2109375, 51.043280677769644], [-126.28125, 51.021707588070115], [-126.3515625, 51.005669470739264], [-126.421875, 51.01484776826541], [-126.4921875, 51.05893688896724], [-126.50365280402909, 51.0720548865], [-126.5625, 51.10088054573628], [-126.6328125, 51.13452501192278], [-126.6590469908421, 51.1423536529], [-126.703125, 51.150957142379184], [-126.76772575697984, 51.1423536529], [-126.7734375, 51.14119484093903], [-126.84375000000001, 51.13079633985596], [-126.9140625, 51.13873313839724], [-126.94281925759248, 51.1423536529], [-126.984375, 51.14654540234125], [-127.0546875, 51.169862171413044], [-127.11757721221386, 51.2126524193], [-127.08656245868788, 51.2829511856], [-127.12499999999999, 51.35125845612775], [-127.12690082734728, 51.35324995199999], [-127.125, 51.36668751147996], [-127.10529044278539, 51.4235487183], [-127.125, 51.4280921111468], [-127.13998765763192, 51.4235487183], [-127.1953125, 51.40227263665096], [-127.265625, 51.38527739373759], [-127.3359375, 51.38142858509116], [-127.40625, 51.393237425237004], [-127.46916010994163, 51.4235487183], [-127.4765625, 51.43824032854324], [-127.49553104352302, 51.493847484599996], [-127.4765625, 51.51709089386084], [-127.43468548736868, 51.56414625090001], [-127.40625, 51.58948665352398], [-127.3359375, 51.63309929458606], [-127.33129980555613, 51.6344450172], [-127.265625, 51.68758212157389], [-127.20712306218037, 51.70474378349999], [-127.25472699508576, 51.7750425498], [-127.265625, 51.77803688682879], [-127.3359375, 51.78959761150368], [-127.40625, 51.789562938925144], [-127.4765625, 51.778980061819375], [-127.49011166186152, 51.7750425498], [-127.546875, 51.73371057401884], [-127.6171875, 51.73487374988821], [-127.68694695416521, 51.7750425498], [-127.6875, 51.77532842131841], [-127.7578125, 51.82899334522145], [-127.77106854280112, 51.845341316], [-127.75781249999999, 51.866610680633144], [-127.71880761798998, 51.9156400823], [-127.6875, 51.94243827470986], [-127.6171875, 51.96978277423813], [-127.546875, 51.97601513597869], [-127.4765625, 51.97897439074697], [-127.40625, 51.98166502925897], [-127.3359375, 51.98460741275813], [-127.32945860210869, 51.9859388485], [-127.3359375, 52.01153556603364], [-127.34917666304729, 52.0562376148], [-127.40625, 52.09934342506523], [-127.46404631932707, 52.126536381], [-127.40625, 52.16836173479993], [-127.3359375, 52.18763055801927], [-127.31676655244003, 52.1968351472], [-127.26562499999999, 52.22836186108581], [-127.1953125, 52.23994436486437], [-127.125, 52.24250431384492], [-127.07815178097212, 52.2671339134], [-127.0546875, 52.28997781698808], [-126.99951511850291, 52.3374326796], [-127.05468750000001, 52.40214884010298], [-127.0619154237567, 52.407731445799996], [-127.125, 52.42514595082291], [-127.1953125, 52.4458438032877], [-127.265625, 52.47045668976861], [-127.32734135112483, 52.478030211900005], [-127.3359375, 52.479439140898045], [-127.33816874063724, 52.4780302119], [-127.40424110253684, 52.407731445799996], [-127.40625, 52.406613275666494], [-127.4765625, 52.384932559421344], [-127.546875, 52.35235209910513], [-127.56666589014944, 52.3374326796], [-127.6171875, 52.29230726846025], [-127.64425816042726, 52.2671339134], [-127.6875, 52.244835480439185], [-127.7578125, 52.238665017085545], [-127.81862400588494, 52.2671339134], [-127.828125, 52.27014628635658], [-127.8984375, 52.305519077636646], [-127.93209716020453, 52.3374326796], [-127.96875, 52.38163473360204], [-127.99566623525689, 52.40773144580001], [-128.01719221507713, 52.4780302119], [-127.96875, 52.525489441347915], [-127.92503887844926, 52.5483289781], [-127.96875, 52.59166693516111], [-127.98798855111764, 52.6186277442], [-128.03565155506257, 52.6889265104], [-128.0390625, 52.69449397010382], [-128.07434969663265, 52.7592252765], [-128.109375, 52.784133243877825], [-128.1796875, 52.8125528163273], [-128.25, 52.826956409599745], [-128.26610337104697, 52.8295240426], [-128.3203125, 52.83559516224912], [-128.390625, 52.85420127870383], [-128.4609375, 52.88583574837761], [-128.48198326353793, 52.8998228087], [-128.4609375, 52.949361019504565], [-128.45387360335636, 52.9701215748], [-128.4609375, 52.98545101892583], [-128.481368047964, 53.0404203408], [-128.5312406847779, 53.1107191069], [-128.53125, 53.11072810256503], [-128.6015625, 53.150350638018885], [-128.671875, 53.15896466778227], [-128.7421875, 53.17119535724924], [-128.7682173291422, 53.18101787289999], [-128.8125, 53.24266636083108], [-128.81594979216075, 53.25131663900001], [-128.8223234905605, 53.321615405], [-128.8125, 53.33477631286075], [-128.7421875, 53.36944124350922], [-128.671875, 53.38613331921539], [-128.6337538160711, 53.391914171], [-128.6015625, 53.423769662197195], [-128.55126744025608, 53.462212937], [-128.6015625, 53.509145818119514], [-128.614636873268, 53.532511703], [-128.671875, 53.55505563959041], [-128.7421875, 53.597241489741066], [-128.74964823821898, 53.6028104689], [-128.7421875, 53.63394265777199], [-128.73571837174268, 53.6731092349], [-128.67314025860856, 53.7434080008], [-128.671875, 53.74483708055679], [-128.61738930856814, 53.813706766799996], [-128.6441010562165, 53.8840055327], [-128.6015625, 53.94101985615269], [-128.58903747559592, 53.9543042986], [-128.53125, 54.00473380143776], [-128.50305446457673, 54.0246030645], [-128.52340573460359, 54.0949018304], [-128.4609375, 54.130258779167605], [-128.40351875156927, 54.1652005962], [-128.390625, 54.188070758431174], [-128.36120439996475, 54.2354993621], [-128.38754450893944, 54.3057981279], [-128.3203125, 54.36504746970478], [-128.29027674486133, 54.3760968938], [-128.25, 54.4077769548748]]}}, {"type": "Feature", "properties": {"level_in": 0.25}, "geometry": {"type": "LineString", "coordinates": [[-128.8828125, 54.33966226566075], [-128.82745801984942, 54.30579812789999], [-128.8828125, 54.28514749513401], [-128.91199031881342, 54.305798127900005], [-128.8828125, 54.33966226566075]]}}, {"type": "Feature", "properties": {"level_in": 0.25}, "geometry": {"type": "LineString", "coordinates": [[-129.0234375, 54.11552979165008], [-128.953125, 54.13628140522138], [-128.91371406798294, 54.0949018304], [-128.8828125, 54.07164341291795], [-128.83709843223576, 54.0246030645], [-128.82263181270963, 53.9543042986], [-128.8828125, 53.90677680868629], [-128.909400163053, 53.8840055327], [-128.953125, 53.83215724198938], [-128.96235203876412, 53.8137067668], [-129.0234375, 53.76625778673163], [-129.07283526057608, 53.7434080008], [-129.09375, 53.719080237284665], [-129.1640625, 53.68849097595405], [-129.234375, 53.67810065293605], [-129.3046875, 53.70823998387536], [-129.375, 53.73483247781979], [-129.4003220677314, 53.7434080008], [-129.4453125, 53.76473892547612], [-129.48768142071913, 53.8137067668], [-129.50432864585906, 53.8840055327], [-129.4453125, 53.926296144012795], [-129.40555639144702, 53.9543042986], [-129.375, 54.00455074650923], [-129.30840696986925, 54.0246030645], [-129.3046875, 54.02502768443549], [-129.234375, 54.036608192152286], [-129.1640625, 54.06035250245771], [-129.09375, 54.08140690453495], [-129.04252979753832, 54.0949018304], [-129.0234375, 54.11552979165008]]}}, {"type": "Feature", "properties": {"level_in": 0.25}, "geometry": {"type": "LineString", "coordinates": [[-129.796875, 54.032894023111425], [-129.7533652324543, 54.0246030645], [-129.796875, 54.01228549494232], [-129.8192676583476, 54.0246030645], [-129.796875, 54.032894023111425]]}}, {"type": "Feature", "properties": {"level_in": 0.25}, "geometry": {"type": "LineString", "coordinates": [[-120.0234375, 53.60418374797102], [-120.01655168792689, 53.6028104689], [-120.0234375, 53.601368099984256], [-120.02597174518903, 53.6028104689], [-120.0234375, 53.60418374797102]]}}, {"type": "Feature", "properties": {"level_in": 0.25}, "geometry": {"type": "LineString", "coordinates": [[-121.0078125, 53.54159562933983], [-120.9375, 53.538361816299535], [-120.92782930972909, 53.532511703], [-120.9375, 53.52259455938589], [-121.0078125, 53.51860537395042], [-121.02827234051982, 53.532511703], [-121.0078125, 53.54159562933983]]}}, {"type": "Feature", "properties": {"level_in": 0.25}, "geometry": {"type": "LineString", "coordinates": [[-127.828125, 53.39801005907248], [-127.7578125, 53.413520273656886], [-127.6875, 53.410080579469856], [-127.63685329724395, 53.391914171], [-127.6171875, 53.38146169341168], [-127.546875, 53.349385878410615], [-127.4765625, 53.32463040711797], [-127.47115358209291, 53.321615405], [-127.40624999999999, 53.28182828718259], [-127.3359375, 53.26147736090774], [-127.265625, 53.253332587020324], [-127.25680268709483, 53.25131663900001], [-127.265625, 53.22200949904564], [-127.27816763610262, 53.1810178729], [-127.3359375, 53.14966321352618], [-127.40146747635411, 53.1810178729], [-127.40625, 53.1844351171969], [-127.4765625, 53.19385048241826], [-127.546875, 53.196840123287814], [-127.6171875, 53.20910578273854], [-127.6875, 53.246714731736404], [-127.6934644873501, 53.251316639], [-127.72579047855658, 53.321615405], [-127.7578125, 53.35643748176494], [-127.828125, 53.38674936994327], [-127.84998638336522, 53.39191417100001], [-127.828125, 53.39801005907248]]}}, {"type": "Feature", "properties": {"level_in": 0.25}, "geometry": {"type": "LineString", "coordinates": [[-129.8671875, 53.331159728629565], [-129.848126321579, 53.321615405], [-129.8671875, 53.31249786010303], [-129.88970765643998, 53.321615405], [-129.8671875, 53.331159728629565]]}}, {"type": "Feature", "properties": {"level_in": 0.25}, "geometry": {"type": "LineString", "coordinates": [[-119.1796875, 53.33590569662037], [-119.109375, 53.35065847390969], [-119.0390625, 53.34586376955993], [-118.96875, 53.33503226636261], [-118.8984375, 53.32362607027896], [-118.88417727426987, 53.321615405], [-118.828125, 53.30744403112212], [-118.76343575299386, 53.251316639], [-118.7578125, 53.24166953766996], [-118.6875, 53.20382165248998], [-118.6171875, 53.203975891234776], [-118.546875, 53.207874975713295], [-118.4765625, 53.23354271531412], [-118.46133186660543, 53.251316639], [-118.40625, 53.2872567236557], [-118.3359375, 53.29735816633345], [-118.265625, 53.284860854833795], [-118.19574908327618, 53.251316639], [-118.1953125, 53.25100907935831], [-118.125, 53.23394597327541], [-118.0546875, 53.188469109862986], [-118.04981732381965, 53.1810178729], [-118.00947510860024, 53.11071910690001], [-118.0546875, 53.06088090024757], [-118.12473932693848, 53.04042034079999], [-118.0995627346674, 52.9701215748], [-118.0546875, 52.935608912461504], [-118.01649039117729, 52.8998228087], [-118.02552980757137, 52.8295240426], [-118.05468750000001, 52.81781377058334], [-118.10811190071847, 52.8295240426], [-118.125, 52.834706503518824], [-118.19309559000253, 52.8998228087], [-118.19524518871911, 52.9701215748], [-118.1953125, 52.97020758674783], [-118.26562500000001, 53.020291815066486], [-118.3359375, 53.02752854551663], [-118.40625, 53.0240858403331], [-118.4765625, 53.01826217731016], [-118.546875, 53.00345333781232], [-118.6171875, 52.98481209414315], [-118.64182053600896, 52.970121574800004], [-118.6171875, 52.957007094754516], [-118.546875, 52.938977612240436], [-118.49134720701853, 52.8998228087], [-118.4765625, 52.883970685613235], [-118.40625, 52.84343298180159], [-118.35477688468691, 52.8295240426], [-118.3359375, 52.824847589357425], [-118.265625, 52.81258943635113], [-118.20234832406692, 52.7592252765], [-118.1953125, 52.75721413441758], [-118.125, 52.72059141810115], [-118.08992035395144, 52.688926510399995], [-118.0546875, 52.623282584471994], [-118.04680346711177, 52.6186277442], [-118.0504722179503, 52.5483289781], [-118.01298934939325, 52.4780302119], [-117.984375, 52.45443127947624], [-117.93185766807403, 52.4077314458], [-117.9140625, 52.39476393706934], [-117.84375, 52.38137211919695], [-117.82433840585932, 52.4077314458], [-117.79640785445808, 52.47803021189999], [-117.77504777249403, 52.5483289781], [-117.77343749999999, 52.552385645083234], [-117.71717616640265, 52.6186277442], [-117.703125, 52.627805363043656], [-117.67059982504263, 52.6889265104], [-117.67293113725529, 52.7592252765], [-117.6328125, 52.82305123091677], [-117.58678163479917, 52.7592252765], [-117.5625, 52.74168683884123], [-117.51175529809163, 52.688926510399995], [-117.4921875, 52.66015904530321], [-117.45800020208688, 52.6186277442], [-117.4921875, 52.57971176035398], [-117.51875762915887, 52.5483289781], [-117.5625, 52.49022369657764], [-117.59929610303323, 52.478030211900005], [-117.57933927443128, 52.4077314458], [-117.5625, 52.36944961498587], [-117.55040128286008, 52.3374326796], [-117.5200794291504, 52.2671339134], [-117.4921875, 52.25165902650985], [-117.421875, 52.22794367753456], [-117.3515625, 52.23947824156954], [-117.28125, 52.25849308086014], [-117.27430764661607, 52.2671339134], [-117.26514793788925, 52.3374326796], [-117.2512545439642, 52.4077314458], [-117.21093750000001, 52.42628645068473], [-117.16942763624094, 52.4077314458], [-117.140625, 52.40055343470406], [-117.0703125, 52.374429500492674], [-117.01583132003165, 52.3374326796], [-117.0, 52.32471819503827], [-116.95021601550826, 52.2671339134], [-116.95464682894358, 52.1968351472], [-116.97546377172553, 52.126536381], [-116.9296875, 52.11077924420073], [-116.859375, 52.085549979605204], [-116.7890625, 52.057177143349435], [-116.78806701886863, 52.0562376148], [-116.73801514273939, 51.9859388485], [-116.72934346159886, 51.9156400823], [-116.71875, 51.89963263577025], [-116.68217931919864, 51.845341316], [-116.6484375, 51.8275907011009], [-116.578125, 51.84225414219311], [-116.567507210482, 51.845341316], [-116.50781249999999, 51.85951223166615], [-116.4375, 51.87334089853967], [-116.3671875, 51.88536471646829], [-116.296875, 51.90724088387724], [-116.27853120558355, 51.9156400823], [-116.2265625, 51.968617431198865], [-116.16133288096678, 51.9859388485], [-116.15625, 51.98877480762542], [-116.0859375, 52.04209941541404], [-116.07009653493529, 52.0562376148], [-116.015625, 52.07159407753974], [-115.9453125, 52.08059393669519], [-115.875, 52.07750279557773], [-115.8046875, 52.05706975225893], [-115.80381269938746, 52.0562376148], [-115.8046875, 52.048229651364004], [-115.81647456191395, 51.9859388485], [-115.875, 51.937827338742274], [-115.89985258814534, 51.9156400823], [-115.875, 51.90493570338617], [-115.8046875, 51.88549876274851], [-115.75277697437585, 51.845341316], [-115.8046875, 51.78944400203119], [-115.875, 51.78660563106548], [-115.9453125, 51.79075014584907], [-115.98792259477034, 51.775042549800006], [-116.015625, 51.75475636314359], [-116.0859375, 51.729778063826956], [-116.11906958897401, 51.7047437835], [-116.14171695061322, 51.6344450172], [-116.0859375, 51.61121683336853], [-116.015625, 51.57613142896], [-115.99027919011246, 51.564146250899995], [-115.98082441709573, 51.4938474846], [-115.9453125, 51.448041668887285], [-115.92891319268631, 51.4235487183], [-115.875, 51.37554709222439], [-115.8046875, 51.407073221218134], [-115.7910965275179, 51.4235487183], [-115.734375, 51.45928721328565], [-115.66406249999999, 51.42630670434224], [-115.66286882144496, 51.4235487183], [-115.61275232877536, 51.353249952], [-115.59375, 51.324381542121415], [-115.56282794372947, 51.2829511856], [-115.59375, 51.24079744307974], [-115.6640625, 51.233555615189], [-115.734375, 51.24366991697386], [-115.74667700595926, 51.2126524193], [-115.734375, 51.19998737791768], [-115.6640625, 51.179198736177], [-115.64094692689696, 51.1423536529], [-115.59375, 51.116590818069085], [-115.52578842998204, 51.0720548865], [-115.5354742098977, 51.0017561202], [-115.5234375, 50.990450159672164], [-115.46158468411083, 50.9314573538], [-115.46256484706956, 50.8611585874], [-115.453125, 50.853269168706284], [-115.39185816614597, 50.7908598209], [-115.39262829305868, 50.7205610545], [-115.3828125, 50.69059790770078], [-115.36100806544059, 50.6502622881], [-115.3125, 50.629961788398354], [-115.27658370372271, 50.5799635216], [-115.3125, 50.5525034856864], [-115.3828125, 50.567633566395074], [-115.40657376145225, 50.5799635216], [-115.453125, 50.64939525880804], [-115.45737582364916, 50.6502622881], [-115.5234375, 50.655862178672166], [-115.58310595743522, 50.6502622881], [-115.59375, 50.64811309347946], [-115.6640625, 50.63056846485827], [-115.734375, 50.625818759316005], [-115.80468750000001, 50.62408685615203], [-115.87500000000001, 50.645194165576974], [-115.88262942677979, 50.6502622881], [-115.94531250000001, 50.69614629643337], [-115.99947067194454, 50.7205610545], [-116.015625, 50.72626478800161], [-116.0859375, 50.74303422798005], [-116.15625, 50.76526736235394], [-116.1895183639827, 50.7908598209], [-116.2265625, 50.8020327586198], [-116.296875, 50.80043502849095], [-116.31638829869551, 50.7908598209], [-116.296875, 50.760553824885406], [-116.26988033952884, 50.72056105450001], [-116.296875, 50.65530552616827], [-116.29873981164782, 50.6502622881], [-116.296875, 50.64765014938346], [-116.24851796780472, 50.5799635216], [-116.28458054303161, 50.5096647552], [-116.296875, 50.447018446934194], [-116.29899627521716, 50.4393659887], [-116.296875, 50.4310576008031], [-116.2265625, 50.38567569996589], [-116.15624999999999, 50.37894633335534], [-116.13895079205831, 50.3690672223], [-116.15625, 50.33769702852242], [-116.2265625, 50.34049238534426], [-116.2811874147969, 50.2987684558], [-116.296875, 50.25053854226304], [-116.30130624993309, 50.2284696893], [-116.296875, 50.200883614542896], [-116.29023872645031, 50.1581709228], [-116.23399237064264, 50.0878721563], [-116.26889577195229, 50.01757338979999], [-116.22686600714056, 49.9472746232], [-116.2265625, 49.94709289460282], [-116.15625, 49.92855993480183], [-116.0859375, 49.93583218741563], [-116.015625, 49.93365800651632], [-115.9453125, 49.87882620405269], [-115.94450308962718, 49.8769758567], [-115.9453125, 49.874404572027565], [-116.015625, 49.83004699417887], [-116.0859375, 49.80971147552788], [-116.09052854812839, 49.8066770901], [-116.15624999999999, 49.77772768272196], [-116.2265625, 49.755285043981274], [-116.296875, 49.74033590865554], [-116.31083980638934, 49.7363783236], [-116.3526291761605, 49.666079557], [-116.34544571560565, 49.595780790400006], [-116.31539197265624, 49.5254820238], [-116.296875, 49.51761322910242], [-116.2265625, 49.48737682408138], [-116.16451068810791, 49.4551832573], [-116.15625, 49.44763210223336], [-116.09326518607253, 49.3848844907], [-116.11169464920025, 49.314585724], [-116.15624999999999, 49.302514121182455], [-116.2265625, 49.28823183911925], [-116.296875, 49.284807916637476], [-116.3671875, 49.28611097015194], [-116.4375, 49.30034070468197], [-116.48788065706768, 49.314585724], [-116.5078125, 49.320702529521995], [-116.578125, 49.34795038151801], [-116.62597926745309, 49.3848844907], [-116.6484375, 49.43695830192044], [-116.65739921785841, 49.45518325730001], [-116.65377148252858, 49.5254820238], [-116.6484375, 49.53802310804817], [-116.60923427183812, 49.5957807904], [-116.64376750829527, 49.666079557], [-116.6484375, 49.67056524809993], [-116.69564674490675, 49.7363783236], [-116.71860721802783, 49.8066770901], [-116.71875, 49.80686207707079], [-116.7890625, 49.84793533308053], [-116.859375, 49.84923813757031], [-116.88827693333727, 49.8066770901], [-116.9296875, 49.751508405173226], [-116.94935332424313, 49.73637832359999], [-116.98133308203523, 49.666079557], [-117.0, 49.63736433583147], [-117.0703125, 49.60034531683329], [-117.08588144529958, 49.5957807904], [-117.0703125, 49.56610016952865], [-117.03046843889692, 49.5254820238], [-117.0, 49.504741184590145], [-116.94104429345657, 49.4551832573], [-116.9296875, 49.44412181360941], [-116.88122117148438, 49.3848844907], [-116.92126145754776, 49.314585724], [-116.859375, 49.2865863021577], [-116.7890625, 49.264143734603614], [-116.76777401235236, 49.24428695740001], [-116.76364639355916, 49.1739881908], [-116.76771350580046, 49.1036894241], [-116.78681815817345, 49.0333906575], [-116.78906250000001, 49.02672676841566], [-116.81645142194182, 48.9630918908], [-116.859375, 48.90150000414637], [-116.87438289366952, 48.8927931242], [-116.9296875, 48.83251289668193], [-116.93505831352955, 48.8224943575], [-117.0, 48.763919842419455], [-117.0076958933152, 48.7521955908], [-117.0703125, 48.71736000025222], [-117.140625, 48.716240048815614], [-117.2091245587235, 48.7521955908], [-117.19419890838162, 48.8224943575], [-117.16728015303707, 48.8927931242], [-117.17861019822038, 48.9630918908], [-117.140625, 49.011866966350766], [-117.11949641004165, 49.03339065750001], [-117.140625, 49.06533496398838], [-117.1803431847969, 49.1036894241], [-117.15170865676527, 49.1739881908], [-117.2109375, 49.20199389276861], [-117.28125, 49.20311587128582], [-117.3515625, 49.21281534208357], [-117.421875, 49.23246654640241], [-117.4436933686386, 49.2442869574], [-117.4921875, 49.29040650754948], [-117.51289124389234, 49.314585724], [-117.4921875, 49.36272203560506], [-117.48146980437224, 49.3848844907], [-117.421875, 49.4135834737433], [-117.35173533729582, 49.4551832573], [-117.3515625, 49.45560675689617], [-117.30092020689881, 49.525482023799995], [-117.3515625, 49.54826556196893], [-117.421875, 49.587241934126304], [-117.4359062921741, 49.5957807904], [-117.4921875, 49.61385716575313], [-117.53160937671505, 49.5957807904], [-117.53521393603702, 49.5254820238], [-117.4921875, 49.45533483199457], [-117.49205082169048, 49.4551832573], [-117.4921875, 49.45409676474835], [-117.5625, 49.39127384323939], [-117.57142595677507, 49.3848844907], [-117.6328125, 49.36333225896784], [-117.703125, 49.34533278158332], [-117.7734375, 49.332004478350015], [-117.84375, 49.31690698927174], [-117.85322218497518, 49.314585724], [-117.84375, 49.309334434497075], [-117.79646809138184, 49.24428695740001], [-117.7734375, 49.21711501286832], [-117.74741759981725, 49.1739881908], [-117.7734375, 49.13993957476645], [-117.82354246613397, 49.1036894241], [-117.84375, 49.087824097312954], [-117.9140625, 49.05706866225803], [-117.984375, 49.05373757550933], [-118.0546875, 49.064452215731805], [-118.125, 49.099115078994], [-118.1324313621092, 49.1036894241], [-118.19531249999999, 49.16848442076774], [-118.19998189082055, 49.173988190799996], [-118.265625, 49.23619147348248], [-118.27637519155903, 49.2442869574], [-118.3359375, 49.283132088398744], [-118.40625, 49.3020770867541], [-118.4765625, 49.274345468127436], [-118.546875, 49.253176758426086], [-118.56917634468739, 49.24428695740001], [-118.6171875, 49.219576839954314], [-118.6875, 49.214560132739024], [-118.73257133683879, 49.2442869574], [-118.7578125, 49.25942728095876], [-118.81902201782466, 49.314585724], [-118.828125, 49.33585052982688], [-118.85756824173333, 49.3848844907], [-118.8777753030233, 49.45518325730001], [-118.85790499844144, 49.5254820238], [-118.8984375, 49.5534149466233], [-118.96875, 49.57627352969623], [-119.01210793534769, 49.5957807904], [-119.0390625, 49.60233829792351], [-119.05655058406332, 49.5957807904], [-119.07334658447584, 49.5254820238], [-119.109375, 49.486965974303274], [-119.14323413270833, 49.4551832573], [-119.109375, 49.40932951623851], [-119.08791300973536, 49.3848844907], [-119.05360475064559, 49.314585724], [-119.0390625, 49.26285425952991], [-119.02959986033945, 49.24428695740001], [-119.0390625, 49.23150887937507], [-119.09114940822846, 49.1739881908], [-119.109375, 49.148245552196286], [-119.17232100151833, 49.1036894241], [-119.12680643468973, 49.0333906575], [-119.17968749999999, 49.03103197365974], [-119.19106919993396, 49.0333906575], [-119.18970882860098, 49.103689424100004], [-119.25, 49.11004626360236], [-119.3203125, 49.12959752426748], [-119.3663550762684, 49.1739881908], [-119.390625, 49.21205471173641], [-119.41919915639215, 49.2442869574], [-119.42345368878236, 49.314585724], [-119.42369817414453, 49.3848844907], [-119.39448034905027, 49.4551832573], [-119.41459023048643, 49.5254820238], [-119.4609375, 49.57000171588451], [-119.48125425187942, 49.5957807904], [-119.50227891214602, 49.666079557], [-119.47914902627257, 49.7363783236], [-119.4609375, 49.74561769220771], [-119.39523825928657, 49.8066770901], [-119.390625, 49.81189086939511], [-119.3203125, 49.835142456358696], [-119.25, 49.860829979470054], [-119.2349453395338, 49.8769758567], [-119.25, 49.901266343698865], [-119.27330012145515, 49.9472746232], [-119.28657274635998, 50.0175733898], [-119.26660020239679, 50.0878721563], [-119.25, 50.095743426586715], [-119.19489491501102, 50.158170922800004], [-119.1796875, 50.1733753674852], [-119.109375, 50.2130585660041], [-119.06645393636032, 50.2284696893], [-119.109375, 50.24283276742492], [-119.1796875, 50.29410083740416], [-119.18435603025732, 50.2987684558], [-119.1796875, 50.307824346901526], [-119.109375, 50.359993955960114], [-119.08165795428857, 50.3690672223], [-119.0708291767794, 50.4393659887], [-119.0390625, 50.45523981803696], [-118.96875, 50.49036168852323], [-118.950997771972, 50.509664755200006], [-118.90496622023649, 50.5799635216], [-118.92540427108165, 50.6502622881], [-118.96875, 50.693746153471274], [-118.99318906766548, 50.72056105450001], [-119.03626232618336, 50.7908598209], [-118.96875, 50.857165531967176], [-118.96516784292248, 50.8611585874], [-118.92178697120795, 50.9314573538], [-118.8984375, 50.9939029349325], [-118.89589560741781, 51.0017561202], [-118.8984375, 51.02478668757922], [-118.9088774872798, 51.0720548865], [-118.8984375, 51.082589259163186], [-118.85597146915077, 51.1423536529], [-118.89756898370648, 51.2126524193], [-118.8984375, 51.21338906306614], [-118.96875, 51.2336088296088], [-119.0390625, 51.22679684485273], [-119.109375, 51.229323278115885], [-119.16682203047401, 51.2829511856], [-119.1796875, 51.3131854062424], [-119.19581965591699, 51.353249952], [-119.1796875, 51.409293557628175], [-119.1701574847914, 51.4235487183], [-119.11324264719636, 51.4938474846], [-119.109375, 51.50080487605231], [-119.04614452240067, 51.5641462509], [-119.0390625, 51.570633682246296], [-118.96875, 51.61868174475717], [-118.92252185831299, 51.634445017199994], [-118.91547718842261, 51.7047437835], [-118.8984375, 51.73027128925126], [-118.87047774126972, 51.7750425498], [-118.88346990575472, 51.845341316], [-118.89822252611262, 51.9156400823], [-118.8660232012074, 51.9859388485], [-118.8984375, 52.0453991898484], [-118.90724427645902, 52.0562376148], [-118.8984375, 52.093578708142786], [-118.89107030568428, 52.12653638100001], [-118.828125, 52.19225689201969], [-118.82519374466713, 52.1968351472], [-118.8264448394349, 52.2671339134], [-118.80707387691197, 52.3374326796], [-118.828125, 52.356514414765], [-118.8751944795209, 52.4077314458], [-118.88733931296021, 52.478030211900005], [-118.8984375, 52.51059331601681], [-118.91790979023642, 52.5483289781], [-118.96875000000001, 52.60657654768144], [-118.99614978932948, 52.618627744200005], [-119.0390625, 52.652784584104964], [-119.07397163057914, 52.6186277442], [-119.109375, 52.58034488547876], [-119.1340400091191, 52.5483289781], [-119.14129182009408, 52.4780302119], [-119.11912979537446, 52.4077314458], [-119.109375, 52.3486230399846], [-119.10630070803967, 52.3374326796], [-119.109375, 52.33010980747808], [-119.13351706015715, 52.2671339134], [-119.1796875, 52.2300355961726], [-119.23532366573298, 52.19683514719999], [-119.19866548375293, 52.126536381], [-119.25, 52.087733411305315], [-119.2976682913495, 52.0562376148], [-119.32031250000001, 52.044952063639386], [-119.390625, 52.02742483104839], [-119.4609375, 52.023387079100566], [-119.53125, 52.05297294182578], [-119.53570533502864, 52.0562376148], [-119.6015625, 52.07129857933066], [-119.671875, 52.07783629968698], [-119.7421875, 52.10246128273708], [-119.76887498251432, 52.12653638100001], [-119.7421875, 52.17971866353708], [-119.671875, 52.191202604486115], [-119.6015625, 52.18925540737408], [-119.54326784418488, 52.1968351472], [-119.6015625, 52.221962366303046], [-119.671875, 52.22249840697296], [-119.7421875, 52.225838063655075], [-119.8125, 52.25246625655023], [-119.85388195865383, 52.2671339134], [-119.8828125, 52.27056732595079], [-119.953125, 52.27829202736415], [-120.0234375, 52.26806321747755], [-120.02811334233091, 52.2671339134], [-120.09375, 52.24811131803273], [-120.14536284087008, 52.19683514719999], [-120.1640625, 52.17245580172441], [-120.20241048894488, 52.126536380999994], [-120.234375, 52.08767987306601], [-120.29980975451186, 52.0562376148], [-120.3046875, 52.05540783233947], [-120.307524555505, 52.0562376148], [-120.375, 52.076394020261674], [-120.4453125, 52.0926050838302], [-120.515625, 52.109104178599004], [-120.55824778753298, 52.126536381], [-120.52221226103917, 52.196835147200005], [-120.5859375, 52.22744416470854], [-120.64625590409803, 52.2671339134], [-120.65625, 52.27600904684577], [-120.71652184758439, 52.3374326796], [-120.65625, 52.400987728593265], [-120.64230536946047, 52.4077314458], [-120.5859375, 52.429794557572734], [-120.53777441210998, 52.4780302119], [-120.54597069578776, 52.5483289781], [-120.515625, 52.56817769531547], [-120.4453125, 52.612616221707704], [-120.41921677372979, 52.6186277442], [-120.375, 52.64358190667403], [-120.30975126503984, 52.6186277442], [-120.3046875, 52.6182084636865], [-120.234375, 52.609563989883284], [-120.21003949231732, 52.6186277442], [-120.17371037084152, 52.688926510399995], [-120.1640625, 52.74108023488932], [-120.16332809171229, 52.7592252765], [-120.1640625, 52.76310411320004], [-120.23437500000001, 52.80510901777142], [-120.3046875, 52.82669669611363], [-120.31659184862198, 52.8295240426], [-120.3046875, 52.83206417460036], [-120.234375, 52.84933876344285], [-120.1640625, 52.861405591291174], [-120.09375, 52.884060751524174], [-120.0234375, 52.86140835995365], [-119.98623183054318, 52.8295240426], [-119.953125, 52.82706941199055], [-119.8828125, 52.81890122392051], [-119.85184576948457, 52.8295240426], [-119.8828125, 52.84520394826416], [-119.94024489462932, 52.8998228087], [-119.8828125, 52.93481754526732], [-119.8125, 52.94976250581169], [-119.7421875, 52.94965948324234], [-119.671875, 52.93595888054864], [-119.64041002945294, 52.9701215748], [-119.60171367338663, 53.0404203408], [-119.6015625, 53.04051607762835], [-119.53125, 53.074502282842516], [-119.4609375, 53.097986279630554], [-119.40047973364014, 53.1107191069], [-119.390625, 53.12360137481034], [-119.35049480252079, 53.1810178729], [-119.390625, 53.20359520026789], [-119.44747793433854, 53.251316639], [-119.390625, 53.27748359680119], [-119.3203125, 53.28716069564022], [-119.25, 53.30495667414603], [-119.22723735404284, 53.321615405], [-119.1796875, 53.33590569662037]]}}, {"type": "Feature", "properties": {"level_in": 0.25}, "geometry": {"type": "LineString", "coordinates": [[-117.6328125, 53.253311876223655], [-117.62600035892208, 53.251316639], [-117.6328125, 53.24230332714261], [-117.65729940277625, 53.251316638999995], [-117.6328125, 53.253311876223655]]}}, {"type": "Feature", "properties": {"level_in": 0.25}, "geometry": {"type": "LineString", "coordinates": [[-118.6875, 53.11290008502573], [-118.69118309734093, 53.1107191069], [-118.6875, 53.11036374504132], [-118.6171875, 53.10394079003173], [-118.546875, 53.10006044208123], [-118.51401653912073, 53.1107191069], [-118.546875, 53.12208497993281], [-118.6171875, 53.13010237059669], [-118.6875, 53.11290008502573]]}}, {"type": "Feature", "properties": {"level_in": 0.25}, "geometry": {"type": "LineString", "coordinates": [[-120.72656249999999, 53.05342231669044], [-120.65625, 53.06492233751199], [-120.5859375, 53.06681888441398], [-120.52053573387255, 53.0404203408], [-120.5859375, 53.018020653583704], [-120.65625, 53.027285044765435], [-120.7265625, 53.03745631078456], [-120.73609037681331, 53.0404203408], [-120.72656249999999, 53.05342231669044]]}}, {"type": "Feature", "properties": {"level_in": 0.25}, "geometry": {"type": "LineString", "coordinates": [[-121.78124999999999, 52.91102512295299], [-121.7109375, 52.93956517330004], [-121.640625, 52.916993813615235], [-121.62656440514753, 52.8998228087], [-121.640625, 52.888501697699155], [-121.71093749999999, 52.88252692571065], [-121.78125, 52.89118020223273], [-121.78863366885848, 52.8998228087], [-121.78124999999999, 52.91102512295299]]}}, {"type": "Feature", "properties": {"level_in": 0.25}, "geometry": {"type": "LineString", "coordinates": [[-119.6015625, 52.90125411659386], [-119.603227787295, 52.89982280870001], [-119.6015625, 52.89541023026671], [-119.6004627007146, 52.8998228087], [-119.6015625, 52.90125411659386]]}}, {"type": "Feature", "properties": {"level_in": 0.25}, "geometry": {"type": "LineString", "coordinates": [[-119.109375, 52.918043465254925], [-119.12178235782548, 52.8998228087], [-119.109375, 52.874616597949725], [-119.09741881556707, 52.8998228087], [-119.109375, 52.918043465254925]]}}, {"type": "Feature", "properties": {"level_in": 0.25}, "geometry": {"type": "LineString", "coordinates": [[-125.64843749999999, 52.84858131345114], [-125.578125, 52.83620103197537], [-125.5696198529351, 52.8295240426], [-125.578125, 52.82746801003327], [-125.64843750000001, 52.819639602749106], [-125.68827323512556, 52.8295240426], [-125.64843749999999, 52.84858131345114]]}}, {"type": "Feature", "properties": {"level_in": 0.25}, "geometry": {"type": "LineString", "coordinates": [[-119.0390625, 52.83669553138092], [-119.05569924620139, 52.8295240426], [-119.0390625, 52.82084426202452], [-119.03442256029197, 52.8295240426], [-119.0390625, 52.83669553138091]]}}, {"type": "Feature", "properties": {"level_in": 0.25}, "geometry": {"type": "LineString", "coordinates": [[-119.53125, 52.76206244932264], [-119.55811986656559, 52.75922527649999], [-119.53125, 52.757003922939575], [-119.52958688391313, 52.7592252765], [-119.53125, 52.76206244932264]]}}, {"type": "Feature", "properties": {"level_in": 0.25}, "geometry": {"type": "LineString", "coordinates": [[-126.0, 52.72456682258297], [-125.9296875, 52.74519716505806], [-125.859375, 52.74285978841567], [-125.7890625, 52.71636803435343], [-125.75809391659386, 52.6889265104], [-125.7890625, 52.65072901330231], [-125.859375, 52.6371026769329], [-125.9296875, 52.64018421136361], [-126.0, 52.645466088061966], [-126.05646024315847, 52.6889265104], [-126.0, 52.72456682258297]]}}, {"type": "Feature", "properties": {"level_in": 0.25}, "geometry": {"type": "LineString", "coordinates": [[-125.015625, 52.69270279699153], [-124.98561870139471, 52.688926510399995], [-125.015625, 52.685061415838405], [-125.02755181438778, 52.6889265104], [-125.015625, 52.69270279699153]]}}, {"type": "Feature", "properties": {"level_in": 0.25}, "geometry": {"type": "LineString", "coordinates": [[-119.4609375, 52.68909721756661], [-119.46116727334835, 52.6889265104], [-119.4609375, 52.68885410649494], [-119.4606700239784, 52.6889265104], [-119.4609375, 52.68909721756661]]}}, {"type": "Feature", "properties": {"level_in": 0.25}, "geometry": {"type": "LineString", "coordinates": [[-119.109375, 52.689777712011], [-119.11020414621056, 52.6889265104], [-119.109375, 52.686979509576496], [-119.10750637170717, 52.6889265104], [-119.109375, 52.689777712011]]}}, {"type": "Feature", "properties": {"level_in": 0.25}, "geometry": {"type": "LineString", "coordinates": [[-119.6015625, 52.55386947438148], [-119.61182468358831, 52.5483289781], [-119.63558262857153, 52.4780302119], [-119.6015625, 52.43272389156802], [-119.53125, 52.45767053116126], [-119.4834305025106, 52.4780302119], [-119.47200570960902, 52.5483289781], [-119.53125, 52.57480693475685], [-119.6015625, 52.55386947438148]]}}, {"type": "Feature", "properties": {"level_in": 0.25}, "geometry": {"type": "LineString", "coordinates": [[-116.6484375, 52.48639339267909], [-116.578125, 52.49821680150074], [-116.53774394427745, 52.4780302119], [-116.5078125, 52.443384499646335], [-116.49094051376949, 52.407731445799996], [-116.46438940301256, 52.3374326796], [-116.5078125, 52.31033703221069], [-116.578125, 52.33586670395903], [-116.58077793534217, 52.3374326796], [-116.6484375, 52.391498066519844], [-116.67646298032716, 52.4077314458], [-116.6685077935845, 52.478030211900005], [-116.6484375, 52.48639339267909]]}}, {"type": "Feature", "properties": {"level_in": 0.25}, "geometry": {"type": "LineString", "coordinates": [[-118.3359375, 52.26950581687543], [-118.3693939437786, 52.2671339134], [-118.40625, 52.2566440898824], [-118.45355405538083, 52.196835147200005], [-118.4765625, 52.18312772100739], [-118.546875, 52.14876170059259], [-118.58360583257274, 52.126536381], [-118.546875, 52.07499663564712], [-118.53132877700877, 52.0562376148], [-118.4765625, 52.003947138752046], [-118.40625, 51.998020615373], [-118.35193501104462, 51.9859388485], [-118.3359375, 51.97484785913624], [-118.265625, 51.97261278997608], [-118.24117620405868, 51.9859388485], [-118.24887473353795, 52.0562376148], [-118.23709770181021, 52.126536381], [-118.1953125, 52.17380579061062], [-118.17817493201296, 52.1968351472], [-118.1953125, 52.21191389313392], [-118.26495688452174, 52.2671339134], [-118.265625, 52.26739757562617], [-118.3359375, 52.26950581687544]]}}, {"type": "Feature", "properties": {"level_in": 0.25}, "geometry": {"type": "LineString", "coordinates": [[-120.9375, 52.08926282334858], [-120.89237960047228, 52.0562376148], [-120.9375, 52.02945674935569], [-120.97744459507538, 52.0562376148], [-120.9375, 52.08926282334858]]}}, {"type": "Feature", "properties": {"level_in": 0.25}, "geometry": {"type": "LineString", "coordinates": [[-126.6328125, 51.99485974300582], [-126.65423721423645, 51.9859388485], [-126.6328125, 51.96185825317936], [-126.62056981287654, 51.9859388485], [-126.6328125, 51.99485974300582]]}}, {"type": "Feature", "properties": {"level_in": 0.25}, "geometry": {"type": "LineString", "coordinates": [[-117.9140625, 51.98815189465696], [-117.91968447610826, 51.9859388485], [-117.9140625, 51.98099463511373], [-117.8975297288756, 51.9859388485], [-117.9140625, 51.98815189465695]]}}, {"type": "Feature", "properties": {"level_in": 0.25}, "geometry": {"type": "LineString", "coordinates": [[-126.5625, 51.92447717880312], [-126.58093403795472, 51.9156400823], [-126.5625, 51.88890940457077], [-126.55462994173799, 51.9156400823], [-126.5625, 51.924477178803116]]}}, {"type": "Feature", "properties": {"level_in": 0.25}, "geometry": {"type": "LineString", "coordinates": [[-125.9296875, 51.945571619399686], [-125.97134506061215, 51.9156400823], [-126.00000000000001, 51.89133469448041], [-126.03672234337445, 51.845341316], [-126.07031249999999, 51.8335700980375], [-126.140625, 51.80684893776298], [-126.2109375, 51.794579618230955], [-126.28125, 51.79398208250626], [-126.3515625, 51.79761550103511], [-126.421875, 51.80927045325217], [-126.45277466308826, 51.845341316], [-126.4921875, 51.86071981602319], [-126.53274553407336, 51.845341316], [-126.49901590820258, 51.7750425498], [-126.4921875, 51.771558630272956], [-126.421875, 51.758206115042476], [-126.3515625, 51.73859054881832], [-126.31927072368056, 51.70474378350001], [-126.28125, 51.66279092820898], [-126.24883151147017, 51.634445017199994], [-126.2109375, 51.61476524450826], [-126.14062500000001, 51.59171993843827], [-126.0703125, 51.612284648103795], [-126.0, 51.63397738109046], [-125.99959155513154, 51.6344450172], [-125.9296875, 51.699994823139725], [-125.89650266453003, 51.7047437835], [-125.90047753081663, 51.7750425498], [-125.9296875, 51.81752148870317], [-125.96369615563407, 51.845341316], [-125.9296875, 51.88396497278673], [-125.8971641949341, 51.9156400823], [-125.9296875, 51.945571619399686]]}}, {"type": "Feature", "properties": {"level_in": 0.25}, "geometry": {"type": "LineString", "coordinates": [[-119.3203125, 51.85443638874234], [-119.24999999999999, 51.8454039134156], [-119.2499467910231, 51.845341315999995], [-119.25000000000001, 51.84526961048828], [-119.3203125, 51.837891762450525], [-119.32864877724094, 51.845341315999995], [-119.3203125, 51.85443638874234]]}}, {"type": "Feature", "properties": {"level_in": 0.25}, "geometry": {"type": "LineString", "coordinates": [[-118.4765625, 51.85520960904009], [-118.49094481712774, 51.845341316], [-118.4765625, 51.835568832751605], [-118.45894415652403, 51.845341316], [-118.4765625, 51.85520960904009]]}}, {"type": "Feature", "properties": {"level_in": 0.25}, "geometry": {"type": "LineString", "coordinates": [[-120.375, 51.78836534131793], [-120.3491780683937, 51.77504254979999], [-120.37500000000001, 51.75557743415274], [-120.41651372511862, 51.7750425498], [-120.375, 51.78836534131793]]}}, {"type": "Feature", "properties": {"level_in": 0.25}, "geometry": {"type": "LineString", "coordinates": [[-117.984375, 51.790436999746575], [-118.04667155596519, 51.77504254979999], [-117.984375, 51.73273352165842], [-117.9140625, 51.706784212450565], [-117.89464457971593, 51.7750425498], [-117.9140625, 51.791690917780656], [-117.984375, 51.790436999746575]]}}, {"type": "Feature", "properties": {"level_in": 0.25}, "geometry": {"type": "LineString", "coordinates": [[-118.4765625, 51.66043983152183], [-118.49356782518727, 51.63444501720001], [-118.4765625, 51.61756467682085], [-118.46807513187527, 51.634445017199994], [-118.4765625, 51.66043983152183]]}}, {"type": "Feature", "properties": {"level_in": 0.25}, "geometry": {"type": "LineString", "coordinates": [[-118.7578125, 51.601609046050626], [-118.8197557179227, 51.56414625090001], [-118.7578125, 51.50073315358697], [-118.75214587863296, 51.49384748460001], [-118.7578125, 51.48145015604113], [-118.828125, 51.43665940526126], [-118.8722915546497, 51.4235487183], [-118.83882685874863, 51.353249952], [-118.828125, 51.34581351405483], [-118.7578125, 51.31164414038108], [-118.70150679263105, 51.353249952], [-118.6875, 51.37435355122146], [-118.66240834642743, 51.4235487183], [-118.6183389482582, 51.4938474846], [-118.6171875, 51.50958084388804], [-118.60489389008727, 51.5641462509], [-118.6171875, 51.5676528946546], [-118.6875, 51.588046252260014], [-118.7578125, 51.60160904605062]]}}, {"type": "Feature", "properties": {"level_in": 0.25}, "geometry": {"type": "LineString", "coordinates": [[-123.890625, 51.30655579697874], [-123.8203125, 51.298891954186566], [-123.75740381257766, 51.2829511856], [-123.75, 51.275107119611114], [-123.6796875, 51.24197910866502], [-123.609375, 51.21511167235943], [-123.60274201149822, 51.2126524193], [-123.609375, 51.20969920620201], [-123.67968749999999, 51.193618741382735], [-123.75, 51.198541310116205], [-123.8203125, 51.20206568570487], [-123.890625, 51.201502165445106], [-123.9609375, 51.20006989561725], [-124.03125, 51.21156657115222], [-124.03389288470288, 51.2126524193], [-124.03125000000001, 51.21370138952637], [-123.9609375, 51.25969042589024], [-123.95161898545837, 51.2829511856], [-123.890625, 51.30655579697874]]}}, {"type": "Feature", "properties": {"level_in": 0.25}, "geometry": {"type": "LineString", "coordinates": [[-124.59375, 51.150911440916616], [-124.56881232183541, 51.1423536529], [-124.59374999999999, 51.12639666841972], [-124.62178802600712, 51.1423536529], [-124.59375, 51.150911440916616]]}}, {"type": "Feature", "properties": {"level_in": 0.25}, "geometry": {"type": "LineString", "coordinates": [[-119.25, 51.158136479531265], [-119.2192234368049, 51.1423536529], [-119.25, 51.12531612520968], [-119.26472083570023, 51.1423536529], [-119.25, 51.158136479531265]]}}, {"type": "Feature", "properties": {"level_in": 0.25}, "geometry": {"type": "LineString", "coordinates": [[-116.5078125, 51.14272410450962], [-116.5115557375506, 51.1423536529], [-116.578125, 51.130902048654875], [-116.61847167421577, 51.0720548865], [-116.58912614996298, 51.0017561202], [-116.578125, 50.989730316595136], [-116.5078125, 50.966365444296954], [-116.4375, 50.93919031053946], [-116.42379850819155, 50.9314573538], [-116.3671875, 50.9189068251344], [-116.34509540153952, 50.9314573538], [-116.36277367523032, 51.0017561202], [-116.3671875, 51.00718113195203], [-116.4375, 51.07029136859097], [-116.44127384615246, 51.0720548865], [-116.50744722952962, 51.1423536529], [-116.5078125, 51.142724104509625]]}}, {"type": "Feature", "properties": {"level_in": 0.25}, "geometry": {"type": "LineString", "coordinates": [[-124.24218750000001, 51.097564564620086], [-124.17187499999999, 51.09513417466623], [-124.14303029150379, 51.0720548865], [-124.1400877145593, 51.0017561202], [-124.171875, 50.93850495037033], [-124.18429578428848, 50.9314573538], [-124.171875, 50.93014348178527], [-124.1015625, 50.90935894541641], [-124.06541191183322, 50.8611585874], [-124.03125, 50.83604113602043], [-123.9886211005608, 50.7908598209], [-124.01001850905268, 50.720561054499996], [-124.03125, 50.688159151814375], [-124.05804439172499, 50.6502622881], [-124.03125, 50.6354644648774], [-123.98257577962332, 50.57996352160001], [-124.03125, 50.522312092042114], [-124.05005418729874, 50.5096647552], [-124.03125, 50.50243855738956], [-123.9609375, 50.46865296154711], [-123.890625, 50.45292731870498], [-123.82031250000001, 50.4420759516148], [-123.80657732217568, 50.4393659887], [-123.8203125, 50.42873822641655], [-123.890625, 50.40908317697383], [-123.90843150404861, 50.3690672223], [-123.890625, 50.36221775428591], [-123.8203125, 50.357990272848596], [-123.75, 50.33359567511996], [-123.74076898496439, 50.2987684558], [-123.74999999999999, 50.29093602523493], [-123.78346388513874, 50.2284696893], [-123.8203125, 50.18417946247123], [-123.85383710201575, 50.1581709228], [-123.890625, 50.14324135432184], [-123.96093749999999, 50.153117616812885], [-123.99883597597841, 50.1581709228], [-124.03125, 50.159605198079674], [-124.1015625, 50.16105599139129], [-124.171875, 50.16491366453535], [-124.2421875, 50.16603692150978], [-124.25266131154021, 50.1581709228], [-124.2421875, 50.14410697002386], [-124.21732148750536, 50.087872156299994], [-124.171875, 50.04934050131495], [-124.1015625, 50.04645092177948], [-124.033951537026, 50.0175733898], [-124.1015625, 49.99074972098413], [-124.17187499999999, 49.997535432922064], [-124.2421875, 50.010165233464996], [-124.25971675531915, 50.017573389800006], [-124.3125, 50.04058639021554], [-124.36768914222031, 50.0878721563], [-124.3828125, 50.11470443182979], [-124.4027592317507, 50.1581709228], [-124.3828125, 50.179720588897666], [-124.3125, 50.19415624222772], [-124.28388211446739, 50.2284696893], [-124.27359709279813, 50.2987684558], [-124.3125, 50.34399555907284], [-124.3828125, 50.363362767621396], [-124.39566962873712, 50.3690672223], [-124.38281250000001, 50.37380009209574], [-124.3125, 50.39344316611093], [-124.25596409184907, 50.4393659887], [-124.25825255931257, 50.5096647552], [-124.3125, 50.56926111635106], [-124.3466830227824, 50.57996352160001], [-124.3828125, 50.589954359174314], [-124.453125, 50.59394672742783], [-124.5234375, 50.60792978882145], [-124.5743052348267, 50.6502622881], [-124.5234375, 50.70133287993096], [-124.51045934239964, 50.7205610545], [-124.5234375, 50.76214959549142], [-124.54251425082828, 50.7908598209], [-124.52343749999999, 50.807977518023584], [-124.46510525187179, 50.8611585874], [-124.453125, 50.90124308599573], [-124.3828125, 50.92694678454062], [-124.3323421459853, 50.9314573538], [-124.3828125, 50.94142156673419], [-124.4253966873143, 51.0017561202], [-124.3828125, 51.05038319874669], [-124.3125, 51.06953027706725], [-124.30197559759868, 51.0720548865], [-124.24218750000001, 51.097564564620086]]}}, {"type": "Feature", "properties": {"level_in": 0.25}, "geometry": {"type": "LineString", "coordinates": [[-126.3515625, 50.98869194509752], [-126.28125, 50.96770274346333], [-126.2311375074585, 50.9314573538], [-126.28125, 50.91674412008411], [-126.3515625, 50.92429337663531], [-126.36693405585251, 50.9314573538], [-126.3515625, 50.98869194509752]]}}, {"type": "Feature", "properties": {"level_in": 0.25}, "geometry": {"type": "LineString", "coordinates": [[-123.609375, 50.807269740550595], [-123.58953088427103, 50.79085982090001], [-123.609375, 50.76212231725684], [-123.67014331744573, 50.7908598209], [-123.609375, 50.807269740550595]]}}, {"type": "Feature", "properties": {"level_in": 0.25}, "geometry": {"type": "LineString", "coordinates": [[-123.1171875, 50.72788135505178], [-123.046875, 50.721733422355626], [-123.04420301749612, 50.720561054499996], [-122.9765625, 50.662239671172465], [-122.96529433683531, 50.6502622881], [-122.90625, 50.59275882011019], [-122.8976736980639, 50.5799635216], [-122.90624999999999, 50.5742821740384], [-122.9765625, 50.543877930371046], [-123.046875, 50.5572702638694], [-123.07005847278998, 50.57996352159999], [-123.1171875, 50.63519481284512], [-123.14292074151811, 50.65026228810001], [-123.13522978512145, 50.7205610545], [-123.1171875, 50.72788135505178]]}}, {"type": "Feature", "properties": {"level_in": 0.25}, "geometry": {"type": "LineString", "coordinates": [[-119.4609375, 50.70871059669311], [-119.390625, 50.696891465033225], [-119.36560745964837, 50.650262288099995], [-119.390625, 50.639178298002605], [-119.4609375, 50.62664682720326], [-119.48599164507478, 50.650262288099995], [-119.4609375, 50.70871059669311]]}}, {"type": "Feature", "properties": {"level_in": 0.25}, "geometry": {"type": "LineString", "coordinates": [[-119.6015625, 50.44003452654444], [-119.53125, 50.4873982848142], [-119.48987010105695, 50.4393659887], [-119.4609375, 50.41521995723399], [-119.42201086269513, 50.3690672223], [-119.46093750000001, 50.35067368418595], [-119.48895837731706, 50.2987684558], [-119.53125, 50.24915676916555], [-119.6015625, 50.229894342235006], [-119.60711319836125, 50.2284696893], [-119.6015625, 50.22240448597366], [-119.55959814058713, 50.1581709228], [-119.6015625, 50.109189036255415], [-119.63693052398239, 50.08787215630001], [-119.65977234509845, 50.017573389800006], [-119.671875, 50.00894613567883], [-119.7421875, 49.955228601143546], [-119.74976371016834, 49.9472746232], [-119.7421875, 49.92819023865422], [-119.72227947156247, 49.8769758567], [-119.7421875, 49.86862539086895], [-119.8125, 49.81990547987503], [-119.83216637099488, 49.8066770901], [-119.8828125, 49.73744490370724], [-119.88320946735195, 49.7363783236], [-119.8828125, 49.73610705085214], [-119.8125, 49.67287218251998], [-119.80637982785136, 49.666079556999996], [-119.8125, 49.596937493276684], [-119.81284215273774, 49.5957807904], [-119.8349229743569, 49.5254820238], [-119.8125, 49.51614464405122], [-119.7421875, 49.500679498592206], [-119.67586212321739, 49.45518325730001], [-119.7421875, 49.411891379724786], [-119.8125, 49.40547577550417], [-119.8828125, 49.41850821375734], [-119.953125, 49.41329177732937], [-120.0234375, 49.39395940415562], [-120.03955524325518, 49.3848844907], [-120.05570501867774, 49.314585724], [-120.05348271193535, 49.2442869574], [-120.0234375, 49.20573391936775], [-119.97789042782676, 49.1739881908], [-119.95389677305832, 49.1036894241], [-119.953125, 49.103462593756234], [-119.951681629362, 49.1036894241], [-119.8828125, 49.146103906628824], [-119.8125, 49.143195705245546], [-119.75023373183107, 49.1036894241], [-119.7421875, 49.102264582693245], [-119.671875, 49.07061502492387], [-119.6423583166692, 49.0333906575], [-119.671875, 48.99774146865697], [-119.7421875, 48.97155136089944], [-119.78431798479156, 48.9630918908], [-119.74998196501443, 48.8927931242], [-119.8125, 48.83065134320321], [-119.82522323432065, 48.8224943575], [-119.8125, 48.81675908171807], [-119.76459755414776, 48.7521955908], [-119.7421875, 48.68833455777975], [-119.74002242444875, 48.6818968241], [-119.7421875, 48.678221301628284], [-119.8125, 48.63138977028215], [-119.85584070108516, 48.6115980574], [-119.8125, 48.58625278925002], [-119.79251783806907, 48.5412992907], [-119.8125, 48.50942317171024], [-119.8828125, 48.50811944863642], [-119.93847048547731, 48.5412992907], [-119.953125, 48.610407847371214], [-119.95370260377379, 48.6115980574], [-120.0234375, 48.636375037626955], [-120.09375, 48.63777725698455], [-120.1640625, 48.64311792726641], [-120.234375, 48.64283295751916], [-120.3046875, 48.631340513878754], [-120.375, 48.61239952203095], [-120.37688760663336, 48.6115980574], [-120.42059532525468, 48.5412992907], [-120.37536004226459, 48.471000524], [-120.39308682987773, 48.4007017573], [-120.39499897300689, 48.3304029905], [-120.375, 48.286496615701914], [-120.3046875, 48.262250173649896], [-120.29673331017223, 48.26010422379999], [-120.3046875, 48.25520341055185], [-120.375, 48.22513708690271], [-120.4453125, 48.22827522537558], [-120.515625, 48.22660959279757], [-120.54569472209516, 48.189805457], [-120.52808647665182, 48.1195066903], [-120.515625, 48.09089129046257], [-120.50526669824065, 48.0492079235], [-120.46520126021736, 47.9789091567], [-120.515625, 47.94044930929515], [-120.5859375, 47.92719648017538], [-120.65625, 47.93875602420181], [-120.7265625, 47.94942495130327], [-120.796875, 47.951890858470065], [-120.8671875, 47.94316982438319], [-120.9375, 47.91870488259537], [-120.95094687227578, 47.90861038989999], [-120.9375, 47.86423443476808], [-120.92612500972425, 47.83831162319999], [-120.90873638036028, 47.76801285639999], [-120.8671875, 47.71854325635307], [-120.82986752934636, 47.6977140895], [-120.80762846121904, 47.6274153227], [-120.81086515622168, 47.5571165559], [-120.81313279794833, 47.4868177891], [-120.85023284968199, 47.41651902219999], [-120.8671875, 47.41183024697648], [-120.9375, 47.40784582979493], [-121.0078125, 47.409083349171176], [-121.05111713679155, 47.4165190222], [-121.078125, 47.42001293970241], [-121.1484375, 47.421689015355106], [-121.16661062793872, 47.4165190222], [-121.21875, 47.397752514626724], [-121.2890625, 47.381012611252835], [-121.359375, 47.36942898716923], [-121.4296875, 47.36252719436014], [-121.5, 47.37086544359717], [-121.55412692213415, 47.4165190222], [-121.5703125, 47.44610972447349], [-121.58535993757886, 47.4868177891], [-121.59960758416312, 47.5571165559], [-121.62710342513748, 47.6274153227], [-121.62466046952413, 47.6977140895], [-121.640625, 47.75579631031326], [-121.64442984700966, 47.7680128564], [-121.6491243481679, 47.838311623200006], [-121.640625, 47.847453880297245], [-121.60263753392778, 47.9086103899], [-121.640625, 47.95127208261027], [-121.66750051426712, 47.9789091567], [-121.71093750000001, 48.017696616897105], [-121.75636110509929, 48.0492079235], [-121.77661954536026, 48.1195066903], [-121.78125, 48.13775647526224], [-121.80262836718376, 48.189805457], [-121.80055217251544, 48.26010422379999], [-121.8515625, 48.29157399308578], [-121.89039908289965, 48.3304029905], [-121.921875, 48.352139840954706], [-121.9921875, 48.37449505574905], [-122.04121228769705, 48.4007017573], [-122.04618221157574, 48.471000524], [-122.00987266161168, 48.541299290699996], [-122.0625, 48.59171736001426], [-122.1015457805758, 48.6115980574], [-122.1328125, 48.65165230944867], [-122.15167428770977, 48.6818968241], [-122.1328125, 48.702858930584185], [-122.10695426426847, 48.7521955908], [-122.09602959710516, 48.8224943575], [-122.0625, 48.85601740566982], [-122.03236529445743, 48.8927931242], [-121.9921875, 48.9467140060427], [-121.96720137990295, 48.9630918908], [-121.921875, 49.02384620176345], [-121.91192798743879, 49.0333906575], [-121.8515625, 49.074722134287185], [-121.78125, 49.10294997033801], [-121.77991601734095, 49.1036894241], [-121.7109375, 49.16221603530725], [-121.68904800211438, 49.1739881908], [-121.640625, 49.24135883965869], [-121.63825860583071, 49.2442869574], [-121.5703125, 49.26883891551252], [-121.5224909667863, 49.31458572399999], [-121.50195435662157, 49.3848844907], [-121.5, 49.38985118429242], [-121.4296875, 49.451876038249935], [-121.40677113859746, 49.4551832573], [-121.359375, 49.4702045790621], [-121.2890625, 49.50687451309764], [-121.27214999731282, 49.5254820238], [-121.28906249999999, 49.59258615581693], [-121.29104200263873, 49.5957807904], [-121.28906250000001, 49.596610481721385], [-121.21875, 49.66601022829413], [-121.21871669276382, 49.666079557], [-121.1484375, 49.72711951893568], [-121.12848051716063, 49.7363783236], [-121.078125, 49.754098899337116], [-121.0078125, 49.75652876271952], [-120.9375, 49.741259495815555], [-120.91819595711924, 49.73637832360001], [-120.86877430812939, 49.666079557], [-120.8671875, 49.66552033126993], [-120.796875, 49.665279453237936], [-120.7949268938741, 49.666079557], [-120.7265625, 49.698048482298546], [-120.68088856950989, 49.7363783236], [-120.65625000000001, 49.75369995226837], [-120.5859375, 49.78785241621403], [-120.54415810988958, 49.806677090099996], [-120.51562500000001, 49.82509939135618], [-120.4453125, 49.85685257871718], [-120.40057814915457, 49.8769758567], [-120.375, 49.90305373935094], [-120.34794611890499, 49.9472746232], [-120.3046875, 49.990094028678435], [-120.27062002068895, 50.0175733898], [-120.23437499999999, 50.02907524347417], [-120.1640625, 50.04883396247415], [-120.09375, 50.058144746352845], [-120.0234375, 50.07396202678477], [-119.99577034931792, 50.0878721563], [-119.953125, 50.113564162295745], [-119.90140657477481, 50.1581709228], [-119.8828125, 50.18135131007528], [-119.83328859111191, 50.2284696893], [-119.8125, 50.27875908608489], [-119.80510581886683, 50.2987684558], [-119.7421875, 50.34513733655371], [-119.71009092032939, 50.3690672223], [-119.671875, 50.3937802895569], [-119.60210536423072, 50.4393659887], [-119.6015625, 50.44003452654444]]}}, {"type": "Feature", "properties": {"level_in": 0.25}, "geometry": {"type": "LineString", "coordinates": [[-117.9140625, 50.45612219692562], [-117.93679995112619, 50.439365988700004], [-117.94406604851079, 50.3690672223], [-117.984375, 50.32297345772756], [-117.9950825669625, 50.2987684558], [-117.984375, 50.281629660391765], [-117.94751729490875, 50.2284696893], [-117.94884079011081, 50.1581709228], [-117.984375, 50.12475608606077], [-118.01130031811007, 50.0878721563], [-118.0546875, 50.04626453658158], [-118.125, 50.02245299428738], [-118.13906686639903, 50.017573389800006], [-118.1953125, 49.95551149222085], [-118.20761495092843, 49.9472746232], [-118.21189368056521, 49.8769758567], [-118.22452290091428, 49.8066770901], [-118.22438900318485, 49.7363783236], [-118.25147053096227, 49.666079557], [-118.265625, 49.636612271791606], [-118.2943109265577, 49.5957807904], [-118.31076237808816, 49.5254820238], [-118.3359375, 49.48444024537673], [-118.3769222825471, 49.45518325730001], [-118.37708729338124, 49.3848844907], [-118.3359375, 49.36923903876388], [-118.265625, 49.36646769025134], [-118.1953125, 49.36623708432316], [-118.125, 49.368024370656364], [-118.0546875, 49.37616216214939], [-118.01614340579783, 49.3848844907], [-118.02987148077727, 49.45518325729999], [-118.0546875, 49.505046155907124], [-118.07010816749184, 49.5254820238], [-118.07216768999345, 49.5957807904], [-118.06759677667972, 49.666079556999996], [-118.0546875, 49.67769209158106], [-118.02216700913014, 49.7363783236], [-117.984375, 49.80660321673612], [-117.9843264360061, 49.8066770901], [-117.95087065905898, 49.8769758567], [-117.9140625, 49.91638920473762], [-117.88558226861821, 49.9472746232], [-117.86414004255404, 50.017573389800006], [-117.84375, 50.04302339952122], [-117.77651742483012, 50.0878721563], [-117.7734375, 50.096542699049884], [-117.74740055852567, 50.1581709228], [-117.74067638668106, 50.2284696893], [-117.76868793321401, 50.2987684558], [-117.7734375, 50.3047351891147], [-117.8150463293443, 50.3690672223], [-117.84375, 50.40758144721621], [-117.86997968691423, 50.43936598869999], [-117.9140625, 50.45612219692562]]}}, {"type": "Feature", "properties": {"level_in": 0.25}, "geometry": {"type": "LineString", "coordinates": [[-126.5625, 50.38497813097209], [-126.4921875, 50.40185396897759], [-126.421875, 50.397058621152354], [-126.3678560314501, 50.3690672223], [-126.3515625, 50.33732802861762], [-126.28125, 50.30159215853761], [-126.26959757966134, 50.298768455799994], [-126.2109375, 50.277812479037365], [-126.140625, 50.25259748159898], [-126.1164924941185, 50.2284696893], [-126.0703125, 50.18365148115403], [-126.02094845160136, 50.1581709228], [-126.0703125, 50.09642638483935], [-126.140625, 50.114255020078716], [-126.19564242510499, 50.1581709228], [-126.2109375, 50.17696545028643], [-126.26307166866947, 50.2284696893], [-126.28125, 50.28507321625308], [-126.3515625, 50.27859399417391], [-126.421875, 50.28854472963086], [-126.4517526271531, 50.2987684558], [-126.4921875, 50.31492594845814], [-126.5625, 50.35254435611748], [-126.58462206086512, 50.3690672223], [-126.5625, 50.38497813097209]]}}, {"type": "Feature", "properties": {"level_in": 0.25}, "geometry": {"type": "LineString", "coordinates": [[-123.6796875, 50.40627876073788], [-123.609375, 50.4092119242774], [-123.5390625, 50.385012935452586], [-123.5157278508374, 50.3690672223], [-123.46875, 50.35382825164822], [-123.3984375, 50.34710303367684], [-123.328125, 50.35589455308289], [-123.2578125, 50.363250440658], [-123.1875, 50.33510438287264], [-123.14734546473535, 50.2987684558], [-123.1171875, 50.27952282808519], [-123.07311224428668, 50.2284696893], [-123.046875, 50.17466929224837], [-123.03310697690759, 50.1581709228], [-123.046875, 50.14690660124605], [-123.1171875, 50.12015232795927], [-123.1875, 50.11058099383868], [-123.2578125, 50.100311352234314], [-123.328125, 50.09410274191714], [-123.3984375, 50.09558638063043], [-123.46875, 50.11306404280144], [-123.53906249999999, 50.14038035163088], [-123.56519651124526, 50.1581709228], [-123.5848265131452, 50.2284696893], [-123.609375, 50.24916621468728], [-123.65279908858875, 50.2987684558], [-123.6796875, 50.34050164901613], [-123.73709134831515, 50.3690672223], [-123.6796875, 50.40627876073788]]}}, {"type": "Feature", "properties": {"level_in": 0.25}, "geometry": {"type": "LineString", "coordinates": [[-122.484375, 50.384915255812025], [-122.44405999578464, 50.3690672223], [-122.484375, 50.345706639484874], [-122.51479810393752, 50.3690672223], [-122.484375, 50.384915255812025]]}}, {"type": "Feature", "properties": {"level_in": 0.25}, "geometry": {"type": "LineString", "coordinates": [[-127.40625, 50.30943333482208], [-127.3359375, 50.336273584348504], [-127.265625, 50.34595439518531], [-127.1953125, 50.351082353644266], [-127.125, 50.33608707918444], [-127.09759227836342, 50.2987684558], [-127.10307948614937, 50.2284696893], [-127.12499999999999, 50.22113122152056], [-127.19531249999999, 50.21668518064611], [-127.265625, 50.2143421666353], [-127.29933141294956, 50.2284696893], [-127.3359375, 50.2470672769686], [-127.40625, 50.286657558615886], [-127.42592948544262, 50.2987684558], [-127.40625, 50.30943333482208]]}}, {"type": "Feature", "properties": {"level_in": 0.25}, "geometry": {"type": "LineString", "coordinates": [[-118.8984375, 50.325450415131264], [-118.94701615354937, 50.2987684558], [-118.8984375, 50.2641009161467], [-118.828125, 50.284435216289], [-118.7578125, 50.297313822198674], [-118.75291909603698, 50.2987684558], [-118.7578125, 50.301792195223655], [-118.828125, 50.339061397237444], [-118.8984375, 50.325450415131264]]}}, {"type": "Feature", "properties": {"level_in": 0.25}, "geometry": {"type": "LineString", "coordinates": [[-122.6953125, 50.18138614180161], [-122.625, 50.220484710454436], [-122.5546875, 50.22142606900646], [-122.49932252083372, 50.1581709228], [-122.484375, 50.14026686457318], [-122.445669558801, 50.0878721563], [-122.4140625, 50.018570332958], [-122.41337062900398, 50.0175733898], [-122.4140625, 50.01523701560109], [-122.484375, 49.966862498430324], [-122.5546875, 49.99431436804463], [-122.58220608653963, 50.0175733898], [-122.625, 50.05297409913315], [-122.65815061564797, 50.0878721563], [-122.6953125, 50.14303408058312], [-122.70527600204682, 50.1581709228], [-122.6953125, 50.18138614180161]]}}, {"type": "Feature", "properties": {"level_in": 0.25}, "geometry": {"type": "LineString", "coordinates": [[-126.703125, 50.0935874777864], [-126.6328125, 50.090983002590335], [-126.62656285269162, 50.0878721563], [-126.6328125, 50.06772610558398], [-126.703125, 50.063446297330756], [-126.72543591394148, 50.0878721563], [-126.703125, 50.0935874777864]]}}, {"type": "Feature", "properties": {"level_in": 0.25}, "geometry": {"type": "LineString", "coordinates": [[-126.5625, 50.04934563598263], [-126.4921875, 50.0596527166596], [-126.421875, 50.06314602066154], [-126.3515625, 50.045290528745994], [-126.30836430553113, 50.0175733898], [-126.28125, 49.97218733872451], [-126.24167216604268, 49.9472746232], [-126.2270301337887, 49.8769758567], [-126.28125, 49.871807024646316], [-126.3515625, 49.87484349730664], [-126.36226063919071, 49.8769758567], [-126.421875, 49.896224987699426], [-126.4784773848128, 49.9472746232], [-126.4921875, 49.95249561101901], [-126.5625, 49.98802298089971], [-126.61681689787022, 50.017573389800006], [-126.5625, 50.04934563598263]]}}, {"type": "Feature", "properties": {"level_in": 0.25}, "geometry": {"type": "LineString", "coordinates": [[-123.5390625, 50.052565662318216], [-123.46875, 50.07549651044308], [-123.3984375, 50.07768937943022], [-123.34867133524011, 50.0175733898], [-123.3984375, 49.960832746953756], [-123.46875, 49.95600830495942], [-123.5390625, 49.96800776820783], [-123.58209766280868, 50.0175733898], [-123.5390625, 50.052565662318216]]}}, {"type": "Feature", "properties": {"level_in": 0.25}, "geometry": {"type": "LineString", "coordinates": [[-126.84375, 49.9716251116236], [-126.81376878254723, 49.9472746232], [-126.84375, 49.92941331505487], [-126.87476110344713, 49.9472746232], [-126.84375, 49.9716251116236]]}}, {"type": "Feature", "properties": {"level_in": 0.25}, "geometry": {"type": "LineString", "coordinates": [[-117.42187500000001, 49.95580738921998], [-117.42449533106026, 49.9472746232], [-117.421875, 49.94124652707002], [-117.3515625, 49.92993417649582], [-117.28125, 49.93005652698193], [-117.26343524852406, 49.9472746232], [-117.28125, 49.98700318387801], [-117.3515625, 49.9814037766283], [-117.421875, 49.95580738921998]]}}, {"type": "Feature", "properties": {"level_in": 0.25}, "geometry": {"type": "LineString", "coordinates": [[-123.5390625, 49.92651739490033], [-123.46875, 49.93349213491852], [-123.39843750000001, 49.9087978818136], [-123.38193396119912, 49.8769758567], [-123.39843750000001, 49.85556509520871], [-123.46875, 49.8100000217365], [-123.5390625, 49.83482638779909], [-123.58159849326698, 49.8769758567], [-123.5390625, 49.92651739490033]]}}, {"type": "Feature", "properties": {"level_in": 0.25}, "geometry": {"type": "LineString", "coordinates": [[-122.0625, 49.87981710449154], [-122.02586111944494, 49.8769758567], [-121.9921875, 49.87521821977192], [-121.921875, 49.86949174653104], [-121.8515625, 49.85554349408312], [-121.78125, 49.8376153158369], [-121.7109375, 49.81241754582194], [-121.704233707843, 49.8066770901], [-121.7029848607823, 49.7363783236], [-121.7109375, 49.73029715643621], [-121.78125, 49.713445319538835], [-121.8515625, 49.710824871384915], [-121.921875, 49.706421247296234], [-121.9921875, 49.69507533314502], [-122.0625, 49.69461256510847], [-122.12027671787305, 49.7363783236], [-122.12601129933424, 49.8066770901], [-122.07516530829648, 49.8769758567], [-122.0625, 49.87981710449154]]}}, {"type": "Feature", "properties": {"level_in": 0.25}, "geometry": {"type": "LineString", "coordinates": [[-115.3828125, 49.91791459105622], [-115.3125, 49.90605690334559], [-115.26003798261725, 49.8769758567], [-115.25985702124783, 49.80667709010001], [-115.3125, 49.77135407271756], [-115.35334334285858, 49.73637832360001], [-115.32722232407696, 49.666079557], [-115.3828125, 49.64226609302265], [-115.453125, 49.64759503885724], [-115.52343750000001, 49.655769136569845], [-115.54104279075361, 49.666079557], [-115.5234375, 49.69174971840441], [-115.48627321972921, 49.73637832359999], [-115.45989853739741, 49.8066770901], [-115.453125, 49.825021090347306], [-115.4305360559022, 49.8769758567], [-115.3828125, 49.91791459105622]]}}, {"type": "Feature", "properties": {"level_in": 0.25}, "geometry": {"type": "LineString", "coordinates": [[-123.5390625, 49.7754069614419], [-123.47939464648154, 49.73637832360001], [-123.46875, 49.72926737167884], [-123.3984375, 49.69637335838273], [-123.32812499999999, 49.67978060171451], [-123.30812583372904, 49.66607955700001], [-123.328125, 49.65371519949543], [-123.3984375, 49.65009017979579], [-123.46875, 49.643379787009806], [-123.5390625, 49.65193180389619], [-123.57130562610624, 49.666079557], [-123.57358874779143, 49.73637832360001], [-123.5390625, 49.7754069614419]]}}, {"type": "Feature", "properties": {"level_in": 0.25}, "geometry": {"type": "LineString", "coordinates": [[-122.6953125, 49.677191330814566], [-122.68086154146587, 49.666079557], [-122.6953125, 49.65731703254387], [-122.72101034776165, 49.666079557], [-122.6953125, 49.677191330814566]]}}, {"type": "Feature", "properties": {"level_in": 0.25}, "geometry": {"type": "LineString", "coordinates": [[-125.71874999999999, 49.553855635230065], [-125.6484375, 49.53452203013175], [-125.62760499386789, 49.5254820238], [-125.6484375, 49.51683386545525], [-125.71875, 49.511565037181704], [-125.73902082693931, 49.5254820238], [-125.71874999999999, 49.553855635230065]]}}, {"type": "Feature", "properties": {"level_in": 0.25}, "geometry": {"type": "LineString", "coordinates": [[-122.5546875, 49.55849653897796], [-122.484375, 49.56153699915197], [-122.4140625, 49.55836318580863], [-122.34375, 49.53313235965307], [-122.33227225902256, 49.52548202380001], [-122.34375, 49.52459804891064], [-122.4140625, 49.51949832273811], [-122.484375, 49.514009985049455], [-122.5546875, 49.51053147172154], [-122.58590615567692, 49.5254820238], [-122.5546875, 49.55849653897796]]}}, {"type": "Feature", "properties": {"level_in": 0.25}, "geometry": {"type": "LineString", "coordinates": [[-120.375, 49.462630144577425], [-120.39918618688462, 49.45518325730001], [-120.375, 49.44879705511357], [-120.36714389941207, 49.4551832573], [-120.375, 49.462630144577425]]}}, {"type": "Feature", "properties": {"level_in": 0.25}, "geometry": {"type": "LineString", "coordinates": [[-119.8125, 49.35508807014911], [-119.76886311154367, 49.314585724], [-119.8125, 49.28702609742559], [-119.86300016537257, 49.314585724], [-119.8125, 49.35508807014911]]}}, {"type": "Feature", "properties": {"level_in": 0.25}, "geometry": {"type": "LineString", "coordinates": [[-116.015625, 48.89573559796332], [-115.9453125, 48.89349059022312], [-115.94450276779199, 48.8927931242], [-115.9453125, 48.89167101054819], [-116.015625, 48.890706802167124], [-116.01910403398487, 48.8927931242], [-116.015625, 48.89573559796332]]}}, {"type": "Feature", "properties": {"level_in": 0.25}, "geometry": {"type": "LineString", "coordinates": [[-119.0390625, 48.83474462792017], [-118.96875, 48.83876976975377], [-118.93655529578282, 48.8224943575], [-118.96253076711861, 48.7521955908], [-118.96875, 48.74999377645486], [-118.97537307949949, 48.7521955908], [-119.0390625, 48.784212262720416], [-119.08426780409337, 48.8224943575], [-119.0390625, 48.83474462792017]]}}, {"type": "Feature", "properties": {"level_in": 0.25}, "geometry": {"type": "LineString", "coordinates": [[-118.4765625, 48.78760954482027], [-118.41693041652445, 48.7521955908], [-118.40625, 48.74492560244445], [-118.35025085560731, 48.6818968241], [-118.40157803708117, 48.6115980574], [-118.40625, 48.60035494708923], [-118.42994299463136, 48.541299290699996], [-118.4765625, 48.521094540243226], [-118.50941989978028, 48.5412992907], [-118.52716570371578, 48.6115980574], [-118.51473058280085, 48.6818968241], [-118.52601349267397, 48.7521955908], [-118.4765625, 48.78760954482027]]}}, {"type": "Feature", "properties": {"level_in": 0.25}, "geometry": {"type": "LineString", "coordinates": [[-116.6484375, 48.815255698542494], [-116.58312548167117, 48.7521955908], [-116.578125, 48.74143734346205], [-116.56333584031692, 48.6818968241], [-116.53875651741478, 48.6115980574], [-116.578125, 48.59514395405405], [-116.61859759521519, 48.6115980574], [-116.6484375, 48.64523510201657], [-116.66685383230602, 48.6818968241], [-116.71505043515216, 48.7521955908], [-116.6484375, 48.815255698542494]]}}, {"type": "Feature", "properties": {"level_in": 0.25}, "geometry": {"type": "LineString", "coordinates": [[-121.5703125, 48.46766793284423], [-121.59809059368732, 48.4007017573], [-121.59498603832814, 48.3304029905], [-121.640625, 48.26466423010312], [-121.64518262021292, 48.2601042238], [-121.640625, 48.258803902196654], [-121.5703125, 48.24239809685652], [-121.5, 48.226795009390344], [-121.4296875, 48.221718026616486], [-121.41398758558273, 48.2601042238], [-121.4296875, 48.280450662014616], [-121.46596540121497, 48.3304029905], [-121.5, 48.387686773282056], [-121.51533093847374, 48.4007017573], [-121.5703125, 48.46766793284423]]}}, {"type": "Feature", "properties": {"level_in": 0.25}, "geometry": {"type": "LineString", "coordinates": [[-123.8203125, 47.98786034181649], [-123.75, 47.99813466872751], [-123.6796875, 48.00309438252703], [-123.609375, 48.00730269912786], [-123.5390625, 48.01253017981193], [-123.46875, 48.01574485973815], [-123.3984375, 48.01641074233765], [-123.328125, 48.01609989223189], [-123.25781250000001, 48.009159893911175], [-123.1875, 47.99825197165204], [-123.14688806780859, 47.9789091567], [-123.1171875, 47.964525241619434], [-123.04799639302746, 47.9086103899], [-123.046875, 47.907070936513975], [-123.01603744172697, 47.8383116232], [-123.046875, 47.78486789002166], [-123.067203633977, 47.7680128564], [-123.04942299495707, 47.6977140895], [-123.1171875, 47.6652798563461], [-123.15864073010694, 47.6274153227], [-123.18749999999999, 47.59856168950206], [-123.242321171562, 47.5571165559], [-123.2578125, 47.54162825317594], [-123.328125, 47.50421832477346], [-123.36237118647657, 47.4868177891], [-123.3984375, 47.46958947114909], [-123.46875, 47.46379090601345], [-123.5390625, 47.46264271088724], [-123.609375, 47.480161576650026], [-123.62435440258142, 47.4868177891], [-123.6796875, 47.51863905577473], [-123.75, 47.55368886374384], [-123.75619496965636, 47.5571165559], [-123.8203125, 47.58745795273518], [-123.86761981056037, 47.6274153227], [-123.890625, 47.685010845062465], [-123.89457059888989, 47.6977140895], [-123.890625, 47.71545233515987], [-123.88138987327355, 47.7680128564], [-123.88823764599667, 47.8383116232], [-123.890625, 47.84948924533931], [-123.9068329585407, 47.9086103899], [-123.890625, 47.941074235933286], [-123.85115269928414, 47.9789091567], [-123.8203125, 47.98786034181649]]}}, {"type": "Feature", "properties": {"level_in": 0.25}, "geometry": {"type": "LineString", "coordinates": [[-85.64062499999999, 47.97940327152482], [-85.6376597388899, 47.9789091567], [-85.5703125, 47.96311007683304], [-85.5, 47.93361261680941], [-85.47037618604588, 47.9086103899], [-85.4296875, 47.88176523938107], [-85.36719082690945, 47.8383116232], [-85.359375, 47.83544149428982], [-85.2890625, 47.80873874696688], [-85.21875, 47.78540405088795], [-85.1484375, 47.77344890275371], [-85.10739269302901, 47.7680128564], [-85.078125, 47.76447645436232], [-85.0078125, 47.7656994963276], [-84.9375, 47.76647843971387], [-84.8671875, 47.76015607145609], [-84.796875, 47.75289890549687], [-84.7265625, 47.736178870222794], [-84.65625, 47.71556171974008], [-84.58918069906876, 47.6977140895], [-84.5859375, 47.69660687495753], [-84.515625, 47.67210266678561], [-84.4453125, 47.64727082355333], [-84.38828785201287, 47.6274153227], [-84.375, 47.62241548028845], [-84.3046875, 47.57928853586592], [-84.27027603076118, 47.5571165559], [-84.234375, 47.527794605174876], [-84.18925990900323, 47.4868177891], [-84.1640625, 47.46039640763167], [-84.1205304364951, 47.4165190222], [-84.09375, 47.38930491069648], [-84.02963587898208, 47.3462202554], [-84.0234375, 47.34273965677026], [-83.953125, 47.31097731825748], [-83.8828125, 47.29314328281312], [-83.8125, 47.278125188925415], [-83.80469520064996, 47.275921488499996], [-83.7421875, 47.26220847571767], [-83.671875, 47.24655281021131], [-83.6015625, 47.221243038876295], [-83.5592614305411, 47.2056227217], [-83.53125, 47.19662688805263], [-83.4609375, 47.168652501474035], [-83.390625, 47.14123790346112], [-83.37713855825137, 47.1353239548], [-83.3203125, 47.11559656195125], [-83.25, 47.09046031118268], [-83.18447249370412, 47.0650251879], [-83.1796875, 47.063154643445856], [-83.109375, 47.03731462826816], [-83.0390625, 47.014467419382484], [-82.97300432513708, 46.994726421], [-82.96875, 46.993272966909444], [-82.8984375, 46.97108176548439], [-82.828125, 46.95204259714583], [-82.7578125, 46.938783849944116], [-82.6875, 46.92607094087274], [-82.67676516732348, 46.9244276541], [-82.6171875, 46.91321524315928], [-82.546875, 46.89961767428124], [-82.4765625, 46.886072640383794], [-82.40625, 46.8718751276227], [-82.3359375, 46.85862178962459], [-82.31118364434471, 46.854128887200005], [-82.265625, 46.84274144111278], [-82.1953125, 46.82526718903296], [-82.125, 46.8098948538305], [-82.0546875, 46.79631431090958], [-81.984375, 46.78502375614201], [-81.97355319147233, 46.7838301203], [-81.9140625, 46.774922608240345], [-81.84375, 46.767824250115375], [-81.7734375, 46.76753859644497], [-81.703125, 46.767696169360825], [-81.6328125, 46.7710873979013], [-81.5625, 46.773468017072176], [-81.4921875, 46.769524518918416], [-81.421875, 46.765034050122416], [-81.3515625, 46.75372026656863], [-81.28125, 46.74082998836364], [-81.2109375, 46.720484651738886], [-81.18699526597095, 46.7135313534], [-81.140625, 46.69402762767631], [-81.0703125, 46.66616911142836], [-81.0, 46.64658329001685], [-80.98238386292519, 46.643232586500005], [-80.9296875, 46.63581470570921], [-80.859375, 46.62522073033936], [-80.7890625, 46.610902969596424], [-80.71875, 46.59793273600851], [-80.6484375, 46.58888938906911], [-80.578125, 46.58125758253581], [-80.5078125, 46.576994143351776], [-80.43749999999999, 46.57330662453475], [-80.4167429760881, 46.572933819499994], [-80.3671875, 46.571996050812665], [-80.296875, 46.57015435048502], [-80.2265625, 46.56772460900237], [-80.15625, 46.5637751989554], [-80.0859375, 46.55150238019061], [-80.015625, 46.537081981380524], [-79.9453125, 46.5194595266781], [-79.88040533178126, 46.5026350526], [-79.92344400235149, 46.4323362857], [-79.9453125, 46.42311640882365], [-80.015625, 46.36560625215159], [-80.01821410042761, 46.3620375187], [-80.0754451242983, 46.2917387517], [-80.0859375, 46.28733015766696], [-80.15625, 46.25515233772528], [-80.2265625, 46.232147360429714], [-80.28191149770406, 46.2214399848], [-80.296875, 46.21919485066379], [-80.3671875, 46.21022458421463], [-80.4375, 46.20738291407533], [-80.5078125, 46.20640421927745], [-80.578125, 46.20809956640502], [-80.6484375, 46.21125001599112], [-80.71874999999999, 46.21332448578301], [-80.7890625, 46.21490016593341], [-80.859375, 46.2115603324531], [-80.9296875, 46.205043909656936], [-81.0, 46.19735580499982], [-81.0703125, 46.18363819953996], [-81.140625, 46.16537647115787], [-81.2109375, 46.15424762756766], [-81.28125, 46.1524968637737], [-81.3515625, 46.1673353875139], [-81.421875, 46.180696883564586], [-81.4921875, 46.198257419528915], [-81.5588503426144, 46.2214399848], [-81.5625, 46.22361846211663], [-81.6328125, 46.26440243625812], [-81.6763196540671, 46.2917387517], [-81.703125, 46.318153277154835], [-81.7680303989867, 46.3620375187], [-81.7734375, 46.36540286948044], [-81.84375, 46.39639255506683], [-81.9140625, 46.4143389059066], [-81.984375, 46.42332314121579], [-82.0546875, 46.4302100315421], [-82.08150192828671, 46.4323362857], [-82.125, 46.43657469206429], [-82.1953125, 46.44127687290796], [-82.265625, 46.456266592645704], [-82.3359375, 46.46993722289004], [-82.40625, 46.48439672093323], [-82.4765625, 46.49891878043425], [-82.49485404558058, 46.50263505259999], [-82.546875, 46.515899548522874], [-82.6171875, 46.533112176547185], [-82.6875, 46.551030077711765], [-82.7578125, 46.56785452600707], [-82.79337456459785, 46.5729338195], [-82.828125, 46.579214392669634], [-82.8984375, 46.589561673039604], [-82.96875, 46.594293406616266], [-83.0390625, 46.59772079283478], [-83.109375, 46.58732576089416], [-83.1796875, 46.574745093314384], [-83.18349287843026, 46.5729338195], [-83.25, 46.54481884412152], [-83.3203125, 46.5044836927339], [-83.32352194426655, 46.5026350526], [-83.390625, 46.441508655274504], [-83.40747552307545, 46.4323362857], [-83.4609375, 46.39162449901593], [-83.500599962793, 46.3620375187], [-83.53125, 46.34466451011049], [-83.58920588859499, 46.2917387517], [-83.6015625, 46.255458103225564], [-83.61601390342497, 46.2214399848], [-83.6015625, 46.21028880338643], [-83.53125, 46.15405178492536], [-83.52769026874412, 46.1511412178], [-83.4609375, 46.11280560741582], [-83.40776064649906, 46.0808424508], [-83.39809688420385, 46.0105436838], [-83.39606228241973, 45.9402449168], [-83.390625, 45.92887826068142], [-83.36303438631055, 45.8699461498], [-83.36162262031976, 45.7996473828], [-83.3203125, 45.758581371811545], [-83.28686977885903, 45.7293486158], [-83.25, 45.71314177763177], [-83.1796875, 45.66980883886762], [-83.16888865271257, 45.6590498488], [-83.109375, 45.63182980465443], [-83.0390625, 45.5914753228236], [-83.03428969435595, 45.5887510817], [-82.96875, 45.55913331294711], [-82.8984375, 45.53282427092838], [-82.85286060350924, 45.5184523147], [-82.828125, 45.50837859457322], [-82.7578125, 45.48182942915152], [-82.6875, 45.45253025162337], [-82.67069328824488, 45.4481535477], [-82.6171875, 45.43132356011869], [-82.546875, 45.41532688811654], [-82.4765625, 45.40686558913761], [-82.40625, 45.40109810463517], [-82.3359375, 45.40378312834757], [-82.265625, 45.408821629887385], [-82.1953125, 45.41483930337451], [-82.125, 45.421395400209086], [-82.0546875, 45.425497723670986], [-81.984375, 45.429144383238174], [-81.9140625, 45.429822866666186], [-81.84375, 45.42880057070859], [-81.7734375, 45.419909483181996], [-81.703125, 45.405648538107144], [-81.6328125, 45.407708873275794], [-81.5625, 45.41417250915339], [-81.4921875, 45.426584222728444], [-81.421875, 45.442014640599226], [-81.3515625, 45.44663841253891], [-81.28125, 45.44453814493849], [-81.2109375, 45.44458400263405], [-81.140625, 45.44566699538669], [-81.0703125, 45.44577592689805], [-81.0, 45.44554820114443], [-80.9296875, 45.4380882363179], [-80.859375, 45.42708174961513], [-80.7890625, 45.41948426732108], [-80.71875, 45.41357643521893], [-80.6484375, 45.41137866422453], [-80.578125, 45.4106542890171], [-80.5078125, 45.41001375985702], [-80.4375, 45.4088603551912], [-80.3671875, 45.41010872716744], [-80.296875, 45.41256258444509], [-80.2265625, 45.41795975529244], [-80.15625, 45.424610954061], [-80.0859375, 45.431090058318055], [-80.015625, 45.439077920651705], [-79.9526964692502, 45.4481535477], [-79.9453125, 45.44932086924436], [-79.875, 45.46024597381834], [-79.8046875, 45.470584168048305], [-79.734375, 45.48012557941876], [-79.6640625, 45.48835028201937], [-79.59375, 45.49486542111667], [-79.5234375, 45.500053545169116], [-79.453125, 45.50383916743231], [-79.3828125, 45.508348651996926], [-79.3125, 45.51513489456245], [-79.28553491374973, 45.5184523147], [-79.2421875, 45.523908114695026], [-79.171875, 45.537203463691455], [-79.1015625, 45.551254689396735], [-79.03125, 45.56641256665355], [-78.9609375, 45.58178290415075], [-78.9259595697804, 45.5887510817], [-78.890625, 45.59592387480513], [-78.8203125, 45.610611855729516], [-78.75, 45.62995263794518], [-78.6796875, 45.65297555333161], [-78.66714992091819, 45.65904984880001], [-78.609375, 45.70332859385224], [-78.58140043762151, 45.7293486158], [-78.5390625, 45.78421276504865], [-78.52391892444172, 45.7996473828], [-78.46875, 45.85067476311768], [-78.42410239253996, 45.8699461498], [-78.3984375, 45.881978052611636], [-78.328125, 45.91343607274827], [-78.2578125, 45.936754258727255], [-78.24621223486994, 45.9402449168], [-78.23618037616404, 46.0105436838], [-78.22455810826216, 46.0808424508], [-78.20407243361569, 46.1511412178], [-78.1875, 46.153792264298104], [-78.1171875, 46.15566026233112], [-78.10192017084415, 46.1511412178], [-78.046875, 46.12093953688149], [-77.9765625, 46.095854452281685], [-77.94704157494542, 46.08084245079999], [-77.90625, 46.04382345691311], [-77.84777421872067, 46.0105436838], [-77.8359375, 46.00462646450928], [-77.765625, 45.972641776239875], [-77.6953125, 45.9496381400489], [-77.6669139023623, 45.9402449168], [-77.625, 45.93222814440718], [-77.5546875, 45.916654562410564], [-77.484375, 45.901132435529156], [-77.4140625, 45.884203058535995], [-77.36246489809187, 45.8699461498], [-77.34375, 45.86592904587476], [-77.2734375, 45.849100122995665], [-77.203125, 45.83038042746155], [-77.1328125, 45.808410008955924], [-77.10795214548412, 45.7996473828], [-77.0625, 45.78774284389668], [-76.9921875, 45.77040667221941], [-76.921875, 45.75273832593791], [-76.8515625, 45.74084993214848], [-76.78125, 45.72951189707846], [-76.77839631767765, 45.7293486158], [-76.7109375, 45.72653838316081], [-76.640625, 45.724625049653845], [-76.5703125, 45.72774275267924], [-76.53426289701132, 45.7293486158], [-76.5, 45.73117291657176], [-76.4296875, 45.733769482759975], [-76.359375, 45.7342697127736], [-76.30880067617848, 45.7293486158], [-76.2890625, 45.727482493985924], [-76.21875, 45.72088275313705], [-76.1484375, 45.71314959389309], [-76.078125, 45.70636943759818], [-76.0078125, 45.70113962621792], [-75.9375, 45.69590744723983], [-75.8671875, 45.69048965078265], [-75.796875, 45.683500029168776], [-75.7265625, 45.67313259421968], [-75.65625, 45.661847153675275], [-75.64149770469113, 45.659049848799995], [-75.5859375, 45.64877061909283], [-75.515625, 45.63711704529956], [-75.4453125, 45.627004704438114], [-75.375, 45.61628091934696], [-75.3046875, 45.60535395319464], [-75.234375, 45.59408040539689], [-75.2013745936482, 45.588751081699996], [-75.1640625, 45.583967046184185], [-75.09375, 45.5790725656023], [-75.0234375, 45.57576001857631], [-74.953125, 45.57497281356844], [-74.8828125, 45.57494419666614], [-74.8125, 45.575144622900496], [-74.7421875, 45.57539129483137], [-74.671875, 45.57473574579194], [-74.6015625, 45.573884805596826], [-74.53125, 45.56890255026964], [-74.4609375, 45.56204683065444], [-74.390625, 45.551290508492826], [-74.3203125, 45.539077749863694], [-74.25, 45.52815896199006], [-74.18874375256905, 45.5184523147], [-74.1796875, 45.516970671054686], [-74.109375, 45.50751424105573], [-74.0390625, 45.49759356911048], [-73.96875, 45.487321450225366], [-73.8984375, 45.47588120568406], [-73.828125, 45.4627073433037], [-73.75847707493155, 45.4481535477], [-73.7578125, 45.448011944674555], [-73.6875, 45.43245285682288], [-73.6171875, 45.416074812988], [-73.546875, 45.39855307967981], [-73.4765625, 45.381173973659195], [-73.46302040356359, 45.3778547806], [-73.40625, 45.36496337350863], [-73.3359375, 45.34887957490224], [-73.265625, 45.33005885724574], [-73.1953125, 45.30993522135917], [-73.18761162098474, 45.3075560136], [-73.125, 45.29101597039163], [-73.0546875, 45.27773849418569], [-72.984375, 45.264227805186806], [-72.9140625, 45.255091341308884], [-72.84375, 45.248895609306665], [-72.7734375, 45.24844706266295], [-72.703125, 45.24911646345296], [-72.6328125, 45.25187367220985], [-72.5625, 45.251971428564474], [-72.4921875, 45.24628779624162], [-72.43212854384431, 45.2372572465], [-72.421875, 45.23540860636085], [-72.3515625, 45.20960863981348], [-72.28125, 45.17293760931528], [-72.27155999333058, 45.1669584794], [-72.2109375, 45.14237240438723], [-72.140625, 45.12811380905764], [-72.0703125, 45.11773324923513], [-72.0, 45.11228088554959], [-71.9296875, 45.1075024247167], [-71.859375, 45.103879389262296], [-71.7890625, 45.098295028859646], [-71.7802589205811, 45.0966597123], [-71.71875, 45.08580733681076], [-71.6484375, 45.0665823840417], [-71.578125, 45.03071273671347], [-71.56761296270874, 45.0263609453], [-71.5078125, 45.00935483093394], [-71.4375, 44.997351780994535], [-71.3671875, 44.99570652855151], [-71.296875, 44.99622294788181], [-71.2265625, 44.98610465440911], [-71.15625, 44.97077641279224], [-71.12536922167091, 44.9560621782], [-71.0859375, 44.932707187031276], [-71.015625, 44.89521075994731], [-70.98400067932826, 44.8857634111], [-70.9453125, 44.87796438828646], [-70.875, 44.8732651499976], [-70.8046875, 44.87446958259512], [-70.734375, 44.86975829814724], [-70.6640625, 44.860489944430626], [-70.59375, 44.8395585514289], [-70.52761898516106, 44.815464644], [-70.5234375, 44.81130813467303], [-70.47975488448779, 44.7451658768], [-70.45930067781102, 44.6748671097], [-70.453125, 44.66806259505324], [-70.39047080325145, 44.6045683426], [-70.3828125, 44.59903016405287], [-70.32721543679187, 44.5342695755], [-70.3125, 44.50031753578882], [-70.29904519896347, 44.46397080829999], [-70.24844522889111, 44.3936720412], [-70.2421875, 44.38714024348973], [-70.171875, 44.32668330776635], [-70.16703482618746, 44.323373274], [-70.1015625, 44.275741015854976], [-70.07607124880961, 44.2530745069], [-70.03132517473398, 44.1827757397], [-70.03125, 44.1824016875688], [-70.01598425872017, 44.1124769726], [-70.03125, 44.04983611815257], [-70.03323730684534, 44.0421782054], [-70.1015625, 43.997204187037426], [-70.14246847525976, 43.9718794382], [-70.171875, 43.95665402893455], [-70.2421875, 43.91765453075475], [-70.27045813297883, 43.901580671], [-70.3125, 43.85626311956582], [-70.32859844291458, 43.8312819038], [-70.37295052984278, 43.760983136600004], [-70.3125, 43.70084804320722], [-70.2421875, 43.71589828649548], [-70.171875, 43.71782216766583], [-70.1439905950624, 43.6906843694], [-70.1524500473458, 43.6203856022], [-70.171875, 43.57691261417651], [-70.18192769020767, 43.550086835], [-70.20766151231436, 43.4797880678], [-70.2421875, 43.434192862222005], [-70.27612492087991, 43.4094893005], [-70.3125, 43.38855392558469], [-70.34153120824479, 43.4094893005], [-70.35284331866609, 43.4797880678], [-70.32160905703323, 43.550086834999995], [-70.3143712780225, 43.6203856022], [-70.3828125, 43.68881345685856], [-70.4218421115576, 43.6906843694], [-70.453125, 43.69201529253451], [-70.45629861854053, 43.6906843694], [-70.5234375, 43.678012202613026], [-70.59375, 43.669040832454414], [-70.6640625, 43.669884719401026], [-70.734375, 43.671458732964524], [-70.8046875, 43.676994334547835], [-70.875, 43.683270255577106], [-70.9453125, 43.68932109319063], [-70.9703933027661, 43.6906843694], [-71.015625, 43.69270653903527], [-71.05294110533993, 43.6906843694], [-71.0859375, 43.68778413756311], [-71.15625, 43.676780832533844], [-71.18600887925277, 43.6203856022], [-71.2265625, 43.60575272173363], [-71.296875, 43.58736435375466], [-71.3671875, 43.57115957446904], [-71.4375, 43.560825217907805], [-71.5078125, 43.56535039909383], [-71.578125, 43.576291863310175], [-71.6484375, 43.59090981879022], [-71.71875, 43.609452245763435], [-71.78850280009412, 43.6203856022], [-71.7890625, 43.62054597622796], [-71.859375, 43.63544143736281], [-71.9296875, 43.64496872322893], [-72.0, 43.661548650200636], [-72.0703125, 43.68249773507592], [-72.11345050793943, 43.6906843694], [-72.140625, 43.69655956282707], [-72.2109375, 43.707457455134985], [-72.28125, 43.711730162686706], [-72.3515625, 43.71600934689033], [-72.421875, 43.71826107962177], [-72.4921875, 43.716539585025615], [-72.5625, 43.70012540158262], [-72.61014040203749, 43.6906843694], [-72.6328125, 43.686824190775184], [-72.6603503164243, 43.6906843694], [-72.703125, 43.697731635749804], [-72.7734375, 43.70801948641058], [-72.84375, 43.717311995898505], [-72.9140625, 43.72666251933002], [-72.984375, 43.73617419191923], [-73.0546875, 43.73947763436786], [-73.125, 43.736771135445956], [-73.1953125, 43.728212464756], [-73.265625, 43.713515192748325], [-73.3359375, 43.725286093344906], [-73.40625, 43.76060198699785], [-73.40993656001204, 43.7609831366], [-73.4765625, 43.76952085523418], [-73.546875, 43.773314751077464], [-73.5752108922658, 43.7609831366], [-73.6171875, 43.744863132979795], [-73.6875, 43.707160089850845], [-73.74306758312805, 43.760983136600004], [-73.7578125, 43.81058313883453], [-73.76606922431034, 43.83128190379999], [-73.78947681290599, 43.901580671], [-73.828125, 43.917630907069494], [-73.8984375, 43.95131870992942], [-73.96149888598868, 43.9718794382], [-73.96875, 43.973587755801816], [-74.0390625, 43.992778322658495], [-74.109375, 44.014778755314595], [-74.1796875, 44.035490798458596], [-74.20355895023786, 44.0421782054], [-74.25, 44.05402061751844], [-74.3203125, 44.05704496945734], [-74.390625, 44.05519687038208], [-74.4609375, 44.06091446371238], [-74.53125, 44.06920231659696], [-74.6015625, 44.08479626821255], [-74.671875, 44.10234345506259], [-74.71909825297055, 44.1124769726], [-74.7421875, 44.11548919864118], [-74.8125, 44.12412743494407], [-74.8828125, 44.131612965139134], [-74.953125, 44.138042194559105], [-75.0234375, 44.142602398486396], [-75.09375, 44.147026540179446], [-75.1640625, 44.152175732637986], [-75.234375, 44.152060838142106], [-75.3046875, 44.14679223767997], [-75.375, 44.141381755947116], [-75.4453125, 44.13658628030497], [-75.515625, 44.13335907710477], [-75.5859375, 44.131031910877624], [-75.65625, 44.13443042408447], [-75.7265625, 44.141187602795895], [-75.796875, 44.14845598047124], [-75.8671875, 44.15588204788422], [-75.9375, 44.16186961117427], [-76.0078125, 44.167400924762084], [-76.078125, 44.16542159362943], [-76.1484375, 44.16260127790172], [-76.21875, 44.15018867230254], [-76.2890625, 44.14015343620962], [-76.359375, 44.13308523577332], [-76.4296875, 44.12406742879704], [-76.5, 44.12006826420688], [-76.5703125, 44.11606685670595], [-76.640625, 44.11773165503844], [-76.7109375, 44.12034331286965], [-76.78125, 44.12428641336755], [-76.8515625, 44.128339835786626], [-76.921875, 44.132634281771296], [-76.9921875, 44.1351775927578], [-77.0625, 44.133219937755094], [-77.1328125, 44.12974001280727], [-77.203125, 44.120692921802025], [-77.2734375, 44.114271604901965], [-77.34375, 44.11328751453186], [-77.4140625, 44.113088393192946], [-77.484375, 44.11576527812451], [-77.5546875, 44.11751786437436], [-77.625, 44.117726236838315], [-77.6953125, 44.11661403885822], [-77.765625, 44.11332111816535], [-77.78251927858875, 44.1124769726], [-77.8359375, 44.10808213806837], [-77.90625, 44.1022177739977], [-77.9765625, 44.09629526936008], [-78.046875, 44.09037970459821], [-78.1171875, 44.08239148214097], [-78.1875, 44.070578674742585], [-78.2578125, 44.06002179367894], [-78.328125, 44.050214877549834], [-78.39302840016244, 44.0421782054], [-78.3984375, 44.04128690229601], [-78.46875, 44.031279313197935], [-78.5390625, 44.025005177641354], [-78.609375, 44.023016960065654], [-78.6796875, 44.02025168869454], [-78.75, 44.016911862554366], [-78.8203125, 44.01334237733405], [-78.890625, 44.0093887501647], [-78.9609375, 44.005165955055894], [-79.03125, 44.00048134264202], [-79.1015625, 43.99432942182084], [-79.171875, 43.98541761270313], [-79.2421875, 43.97630863229986], [-79.27564683621571, 43.9718794382], [-79.3125, 43.96575429578716], [-79.3828125, 43.95623400475759], [-79.453125, 43.94837164797774], [-79.5234375, 43.94005351873565], [-79.59375, 43.9309281983279], [-79.6640625, 43.92357538916947], [-79.734375, 43.91892694601282], [-79.8046875, 43.913499849376116], [-79.875, 43.90803833753436], [-79.9453125, 43.902847158245265], [-79.96159436203337, 43.901580671], [-80.01562499999999, 43.89469293438788], [-80.07527728200263, 43.901580671], [-80.0859375, 43.90237577988367], [-80.15625, 43.916483396483294], [-80.2265625, 43.938239373114385], [-80.296875, 43.97056067485886], [-80.29977027871003, 43.97187943819999], [-80.3671875, 43.9920671436323], [-80.4375, 44.01751428249456], [-80.5078125, 44.03507069025865], [-80.5376759748296, 44.0421782054], [-80.578125, 44.04840810880425], [-80.6484375, 44.05242413356028], [-80.71875, 44.05233002123882], [-80.7890625, 44.04300870233289], [-80.7945305467215, 44.0421782054], [-80.859375, 44.02874939682289], [-80.9296875, 44.01439413563707], [-81.0, 44.0042846757869], [-81.0703125, 43.99748520706846], [-81.140625, 43.991995270041784], [-81.2109375, 43.98853344186012], [-81.28125, 43.98516636264689], [-81.3515625, 43.9814712996218], [-81.421875, 43.977924792445286], [-81.4921875, 43.974555458157774], [-81.52256395011179, 43.9718794382], [-81.5625, 43.967767873647915], [-81.6328125, 43.957363778851956], [-81.703125, 43.944836962632934], [-81.7734375, 43.92369800541212], [-81.83776138484595, 43.901580671], [-81.84375, 43.89819925572104], [-81.9140625, 43.86898629123412], [-81.984375, 43.84454779048554], [-82.03385535091769, 43.8312819038], [-82.0546875, 43.82510108065082], [-82.125, 43.80903980030958], [-82.1953125, 43.797070253172436], [-82.265625, 43.78422868934488], [-82.3359375, 43.76965052421204], [-82.37231626367719, 43.7609831366], [-82.40625, 43.745786613969784], [-82.4765625, 43.713184225090856], [-82.546875, 43.69503956429114], [-82.58374477885903, 43.6906843694], [-82.61718749999999, 43.68376185412981], [-82.6875, 43.68054496000151], [-82.7243470477052, 43.6906843694], [-82.7578125, 43.69634737420684], [-82.828125, 43.70927242335384], [-82.8984375, 43.72645942273418], [-82.96875, 43.74185059647065], [-83.0390625, 43.754193286006625], [-83.08882857778443, 43.7609831366], [-83.109375, 43.76355093506331], [-83.1796875, 43.77156909849528], [-83.25, 43.774912284996894], [-83.3203125, 43.77609284718889], [-83.35074204365566, 43.7609831366], [-83.390625, 43.74677400791551], [-83.4609375, 43.72432203777068], [-83.52997006731859, 43.6906843694], [-83.53125, 43.689880957093635], [-83.6015625, 43.6532859841092], [-83.671875, 43.63426834585341], [-83.71867310854196, 43.6203856022], [-83.7421875, 43.60876872464564], [-83.8125, 43.584402748402184], [-83.8828125, 43.56187777387774], [-83.93906675054906, 43.550086835], [-83.953125, 43.54580239130839], [-84.0234375, 43.531149592770845], [-84.09375, 43.51806109097642], [-84.1640625, 43.50453632041354], [-84.234375, 43.50134811075546], [-84.3046875, 43.50402283405084], [-84.375, 43.52519989306004], [-84.40552143795902, 43.550086835], [-84.4453125, 43.619901100559204], [-84.44566332025929, 43.6203856022], [-84.4453125, 43.62165618361415], [-84.43264193992695, 43.6906843694], [-84.43001631939165, 43.7609831366], [-84.4453125, 43.77602215097213], [-84.515625, 43.801853852576514], [-84.5859375, 43.81792494250229], [-84.65625, 43.823889898245454], [-84.70515462638932, 43.8312819038], [-84.7265625, 43.834472512197145], [-84.796875, 43.84918574216593], [-84.8671875, 43.86552336400234], [-84.9375, 43.88098783468409], [-85.0078125, 43.89719436754932], [-85.02645322628139, 43.901580671000005], [-85.078125, 43.92551142685573], [-85.1484375, 43.94904501144403], [-85.21875, 43.967123532517306], [-85.23326731623715, 43.971879438200006], [-85.2890625, 43.989348089019074], [-85.359375, 44.00928427584113], [-85.4296875, 44.03729694871734], [-85.44201467279086, 44.0421782054], [-85.5, 44.06216695446652], [-85.5703125, 44.083340758013755], [-85.640625, 44.097154578994626], [-85.7109375, 44.105890526697905], [-85.78124999999999, 44.10910119879904], [-85.8515625, 44.10490147406887], [-85.921875, 44.09519517795073], [-85.9921875, 44.079342791322674], [-86.0625, 44.063351363417524], [-86.12876443486172, 44.0421782054], [-86.1328125, 44.040736073168105], [-86.203125, 44.022657083022665], [-86.2734375, 44.01365993871087], [-86.34375, 43.99954143250797], [-86.4140625, 43.97291189557912], [-86.4155778900266, 43.9718794382], [-86.4140625, 43.96465877449241], [-86.40564333404492, 43.901580671], [-86.4140625, 43.882488058255284], [-86.43592254975134, 43.8312819038], [-86.43348886252306, 43.7609831366], [-86.484375, 43.73180924676299], [-86.5387954946502, 43.6906843694], [-86.5546875, 43.65852462559545], [-86.57873133921117, 43.6203856022], [-86.625, 43.572350118756034], [-86.65779265509943, 43.550086835], [-86.69478950991405, 43.4797880678], [-86.68480792901919, 43.4094893005], [-86.6953125, 43.40514658304562], [-86.765625, 43.37451878152783], [-86.83410637135634, 43.3391905333], [-86.8359375, 43.33734753006652], [-86.90380203752044, 43.2688917661], [-86.90625000000001, 43.26600449899784], [-86.97510927339809, 43.19859299880001], [-86.97656249999999, 43.19749599778825], [-87.04234342869884, 43.1282942316], [-87.046875, 43.124792639267376], [-87.1171875, 43.060468601502976], [-87.11942387029491, 43.0579954643], [-87.14766227433208, 42.987696697], [-87.1875, 42.944207682944565], [-87.21423447081091, 42.9173979298], [-87.2578125, 42.8512992942939], [-87.26018601023446, 42.8470991625], [-87.29182628499606, 42.7768003952], [-87.328125, 42.729019464493355], [-87.35049734798233, 42.7065016279], [-87.38776659153288, 42.63620286060001], [-87.3984375, 42.582125804493195], [-87.40057149720414, 42.5659040933], [-87.46875, 42.50407119503528], [-87.49387793010231, 42.495605326], [-87.52433795813101, 42.4253065587], [-87.5390625, 42.41511640712382], [-87.609375, 42.3794176821697], [-87.6796875, 42.355480867620535], [-87.6810748649877, 42.3550077914], [-87.75, 42.29246808422278], [-87.8203125, 42.339482205060825], [-87.83489998937344, 42.3550077914], [-87.890625, 42.38733421833575], [-87.9171699871671, 42.4253065587], [-87.95919537995786, 42.495605326], [-87.9609375, 42.497761971606074], [-88.0105306604707, 42.5659040933], [-88.02185311745652, 42.6362028606], [-88.03125, 42.666226166741595], [-88.04420827088798, 42.70650162790001], [-88.09840595394209, 42.7768003952], [-88.1015625, 42.7799025095498], [-88.171875, 42.82248678460293], [-88.2108977818987, 42.8470991625], [-88.2421875, 42.86144782288122], [-88.3125, 42.87898089623451], [-88.3828125, 42.891842542610604], [-88.453125, 42.874068269689914], [-88.49920017412899, 42.8470991625], [-88.5234375, 42.833431393142426], [-88.59375, 42.81575568069676], [-88.6640625, 42.80573910469237], [-88.70990411245613, 42.7768003952], [-88.734375, 42.75798031123374], [-88.8046875, 42.73316858729621], [-88.875, 42.73892393790068], [-88.9453125, 42.74378622736661], [-89.015625, 42.70777432854853], [-89.01955514398914, 42.70650162790001], [-89.015625, 42.666553105063095], [-89.01424516840883, 42.6362028606], [-89.01358451646954, 42.565904093300006], [-89.015625, 42.561559310675904], [-89.0596643661583, 42.495605326], [-89.06953055806487, 42.4253065587], [-89.04611405812744, 42.3550077914], [-89.0859375, 42.33546358217182], [-89.11092046071496, 42.2847090241], [-89.15625, 42.21770667630287], [-89.16157126642895, 42.2144102568], [-89.2265625, 42.18226570075291], [-89.296875, 42.18760984553626], [-89.3671875, 42.19705603328079], [-89.42871931496911, 42.2144102568], [-89.4375, 42.21657160530045], [-89.5078125, 42.235947962844364], [-89.57812499999999, 42.28431622619522], [-89.58034894845946, 42.2847090241], [-89.6484375, 42.293069150190036], [-89.67272388919224, 42.2847090241], [-89.71875, 42.271501184481714], [-89.78906249999999, 42.274526167118225], [-89.85110813921993, 42.2847090241], [-89.859375, 42.28544729516315], [-89.87156510449073, 42.2847090241], [-89.92968750000001, 42.27797316166987], [-90.0, 42.26958005994804], [-90.01747997544811, 42.2847090241], [-90.01572236622712, 42.3550077914], [-90.0703125, 42.418148753137174], [-90.07521343480396, 42.4253065587], [-90.140625, 42.458966047768314], [-90.2109375, 42.49242480894473], [-90.21698166151519, 42.495605326], [-90.28125, 42.50920130583344], [-90.3515625, 42.51036105709037], [-90.421875, 42.5076154277352], [-90.46377554088224, 42.495605326], [-90.4921875, 42.47386374255764], [-90.52882112295144, 42.4253065587], [-90.5625, 42.38076728414974], [-90.6328125, 42.37168074244393], [-90.703125, 42.37967312005706], [-90.7734375, 42.40665455824946], [-90.8278340825824, 42.4253065587], [-90.84375, 42.432510985813806], [-90.9140625, 42.44480747419149], [-90.984375, 42.474756997709406], [-91.01883998532139, 42.495605326], [-91.0546875, 42.515721176043], [-91.125, 42.51725804837694], [-91.1953125, 42.51134883460695], [-91.20470521417369, 42.495605326], [-91.26562499999999, 42.49104624170106], [-91.3359375, 42.49230617186388], [-91.34310766923949, 42.495605326], [-91.3359375, 42.51155124220428], [-91.265625, 42.52688231699698], [-91.21639477871115, 42.5659040933], [-91.265625, 42.57532020676816], [-91.3359375, 42.584138589579155], [-91.40625, 42.56812726509474], [-91.4200235698215, 42.5659040933], [-91.4765625, 42.55946889875901], [-91.546875, 42.563098810836586], [-91.56661910150385, 42.5659040933], [-91.6171875, 42.571498823169854], [-91.6875, 42.59595964355918], [-91.7578125, 42.62567019090419], [-91.81921024106683, 42.6362028606], [-91.828125, 42.637623614510645], [-91.85189775191307, 42.6362028606], [-91.8984375, 42.63253542947484], [-91.96875, 42.608656733783555], [-92.01454725299624, 42.565904093300006], [-92.0390625, 42.54330990705196], [-92.09952945094524, 42.495605326], [-92.109375, 42.48906300839295], [-92.1796875, 42.471450376658225], [-92.25, 42.43658149551799], [-92.2569284412638, 42.4253065587], [-92.27854422196552, 42.3550077914], [-92.28327471652554, 42.2847090241], [-92.28774505921844, 42.214410256799994], [-92.2942622118236, 42.14411148939999], [-92.29724029468558, 42.0738127221], [-92.25000000000001, 42.00581896901483], [-92.24779090574978, 42.0035139548], [-92.1796875, 41.961581251538234], [-92.13977757664168, 41.9332151874], [-92.109375, 41.90633739395857], [-92.03968193022617, 41.8629164201], [-92.0390625, 41.861465629371736], [-91.9965651236295, 41.7926176527], [-92.0390625, 41.76831836156325], [-92.109375, 41.73514348200229], [-92.12919869152246, 41.7223188853], [-92.1796875, 41.68638974269753], [-92.24088096870716, 41.65202011800001], [-92.25, 41.64403206818304], [-92.3203125, 41.588102870543935], [-92.390625, 41.58361488295124], [-92.4609375, 41.58686936420033], [-92.53125, 41.60514222887772], [-92.6015625, 41.623327221330726], [-92.671875, 41.62944339892754], [-92.7421875, 41.63211736224534], [-92.8125, 41.623005519657596], [-92.8828125, 41.61163517622033], [-92.953125, 41.591107279599285], [-92.97507149119733, 41.5817213506], [-93.0234375, 41.55786119173965], [-93.09375, 41.519234628777156], [-93.10959622105153, 41.5114225832], [-93.1640625, 41.47333922717509], [-93.234375, 41.444990035144485], [-93.24187575909721, 41.4411238158], [-93.234375, 41.40185113054051], [-93.22618596167811, 41.3708250484], [-93.20459274025515, 41.30052628109999], [-93.19643935975448, 41.2302275137], [-93.234375, 41.17313971428596], [-93.24462872486593, 41.1599287463], [-93.3046875, 41.115515222919555], [-93.33887077254899, 41.0896299788], [-93.375, 41.057742804480725], [-93.41213850244078, 41.0193312114], [-93.4453125, 40.98638332955446], [-93.50116480811472, 40.949032444], [-93.515625, 40.942998590592104], [-93.5859375, 40.92399357812996], [-93.65625, 40.90472683464749], [-93.7265625, 40.89191165989429], [-93.78891663844341, 40.8787336766], [-93.796875, 40.8769229360193], [-93.8671875, 40.867918184913876], [-93.93750000000001, 40.86871112991566], [-94.0078125, 40.86450380493808], [-94.078125, 40.8539771754611], [-94.1484375, 40.87165057412744], [-94.16749817950844, 40.87873367660001], [-94.21875, 40.89697226086148], [-94.2811286835624, 40.949032444], [-94.2890625, 40.955916387456135], [-94.350330485509, 41.0193312114], [-94.359375, 41.03069509537782], [-94.39818829038745, 41.0896299788], [-94.4296875, 41.148087723483265], [-94.4351454212914, 41.1599287463], [-94.48684421017721, 41.2302275137], [-94.5, 41.240179852436626], [-94.5703125, 41.27950452471992], [-94.6076544297087, 41.3005262811], [-94.640625, 41.3134230527392], [-94.7109375, 41.32029526545509], [-94.78125, 41.32416181188726], [-94.8515625, 41.32027922755975], [-94.921875, 41.32178289982801], [-94.9921875, 41.337991047848334], [-95.0625, 41.34585101460962], [-95.1328125, 41.35787422852849], [-95.19903192534768, 41.3708250484], [-95.203125, 41.371405013577494], [-95.2734375, 41.37766456235918], [-95.34375, 41.3775070317506], [-95.4031572511489, 41.3708250484], [-95.4140625, 41.367926761241634], [-95.484375, 41.344704641762576], [-95.5546875, 41.31519505181191], [-95.57496889837223, 41.3005262811], [-95.625, 41.2665117924805], [-95.6953125, 41.23666447229346], [-95.765625, 41.24832890021704], [-95.83048889088495, 41.3005262811], [-95.8359375, 41.31615837171698], [-95.8479717532671, 41.3708250484], [-95.8359375, 41.39815838678039], [-95.81009704707635, 41.4411238158], [-95.79879698355117, 41.5114225832], [-95.82636210044112, 41.5817213506], [-95.8359375, 41.590536227882154], [-95.90625, 41.62082404714262], [-95.9765625, 41.63567000037661], [-96.046875, 41.60694792565721], [-96.1171875, 41.58443484544637], [-96.12267770678035, 41.5817213506], [-96.1875, 41.55607162776673], [-96.2578125, 41.55223642271501], [-96.328125, 41.56414294627508], [-96.3984375, 41.55947506505248], [-96.46875, 41.537993770869235], [-96.51732059902902, 41.5114225832], [-96.53332381449576, 41.4411238158], [-96.5390625, 41.39538698981541], [-96.54184512599821, 41.3708250484], [-96.5926873080453, 41.3005262811], [-96.59193207270383, 41.2302275137], [-96.609375, 41.18926108015429], [-96.623258183719, 41.1599287463], [-96.64526346864515, 41.0896299788], [-96.6796875, 41.03822187512724], [-96.68788888475478, 41.0193312114], [-96.75, 40.97569406147954], [-96.8203125, 40.9595102394839], [-96.890625, 40.967625192802444], [-96.9609375, 40.96800768239663], [-97.03125, 40.958840723893125], [-97.09741649945536, 40.949032444], [-97.1015625, 40.94811777614441], [-97.171875, 40.93402884828192], [-97.2421875, 40.94047915067371], [-97.31016499871284, 40.949032444], [-97.3125, 40.9492634008763], [-97.3828125, 40.972790259100215], [-97.45312499999999, 41.00181087002796], [-97.52228556800864, 41.0193312114], [-97.5234375, 41.01963751592123], [-97.59375, 41.05172486183855], [-97.63652830040016, 41.0896299788], [-97.65476316410329, 41.1599287463], [-97.60254515259925, 41.2302275137], [-97.59375, 41.23575995506106], [-97.5234375, 41.281152531304954], [-97.48632604352424, 41.30052628109999], [-97.453125, 41.33038805936021], [-97.3980934536654, 41.3708250484], [-97.453125, 41.42381874251014], [-97.48099454864743, 41.4411238158], [-97.5234375, 41.451178621996945], [-97.59375, 41.460689034041835], [-97.6640625, 41.46649523451775], [-97.734375, 41.46797028728864], [-97.8046875, 41.4765907907007], [-97.86428560563988, 41.5114225832], [-97.875, 41.51659965017653], [-97.9335498208099, 41.5817213506], [-97.9453125, 41.597964009062835], [-97.98017299468177, 41.652020118], [-98.015625, 41.70848499089904], [-98.02443941841373, 41.7223188853], [-98.050569498323, 41.7926176527], [-98.015625, 41.85353463078624], [-98.00701414144824, 41.8629164201], [-97.99805217551231, 41.9332151874], [-97.9981084016556, 42.0035139548], [-98.015625, 42.053322171685224], [-98.0326776906857, 42.0738127221], [-98.0859375, 42.105665056535884], [-98.15624999999999, 42.13359626316637], [-98.16839448094737, 42.1441114894], [-98.2265625, 42.20727339458949], [-98.23296593792884, 42.21441025680001], [-98.27533922007525, 42.2847090241], [-98.296875, 42.30748279521311], [-98.3671875, 42.31259550569135], [-98.4375, 42.30980423062988], [-98.5078125, 42.292327063005814], [-98.54410552309187, 42.2847090241], [-98.57812500000001, 42.27699268263838], [-98.6484375, 42.26850340077498], [-98.71875, 42.2658869984491], [-98.7890625, 42.279867496265084], [-98.80292404784436, 42.2847090241], [-98.859375, 42.3112690787617], [-98.89810955649733, 42.3550077914], [-98.92267526907885, 42.4253065587], [-98.9296875, 42.46818694784692], [-98.93458053414278, 42.495605326], [-99.0, 42.54958823773303], [-99.07031250000001, 42.565771552062486], [-99.07107616180353, 42.56590409329999], [-99.0703125, 42.56736921649114], [-99.06121488498778, 42.6362028606], [-99.0, 42.68797572939674], [-98.96805583941739, 42.7065016279], [-98.9296875, 42.76891927735313], [-98.92364754858819, 42.7768003952], [-98.9296875, 42.78368906783261], [-98.98492646446942, 42.8470991625], [-99.0, 42.8561531922271], [-99.0703125, 42.89286263516155], [-99.10402536155885, 42.9173979298], [-99.140625, 42.93996693191332], [-99.1981876564845, 42.987696697], [-99.2109375, 43.02265734197813], [-99.22619322532759, 43.0579954643], [-99.2142711978056, 43.1282942316], [-99.22391446255052, 43.1985929988], [-99.2109375, 43.210293574029], [-99.140625, 43.24626522195117], [-99.0703125, 43.25789315217306], [-99.03367779362264, 43.2688917661], [-99.0, 43.288502458171635], [-98.94268928686319, 43.3391905333], [-98.9296875, 43.3656826672466], [-98.91343680768149, 43.4094893005], [-98.88195869995684, 43.4797880678], [-98.859375, 43.518209267593264], [-98.84072597676689, 43.550086835], [-98.79666833042175, 43.6203856022], [-98.7890625, 43.63207280606848], [-98.75862751668222, 43.6906843694], [-98.72517440536458, 43.7609831366], [-98.71875, 43.78286664618025], [-98.70535923650051, 43.831281903800004], [-98.70264623361136, 43.901580671], [-98.71098502935973, 43.9718794382], [-98.71677767422388, 44.0421782054], [-98.70913325349849, 44.11247697259999], [-98.68189204245013, 44.1827757397], [-98.6484375, 44.228817542338646], [-98.62904382724373, 44.2530745069], [-98.578125, 44.30482071145557], [-98.56076782054093, 44.323373274], [-98.5078125, 44.37143782437878], [-98.48397597139292, 44.3936720412], [-98.4375, 44.430103834021764], [-98.3861471833194, 44.4639708083], [-98.3671875, 44.474797296658394], [-98.296875, 44.5131471374342], [-98.24151659606395, 44.534269575500005], [-98.2265625, 44.53963592671062], [-98.15625, 44.56475570102732], [-98.0859375, 44.57932930311716], [-98.015625, 44.595368077642775], [-97.94867219254219, 44.604568342600004], [-97.94531249999999, 44.605014164916945], [-97.875, 44.61595167988921], [-97.8046875, 44.62922177512971], [-97.734375, 44.66429932647823], [-97.72772399774776, 44.6748671097], [-97.6640625, 44.70545379463954], [-97.59375, 44.73568923770284], [-97.5803922092991, 44.7451658768], [-97.5234375, 44.781283548235734], [-97.4849700983936, 44.815464644], [-97.453125, 44.84398013419943], [-97.39405369637174, 44.8857634111], [-97.3828125, 44.891267615509655], [-97.3125, 44.90476220250165], [-97.2421875, 44.92261011571921], [-97.17315465612454, 44.9560621782], [-97.17187500000001, 44.95691312269969], [-97.1015625, 45.00229888716203], [-97.06681051451908, 45.0263609453], [-97.03125, 45.04683504767056], [-96.9609375, 45.077614509137845], [-96.90154609454095, 45.09665971230001], [-96.890625, 45.10008142222969], [-96.8203125, 45.11824700974907], [-96.75, 45.13219235897871], [-96.6796875, 45.1467078934125], [-96.609375, 45.161216455776604], [-96.58733286797973, 45.1669584794], [-96.5390625, 45.182021612220424], [-96.46875, 45.20334212655551], [-96.3984375, 45.22353475737654], [-96.34575822985143, 45.2372572465], [-96.328125, 45.24312818619187], [-96.2578125, 45.26519824455251], [-96.1875, 45.28450341189395], [-96.1171875, 45.3037250251005], [-96.10224253278545, 45.3075560136], [-96.046875, 45.32606591600075], [-95.9765625, 45.341232390083675], [-95.90625, 45.35417669615156], [-95.8359375, 45.36403444885934], [-95.765625, 45.37298538957779], [-95.71971536492543, 45.3778547806], [-95.6953125, 45.38278021350143], [-95.625, 45.396632937281886], [-95.5546875, 45.412344442404105], [-95.484375, 45.42865715199386], [-95.42800718735612, 45.4481535477], [-95.4140625, 45.454926113284], [-95.34375, 45.4866431615493], [-95.28346287703154, 45.5184523147], [-95.2734375, 45.52414372860268], [-95.203125, 45.55750642708014], [-95.13430440583122, 45.5887510817], [-95.13281250000001, 45.58954974128738], [-95.0625, 45.63159020434895], [-95.02748570532208, 45.6590498488], [-94.9921875, 45.68823010444995], [-94.921875, 45.724842580696034], [-94.91290053975592, 45.7293486158], [-94.8515625, 45.785523325912116], [-94.8337255993215, 45.7996473828], [-94.78125, 45.851588065878396], [-94.76601209727885, 45.8699461498], [-94.7109375, 45.91374279880064], [-94.66477828046041, 45.9402449168], [-94.640625, 45.95628251053367], [-94.57418011585867, 46.0105436838], [-94.5703125, 46.01348855479687], [-94.5, 46.06053207300498], [-94.47395595886954, 46.0808424508], [-94.4296875, 46.120432672162636], [-94.3905309671035, 46.1511412178], [-94.35937500000001, 46.17139456968782], [-94.2890625, 46.21766540455945], [-94.2843874573916, 46.2214399848], [-94.21875, 46.27947171118193], [-94.20303990605707, 46.29173875170001], [-94.1484375, 46.329671964485854], [-94.10419050535782, 46.3620375187], [-94.078125, 46.379096797757995], [-94.0078125, 46.416759597217066], [-93.96827300243086, 46.4323362857], [-93.9375, 46.44460588980664], [-93.8671875, 46.480331461714], [-93.83812843186018, 46.5026350526], [-93.796875, 46.52706088274682], [-93.7265625, 46.56108894809553], [-93.6980864144955, 46.5729338195], [-93.65625, 46.59144978657187], [-93.5859375, 46.62200017153355], [-93.52315113389787, 46.6432325865], [-93.515625, 46.64573476314878], [-93.4453125, 46.67411570372913], [-93.375, 46.70563991353363], [-93.35531752294588, 46.7135313534], [-93.3046875, 46.73062106230729], [-93.234375, 46.75463689531351], [-93.1640625, 46.7837912694554], [-93.16397600867043, 46.7838301203], [-93.09375, 46.82401316922173], [-93.02976616577911, 46.8541288872], [-93.0234375, 46.859537245994304], [-92.953125, 46.91510400449281], [-92.93528180278233, 46.9244276541], [-92.8828125, 46.97377802581879], [-92.8125, 46.97219801274556], [-92.7421875, 46.98548292298438], [-92.72212098925054, 46.994726420999996], [-92.671875, 47.01705360169552], [-92.6015625, 47.03025629366026], [-92.53125, 47.03825223879775], [-92.4609375, 47.04705762830148], [-92.390625, 47.058615270745875], [-92.3599603078772, 47.0650251879], [-92.3203125, 47.076230127552755], [-92.25, 47.102722193141226], [-92.1796875, 47.13298791172706], [-92.1759652884859, 47.1353239548], [-92.109375, 47.18624894321523], [-92.0751526375484, 47.2056227217], [-92.0390625, 47.22366427644051], [-91.96875, 47.27587074956907], [-91.96868154308032, 47.2759214885], [-91.8984375, 47.29939821179221], [-91.828125, 47.31879376523991], [-91.7578125, 47.3445713710671], [-91.7544423842287, 47.3462202554], [-91.6875, 47.384386565478195], [-91.6171875, 47.407633450443775], [-91.5930535255517, 47.4165190222], [-91.54687500000001, 47.43516917827537], [-91.4765625, 47.46217295792913], [-91.40625, 47.47235706647091], [-91.3359375, 47.484325692081306], [-91.30840574150326, 47.4868177891], [-91.265625, 47.490395702265495], [-91.19531250000001, 47.49680405494052], [-91.16130852122258, 47.4868177891], [-91.125, 47.46175690683494], [-91.06087333130613, 47.4165190222], [-91.0546875, 47.411689448401745], [-90.984375, 47.38259520838061], [-90.9140625, 47.374969525756256], [-90.84375, 47.38068464652294], [-90.7734375, 47.391440744036615], [-90.703125, 47.40240120065175], [-90.6328125, 47.415662126658056], [-90.62805206192127, 47.4165190222], [-90.5625, 47.429054574547386], [-90.4921875, 47.44214407952335], [-90.421875, 47.45725056779999], [-90.3515625, 47.48212482920998], [-90.33922652862418, 47.4868177891], [-90.28125, 47.49975836810076], [-90.2109375, 47.50052544658525], [-90.140625, 47.502570067123614], [-90.0703125, 47.51274613673692], [-90.0, 47.52384707237417], [-89.9296875, 47.533704894481744], [-89.859375, 47.542701673251216], [-89.7890625, 47.55267156942277], [-89.7535846423568, 47.55711655590001], [-89.71875, 47.56254146286756], [-89.6484375, 47.57933413189634], [-89.578125, 47.595891193123165], [-89.5078125, 47.610119847584954], [-89.4375, 47.622981445673446], [-89.41062282865403, 47.6274153227], [-89.3671875, 47.646396597618676], [-89.296875, 47.6540047703308], [-89.2265625, 47.66862101414854], [-89.15625, 47.68887568465666], [-89.11319849519582, 47.69771408950001], [-89.0859375, 47.70647795375755], [-89.015625, 47.72187751598196], [-88.9453125, 47.73267064960682], [-88.875, 47.748698350515475], [-88.80834333619815, 47.7680128564], [-88.8046875, 47.76887977753029], [-88.78081719826076, 47.7680128564], [-88.734375, 47.765718177970264], [-88.6640625, 47.76276860668463], [-88.64741446918872, 47.7680128564], [-88.59375, 47.78425025660859], [-88.5234375, 47.80222782207491], [-88.453125, 47.82327983005129], [-88.40663453926535, 47.8383116232], [-88.3828125, 47.84441752603138], [-88.3125, 47.84522159660704], [-88.2600170455074, 47.8383116232], [-88.2421875, 47.836468545206], [-88.171875, 47.83591726992765], [-88.12889425562415, 47.8383116232], [-88.1015625, 47.8429891171625], [-88.03125, 47.855804252340825], [-87.9609375, 47.86773192717194], [-87.890625, 47.873548852446035], [-87.8203125, 47.86728632285215], [-87.75, 47.865431879123975], [-87.6796875, 47.870680834645974], [-87.609375, 47.87522570155471], [-87.5390625, 47.87946073937012], [-87.46875, 47.88349114954157], [-87.3984375, 47.8841569607566], [-87.328125, 47.88464125763062], [-87.2578125, 47.88444834844968], [-87.1875, 47.88421440915905], [-87.1171875, 47.88187443272933], [-87.046875, 47.878446449140895], [-86.9765625, 47.8758953454151], [-86.90625, 47.87389978454469], [-86.8359375, 47.87225630337666], [-86.765625, 47.870980863659014], [-86.6953125, 47.87055345952602], [-86.625, 47.87169609536717], [-86.5546875, 47.872153315431504], [-86.484375, 47.871578488718676], [-86.4140625, 47.87132367425542], [-86.34375, 47.87450949296844], [-86.2734375, 47.87780824102639], [-86.203125, 47.885631582009104], [-86.1328125, 47.894207803915286], [-86.0625, 47.90424106113757], [-86.03176311978484, 47.9086103899], [-85.9921875, 47.915937795787116], [-85.921875, 47.93168208275962], [-85.8515625, 47.94970486267623], [-85.78125, 47.96430295138755], [-85.7109375, 47.97523538317134], [-85.64952082536038, 47.9789091567], [-85.64062499999999, 47.97940327152482]]}}, {"type": "Feature", "properties": {"level_in": 0.25}, "geometry": {"type": "LineString", "coordinates": [[-113.83593750000001, 47.354959749074915], [-113.8249786091991, 47.3462202554], [-113.8359375, 47.31965071656053], [-113.85661159002697, 47.3462202554], [-113.83593750000001, 47.354959749074915]]}}, {"type": "Feature", "properties": {"level_in": 0.25}, "geometry": {"type": "LineString", "coordinates": [[-115.9453125, 47.13595531103405], [-115.9414252092185, 47.1353239548], [-115.875, 47.11550325496789], [-115.8046875, 47.09394031117725], [-115.734375, 47.080161386482516], [-115.6640625, 47.07229912070399], [-115.61107047301792, 47.0650251879], [-115.59375, 47.06288584530593], [-115.5234375, 47.0543153264066], [-115.453125, 47.0385866404468], [-115.39344304229195, 47.0650251879], [-115.38281250000001, 47.06894954706752], [-115.3125, 47.088219394944296], [-115.2421875, 47.083184978606376], [-115.171875, 47.070264078566474], [-115.16314180862763, 47.0650251879], [-115.1015625, 47.02991356589212], [-115.06871040820815, 46.994726420999996], [-115.04933776641852, 46.9244276541], [-115.1015625, 46.89448107296886], [-115.171875, 46.87579583257995], [-115.2421875, 46.864738322532745], [-115.3125, 46.858312048276936], [-115.36699884181523, 46.8541288872], [-115.3828125, 46.853277210665496], [-115.45312500000001, 46.85181117439225], [-115.46439655556544, 46.8541288872], [-115.5234375, 46.86706577917253], [-115.59375, 46.92045150360613], [-115.59685440599836, 46.9244276541], [-115.6640625, 46.96791081756439], [-115.734375, 46.99002738860698], [-115.7480968129748, 46.99472642100001], [-115.8046875, 47.032500918636515], [-115.875, 47.03202685413636], [-115.9453125, 47.005548357977425], [-115.97197993865029, 46.994726421], [-116.01562500000001, 46.98684898004638], [-116.02987370085785, 46.994726421], [-116.08033248363091, 47.0650251879], [-116.015625, 47.10593435314753], [-115.94709417455888, 47.13532395479999], [-115.9453125, 47.13595531103405]]}}, {"type": "Feature", "properties": {"level_in": 0.25}, "geometry": {"type": "LineString", "coordinates": [[-121.78124999999999, 47.08000826390331], [-121.7109375, 47.099938890234654], [-121.640625, 47.110659656720486], [-121.5703125, 47.1119309417653], [-121.5, 47.10579890804333], [-121.4296875, 47.09490715224639], [-121.359375, 47.08743379196719], [-121.33012980551649, 47.065025187900005], [-121.29160121748623, 46.994726421], [-121.2890625, 46.99207053319882], [-121.25365151565089, 46.9244276541], [-121.21875, 46.88889664213754], [-121.18752087531217, 46.8541288872], [-121.1603694445154, 46.7838301203], [-121.16450555573404, 46.7135313534], [-121.1947278331941, 46.6432325865], [-121.21875, 46.57456799792932], [-121.21933092677186, 46.5729338195], [-121.25932963490588, 46.5026350526], [-121.2890625, 46.44723924215998], [-121.30020387376366, 46.4323362857], [-121.359375, 46.39055150133592], [-121.40538764737877, 46.3620375187], [-121.382838866356, 46.2917387517], [-121.36231978828837, 46.2214399848], [-121.36691459304835, 46.1511412178], [-121.4296875, 46.11182057649704], [-121.5, 46.088310442728066], [-121.5304669745206, 46.0808424508], [-121.57031250000001, 46.066574492707325], [-121.640625, 46.055284779149645], [-121.69200480702432, 46.0105436838], [-121.7109375, 45.99161468864011], [-121.78125, 45.95636645242412], [-121.8515625, 45.961675561220154], [-121.9028796984818, 46.0105436838], [-121.8515625, 46.05247132438886], [-121.81674465752731, 46.0808424508], [-121.83033939548079, 46.1511412178], [-121.8515625, 46.1766799465862], [-121.921875, 46.18444008938237], [-121.9921875, 46.177701502286936], [-122.0625, 46.16617188794805], [-122.1328125, 46.16001840730677], [-122.203125, 46.16020287653693], [-122.2734375, 46.16456940686196], [-122.34375, 46.182407773331924], [-122.39381359397466, 46.2214399848], [-122.38300821874894, 46.2917387517], [-122.34375, 46.310892266421476], [-122.2734375, 46.34963647920416], [-122.203125, 46.360913914588714], [-122.19141450661532, 46.3620375187], [-122.1328125, 46.37484655958115], [-122.0625, 46.37201652318198], [-122.00236629617292, 46.3620375187], [-121.9921875, 46.36067864170898], [-121.921875, 46.34354198731823], [-121.8515625, 46.32432038884616], [-121.78125, 46.30944429565319], [-121.7109375, 46.33117946875755], [-121.640625, 46.350543667511175], [-121.60077376897158, 46.36203751869999], [-121.59135237274742, 46.4323362857], [-121.59544606206947, 46.5026350526], [-121.57122335246588, 46.5729338195], [-121.5703125, 46.573932676544636], [-121.5, 46.63971145513346], [-121.49580366769149, 46.643232586500005], [-121.5, 46.64965140665125], [-121.5703125, 46.67802812702923], [-121.640625, 46.67642189077455], [-121.7109375, 46.66339332552642], [-121.78125, 46.656511636151144], [-121.8515625, 46.65677711312557], [-121.921875, 46.66167419136902], [-121.9921875, 46.680916827430934], [-122.02827614292781, 46.7135313534], [-122.0268487055202, 46.7838301203], [-122.02613512185535, 46.854128887200005], [-122.02666862005958, 46.9244276541], [-121.9921875, 46.96336630568251], [-121.95775547662791, 46.994726421], [-121.92187499999999, 47.026660414334536], [-121.8515625, 47.053955802742124], [-121.80779072088015, 47.0650251879], [-121.78124999999999, 47.08000826390331]]}}, {"type": "Feature", "properties": {"level_in": 0.25}, "geometry": {"type": "LineString", "coordinates": [[-113.8359375, 47.086248179627695], [-113.81266956969063, 47.06502518789999], [-113.8359375, 47.04975406582806], [-113.87820900068502, 47.0650251879], [-113.8359375, 47.086248179627695]]}}, {"type": "Feature", "properties": {"level_in": 0.25}, "geometry": {"type": "LineString", "coordinates": [[-114.89062499999999, 46.86187448124192], [-114.8686292911149, 46.8541288872], [-114.87834143405357, 46.7838301203], [-114.8203125, 46.7748467584646], [-114.77499309999442, 46.7135313534], [-114.78875334218515, 46.6432325865], [-114.8203125, 46.62609333138866], [-114.85437139574762, 46.6432325865], [-114.890625, 46.6651979780813], [-114.9609375, 46.695426805956956], [-114.99423796010606, 46.7135313534], [-114.9609375, 46.73107013498846], [-114.89396557073006, 46.7838301203], [-114.93012435542698, 46.8541288872], [-114.89062499999999, 46.86187448124192]]}}, {"type": "Feature", "properties": {"level_in": 0.25}, "geometry": {"type": "LineString", "coordinates": [[-115.3125, 46.715000729396706], [-115.2421875, 46.74046432186671], [-115.17636557205573, 46.7135313534], [-115.171875, 46.71086766948791], [-115.10485641634476, 46.6432325865], [-115.1015625, 46.63511278342514], [-115.07554288902583, 46.5729338195], [-115.03125000000001, 46.51213680587905], [-115.01614096894215, 46.5026350526], [-114.98265288025424, 46.4323362857], [-114.9609375, 46.42150391018913], [-114.890625, 46.41871752639053], [-114.85629897895569, 46.4323362857], [-114.8203125, 46.44001326171016], [-114.80261423358027, 46.4323362857], [-114.75, 46.3696636504653], [-114.74310010197091, 46.3620375187], [-114.6796875, 46.30561531384436], [-114.6245174330274, 46.29173875170001], [-114.609375, 46.2889155370407], [-114.6008440369136, 46.2917387517], [-114.53906250000001, 46.321572978764635], [-114.47866203717227, 46.3620375187], [-114.46875, 46.37431607053293], [-114.458543120238, 46.4323362857], [-114.46875, 46.44566752307216], [-114.4955361611384, 46.5026350526], [-114.46875, 46.52891607258739], [-114.3984375, 46.55415955177506], [-114.328125, 46.53616310571551], [-114.32451636099002, 46.5026350526], [-114.31919842589767, 46.4323362857], [-114.328125, 46.41050030488457], [-114.3984375, 46.36996560160711], [-114.45325261610556, 46.362037518700006], [-114.4222630660895, 46.2917387517], [-114.46875, 46.22255416711615], [-114.4694541144705, 46.2214399848], [-114.46875, 46.21982421406979], [-114.3984375, 46.153795783717136], [-114.39560541004684, 46.1511412178], [-114.3984375, 46.148466264206576], [-114.44439962188649, 46.08084245079999], [-114.45256540576912, 46.010543683799995], [-114.3984375, 45.96283980530123], [-114.37751484691182, 45.9402449168], [-114.3984375, 45.898099506424536], [-114.41393629036207, 45.8699461498], [-114.46875, 45.83735139277433], [-114.5390625, 45.84973544790355], [-114.56762384238144, 45.8699461498], [-114.609375, 45.901202996525996], [-114.63625944345043, 45.9402449168], [-114.65859184855992, 46.010543683799995], [-114.609375, 46.04438757387917], [-114.5390625, 46.067004546529965], [-114.50989226301158, 46.0808424508], [-114.5390625, 46.118682937900715], [-114.5734136863006, 46.1511412178], [-114.609375, 46.17497608263345], [-114.6796875, 46.21007824958994], [-114.72166345392449, 46.2214399848], [-114.75, 46.248477335086946], [-114.8203125, 46.2635935937532], [-114.890625, 46.25679711458967], [-114.9609375, 46.245098894497694], [-115.01861283652453, 46.2214399848], [-115.03125000000001, 46.21780306085006], [-115.1015625, 46.17735990886078], [-115.12975119959574, 46.1511412178], [-115.171875, 46.11671458417671], [-115.2421875, 46.11449104540735], [-115.28943137724573, 46.1511412178], [-115.3125, 46.165435095113835], [-115.36174123983535, 46.2214399848], [-115.3828125, 46.275891406618754], [-115.39531553121292, 46.2917387517], [-115.3828125, 46.35325854865788], [-115.37939992194646, 46.3620375187], [-115.36323407079355, 46.4323362857], [-115.3828125, 46.44744755979386], [-115.41995249621198, 46.4323362857], [-115.45312500000001, 46.41263467427562], [-115.5234375, 46.39641266487699], [-115.59375, 46.39354338945384], [-115.6640625, 46.419336017948815], [-115.67301596111713, 46.4323362857], [-115.66406250000001, 46.4582618251161], [-115.63104593355752, 46.5026350526], [-115.59375, 46.54248942628239], [-115.5234375, 46.54544309077104], [-115.453125, 46.54878195704864], [-115.42686174543, 46.5729338195], [-115.3828125, 46.640326983759344], [-115.37989594916242, 46.6432325865], [-115.31388788858638, 46.7135313534], [-115.3125, 46.715000729396706]]}}, {"type": "Feature", "properties": {"level_in": 0.25}, "geometry": {"type": "LineString", "coordinates": [[-114.328125, 46.6595611884973], [-114.3006890875188, 46.6432325865], [-114.328125, 46.581748703901596], [-114.39426422427229, 46.6432325865], [-114.328125, 46.6595611884973]]}}, {"type": "Feature", "properties": {"level_in": 0.25}, "geometry": {"type": "LineString", "coordinates": [[-79.6640625, 46.50515356770243], [-79.59375, 46.51942127464414], [-79.5234375, 46.52943049774305], [-79.453125, 46.53604858699602], [-79.3828125, 46.531830331356275], [-79.3125, 46.52761336145847], [-79.2421875, 46.51880570470603], [-79.171875, 46.51035328199781], [-79.12916585326725, 46.5026350526], [-79.1015625, 46.49020787993269], [-79.03125, 46.46135197757616], [-78.96621412727994, 46.4323362857], [-78.9979637256189, 46.362037518700006], [-79.03125, 46.3551263855959], [-79.10156249999999, 46.349797373445156], [-79.171875, 46.34975456612472], [-79.2421875, 46.35531486552156], [-79.29336990541645, 46.36203751869999], [-79.3125, 46.36691001716769], [-79.3828125, 46.38443737787435], [-79.453125, 46.40037312908419], [-79.5234375, 46.41621258769893], [-79.58456949318851, 46.4323362857], [-79.59375, 46.444670175145006], [-79.66406249999999, 46.49683018331679], [-79.67464234982647, 46.5026350526], [-79.6640625, 46.50515356770243]]}}, {"type": "Feature", "properties": {"level_in": 0.25}, "geometry": {"type": "LineString", "coordinates": [[-113.6953125, 46.45857321152014], [-113.625, 46.45414216660986], [-113.59627543578533, 46.4323362857], [-113.625, 46.38902993009001], [-113.68214331041303, 46.362037518700006], [-113.625, 46.33253866153571], [-113.61098748456574, 46.29173875170001], [-113.625, 46.2436233350792], [-113.63830300152422, 46.2214399848], [-113.6953125, 46.18614072702557], [-113.765625, 46.21943327779162], [-113.7678302332121, 46.22143998480001], [-113.8359375, 46.265629075911534], [-113.85571681416931, 46.29173875170001], [-113.8359375, 46.358884057678196], [-113.83241815344286, 46.3620375187], [-113.765625, 46.412353833947016], [-113.75060923134058, 46.4323362857], [-113.6953125, 46.45857321152014]]}}, {"type": "Feature", "properties": {"level_in": 0.25}, "geometry": {"type": "LineString", "coordinates": [[-112.359375, 46.43409668615079], [-112.35655648898978, 46.4323362857], [-112.359375, 46.42874397534492], [-112.36192144483503, 46.4323362857], [-112.359375, 46.43409668615079]]}}, {"type": "Feature", "properties": {"level_in": 0.25}, "geometry": {"type": "LineString", "coordinates": [[-113.0625, 46.37582205660874], [-112.9921875, 46.372425897291194], [-112.96686875540802, 46.36203751869999], [-112.9921875, 46.35040849067487], [-113.0625, 46.344885765716455], [-113.07305079167323, 46.3620375187], [-113.0625, 46.37582205660874]]}}, {"type": "Feature", "properties": {"level_in": 0.25}, "geometry": {"type": "LineString", "coordinates": [[-113.2734375, 46.22461437907529], [-113.203125, 46.255621123894414], [-113.1328125, 46.28157826513105], [-113.0625, 46.24979743557455], [-113.04048165240044, 46.2214399848], [-113.0625, 46.20941613514914], [-113.1328125, 46.18918840850938], [-113.203125, 46.185084781845035], [-113.27343749999999, 46.21659759083754], [-113.27755471320802, 46.2214399848], [-113.2734375, 46.22461437907529]]}}, {"type": "Feature", "properties": {"level_in": 0.25}, "geometry": {"type": "LineString", "coordinates": [[-116.6484375, 46.156421076679635], [-116.63821584100793, 46.1511412178], [-116.64843749999999, 46.148793243274184], [-116.65333658742921, 46.1511412178], [-116.6484375, 46.156421076679635]]}}, {"type": "Feature", "properties": {"level_in": 0.25}, "geometry": {"type": "LineString", "coordinates": [[-115.1015625, 46.026318077492455], [-115.03125, 46.02954844841195], [-114.96093749999999, 46.01221478240337], [-114.95703750772886, 46.01054368380001], [-114.95138143192362, 45.9402449168], [-114.95748892237545, 45.8699461498], [-114.94321203817441, 45.7996473828], [-114.890625, 45.78052855836316], [-114.8203125, 45.75581949686654], [-114.75, 45.74232999305644], [-114.69208119564743, 45.7293486158], [-114.75, 45.70079761480753], [-114.80785031122723, 45.659049848799995], [-114.8203125, 45.61135546924341], [-114.83692856613463, 45.588751081699996], [-114.890625, 45.5788158854216], [-114.92104687931754, 45.58875108170001], [-114.9609375, 45.596722210207716], [-115.03125, 45.61190199686289], [-115.1015625, 45.61051326778868], [-115.171875, 45.604712831670064], [-115.19753429841312, 45.5887510817], [-115.171875, 45.562761017249926], [-115.1015625, 45.51950774501588], [-115.10020611221731, 45.5184523147], [-115.1015625, 45.50592595877649], [-115.171875, 45.4821305850933], [-115.24218749999999, 45.49683603211179], [-115.3125, 45.491577828969746], [-115.3828125, 45.47840199946404], [-115.453125, 45.48966798727656], [-115.52343750000001, 45.5001861656971], [-115.59375, 45.49756139708175], [-115.6640625, 45.48564746002518], [-115.734375, 45.485841545552944], [-115.8046875, 45.5171543102823], [-115.80705334537744, 45.5184523147], [-115.875, 45.54398550300563], [-115.9453125, 45.537106201587996], [-116.015625, 45.53536194218691], [-116.06695833252351, 45.5887510817], [-116.0859375, 45.61210332152575], [-116.09428959715822, 45.6590498488], [-116.08593750000001, 45.67235565269461], [-116.015625, 45.69135379695423], [-115.9453125, 45.71093085302433], [-115.875, 45.70409395773785], [-115.8046875, 45.69679762983057], [-115.734375, 45.69551226142116], [-115.6640625, 45.69979326519983], [-115.59375, 45.70724193588391], [-115.5234375, 45.71615194185143], [-115.453125, 45.723119441611225], [-115.40639696806736, 45.7293486158], [-115.38281250000001, 45.73075889191816], [-115.35178035703096, 45.7293486158], [-115.3125, 45.699501325296204], [-115.3090043269347, 45.7293486158], [-115.2421875, 45.7563867414371], [-115.171875, 45.79353057386832], [-115.13344358937653, 45.7996473828], [-115.15345676274201, 45.8699461498], [-115.171875, 45.87369665395266], [-115.2421875, 45.8923328044216], [-115.3125, 45.909540627339], [-115.38281249999999, 45.92084391959594], [-115.453125, 45.92319155231939], [-115.5234375, 45.92586326274316], [-115.59375, 45.92665106043566], [-115.6640625, 45.92824434017565], [-115.67850240761123, 45.9402449168], [-115.6640625, 45.95407608982599], [-115.59375, 45.9655294906396], [-115.5234375, 45.965760128133724], [-115.453125, 45.962250765499846], [-115.38281249999999, 45.965923186530844], [-115.3125, 45.97851139188147], [-115.2421875, 45.99256863901977], [-115.171875, 46.00902267600103], [-115.16136536759704, 46.0105436838], [-115.1015625, 46.026318077492455]]}}, {"type": "Feature", "properties": {"level_in": 0.25}, "geometry": {"type": "LineString", "coordinates": [[-113.4140625, 45.96574592538455], [-113.36262981223622, 45.9402449168], [-113.4140625, 45.92018057024787], [-113.4470583430496, 45.9402449168], [-113.4140625, 45.96574592538455]]}}, {"type": "Feature", "properties": {"level_in": 0.25}, "geometry": {"type": "LineString", "coordinates": [[-113.1328125, 45.66505800344348], [-113.0625, 45.66048101417825], [-113.06074243665424, 45.6590498488], [-113.0625, 45.65181145306865], [-113.1328125, 45.647281749206506], [-113.14127279361124, 45.6590498488], [-113.1328125, 45.66505800344348]]}}, {"type": "Feature", "properties": {"level_in": 0.25}, "geometry": {"type": "LineString", "coordinates": [[-115.52343749999999, 45.60814857212018], [-115.56439033517708, 45.5887510817], [-115.5234375, 45.57025836567895], [-115.453125, 45.56641758748387], [-115.41420825180083, 45.5887510817], [-115.453125, 45.62452959416095], [-115.5234375, 45.60814857212018]]}}, {"type": "Feature", "properties": {"level_in": 0.25}, "geometry": {"type": "LineString", "coordinates": [[-114.6796875, 45.59362067209206], [-114.609375, 45.60307302445513], [-114.5390625, 45.607577628721586], [-114.46875, 45.613461230313874], [-114.3984375, 45.625195957509774], [-114.328125, 45.63138333652546], [-114.2578125, 45.61919476362348], [-114.20071105048658, 45.5887510817], [-114.24490737133377, 45.5184523147], [-114.25781249999999, 45.515659280098184], [-114.328125, 45.50890629491164], [-114.36602004189376, 45.5184523147], [-114.3984375, 45.52220640673512], [-114.45842854890472, 45.518452314700006], [-114.45473854448967, 45.4481535477], [-114.46875, 45.442347301933324], [-114.5390625, 45.41795280866258], [-114.609375, 45.425876508347116], [-114.63027612547393, 45.4481535477], [-114.6796875, 45.48587243186265], [-114.71302458689915, 45.5184523147], [-114.70095469381644, 45.58875108170001], [-114.6796875, 45.59362067209206]]}}, {"type": "Feature", "properties": {"level_in": 0.25}, "geometry": {"type": "LineString", "coordinates": [[-113.6953125, 45.45219229440839], [-113.69059357544157, 45.4481535477], [-113.6953125, 45.445020653083446], [-113.7112319018093, 45.4481535477], [-113.6953125, 45.45219229440839]]}}, {"type": "Feature", "properties": {"level_in": 0.25}, "geometry": {"type": "LineString", "coordinates": [[-121.71093749999999, 45.38959795792385], [-121.640625, 45.40562786440875], [-121.5703125, 45.39962941094663], [-121.53814576788778, 45.3778547806], [-121.5703125, 45.33018081424439], [-121.58355176213637, 45.307556013600006], [-121.640625, 45.27004632691767], [-121.7109375, 45.30009212137135], [-121.71594188570944, 45.3075560136], [-121.72244430137201, 45.3778547806], [-121.71093749999999, 45.38959795792385]]}}, {"type": "Feature", "properties": {"level_in": 0.25}, "geometry": {"type": "LineString", "coordinates": [[-117.6328125, 45.431905781571515], [-117.5625, 45.43642157901099], [-117.4921875, 45.426092087865186], [-117.421875, 45.38950995620431], [-117.4009169498329, 45.3778547806], [-117.3515625, 45.345106691421044], [-117.29491874698157, 45.3075560136], [-117.28125, 45.29775131404314], [-117.2109375, 45.27372118955174], [-117.140625, 45.24075220420161], [-117.13636509544229, 45.23725724650001], [-117.0703125, 45.22396011005912], [-117.0, 45.19114749123141], [-116.97541088518818, 45.166958479399995], [-117.0, 45.13722572935412], [-117.06049206533788, 45.0966597123], [-117.0703125, 45.089525072714295], [-117.140625, 45.0483241216393], [-117.18539934876702, 45.0263609453], [-117.2109375, 45.01676871882286], [-117.28125, 45.015614515317665], [-117.30657477263262, 45.0263609453], [-117.3515625, 45.04367970592256], [-117.421875, 45.06038798990953], [-117.4921875, 45.08253969635423], [-117.52533424805101, 45.09665971230001], [-117.5625, 45.11953738334911], [-117.6328125, 45.159676744062565], [-117.63671751240445, 45.1669584794], [-117.68007708285867, 45.2372572465], [-117.68470885471966, 45.3075560136], [-117.68005075774914, 45.3778547806], [-117.6328125, 45.431905781571515]]}}, {"type": "Feature", "properties": {"level_in": 0.25}, "geometry": {"type": "LineString", "coordinates": [[-115.3828125, 45.405308361418776], [-115.3125, 45.420348543210075], [-115.2421875, 45.42426979221281], [-115.171875, 45.43412936470005], [-115.1015625, 45.444095618663304], [-115.03125, 45.38887341233361], [-115.01035818684477, 45.3778547806], [-114.9609375, 45.335548591407985], [-114.89062500000001, 45.32129273313586], [-114.8203125, 45.314101548356945], [-114.78966147759456, 45.3075560136], [-114.75, 45.300793369645305], [-114.6796875, 45.27512183953786], [-114.61750576059747, 45.2372572465], [-114.609375, 45.233594788309816], [-114.5390625, 45.215317519622246], [-114.46875, 45.19009712860497], [-114.40957983261863, 45.166958479399995], [-114.3984375, 45.16044887132421], [-114.328125, 45.13286723085258], [-114.25781249999999, 45.101050505038735], [-114.24649555598735, 45.09665971230001], [-114.2578125, 45.08055480092506], [-114.32657186491734, 45.0263609453], [-114.2578125, 45.010325173050724], [-114.21705228577922, 44.9560621782], [-114.20369024572545, 44.8857634111], [-114.24038801129751, 44.815464644], [-114.2578125, 44.79208371560264], [-114.29972146536998, 44.7451658768], [-114.328125, 44.70441260353902], [-114.3619549146604, 44.6748671097], [-114.3984375, 44.660377624145625], [-114.43136080595254, 44.6748671097], [-114.40910068466475, 44.7451658768], [-114.46875, 44.765024073584804], [-114.52752599054391, 44.815464644], [-114.46875, 44.8447747088843], [-114.3984375, 44.87890181620251], [-114.37762155584349, 44.8857634111], [-114.3659795872894, 44.9560621782], [-114.3984375, 45.01593091288184], [-114.46875, 45.01307387847192], [-114.5390625, 45.00167224188516], [-114.609375, 45.00099630488586], [-114.66661676496675, 45.0263609453], [-114.6796875, 45.03606103635212], [-114.75, 45.081975228137864], [-114.78450245956033, 45.0966597123], [-114.77686377519466, 45.166958479399995], [-114.8203125, 45.18764432582883], [-114.890625, 45.18094103780232], [-114.9609375, 45.17968719268501], [-115.03125, 45.21130060905025], [-115.1015625, 45.22583990036975], [-115.171875, 45.20856076437029], [-115.2421875, 45.17462069524956], [-115.25406625745059, 45.166958479399995], [-115.2421875, 45.155920137589014], [-115.171875, 45.111867178667126], [-115.10156250000001, 45.09930051263165], [-115.08540915636456, 45.0966597123], [-115.03125, 45.086254682662066], [-114.96093749999999, 45.05267880716708], [-114.93232775636552, 45.0263609453], [-114.9609375, 44.95679779032096], [-114.96123263368555, 44.9560621782], [-115.03125, 44.89130266714319], [-115.03664924397083, 44.8857634111], [-115.03125, 44.88081856885742], [-114.97838108735144, 44.815464644], [-115.03125, 44.79093307716675], [-115.1015625, 44.77870147050522], [-115.15240842845871, 44.7451658768], [-115.171875, 44.703355281398004], [-115.18839592745351, 44.6748671097], [-115.171875, 44.640952606010416], [-115.12738278077737, 44.6045683426], [-115.1015625, 44.59063480365801], [-115.03125, 44.56064730681495], [-114.96579248797725, 44.5342695755], [-114.9609375, 44.53225151757733], [-114.890625, 44.515559811414995], [-114.8203125, 44.498991550334665], [-114.76988271030159, 44.4639708083], [-114.75, 44.44939759649688], [-114.6796875, 44.39717198963333], [-114.67295119150702, 44.393672041200006], [-114.67968749999999, 44.389761978462126], [-114.75, 44.35166858987101], [-114.8203125, 44.338076285944176], [-114.890625, 44.33212398841827], [-114.9609375, 44.34363644471311], [-115.03125, 44.36850451224939], [-115.09792770811826, 44.3936720412], [-115.1015625, 44.39581560094854], [-115.171875, 44.40638745113975], [-115.2421875, 44.42209871912385], [-115.3021703631536, 44.3936720412], [-115.27589805015526, 44.323373274], [-115.2462513040175, 44.2530745069], [-115.3125, 44.216566611032576], [-115.3828125, 44.21327968600892], [-115.453125, 44.213251397139274], [-115.5234375, 44.21960867105791], [-115.59374999999999, 44.23612248763523], [-115.60996083072521, 44.2530745069], [-115.64441395410672, 44.323373274], [-115.6640625, 44.33695630030837], [-115.70897123423848, 44.3936720412], [-115.734375, 44.43568302783008], [-115.75278928918364, 44.4639708083], [-115.8046875, 44.518395859586576], [-115.82244856079294, 44.5342695755], [-115.875, 44.58746956949459], [-115.89448419215034, 44.6045683426], [-115.87951104384989, 44.6748671097], [-115.90975717108768, 44.7451658768], [-115.9453125, 44.78448674479743], [-115.98128912322593, 44.815464644], [-116.015625, 44.841614295960696], [-116.0709720350543, 44.8857634111], [-116.0859375, 44.89826519422419], [-116.13987150024253, 44.9560621782], [-116.15625, 44.970524477096895], [-116.20435467069582, 45.0263609453], [-116.22656249999999, 45.082395943809956], [-116.23737530340651, 45.0966597123], [-116.29663894890507, 45.1669584794], [-116.2265625, 45.22889801784655], [-116.22408830529959, 45.2372572465], [-116.15625, 45.28239865991125], [-116.0859375, 45.300049053865465], [-116.04808826165637, 45.3075560136], [-116.01562499999999, 45.3245489797676], [-115.9453125, 45.3561680315842], [-115.875, 45.36201752705626], [-115.8046875, 45.32735286934826], [-115.7828074621015, 45.3075560136], [-115.734375, 45.28075385223576], [-115.6640625, 45.26945300936103], [-115.59375, 45.25724872705572], [-115.5234375, 45.26252222308898], [-115.453125, 45.28335378843417], [-115.42349329448066, 45.3075560136], [-115.4077812904748, 45.3778547806], [-115.3828125, 45.405308361418776]]}}, {"type": "Feature", "properties": {"level_in": 0.25}, "geometry": {"type": "LineString", "coordinates": [[-114.1171875, 45.35910225983669], [-114.046875, 45.357810837487015], [-113.98961093367163, 45.3075560136], [-114.0356868209067, 45.2372572465], [-114.046875, 45.179300899910615], [-114.05289474812115, 45.1669584794], [-114.1171875, 45.1445554051235], [-114.14552838768623, 45.166958479399995], [-114.1875, 45.2056105706186], [-114.20725116049063, 45.23725724650001], [-114.1875, 45.26586650190296], [-114.14137532621544, 45.307556013600006], [-114.1171875, 45.35910225983669]]}}, {"type": "Feature", "properties": {"level_in": 0.25}, "geometry": {"type": "LineString", "coordinates": [[-116.578125, 45.30445019454304], [-116.5078125, 45.2975261919112], [-116.4375, 45.28020790469117], [-116.3671875, 45.24350553622564], [-116.35387452476833, 45.23725724649999], [-116.3671875, 45.195384962340896], [-116.3700228228045, 45.1669584794], [-116.40387002332781, 45.09665971230001], [-116.4375, 45.08020150460168], [-116.5078125, 45.07999389940665], [-116.57812499999999, 45.095427206030664], [-116.57962936927457, 45.0966597123], [-116.6484375, 45.15782102062257], [-116.65570905087813, 45.1669584794], [-116.6484375, 45.18491364411329], [-116.62373978621858, 45.2372572465], [-116.578125, 45.30445019454304]]}}, {"type": "Feature", "properties": {"level_in": 0.25}, "geometry": {"type": "LineString", "coordinates": [[-110.109375, 45.24684332059273], [-110.03906249999999, 45.24157574653273], [-110.02722637570984, 45.23725724650001], [-109.96875, 45.22009663176847], [-109.8984375, 45.18390361452663], [-109.87179152305234, 45.1669584794], [-109.828125, 45.108182143983456], [-109.81131321840917, 45.09665971230001], [-109.828125, 45.09027840550889], [-109.8984375, 45.0781089909992], [-109.96874999999999, 45.07624873298755], [-110.0390625, 45.08294056165896], [-110.08138906123193, 45.0966597123], [-110.109375, 45.105368720753596], [-110.17132286186808, 45.1669584794], [-110.12740033634108, 45.2372572465], [-110.109375, 45.24684332059273]]}}, {"type": "Feature", "properties": {"level_in": 0.25}, "geometry": {"type": "LineString", "coordinates": [[-115.734375, 45.11018790662635], [-115.75018141395825, 45.096659712299996], [-115.76095702562964, 45.0263609453], [-115.734375, 44.99855873092068], [-115.68273687732045, 44.9560621782], [-115.6640625, 44.94579845946254], [-115.64416387233733, 44.9560621782], [-115.59375, 45.01547731151081], [-115.58633022386779, 45.0263609453], [-115.58584359587115, 45.0966597123], [-115.59375, 45.10760364229684], [-115.6640625, 45.11967433078422], [-115.734375, 45.11018790662636]]}}, {"type": "Feature", "properties": {"level_in": 0.25}, "geometry": {"type": "LineString", "coordinates": [[-113.484375, 45.13201590109485], [-113.45255834787974, 45.0966597123], [-113.484375, 45.0795799545034], [-113.55421155995414, 45.0966597123], [-113.484375, 45.13201590109485]]}}, {"type": "Feature", "properties": {"level_in": 0.25}, "geometry": {"type": "LineString", "coordinates": [[-118.1953125, 44.97890881587693], [-118.18377888738534, 44.9560621782], [-118.1953125, 44.911801515921326], [-118.2321630377304, 44.9560621782], [-118.1953125, 44.97890881587693]]}}, {"type": "Feature", "properties": {"level_in": 0.25}, "geometry": {"type": "LineString", "coordinates": [[-121.8515625, 44.84298410810297], [-121.78125, 44.88172995296183], [-121.7109375, 44.840228913233446], [-121.68909956582615, 44.815464644], [-121.6669841669122, 44.7451658768], [-121.67279693440116, 44.6748671097], [-121.6926613795111, 44.6045683426], [-121.71093750000001, 44.57954813168106], [-121.74975097386442, 44.5342695755], [-121.78125, 44.4878785014237], [-121.79634865016796, 44.4639708083], [-121.79317499611355, 44.3936720412], [-121.78125, 44.374038843198505], [-121.74869252689307, 44.323373274], [-121.7109375, 44.271526421374524], [-121.69645751230243, 44.2530745069], [-121.640625, 44.194446419641665], [-121.62967698546488, 44.1827757397], [-121.57186508253871, 44.1124769726], [-121.5703125, 44.103723988263695], [-121.55990787169226, 44.0421782054], [-121.51681642680273, 43.9718794382], [-121.5703125, 43.93371534643872], [-121.640625, 43.90215716976607], [-121.64166357139399, 43.901580671], [-121.7109375, 43.87367622714922], [-121.78125, 43.84654758065634], [-121.81700931254682, 43.83128190379999], [-121.84361963704914, 43.7609831366], [-121.8515625, 43.72079626080519], [-121.86053991470645, 43.6906843694], [-121.89384818216041, 43.6203856022], [-121.91654525612279, 43.550086835], [-121.92187500000001, 43.543997524565754], [-121.97219413196781, 43.4797880678], [-121.96023843941431, 43.4094893005], [-121.92815126503382, 43.3391905333], [-121.921875, 43.31625767847711], [-121.90671250527019, 43.2688917661], [-121.8515625, 43.2291710943857], [-121.8216433025968, 43.1985929988], [-121.85156249999999, 43.183311023390324], [-121.921875, 43.17772378448645], [-121.9921875, 43.1514769532946], [-122.00888562038415, 43.1282942316], [-122.0057965763549, 43.0579954643], [-121.9921875, 43.03566866571393], [-121.96878104726602, 42.987696697000004], [-121.98148278829365, 42.9173979298], [-121.97822173656495, 42.8470991625], [-121.9921875, 42.835336230591686], [-122.04357334726743, 42.7768003952], [-122.0625, 42.74512721413619], [-122.09732835345679, 42.7065016279], [-122.12485788073772, 42.6362028606], [-122.1328125, 42.62391321334219], [-122.15570743310394, 42.5659040933], [-122.14762468151699, 42.495605326], [-122.15799927182627, 42.4253065587], [-122.1328125, 42.39885226380062], [-122.10194011646391, 42.3550077914], [-122.12577849709933, 42.284709024099996], [-122.1328125, 42.26773918517383], [-122.203125, 42.22707520667262], [-122.26247109442852, 42.21441025680001], [-122.2734375, 42.213553766496396], [-122.28556700769397, 42.2144102568], [-122.33353792552002, 42.2847090241], [-122.34293981224515, 42.3550077914], [-122.31746262376492, 42.4253065587], [-122.34375, 42.471851696080634], [-122.3557195097051, 42.495605326], [-122.35041963868132, 42.5659040933], [-122.34375, 42.61290554511959], [-122.34018562821575, 42.6362028606], [-122.34375, 42.645996369664196], [-122.35718165788698, 42.7065016279], [-122.34375, 42.757314755335685], [-122.33523660751658, 42.7768003952], [-122.34375, 42.795841836718054], [-122.36907575710174, 42.8470991625], [-122.4140625, 42.88788244019179], [-122.484375, 42.91648072309102], [-122.48892477604693, 42.9173979298], [-122.53995127312052, 42.987696697], [-122.5546875, 43.047831721540334], [-122.55654299268171, 43.0579954643], [-122.625, 43.1219286186336], [-122.66629719020202, 43.1282942316], [-122.6953125, 43.133777890569704], [-122.765625, 43.13754201612271], [-122.8359375, 43.14888772772349], [-122.889167255954, 43.1985929988], [-122.8359375, 43.22192366703372], [-122.765625, 43.23948396567106], [-122.6953125, 43.23985566249719], [-122.625, 43.23195122053073], [-122.55468750000001, 43.2291440096799], [-122.484375, 43.226489729841546], [-122.4140625, 43.22718163611015], [-122.34375, 43.249443908593655], [-122.30733251829842, 43.2688917661], [-122.29076472156996, 43.3391905333], [-122.34375, 43.39398370499859], [-122.36684156849861, 43.4094893005], [-122.4140625, 43.42692873333636], [-122.484375, 43.43419763376359], [-122.5546875, 43.44172370006204], [-122.625, 43.453766086737666], [-122.6953125, 43.46414930657434], [-122.76562499999999, 43.4535502337204], [-122.8359375, 43.44796386113681], [-122.90625, 43.473407712895664], [-122.91806002153372, 43.4797880678], [-122.9206477865009, 43.550086835], [-122.90625, 43.55823990998783], [-122.8359375, 43.57726352138104], [-122.765625, 43.597844581227946], [-122.73118689821864, 43.6203856022], [-122.69531249999999, 43.64126400453311], [-122.62499999999999, 43.643319391376], [-122.56416737135908, 43.6203856022], [-122.5546875, 43.615482713685374], [-122.484375, 43.58078435794294], [-122.4140625, 43.56456860039584], [-122.34375, 43.56161094717088], [-122.2734375, 43.595206827453794], [-122.22781038843301, 43.6203856022], [-122.20960155754094, 43.6906843694], [-122.203125, 43.70585682842799], [-122.16776044401281, 43.7609831366], [-122.203125, 43.810253645277385], [-122.2200884618974, 43.8312819038], [-122.2734375, 43.87006226113459], [-122.33610884143086, 43.901580671], [-122.34375, 43.96715081799759], [-122.34434802768347, 43.9718794382], [-122.34375, 43.972197955799395], [-122.2734375, 44.00142684416096], [-122.203125, 44.00559691458476], [-122.1328125, 43.99876958687322], [-122.0625, 44.00757136833624], [-121.9921875, 44.04051249758593], [-121.99043590021746, 44.0421782054], [-121.979650897613, 44.1124769726], [-121.9921875, 44.153935065746836], [-122.00389415650125, 44.182775739700006], [-121.9921875, 44.246843215906416], [-121.99049760054274, 44.2530745069], [-121.9921875, 44.254803135048775], [-122.0625, 44.29112974726047], [-122.1328125, 44.29741263433674], [-122.203125, 44.28781689260775], [-122.2734375, 44.258461305050204], [-122.34375, 44.27445246470887], [-122.36432635068022, 44.323373274], [-122.34375, 44.34051400937616], [-122.28518129034282, 44.39367204119999], [-122.2734375, 44.4092649777387], [-122.21855271998187, 44.4639708083], [-122.203125, 44.48120831729227], [-122.1328125, 44.518530865164585], [-122.0919448154284, 44.5342695755], [-122.0625, 44.543424173433046], [-121.9921875, 44.580379806023366], [-121.9544680921905, 44.604568342600004], [-121.93022594814057, 44.6748671097], [-121.92187499999999, 44.69530787083164], [-121.89648294532105, 44.7451658768], [-121.8823681117721, 44.815464644], [-121.8515625, 44.84298410810297]]}}, {"type": "Feature", "properties": {"level_in": 0.25}, "geometry": {"type": "LineString", "coordinates": [[-118.6171875, 44.8156160668244], [-118.546875, 44.8354397065824], [-118.51751716041119, 44.815464644], [-118.546875, 44.8046395640297], [-118.60922774562546, 44.745165876799994], [-118.6171875, 44.740562391031695], [-118.62829755249429, 44.745165876799994], [-118.6172968144323, 44.815464644], [-118.6171875, 44.8156160668244]]}}, {"type": "Feature", "properties": {"level_in": 0.25}, "geometry": {"type": "LineString", "coordinates": [[-118.265625, 44.8702830329761], [-118.1953125, 44.87647066421035], [-118.125, 44.841890534696816], [-118.10858070992504, 44.815464644], [-118.125, 44.81011610264585], [-118.1953125, 44.80010459099248], [-118.265625, 44.80239608699981], [-118.29657201514698, 44.815464644], [-118.265625, 44.8702830329761]]}}, {"type": "Feature", "properties": {"level_in": 0.25}, "geometry": {"type": "LineString", "coordinates": [[-118.6875, 44.3281068746551], [-118.61718749999999, 44.34103074820363], [-118.55793382800803, 44.323373274], [-118.6171875, 44.2676318409478], [-118.62827137286388, 44.253074506900006], [-118.6875, 44.209305375906354], [-118.75781249999999, 44.23521837595499], [-118.78020204523978, 44.2530745069], [-118.7578125, 44.28729599487865], [-118.70208342099076, 44.323373274], [-118.6875, 44.3281068746551]]}}, {"type": "Feature", "properties": {"level_in": 0.25}, "geometry": {"type": "LineString", "coordinates": [[-115.171875, 44.08838724748752], [-115.10156250000001, 44.05952138778337], [-115.08095771580852, 44.0421782054], [-115.03125, 44.00415015608813], [-115.00413290261474, 43.97187943819999], [-114.96093750000001, 43.92476640308466], [-114.94440370460842, 43.90158067099999], [-114.92529020746923, 43.8312819038], [-114.9609375, 43.81270490202091], [-115.03125, 43.79915232123612], [-115.1015625, 43.812453440824314], [-115.15106897603555, 43.8312819038], [-115.171875, 43.84132984704832], [-115.2367688416158, 43.901580671], [-115.2421875, 43.93048359175599], [-115.25385057045204, 43.971879438200006], [-115.2421875, 43.99065305596195], [-115.2113920824645, 44.0421782054], [-115.171875, 44.08838724748752]]}}, {"type": "Feature", "properties": {"level_in": 0.25}, "geometry": {"type": "LineString", "coordinates": [[-110.1796875, 43.92708324941306], [-110.109375, 43.950444787331776], [-110.0390625, 43.96559792649658], [-109.96875, 43.96386211679955], [-109.8984375, 43.94618483838777], [-109.83020971040882, 43.901580671], [-109.85864102634534, 43.8312819038], [-109.8984375, 43.8083917041509], [-109.96875, 43.76940486870162], [-109.9914791829298, 43.7609831366], [-110.0390625, 43.75100660454035], [-110.109375, 43.735674712955166], [-110.17968750000001, 43.75026443419302], [-110.20061857558767, 43.760983136600004], [-110.25, 43.78694658893659], [-110.28604076546364, 43.8312819038], [-110.25, 43.857732957264], [-110.20374820302831, 43.901580671], [-110.1796875, 43.92708324941306]]}}, {"type": "Feature", "properties": {"level_in": 0.25}, "geometry": {"type": "LineString", "coordinates": [[-121.2890625, 43.76486503252633], [-121.21875, 43.80688533545623], [-121.1484375, 43.80214894146266], [-121.0884423059336, 43.7609831366], [-121.078125, 43.73061874594811], [-121.06652613676455, 43.6906843694], [-121.078125, 43.6725202431658], [-121.10945379807424, 43.6203856022], [-121.1484375, 43.58317888764849], [-121.21875, 43.59761524264263], [-121.2890625, 43.615359649716254], [-121.31731349589431, 43.6203856022], [-121.359375, 43.64605326464823], [-121.37975554789664, 43.6906843694], [-121.35937500000001, 43.71209572778146], [-121.2915277236996, 43.7609831366], [-121.2890625, 43.76486503252633]]}}, {"type": "Feature", "properties": {"level_in": 0.25}, "geometry": {"type": "LineString", "coordinates": [[-110.8828125, 43.80647752867147], [-110.8125, 43.82221085307283], [-110.77438002225176, 43.7609831366], [-110.8125, 43.72542742169203], [-110.85453467443004, 43.6906843694], [-110.8828125, 43.67149553574292], [-110.93711877150879, 43.6906843694], [-110.93449233637604, 43.7609831366], [-110.8828125, 43.80647752867147]]}}, {"type": "Feature", "properties": {"level_in": 0.25}, "geometry": {"type": "LineString", "coordinates": [[-110.53125, 43.51258132373651], [-110.4609375, 43.514636351733216], [-110.390625, 43.49761841404108], [-110.36532988392695, 43.4797880678], [-110.32031249999999, 43.41220210536649], [-110.31856232784766, 43.4094893005], [-110.3203125, 43.401961876862316], [-110.390625, 43.34723540545562], [-110.4609375, 43.353090704566874], [-110.53125, 43.37868310217385], [-110.56555352888925, 43.4094893005], [-110.58067040634633, 43.4797880678], [-110.53125, 43.51258132373651]]}}, {"type": "Feature", "properties": {"level_in": 0.25}, "geometry": {"type": "LineString", "coordinates": [[-121.5, 43.34953756605445], [-121.43874655137452, 43.3391905333], [-121.4296875, 43.330047536316094], [-121.359375, 43.28726296466233], [-121.34747296530654, 43.2688917661], [-121.359375, 43.26046249389372], [-121.4296875, 43.25087467998836], [-121.49999999999999, 43.254595384858234], [-121.53612243661341, 43.2688917661], [-121.5427971752558, 43.3391905333], [-121.5, 43.34953756605445]]}}, {"type": "Feature", "properties": {"level_in": 0.25}, "geometry": {"type": "LineString", "coordinates": [[-79.8046875, 43.34832558968204], [-79.74238572414113, 43.3391905333], [-79.734375, 43.337524126738884], [-79.6640625, 43.27565948587453], [-79.64946294903498, 43.2688917661], [-79.59375, 43.25459882091011], [-79.5234375, 43.25179661307207], [-79.453125, 43.237298652880426], [-79.38831346047924, 43.1985929988], [-79.453125, 43.1771915317698], [-79.5234375, 43.159468713319555], [-79.59375, 43.163260153249226], [-79.6640625, 43.17179323237779], [-79.734375, 43.18835190651061], [-79.77305958642384, 43.1985929988], [-79.8046875, 43.20802446031863], [-79.875, 43.21316222362277], [-79.9453125, 43.22962702216543], [-79.99799080876565, 43.2688917661], [-79.9453125, 43.30887397110867], [-79.875, 43.336795920504], [-79.85945830689319, 43.3391905333], [-79.8046875, 43.34832558968204]]}}, {"type": "Feature", "properties": {"level_in": 0.25}, "geometry": {"type": "LineString", "coordinates": [[-77.4140625, 43.3638527839488], [-77.34375, 43.38574301844312], [-77.2734375, 43.390669977895016], [-77.203125, 43.3903903701313], [-77.1328125, 43.38332549426415], [-77.0625, 43.37508893076007], [-76.9921875, 43.36387928454622], [-76.921875, 43.34395591920859], [-76.91446961571884, 43.3391905333], [-76.921875, 43.33750112003846], [-76.9921875, 43.3279356200674], [-77.0625, 43.32070536773241], [-77.1328125, 43.31799977100575], [-77.203125, 43.31590952938956], [-77.2734375, 43.31796456401986], [-77.34375, 43.320903171440364], [-77.4140625, 43.32598112032064], [-77.47131444346151, 43.3391905333], [-77.4140625, 43.3638527839488]]}}, {"type": "Feature", "properties": {"level_in": 0.25}, "geometry": {"type": "LineString", "coordinates": [[-77.765625, 43.29932769484965], [-77.6953125, 43.30968204655649], [-77.625, 43.315410495643796], [-77.5546875, 43.30000974937485], [-77.5315196524439, 43.2688917661], [-77.5546875, 43.2620869774382], [-77.625, 43.24592265433651], [-77.6953125, 43.24866946580302], [-77.765625, 43.253680582499776], [-77.82461600270616, 43.2688917661], [-77.765625, 43.29932769484965]]}}, {"type": "Feature", "properties": {"level_in": 0.25}, "geometry": {"type": "LineString", "coordinates": [[-74.390625, 43.31025211012587], [-74.3203125, 43.30459503767584], [-74.25, 43.29281007092541], [-74.18418015190447, 43.2688917661], [-74.1796875, 43.266892680416134], [-74.109375, 43.217936283770726], [-74.09726728035571, 43.198592998799995], [-74.09919702388913, 43.128294231599995], [-74.109375, 43.118405700935426], [-74.1796875, 43.08689511803078], [-74.25, 43.08971583141421], [-74.3203125, 43.09666045138758], [-74.390625, 43.12782336778512], [-74.39143800171696, 43.1282942316], [-74.44292780045129, 43.1985929988], [-74.44947828119649, 43.2688917661], [-74.390625, 43.31025211012587]]}}, {"type": "Feature", "properties": {"level_in": 0.25}, "geometry": {"type": "LineString", "coordinates": [[-70.5234375, 43.276729206138455], [-70.45672942938548, 43.2688917661], [-70.4969991008512, 43.1985929988], [-70.5234375, 43.17200957364133], [-70.56243413065633, 43.1985929988], [-70.5322171467211, 43.2688917661], [-70.5234375, 43.276729206138455]]}}, {"type": "Feature", "properties": {"level_in": 0.25}, "geometry": {"type": "LineString", "coordinates": [[-73.7578125, 43.21201644485183], [-73.74744895066674, 43.1985929988], [-73.7578125, 43.16354290067632], [-73.8188794945867, 43.1985929988], [-73.7578125, 43.21201644485183]]}}, {"type": "Feature", "properties": {"level_in": 0.25}, "geometry": {"type": "LineString", "coordinates": [[-121.4296875, 43.001422732473564], [-121.359375, 43.00332566243704], [-121.2890625, 42.99118851851935], [-121.26303836788034, 42.987696697], [-121.22865482295828, 42.9173979298], [-121.2890625, 42.849859428348466], [-121.329154192424, 42.8470991625], [-121.359375, 42.84602837238219], [-121.36148129865478, 42.8470991625], [-121.4296875, 42.88036397812156], [-121.45381688147262, 42.9173979298], [-121.44250681779306, 42.987696697], [-121.4296875, 43.001422732473564]]}}, {"type": "Feature", "properties": {"level_in": 0.25}, "geometry": {"type": "LineString", "coordinates": [[-121.0078125, 42.92398544623261], [-120.9801427684063, 42.9173979298], [-121.0078125, 42.899164625513976], [-121.05665559038398, 42.9173979298], [-121.0078125, 42.92398544623261]]}}, {"type": "Feature", "properties": {"level_in": 0.25}, "geometry": {"type": "LineString", "coordinates": [[-120.9375, 42.87858722760785], [-120.92554559693872, 42.8470991625], [-120.9375, 42.82837425409509], [-120.95891222732249, 42.8470991625], [-120.9375, 42.87858722760785]]}}, {"type": "Feature", "properties": {"level_in": 0.25}, "geometry": {"type": "LineString", "coordinates": [[-123.9609375, 42.795870947609956], [-123.890625, 42.81971975728664], [-123.8203125, 42.821211910383454], [-123.77150392383757, 42.7768003952], [-123.75, 42.74725853998616], [-123.72532897261763, 42.7065016279], [-123.6796875, 42.64806742649022], [-123.67197312376018, 42.63620286060001], [-123.6349283728496, 42.5659040933], [-123.6513832541566, 42.495605326], [-123.6555823409337, 42.4253065587], [-123.6796875, 42.379198975059225], [-123.70684763887574, 42.3550077914], [-123.75, 42.295244704174394], [-123.75791608719766, 42.284709024099996], [-123.75, 42.25355924640827], [-123.74353747419157, 42.214410256799994], [-123.74999999999999, 42.20540114356144], [-123.7983573808751, 42.14411148939999], [-123.81588415383023, 42.0738127221], [-123.8203125, 42.068323942985764], [-123.86475858504953, 42.0738127221], [-123.890625, 42.07562557802525], [-123.9609375, 42.120509473344896], [-123.97931159549026, 42.1441114894], [-123.98030627963769, 42.2144102568], [-123.9609375, 42.26373517817177], [-123.94807406936383, 42.2847090241], [-123.9609375, 42.33340506651146], [-123.98750173819289, 42.3550077914], [-124.03125, 42.37509754035072], [-124.1015625, 42.36538625850547], [-124.15872495836489, 42.4253065587], [-124.1015625, 42.48170647910689], [-124.04103227054202, 42.495605326], [-124.03864793209189, 42.565904093300006], [-124.05981591439274, 42.6362028606], [-124.09173787841087, 42.7065016279], [-124.03125, 42.757295736545146], [-124.0141698898698, 42.7768003952], [-123.9609375, 42.795870947609956]]}}, {"type": "Feature", "properties": {"level_in": 0.25}, "geometry": {"type": "LineString", "coordinates": [[-120.9375, 42.66675921885512], [-120.8671875, 42.64580972964834], [-120.85319661910962, 42.6362028606], [-120.796875, 42.61273081396843], [-120.7265625, 42.56903907795538], [-120.7241189559455, 42.5659040933], [-120.72656249999999, 42.563389776010524], [-120.796875, 42.54311132496204], [-120.8671875, 42.5453267371026], [-120.9101864389186, 42.5659040933], [-120.9375, 42.6026998522199], [-120.96952870121652, 42.6362028606], [-120.9375, 42.66675921885512]]}}, {"type": "Feature", "properties": {"level_in": 0.25}, "geometry": {"type": "LineString", "coordinates": [[-123.96093750000001, 42.42803150211917], [-123.96493416688821, 42.4253065587], [-123.9609375, 42.41133436201735], [-123.95871760271045, 42.4253065587], [-123.9609375, 42.42803150211916]]}}, {"type": "Feature", "properties": {"level_in": 0.25}, "geometry": {"type": "LineString", "coordinates": [[-91.4765625, 42.384625339518195], [-91.40625, 42.35995667497701], [-91.40142969115365, 42.3550077914], [-91.40625000000001, 42.352113779235545], [-91.4765625, 42.34405252859233], [-91.4963478236216, 42.3550077914], [-91.4765625, 42.384625339518195]]}}, {"type": "Feature", "properties": {"level_in": 0.25}, "geometry": {"type": "LineString", "coordinates": [[-74.0390625, 42.296822966153314], [-74.02868684550548, 42.2847090241], [-74.0390625, 42.27511882010488], [-74.05800007517928, 42.2847090241], [-74.0390625, 42.296822966153314]]}}, {"type": "Feature", "properties": {"level_in": 0.25}, "geometry": {"type": "LineString", "coordinates": [[-123.46875, 42.09360002686519], [-123.3984375, 42.13877432246274], [-123.328125, 42.129803675066505], [-123.2578125, 42.08427408915626], [-123.24025514256559, 42.0738127221], [-123.1875, 42.03788861136484], [-123.1171875, 42.02164553771412], [-123.046875, 42.032359351990834], [-123.0042158842397, 42.0738127221], [-122.9765625, 42.08943454912023], [-122.90625, 42.11043598638994], [-122.8359375, 42.11610702578206], [-122.765625, 42.09876033001099], [-122.71440535122277, 42.0738127221], [-122.70634599749349, 42.0035139548], [-122.765625, 41.9448717641668], [-122.7765536745084, 41.9332151874], [-122.8359375, 41.895463971687974], [-122.90625, 41.89367023692602], [-122.9765625, 41.89224821367358], [-123.046875, 41.89350757637976], [-123.1171875, 41.91352274404181], [-123.1875, 41.914249155903164], [-123.2578125, 41.91126763781108], [-123.328125, 41.90536071060001], [-123.3984375, 41.894908286407514], [-123.46875, 41.866199771817], [-123.47168618395327, 41.8629164201], [-123.49124385460559, 41.7926176527], [-123.52608084292034, 41.7223188853], [-123.5390625, 41.68550273162995], [-123.55365614579813, 41.652020117999996], [-123.5390625, 41.58180618528667], [-123.53861066680832, 41.58172135059999], [-123.50495722423919, 41.5114225832], [-123.5390625, 41.49531188709985], [-123.5947305242806, 41.4411238158], [-123.609375, 41.42725563821157], [-123.6796875, 41.40139809081262], [-123.75, 41.41363979203342], [-123.79931611235676, 41.4411238158], [-123.81147779936828, 41.5114225832], [-123.8203125, 41.53013923073566], [-123.84460270260297, 41.5817213506], [-123.84662379893098, 41.652020118], [-123.85210370854432, 41.7223188853], [-123.83935772059635, 41.7926176527], [-123.8203125, 41.82652697141944], [-123.79737792814183, 41.8629164201], [-123.75, 41.93030912338902], [-123.74389201571411, 41.9332151874], [-123.6796875, 41.95419628335413], [-123.609375, 41.9754043839591], [-123.5390625, 42.00333957258111], [-123.5387923215247, 42.0035139548], [-123.48304756937097, 42.0738127221], [-123.46875, 42.09360002686519]]}}, {"type": "Feature", "properties": {"level_in": 0.25}, "geometry": {"type": "LineString", "coordinates": [[-122.203125, 41.85392922477977], [-122.14003095703126, 41.7926176527], [-122.203125, 41.759671614025706], [-122.23758927420734, 41.7926176527], [-122.203125, 41.85392922477977]]}}, {"type": "Feature", "properties": {"level_in": 0.25}, "geometry": {"type": "LineString", "coordinates": [[-123.1875, 41.72458055191916], [-123.18231557500481, 41.722318885300005], [-123.1171875, 41.70395585661444], [-123.05522668258203, 41.652020118], [-123.046875, 41.635286052019865], [-123.02156704047096, 41.581721350600006], [-122.98400796792362, 41.5114225832], [-122.9765625, 41.499490039745794], [-122.93934997716602, 41.4411238158], [-122.90625, 41.39926130425774], [-122.87634151447384, 41.3708250484], [-122.8359375, 41.34100199713321], [-122.765625, 41.34915957325474], [-122.7167981652416, 41.3708250484], [-122.6953125, 41.383313773735615], [-122.625, 41.433714537408775], [-122.5546875, 41.42313217923089], [-122.484375, 41.417407311531605], [-122.4140625, 41.41996993727298], [-122.3497343759131, 41.44112381579999], [-122.34375, 41.444216132349474], [-122.2734375, 41.49977279382085], [-122.25997473492235, 41.5114225832], [-122.23036732461264, 41.5817213506], [-122.203125, 41.62237862008601], [-122.1328125, 41.64886317747368], [-122.0625, 41.636530907284225], [-121.9921875, 41.624344166026766], [-121.921875, 41.63720671545645], [-121.86698443828806, 41.65202011800001], [-121.8515625, 41.656343006213625], [-121.78125, 41.691409922767875], [-121.7109375, 41.67969607035471], [-121.64896546177683, 41.652020117999996], [-121.640625, 41.6475357890231], [-121.5703125, 41.60012433804417], [-121.5469041269642, 41.5817213506], [-121.5, 41.52328788022524], [-121.49372630826674, 41.5114225832], [-121.5, 41.504917228320735], [-121.56525966822196, 41.4411238158], [-121.5703125, 41.43794376976203], [-121.640625, 41.37511215497037], [-121.64482023088335, 41.3708250484], [-121.7045759163812, 41.3005262811], [-121.68162819462725, 41.2302275137], [-121.7109375, 41.16198861874936], [-121.71193295256418, 41.1599287463], [-121.78125, 41.119922639885374], [-121.8515625, 41.11953600858486], [-121.921875, 41.13294898491655], [-121.9921875, 41.158664869065085], [-121.99514749145507, 41.1599287463], [-122.0625, 41.220689663053626], [-122.0774398048012, 41.2302275137], [-122.1328125, 41.239303022640854], [-122.203125, 41.242085721697244], [-122.2619385159691, 41.2302275137], [-122.2734375, 41.219458573553716], [-122.30700837412627, 41.1599287463], [-122.34375, 41.128203541222234], [-122.39488865803885, 41.0896299788], [-122.4140625, 41.082194679316046], [-122.484375, 41.06037124121015], [-122.5546875, 41.05507129369464], [-122.625, 41.05930482777984], [-122.69260806405995, 41.0193312114], [-122.6953125, 41.01706226619668], [-122.74062019099371, 40.949032444], [-122.76562500000001, 40.926984571111774], [-122.81980565727817, 40.8787336766], [-122.8359375, 40.866169803217815], [-122.90625, 40.838677516123106], [-122.9765625, 40.833379306341016], [-123.046875, 40.819102608495314], [-123.09372558380907, 40.8084349092], [-123.11718749999999, 40.79823149446098], [-123.14275835460276, 40.8084349092], [-123.1875, 40.8208019268313], [-123.2578125, 40.87612887354757], [-123.26034910922583, 40.8787336766], [-123.328125, 40.918971006621476], [-123.38673016149141, 40.949032444], [-123.3984375, 40.95241930865291], [-123.46875, 40.9784223136521], [-123.53804970371205, 41.0193312114], [-123.5390625, 41.02194037317123], [-123.56720370713063, 41.08962997879999], [-123.57008240708878, 41.1599287463], [-123.5390625, 41.21107666686538], [-123.5128198682222, 41.2302275137], [-123.46874999999999, 41.25839396166265], [-123.3984375, 41.27554429942201], [-123.328125, 41.24140237483903], [-123.31818907271285, 41.2302275137], [-123.2578125, 41.16256054479808], [-123.25449213045252, 41.1599287463], [-123.1875, 41.12355122414253], [-123.1171875, 41.15233179268771], [-123.10689183084175, 41.1599287463], [-123.09992031325207, 41.2302275137], [-123.1171875, 41.246090111206755], [-123.18749999999999, 41.28893659367912], [-123.20769776909341, 41.3005262811], [-123.2578125, 41.31980017574515], [-123.32400448261185, 41.3708250484], [-123.328125, 41.374368616048535], [-123.39052180767537, 41.4411238158], [-123.3984375, 41.45144225840182], [-123.45489305121588, 41.5114225832], [-123.46536691940818, 41.5817213506], [-123.3984375, 41.624925810295316], [-123.36662096016705, 41.652020118], [-123.328125, 41.67659888616811], [-123.2578125, 41.711258017383734], [-123.19540177725258, 41.7223188853], [-123.1875, 41.72458055191916]]}}, {"type": "Feature", "properties": {"level_in": 0.25}, "geometry": {"type": "LineString", "coordinates": [[-91.8984375, 41.485917707036705], [-91.828125, 41.48775662271987], [-91.78839306056753, 41.4411238158], [-91.828125, 41.42470718076427], [-91.89843750000001, 41.43084641917108], [-91.93387842526612, 41.4411238158], [-91.8984375, 41.485917707036705]]}}, {"type": "Feature", "properties": {"level_in": 0.25}, "geometry": {"type": "LineString", "coordinates": [[-96.328125, 40.95415117395152], [-96.2578125, 40.961857370819274], [-96.1875, 40.958506280703176], [-96.1171875, 40.95048153309737], [-96.10999785080367, 40.949032444], [-96.046875, 40.925169781231844], [-96.00385435451156, 40.8787336766], [-96.01085220448857, 40.8084349092], [-96.04084247354118, 40.7381361417], [-96.046875, 40.72835633923299], [-96.08612827049632, 40.6678373743], [-96.1171875, 40.62188425766647], [-96.14000322825733, 40.5975386068], [-96.16751867833294, 40.5272398394], [-96.1681103214953, 40.4569410719], [-96.1754197989496, 40.3866423045], [-96.18750000000001, 40.37524810994466], [-96.2578125, 40.318505770567214], [-96.26090200746725, 40.316343537], [-96.328125, 40.28031659764284], [-96.3984375, 40.255217425087366], [-96.46875, 40.247603039162485], [-96.5390625, 40.271393661604534], [-96.59709590240676, 40.316343536999995], [-96.609375, 40.33238510929393], [-96.63426846690038, 40.3866423045], [-96.66757783532377, 40.45694107189999], [-96.6796875, 40.47260566892344], [-96.75000000000001, 40.52553984262842], [-96.75363429172909, 40.52723983940001], [-96.8203125, 40.578611204462234], [-96.8564730261603, 40.5975386068], [-96.8203125, 40.66599954458347], [-96.81619843540341, 40.6678373743], [-96.75, 40.67465054179313], [-96.6796875, 40.696215074127146], [-96.609375, 40.72620493496989], [-96.59423177737307, 40.7381361417], [-96.54102435560011, 40.8084349092], [-96.5390625, 40.81315902094937], [-96.49856936130672, 40.8787336766], [-96.46875, 40.902543085375214], [-96.3984375, 40.93178861264759], [-96.34853564795094, 40.949032444], [-96.328125, 40.95415117395152]]}}, {"type": "Feature", "properties": {"level_in": 0.25}, "geometry": {"type": "LineString", "coordinates": [[-123.75, 40.82682913302758], [-123.6796875, 40.817523949912], [-123.64039207764193, 40.8084349092], [-123.609375, 40.79939284442432], [-123.5390625, 40.749945290302705], [-123.5261701897981, 40.7381361417], [-123.48942351505443, 40.6678373743], [-123.48352748057357, 40.5975386068], [-123.46875, 40.56655514248045], [-123.43412553393911, 40.5272398394], [-123.3984375, 40.50883253652384], [-123.328125, 40.48366693237646], [-123.26047313392222, 40.4569410719], [-123.2578125, 40.45604109698533], [-123.1875, 40.4397396640329], [-123.1171875, 40.40780792023453], [-123.09645942152753, 40.3866423045], [-123.046875, 40.33199608934098], [-123.03603980470405, 40.316343537], [-122.9765625, 40.248921958214034], [-122.9743022138383, 40.2460447695], [-122.92495076960887, 40.1757460021], [-122.90625, 40.15290114819322], [-122.87448347278111, 40.1054472346], [-122.83593750000001, 40.04025151583278], [-122.83296711307125, 40.0351484671], [-122.81407706016762, 39.9648496996], [-122.8359375, 39.918793745046344], [-122.84806858167126, 39.8945509321], [-122.90625, 39.8567358360222], [-122.9765625, 39.85563412915108], [-123.046875, 39.87839417085149], [-123.07263478825365, 39.8945509321], [-123.1171875, 39.917342790362554], [-123.1875, 39.96462385981045], [-123.18782817607867, 39.96484969960001], [-123.23011573223795, 40.0351484671], [-123.23267331708391, 40.1054472346], [-123.2578125, 40.1727494302864], [-123.25939479443124, 40.1757460021], [-123.328125, 40.214213621588385], [-123.3984375, 40.22943737234047], [-123.45015591872453, 40.2460447695], [-123.46875, 40.253090418637164], [-123.5390625, 40.279926030085576], [-123.56271635995938, 40.316343537], [-123.60937499999999, 40.37108989289304], [-123.62493044968998, 40.3866423045], [-123.6646868962379, 40.4569410719], [-123.6796875, 40.480972036767916], [-123.69247078228652, 40.5272398394], [-123.75, 40.59234155670421], [-123.75519806531999, 40.59753860680001], [-123.8154499757222, 40.6678373743], [-123.79500423707805, 40.7381361417], [-123.78309956891235, 40.8084349092], [-123.75, 40.82682913302758]]}}, {"type": "Feature", "properties": {"level_in": 0.25}, "geometry": {"type": "LineString", "coordinates": [[-121.78125000000001, 40.75231177791936], [-121.73367927242518, 40.7381361417], [-121.7109375, 40.73109629669823], [-121.64214889225262, 40.6678373743], [-121.640625, 40.6644486077097], [-121.5703125, 40.61717967482781], [-121.53413475724037, 40.5975386068], [-121.50497550704057, 40.5272398394], [-121.5, 40.52104746685524], [-121.4296875, 40.4903373084274], [-121.359375, 40.49602337977106], [-121.2890625, 40.485556481161126], [-121.24113894847929, 40.4569410719], [-121.2890625, 40.43387790889498], [-121.35290257072464, 40.3866423045], [-121.359375, 40.38395913860801], [-121.4296875, 40.358277900785], [-121.5, 40.35052037942633], [-121.5703125, 40.368004799980326], [-121.59898452118284, 40.3866423045], [-121.60794423977059, 40.4569410719], [-121.640625, 40.485741867494376], [-121.66336224484135, 40.5272398394], [-121.7109375, 40.56719044487603], [-121.72530200656172, 40.59753860679999], [-121.78125, 40.65022673832025], [-121.80383710344293, 40.6678373743], [-121.79020302153226, 40.7381361417], [-121.78125000000001, 40.75231177791936]]}}, {"type": "Feature", "properties": {"level_in": 0.25}, "geometry": {"type": "LineString", "coordinates": [[-121.4296875, 40.190569485540124], [-121.4104786197112, 40.1757460021], [-121.359375, 40.117548887875444], [-121.35249300070701, 40.1054472346], [-121.359375, 40.09552321265145], [-121.4296875, 40.090340976508394], [-121.4638219079921, 40.1054472346], [-121.4420101798209, 40.1757460021], [-121.4296875, 40.190569485540124]]}}, {"type": "Feature", "properties": {"level_in": 0.25}, "geometry": {"type": "LineString", "coordinates": [[-122.9765625, 39.63283465021083], [-122.90625, 39.66438690774699], [-122.83637832214312, 39.6133558621], [-122.87734324263123, 39.5430570946], [-122.90624999999999, 39.53517497561219], [-122.91938371938778, 39.5430570946], [-122.9765625, 39.598850086362276], [-122.98798520192062, 39.61335586210001], [-122.9765625, 39.63283465021083]]}}, {"type": "Feature", "properties": {"level_in": 0.25}, "geometry": {"type": "LineString", "coordinates": [[-98.71875, 39.47841798784069], [-98.70808957910266, 39.4727583271], [-98.6484375, 39.44822156008229], [-98.578125, 39.41696146968471], [-98.55958842333989, 39.4024595596], [-98.5078125, 39.3701059221401], [-98.44561249257582, 39.332160792], [-98.4375, 39.32689966375957], [-98.3671875, 39.2809158116467], [-98.34154534521684, 39.2618620245], [-98.296875, 39.203666581539565], [-98.28739562480575, 39.19156325699999], [-98.26542358271817, 39.121264489400005], [-98.26233569475187, 39.0509657219], [-98.25890359045515, 38.9806669543], [-98.2504595611129, 38.9103681868], [-98.24789008356828, 38.8400694192], [-98.296875, 38.78062601708696], [-98.3671875, 38.774734420157216], [-98.4375, 38.81771197701734], [-98.46987910512257, 38.8400694192], [-98.5078125, 38.86118185424658], [-98.56267425987284, 38.9103681868], [-98.578125, 38.923619732613695], [-98.64371841523968, 38.9806669543], [-98.6484375, 38.98424522411099], [-98.70446072406261, 39.0509657219], [-98.71875, 39.0696303232517], [-98.75870294868108, 39.1212644894], [-98.7890625, 39.1692317620934], [-98.802322079339, 39.191563257], [-98.82244102158162, 39.26186202449999], [-98.81975960308546, 39.332160792], [-98.79408190912537, 39.4024595596], [-98.7890625, 39.41218801722593], [-98.72709558802684, 39.4727583271], [-98.71875, 39.47841798784069]]}}, {"type": "Feature", "properties": {"level_in": 0.25}, "geometry": {"type": "LineString", "coordinates": [[-119.60156249999999, 38.141505577199716], [-119.59409915433241, 38.13708174340001], [-119.60156249999999, 38.13112658270674], [-119.60776802842031, 38.13708174340001], [-119.60156249999999, 38.141505577199716]]}}, {"type": "Feature", "properties": {"level_in": 0.5}, "geometry": {"type": "LineString", "coordinates": [[-60.046875, 54.58292451166101], [-60.05410211362556, 54.5869931912], [-60.046875, 54.617814283551795]]}}, {"type": "Feature", "properties": {"level_in": 0.5}, "geometry": {"type": "LineString", "coordinates": [[-128.390625, 53.067967957387914], [-128.3203125, 53.093856834445255], [-128.25, 53.105568781644266], [-128.1796875, 53.090363562081734], [-128.1318980835354, 53.0404203408], [-128.109375, 53.0311263574101], [-128.0390625, 53.00077850182825], [-127.97275844532604, 52.9701215748], [-127.96875, 52.95580851972905], [-127.8984375, 52.90886533064078], [-127.88232198098282, 52.8998228087], [-127.828125, 52.88571327189344], [-127.7578125, 52.86109601780698], [-127.69981654667251, 52.8295240426], [-127.6875, 52.82563536592452], [-127.6171875, 52.814327690878244], [-127.546875, 52.808552502351525], [-127.4765625, 52.80204883920075], [-127.40625, 52.801117770265506], [-127.3359375, 52.8025180076004], [-127.265625, 52.795542636278284], [-127.21762266420015, 52.7592252765], [-127.265625, 52.732264790898384], [-127.3359375, 52.71733067563825], [-127.3839929982554, 52.6889265104], [-127.37055268925609, 52.6186277442], [-127.40624999999999, 52.59030050755118], [-127.4483228222993, 52.5483289781], [-127.4765625, 52.52920227110114], [-127.546875, 52.510784772400896], [-127.61718749999999, 52.53044733537505], [-127.64824996922843, 52.5483289781], [-127.6875, 52.56387322170703], [-127.7578125, 52.584576869258974], [-127.828125, 52.615643901641995], [-127.83265404459132, 52.6186277442], [-127.86488641245248, 52.6889265104], [-127.8984375, 52.72414596741454], [-127.9300626325873, 52.7592252765], [-127.96538117782389, 52.8295240426], [-127.96875, 52.84453400911471], [-128.0390625, 52.88736067807603], [-128.109375, 52.88269037629685], [-128.1796875, 52.87796119067747], [-128.25, 52.87808129002639], [-128.3203125, 52.89517781524583], [-128.3357125780939, 52.8998228087], [-128.3575813832933, 52.9701215748], [-128.390625, 53.017253826105474], [-128.40372067246622, 53.0404203408], [-128.390625, 53.067967957387914]]}}, {"type": "Feature", "properties": {"level_in": 0.5}, "geometry": {"type": "LineString", "coordinates": [[-119.53125, 52.97963573229531], [-119.4609375, 53.00467637071546], [-119.390625, 53.00532900527119], [-119.3203125, 52.984855780342926], [-119.30434321673239, 52.9701215748], [-119.3203125, 52.95545076236764], [-119.390625, 52.91809034947923], [-119.4609375, 52.91000328503361], [-119.53125, 52.95890577059762], [-119.54086094835526, 52.970121574800004], [-119.53125, 52.97963573229531]]}}, {"type": "Feature", "properties": {"level_in": 0.5}, "geometry": {"type": "LineString", "coordinates": [[-120.02343750000001, 52.699105436621494], [-119.953125, 52.74319593091326], [-119.8828125, 52.71471574545101], [-119.8425340486377, 52.6889265104], [-119.8125, 52.65365445857712], [-119.78540973070797, 52.6186277442], [-119.8125, 52.57917905295552], [-119.8828125, 52.56132165326345], [-119.953125, 52.579637292940006], [-120.00963111342413, 52.6186277442], [-120.0234375, 52.677230089027105], [-120.02549919657478, 52.6889265104], [-120.02343750000001, 52.699105436621494]]}}, {"type": "Feature", "properties": {"level_in": 0.5}, "geometry": {"type": "LineString", "coordinates": [[-126.9140625, 52.57728412739239], [-126.84375, 52.58301343221504], [-126.77343750000001, 52.56086857343299], [-126.75532445383561, 52.5483289781], [-126.77343750000001, 52.537392053158804], [-126.84375, 52.517768631998166], [-126.9140625, 52.5244038704825], [-126.97546060776023, 52.5483289781], [-126.9140625, 52.57728412739239]]}}, {"type": "Feature", "properties": {"level_in": 0.5}, "geometry": {"type": "LineString", "coordinates": [[-126.5625, 52.480283938337365], [-126.4921875, 52.49546344983966], [-126.421875, 52.48659678615684], [-126.40302244401147, 52.4780302119], [-126.421875, 52.468029487762834], [-126.4921875, 52.45843523377677], [-126.5625, 52.475836733738824], [-126.56974132371366, 52.478030211900005], [-126.5625, 52.480283938337365]]}}, {"type": "Feature", "properties": {"level_in": 0.5}, "geometry": {"type": "LineString", "coordinates": [[-120.375, 52.50793399066142], [-120.3046875, 52.54473881902303], [-120.234375, 52.51383567250254], [-120.19452733350812, 52.4780302119], [-120.234375, 52.40780211894327], [-120.3046875, 52.42160227817727], [-120.375, 52.4645033215082], [-120.384311072389, 52.4780302119], [-120.375, 52.50793399066142]]}}, {"type": "Feature", "properties": {"level_in": 0.5}, "geometry": {"type": "LineString", "coordinates": [[-127.8984375, 52.40939339275072], [-127.88869164462449, 52.4077314458], [-127.8984375, 52.405906117673524], [-127.89984028168926, 52.4077314458], [-127.8984375, 52.40939339275072]]}}, {"type": "Feature", "properties": {"level_in": 0.5}, "geometry": {"type": "LineString", "coordinates": [[-119.8828125, 52.44801172696637], [-119.85953145391244, 52.4077314458], [-119.8828125, 52.390868193282756], [-119.92931475996957, 52.407731445799996], [-119.8828125, 52.44801172696637]]}}, {"type": "Feature", "properties": {"level_in": 0.5}, "geometry": {"type": "LineString", "coordinates": [[-118.6875, 52.44896219131444], [-118.6171875, 52.428219566825405], [-118.60188061745568, 52.4077314458], [-118.6171875, 52.39924645761615], [-118.6875, 52.37785253982288], [-118.74301569715504, 52.4077314458], [-118.6875, 52.44896219131444]]}}, {"type": "Feature", "properties": {"level_in": 0.5}, "geometry": {"type": "LineString", "coordinates": [[-127.828125, 52.3928316554875], [-127.77529240777609, 52.3374326796], [-127.828125, 52.32073874138431], [-127.8549262673218, 52.337432679600006], [-127.828125, 52.3928316554875]]}}, {"type": "Feature", "properties": {"level_in": 0.5}, "geometry": {"type": "LineString", "coordinates": [[-126.84375, 52.36023100202547], [-126.7734375, 52.34304637348631], [-126.76421609607809, 52.3374326796], [-126.703125, 52.30243003984097], [-126.63281250000001, 52.299199360634105], [-126.5625, 52.29249463540278], [-126.4921875, 52.27933395303813], [-126.4334252741376, 52.2671339134], [-126.4921875, 52.246853800487834], [-126.5625, 52.225919363695155], [-126.61543685049529, 52.1968351472], [-126.6328125, 52.17997480055328], [-126.703125, 52.15461383949023], [-126.7734375, 52.16231092170011], [-126.84375, 52.17494682173785], [-126.88545017943525, 52.1968351472], [-126.9140625, 52.22313301204336], [-126.93609739004657, 52.2671339134], [-126.9140625, 52.2878853019376], [-126.8760172254334, 52.3374326796], [-126.84375, 52.36023100202547]]}}, {"type": "Feature", "properties": {"level_in": 0.5}, "geometry": {"type": "LineString", "coordinates": [[-117.984375, 52.067286537815846], [-117.95822423751294, 52.0562376148], [-117.984375, 52.04950537619361], [-118.00321065626656, 52.0562376148], [-117.984375, 52.067286537815846]]}}, {"type": "Feature", "properties": {"level_in": 0.5}, "geometry": {"type": "LineString", "coordinates": [[-117.4921875, 52.065753130512746], [-117.421875, 52.05726265358776], [-117.42035678195367, 52.0562376148], [-117.3515625, 51.99154646033257], [-117.33885707184928, 51.9859388485], [-117.3515625, 51.979216981619714], [-117.421875, 51.922960428084465], [-117.42789382972087, 51.9156400823], [-117.4921875, 51.89982705351476], [-117.5625, 51.89639410956449], [-117.59324891812399, 51.9156400823], [-117.6328125, 51.977752593182544], [-117.63683168973898, 51.98593884849999], [-117.6328125, 51.989616583836245], [-117.5625, 52.03128765810166], [-117.51261785510034, 52.0562376148], [-117.4921875, 52.065753130512746]]}}, {"type": "Feature", "properties": {"level_in": 0.5}, "geometry": {"type": "LineString", "coordinates": [[-127.125, 52.021024192852686], [-127.0546875, 52.045845689496964], [-126.984375, 52.04671207945675], [-126.9140625, 52.03621564058423], [-126.84375, 51.99097127078185], [-126.83877163749659, 51.9859388485], [-126.7734375, 51.9214016472927], [-126.76772962697405, 51.9156400823], [-126.72824625965494, 51.845341316], [-126.7269468567896, 51.7750425498], [-126.7734375, 51.74520343558832], [-126.84375, 51.738865933214925], [-126.9140625, 51.739783657482064], [-126.984375, 51.74649836921296], [-127.05468750000001, 51.75776793831291], [-127.125, 51.77487561667285], [-127.12525441957024, 51.7750425498], [-127.1953125, 51.790140338771465], [-127.265625, 51.81361078380395], [-127.32335128073929, 51.845341316], [-127.3359375, 51.86177882768021], [-127.40625, 51.86272940077271], [-127.44256342635624, 51.845341316], [-127.4765625, 51.83692526747394], [-127.546875, 51.825789299575995], [-127.6171875, 51.822963678832025], [-127.6875, 51.842216296649475], [-127.69123007444317, 51.845341316], [-127.6875, 51.84978260032912], [-127.62357693861586, 51.9156400823], [-127.6171875, 51.91914653838761], [-127.546875, 51.93425944233378], [-127.4765625, 51.93516295907319], [-127.40625, 51.93681246550499], [-127.3359375, 51.94248345906611], [-127.265625, 51.95347371321297], [-127.1953125, 51.96559549696494], [-127.15798914813885, 51.9859388485], [-127.125, 52.021024192852686]]}}, {"type": "Feature", "properties": {"level_in": 0.5}, "geometry": {"type": "LineString", "coordinates": [[-117.703125, 51.71124016521457], [-117.67702602394158, 51.70474378349999], [-117.6328125, 51.70089989512029], [-117.5625, 51.694373662489426], [-117.4921875, 51.66786118985296], [-117.44443397395281, 51.634445017199994], [-117.4921875, 51.58843756355286], [-117.5625, 51.5892255163637], [-117.6328125, 51.59064953945577], [-117.703125, 51.62414112218097], [-117.71023583695536, 51.6344450172], [-117.70528789050606, 51.7047437835], [-117.703125, 51.71124016521457]]}}, {"type": "Feature", "properties": {"level_in": 0.5}, "geometry": {"type": "LineString", "coordinates": [[-117.0703125, 51.72622151191729], [-116.99999999999999, 51.7184339059222], [-116.97209694426445, 51.7047437835], [-117.0, 51.66196468995381], [-117.07031249999999, 51.67442680980969], [-117.13209540563513, 51.7047437835], [-117.0703125, 51.72622151191729]]}}, {"type": "Feature", "properties": {"level_in": 0.5}, "geometry": {"type": "LineString", "coordinates": [[-127.125, 51.63992890013841], [-127.0546875, 51.639244665729024], [-126.984375, 51.637841305954026], [-126.97827860168557, 51.634445017199994], [-126.9140625, 51.605190662253456], [-126.85436965223644, 51.5641462509], [-126.84375, 51.55533028903553], [-126.77343750000001, 51.51638079989844], [-126.703125, 51.49538859082078], [-126.6328125, 51.49775260928941], [-126.56250000000001, 51.507835680341756], [-126.4921875, 51.50690998737474], [-126.4486373177, 51.4938474846], [-126.421875, 51.486529388682364], [-126.3515625, 51.47549774873714], [-126.28125, 51.47488823706247], [-126.2109375, 51.45623920900212], [-126.1770084648745, 51.4235487183], [-126.1667233273495, 51.353249952], [-126.19460722816271, 51.282951185600005], [-126.18141369722704, 51.2126524193], [-126.2109375, 51.175492587092634], [-126.25557444706418, 51.1423536529], [-126.28125, 51.1259677504747], [-126.3515625, 51.10503871249885], [-126.421875, 51.115363993395576], [-126.49218750000001, 51.137369672808624], [-126.50322777446675, 51.1423536529], [-126.5625, 51.16279264390217], [-126.6328125, 51.184272730462304], [-126.703125, 51.20083793770195], [-126.7734375, 51.20045083634058], [-126.84375000000001, 51.18096816115304], [-126.9140625, 51.1765891798381], [-126.984375, 51.19996715103841], [-127.00638886694944, 51.2126524193], [-127.02084477584643, 51.2829511856], [-126.984375, 51.34747177925099], [-126.96803547576943, 51.353249952], [-126.93783038550325, 51.4235487183], [-126.96255329649051, 51.4938474846], [-126.984375, 51.50360768987738], [-127.0546875, 51.50278809480218], [-127.10673580071284, 51.4938474846], [-127.125, 51.49105705186533], [-127.1953125, 51.47584898001432], [-127.265625, 51.45305575403676], [-127.3359375, 51.450525872811], [-127.40625, 51.49383059883764], [-127.40626336557062, 51.49384748460001], [-127.40625000000001, 51.4938617424243], [-127.35489521062875, 51.5641462509], [-127.3359375, 51.579908230716214], [-127.265625, 51.612448777936564], [-127.1953125, 51.62564329870505], [-127.14182165384784, 51.634445017199994], [-127.125, 51.63992890013841]]}}, {"type": "Feature", "properties": {"level_in": 0.5}, "geometry": {"type": "LineString", "coordinates": [[-125.859375, 51.644432850974304], [-125.7890625, 51.640882635379825], [-125.77255656880061, 51.6344450172], [-125.71875, 51.61228042440081], [-125.6484375, 51.58521770830595], [-125.60202690298345, 51.564146250899995], [-125.58501052641962, 51.4938474846], [-125.578125, 51.479122380168164], [-125.55311588745334, 51.42354871829999], [-125.55589754578472, 51.353249952], [-125.54589530285412, 51.2829511856], [-125.52658296162511, 51.2126524193], [-125.56210573424718, 51.1423536529], [-125.54019579616818, 51.0720548865], [-125.578125, 51.05433766021483], [-125.6484375, 51.02268739134343], [-125.69108922197027, 51.0017561202], [-125.6484375, 50.976735694212586], [-125.578125, 50.93886115891282], [-125.56177983660805, 50.9314573538], [-125.5078125, 50.907535034645534], [-125.4375, 50.90748119756893], [-125.36718749999999, 50.89281604821677], [-125.33753203170653, 50.9314573538], [-125.33679468436836, 51.0017561202], [-125.30062945047533, 51.072054886500005], [-125.31597408460928, 51.1423536529], [-125.296875, 51.175724888792544], [-125.2879133355158, 51.2126524193], [-125.296875, 51.24016394817653], [-125.32286332997427, 51.2829511856], [-125.296875, 51.33518882095666], [-125.287629623541, 51.353249952], [-125.28448452759974, 51.4235487183], [-125.23663384214211, 51.4938474846], [-125.2265625, 51.503058930967526], [-125.16233628153353, 51.5641462509], [-125.15625, 51.56907338434606], [-125.0859375, 51.603284211111415], [-125.03104086003212, 51.6344450172], [-125.015625, 51.637970523839925], [-125.00783493621063, 51.634445017199994], [-124.9453125, 51.57935075445574], [-124.92751913805486, 51.5641462509], [-124.875, 51.531733590281995], [-124.82572436936678, 51.4938474846], [-124.84030481921323, 51.4235487183], [-124.81312619413195, 51.353249952], [-124.84815092051997, 51.2829511856], [-124.83781111579663, 51.2126524193], [-124.875, 51.15994939368564], [-124.88669378136274, 51.1423536529], [-124.88836591537243, 51.0720548865], [-124.93821334585037, 51.0017561202], [-124.9453125, 50.992163929115414], [-124.99642833554293, 50.9314573538], [-125.015625, 50.8914577823478], [-125.02468100424662, 50.8611585874], [-125.015625, 50.85140158682722], [-124.97250585843346, 50.7908598209], [-125.015625, 50.75191400144648], [-125.05991236029975, 50.7205610545], [-125.01562500000001, 50.663452010741395], [-125.00699561583042, 50.6502622881], [-124.9453125, 50.58104513346194], [-124.94318323908261, 50.5799635216], [-124.9453125, 50.57871877872446], [-125.015625, 50.558148392858406], [-125.0859375, 50.55387529871025], [-125.15625, 50.55264738919492], [-125.2265625, 50.551964067819796], [-125.296875, 50.561036052310406], [-125.3671875, 50.579345657390846], [-125.36851082896443, 50.5799635216], [-125.43738215668772, 50.6502622881], [-125.4358141280943, 50.7205610545], [-125.4375, 50.72374201554791], [-125.48361460225, 50.79085982090001], [-125.5078125, 50.81341503582472], [-125.578125, 50.82388161571078], [-125.61048731729477, 50.7908598209], [-125.578125, 50.750680832448865], [-125.55202714604474, 50.720561054499996], [-125.5078125, 50.651209918711366], [-125.44560375049609, 50.65026228810001], [-125.50781250000001, 50.649816756954294], [-125.578125, 50.64949502929778], [-125.58156583027461, 50.6502622881], [-125.6484375, 50.66455585336763], [-125.71875, 50.67662243912458], [-125.78906250000001, 50.686716426236174], [-125.859375, 50.71545554688843], [-125.86659948868804, 50.7205610545], [-125.9296875, 50.77464800823302], [-125.94739958072724, 50.7908598209], [-125.92968750000001, 50.81332246855861], [-125.859375, 50.85898711290719], [-125.85458157814365, 50.8611585874], [-125.859375, 50.87493622103618], [-125.88060506559574, 50.9314573538], [-125.859375, 50.95677545609351], [-125.80551093473625, 51.0017561202], [-125.859375, 51.06652235506661], [-125.86357625361879, 51.0720548865], [-125.9296875, 51.137055637981845], [-125.93508615674213, 51.14235365289999], [-125.9296875, 51.14796209887172], [-125.89898507672672, 51.2126524193], [-125.90416715050088, 51.2829511856], [-125.88006763099483, 51.353249952], [-125.9029944473494, 51.4235487183], [-125.90175022312329, 51.4938474846], [-125.90735982500605, 51.56414625090001], [-125.87849150940693, 51.6344450172], [-125.859375, 51.644432850974304]]}}, {"type": "Feature", "properties": {"level_in": 0.5}, "geometry": {"type": "LineString", "coordinates": [[-116.7890625, 51.608567086907705], [-116.71875, 51.6136678411656], [-116.6484375, 51.61496404882243], [-116.578125, 51.59729564306717], [-116.5353916631084, 51.5641462509], [-116.53592829561929, 51.4938474846], [-116.578125, 51.448583208916595], [-116.59066322485987, 51.4235487183], [-116.6484375, 51.38056576335248], [-116.71875, 51.374321253147606], [-116.7890625, 51.39245914016864], [-116.82263045436129, 51.4235487183], [-116.84068424865171, 51.4938474846], [-116.82932939874198, 51.5641462509], [-116.7890625, 51.608567086907705]]}}, {"type": "Feature", "properties": {"level_in": 0.5}, "geometry": {"type": "LineString", "coordinates": [[-118.47656249999999, 51.4365492346092], [-118.40625, 51.434081707048584], [-118.36153561888301, 51.4235487183], [-118.3359375, 51.41987832489805], [-118.265625, 51.35340222553497], [-118.26549575097623, 51.353249952000006], [-118.22084887976234, 51.2829511856], [-118.21368279303952, 51.2126524193], [-118.1953125, 51.14685841510071], [-118.19393856545592, 51.1423536529], [-118.1953125, 51.1386029491254], [-118.265625, 51.09650588931507], [-118.3359375, 51.12518634220741], [-118.3579332057521, 51.1423536529], [-118.40625, 51.193048537994244], [-118.42046119930424, 51.2126524193], [-118.4765625, 51.28093100286397], [-118.47813064121343, 51.2829511856], [-118.52467442796986, 51.353249952], [-118.4928684473638, 51.4235487183], [-118.47656249999999, 51.4365492346092]]}}, {"type": "Feature", "properties": {"level_in": 0.5}, "geometry": {"type": "LineString", "coordinates": [[-117.84375, 51.480270680537785], [-117.7734375, 51.470002407231775], [-117.703125, 51.45846028420637], [-117.6328125, 51.432171915219115], [-117.62072798731307, 51.4235487183], [-117.5625, 51.40025554580974], [-117.4921875, 51.37060546331145], [-117.421875, 51.353332525287634], [-117.3515625, 51.3565670273243], [-117.28124999999999, 51.36830729796682], [-117.26912147554577, 51.4235487183], [-117.2109375, 51.47735934005633], [-117.140625, 51.45308398867284], [-117.0879648873896, 51.4235487183], [-117.140625, 51.38221950155549], [-117.2109375, 51.36886724905112], [-117.26958304551506, 51.353249952], [-117.2109375, 51.34182397533342], [-117.140625, 51.333433425650455], [-117.0703125, 51.3273371484505], [-117.0003870679883, 51.2829511856], [-117.0703125, 51.21404216054284], [-117.12186090892202, 51.2126524193], [-117.12268158498338, 51.1423536529], [-117.0703125, 51.11126732583338], [-117.02534587047474, 51.0720548865], [-117.0, 51.05624214851419], [-116.9296875, 51.001916754688736], [-116.92940282645617, 51.0017561202], [-116.89851549127843, 50.9314573538], [-116.859375, 50.91771955687699], [-116.7890625, 50.91297002174246], [-116.71875, 50.89227447569255], [-116.68279583256307, 50.8611585874], [-116.6484375, 50.83471804114949], [-116.5997769555268, 50.7908598209], [-116.578125, 50.777084444817696], [-116.5078125, 50.76060075625765], [-116.44277041101515, 50.72056105450001], [-116.46841738703839, 50.6502622881], [-116.4375, 50.63076781573432], [-116.37919186775196, 50.5799635216], [-116.4375, 50.51122658109155], [-116.44277104814603, 50.50966475519999], [-116.4375, 50.502550232016134], [-116.4277931611173, 50.4393659887], [-116.43437077483385, 50.3690672223], [-116.43684879692778, 50.2987684558], [-116.42273325247211, 50.2284696893], [-116.4375, 50.19654966508712], [-116.50776635155091, 50.1581709228], [-116.5078125, 50.15761858314707], [-116.51131061626808, 50.08787215630001], [-116.5078125, 50.08533527286422], [-116.44067443903339, 50.0175733898], [-116.4375, 50.01517107200188], [-116.38595137086483, 49.9472746232], [-116.3671875, 49.91808331786882], [-116.33858425852108, 49.8769758567], [-116.3671875, 49.840695599315865], [-116.4375, 49.8172089064333], [-116.5078125, 49.81140188135626], [-116.578125, 49.819699661673994], [-116.60635704930803, 49.8769758567], [-116.63157407750936, 49.9472746232], [-116.64675718348302, 50.0175733898], [-116.6484375, 50.02582061619037], [-116.66508871022711, 50.087872156299994], [-116.67925828199895, 50.1581709228], [-116.71277256494584, 50.2284696893], [-116.71875, 50.230842927977434], [-116.74038362231511, 50.2284696893], [-116.7890625, 50.20993838933809], [-116.859375, 50.20711750020156], [-116.9296875, 50.215763333946114], [-116.95497648438894, 50.1581709228], [-116.95545760464384, 50.0878721563], [-116.9296875, 50.04569694840929], [-116.9059170098066, 50.017573389800006], [-116.92530322933861, 49.947274623199995], [-116.9296875, 49.94191795503413], [-116.94854273046536, 49.8769758567], [-116.93530394000939, 49.8066770901], [-117.0, 49.74936695443681], [-117.01490840319948, 49.7363783236], [-117.03017034270405, 49.666079557], [-117.0703125, 49.635666880274684], [-117.140625, 49.617401975268024], [-117.2109375, 49.59983788457713], [-117.28125, 49.612156083966305], [-117.3515625, 49.62019449556195], [-117.421875, 49.63390829702761], [-117.4907813106405, 49.666079557], [-117.4921875, 49.66870053407769], [-117.5625, 49.69694537686609], [-117.6068178066356, 49.666079557], [-117.61203657047719, 49.5957807904], [-117.61451949504158, 49.5254820238], [-117.60281649860207, 49.4551832573], [-117.6328125, 49.4312109723228], [-117.703125, 49.391634927456394], [-117.7177831698703, 49.3848844907], [-117.7734375, 49.3690303730928], [-117.84375, 49.354747034256235], [-117.90914340025826, 49.3848844907], [-117.9140625, 49.39106958730504], [-117.9553736903915, 49.4551832573], [-117.984375, 49.518441582232626], [-117.98807361625549, 49.5254820238], [-117.99506413490339, 49.5957807904], [-117.984375, 49.65890501931436], [-117.983323864279, 49.666079557], [-117.9642066839903, 49.7363783236], [-117.9140625, 49.804318955011766], [-117.91206666610947, 49.8066770901], [-117.88243844912277, 49.8769758567], [-117.84375, 49.9186914593019], [-117.81670372080637, 49.9472746232], [-117.794835312968, 50.0175733898], [-117.7734375, 50.03241420822201], [-117.703125, 50.07629966406655], [-117.68239567210287, 50.0878721563], [-117.65854052380269, 50.1581709228], [-117.65087049775423, 50.2284696893], [-117.6401284154993, 50.2987684558], [-117.69731941717608, 50.3690672223], [-117.703125, 50.404208553105335], [-117.71401972804225, 50.43936598869999], [-117.70312500000001, 50.45893324669127], [-117.66763815501105, 50.5096647552], [-117.6531269120732, 50.5799635216], [-117.66651766524794, 50.65026228810001], [-117.703125, 50.68384957124353], [-117.7734375, 50.71935658859946], [-117.84375, 50.7089812328985], [-117.9140625, 50.68159267006277], [-117.94962774816605, 50.65026228810001], [-117.91701588223866, 50.5799635216], [-117.9140625, 50.53613054196618], [-117.90913078081425, 50.509664755200006], [-117.9140625, 50.508004409699524], [-117.984375, 50.4674090563757], [-117.99771407952771, 50.4393659887], [-118.04147325726134, 50.3690672223], [-118.04403413883078, 50.29876845580001], [-117.99343016638382, 50.2284696893], [-118.01963665631966, 50.1581709228], [-118.0546875, 50.100398982560385], [-118.05832374466311, 50.0878721563], [-118.125, 50.044488648245334], [-118.1953125, 50.0205884556678], [-118.20259099073252, 50.0175733898], [-118.265625, 49.96906985065651], [-118.30501214184656, 49.9472746232], [-118.265625, 49.90066652715405], [-118.25569727126634, 49.8769758567], [-118.265625, 49.85752465921351], [-118.32218634635953, 49.8066770901], [-118.2834347451467, 49.7363783236], [-118.32149762516048, 49.666079557], [-118.33593750000001, 49.64795598633824], [-118.38226072901969, 49.5957807904], [-118.39301833252145, 49.5254820238], [-118.40625, 49.51448952819927], [-118.4765625, 49.50565798601729], [-118.546875, 49.488144095436795], [-118.61101492705629, 49.4551832573], [-118.546875, 49.38932985838422], [-118.54585865649467, 49.3848844907], [-118.54549662415997, 49.314585724], [-118.546875, 49.31404559216338], [-118.6171875, 49.297294542318454], [-118.6875, 49.286640561621326], [-118.73734169925675, 49.314585724], [-118.7450746518276, 49.3848844907], [-118.6875, 49.45143138308427], [-118.65197828723058, 49.4551832573], [-118.6875, 49.456166987363595], [-118.7578125, 49.48839045704523], [-118.77876775899306, 49.5254820238], [-118.7578125, 49.54607900201903], [-118.6875, 49.57337542882539], [-118.6171875, 49.58196096040581], [-118.59269048006269, 49.5957807904], [-118.57314230582108, 49.666079557], [-118.59165981827093, 49.7363783236], [-118.57783335729772, 49.8066770901], [-118.6171875, 49.87521432321177], [-118.6875, 49.80894682705051], [-118.69325839071726, 49.8066770901], [-118.7578125, 49.77891294728947], [-118.81644066823091, 49.73637832359999], [-118.828125, 49.727289158933196], [-118.8984375, 49.68663430031168], [-118.94515187129377, 49.666079557], [-118.96875, 49.65682344476712], [-119.0390625, 49.64289993972112], [-119.109375, 49.61910133092047], [-119.1356010472943, 49.5957807904], [-119.14046677386031, 49.5254820238], [-119.1796875, 49.48865751572396], [-119.2096403614278, 49.4551832573], [-119.1796875, 49.428027558133735], [-119.14368576056037, 49.3848844907], [-119.10937500000001, 49.34603337663235], [-119.0883047808554, 49.314585724], [-119.08935990251368, 49.24428695739999], [-119.109375, 49.22270369612202], [-119.13866754330643, 49.1739881908], [-119.1796875, 49.136811018668084], [-119.25, 49.13206326063218], [-119.3203125, 49.17014511113793], [-119.3242985921736, 49.1739881908], [-119.37081628758499, 49.2442869574], [-119.3838167471202, 49.314585724], [-119.38120131355747, 49.3848844907], [-119.33826165178657, 49.45518325730001], [-119.33815169973313, 49.52548202380001], [-119.390625, 49.56066243346224], [-119.42683614318949, 49.5957807904], [-119.4609375, 49.637592472614685], [-119.47330782429205, 49.666079557], [-119.4609375, 49.68960974208079], [-119.40811511505788, 49.73637832360001], [-119.390625, 49.7526937475656], [-119.3203125, 49.787135607768796], [-119.25, 49.79931980253982], [-119.22294786289535, 49.8066770901], [-119.1796875, 49.862697281156926], [-119.1763809956659, 49.8769758567], [-119.1796875, 49.88086077856649], [-119.2254738314515, 49.9472746232], [-119.25, 50.00768337061041], [-119.25283299271995, 50.017573389800006], [-119.24999999999999, 50.023735655382005], [-119.18742085396926, 50.0878721563], [-119.1796875, 50.09699684821762], [-119.109375, 50.15243209821401], [-119.09832588372635, 50.1581709228], [-119.0390625, 50.185070192332915], [-118.96875, 50.19465717562551], [-118.8984375, 50.19714170141292], [-118.828125, 50.20913650515089], [-118.7578125, 50.22625471181572], [-118.74964862803948, 50.2284696893], [-118.6875, 50.25068003451106], [-118.6171875, 50.271418539362635], [-118.546875, 50.28434711794629], [-118.49461921190932, 50.2987684558], [-118.49208053793876, 50.36906722230001], [-118.546875, 50.37826340595328], [-118.6171875, 50.38558927872043], [-118.6875, 50.412565882535446], [-118.71915528660786, 50.4393659887], [-118.75421503518335, 50.5096647552], [-118.72051526075444, 50.57996352160001], [-118.69954203923432, 50.65026228810001], [-118.7578125, 50.67826838534852], [-118.82575604573172, 50.7205610545], [-118.828125, 50.72358096386801], [-118.87161636539265, 50.7908598209], [-118.83964129558774, 50.8611585874], [-118.828125, 50.87445988631137], [-118.77444153662825, 50.9314573538], [-118.7578125, 50.94769517050522], [-118.70789028943005, 50.9314573538], [-118.6875, 50.926616120134774], [-118.6171875, 50.90120085031919], [-118.5535811722805, 50.8611585874], [-118.546875, 50.85355408764547], [-118.48853790583289, 50.8611585874], [-118.4765625, 50.86227060529351], [-118.40625, 50.87027733676994], [-118.3359375, 50.909210650914915], [-118.31961385657708, 50.9314573538], [-118.265625, 50.99250222817252], [-118.2541638377863, 51.0017561202], [-118.1953125, 51.03662418015229], [-118.125, 51.042517390678334], [-118.0546875, 51.048713473178076], [-118.0174524391297, 51.0720548865], [-118.00094862299828, 51.1423536529], [-117.98437499999999, 51.16151728425255], [-117.9492854535028, 51.2126524193], [-117.9140625, 51.26890598241623], [-117.90078640770744, 51.2829511856], [-117.88852952040682, 51.353249952], [-117.88930261492196, 51.4235487183], [-117.84375, 51.480270680537785]]}}, {"type": "Feature", "properties": {"level_in": 0.5}, "geometry": {"type": "LineString", "coordinates": [[-116.296875, 51.226985088879374], [-116.2265625, 51.246029206440426], [-116.16821725630352, 51.2126524193], [-116.15625, 51.208145820195945], [-116.08593749999999, 51.15081534200544], [-116.08072706119997, 51.1423536529], [-116.015625, 51.08415176874256], [-115.95624525198139, 51.0720548865], [-116.015625, 51.04934095353207], [-116.0859375, 51.0419680421141], [-116.15625, 51.04258241832348], [-116.2097359126931, 51.0720548865], [-116.2265625, 51.07899080789028], [-116.296875, 51.11795678980725], [-116.32719720551161, 51.1423536529], [-116.32651830701984, 51.2126524193], [-116.296875, 51.226985088879374]]}}, {"type": "Feature", "properties": {"level_in": 0.5}, "geometry": {"type": "LineString", "coordinates": [[-116.7890625, 51.10243030773111], [-116.7554595294571, 51.0720548865], [-116.7890625, 51.041029412344884], [-116.82498639652644, 51.0720548865], [-116.7890625, 51.10243030773111]]}}, {"type": "Feature", "properties": {"level_in": 0.5}, "geometry": {"type": "LineString", "coordinates": [[-115.8046875, 51.0264659633618], [-115.734375, 51.02242893973154], [-115.70777347365268, 51.0017561202], [-115.6851531904373, 50.9314573538], [-115.72275898571127, 50.8611585874], [-115.70902937489765, 50.7908598209], [-115.734375, 50.775315866167674], [-115.80468750000001, 50.76800067994834], [-115.86051588138713, 50.79085982090001], [-115.875, 50.80009301408026], [-115.9277604488671, 50.8611585874], [-115.9453125, 50.91274236725651], [-115.96571497741918, 50.9314573538], [-115.9453125, 50.947989302338016], [-115.875, 50.99958244720421], [-115.87262241542456, 51.0017561202], [-115.8046875, 51.0264659633618]]}}, {"type": "Feature", "properties": {"level_in": 0.5}, "geometry": {"type": "LineString", "coordinates": [[-125.296875, 50.87358446142579], [-125.31546054395268, 50.8611585874], [-125.296875, 50.85059688795024], [-125.28601308669903, 50.8611585874], [-125.296875, 50.87358446142579]]}}, {"type": "Feature", "properties": {"level_in": 0.5}, "geometry": {"type": "LineString", "coordinates": [[-124.24218749999999, 50.814716254098414], [-124.171875, 50.827460622307946], [-124.1015625, 50.808500971849085], [-124.07951189049238, 50.7908598209], [-124.1015625, 50.77327332070815], [-124.171875, 50.77100399522717], [-124.2421875, 50.77848981759073], [-124.26470808271179, 50.7908598209], [-124.24218749999999, 50.814716254098414]]}}, {"type": "Feature", "properties": {"level_in": 0.5}, "geometry": {"type": "LineString", "coordinates": [[-124.3828125, 50.74294410849649], [-124.31249999999999, 50.733722487097324], [-124.30585421862351, 50.720561054499996], [-124.3125, 50.71799669149761], [-124.3828125, 50.70546931138021], [-124.40030103264554, 50.72056105450001], [-124.3828125, 50.74294410849649]]}}, {"type": "Feature", "properties": {"level_in": 0.5}, "geometry": {"type": "LineString", "coordinates": [[-124.8046875, 50.51781755941051], [-124.7555636819763, 50.509664755200006], [-124.8046875, 50.49998719075494], [-124.8212627790771, 50.5096647552], [-124.8046875, 50.51781755941051]]}}, {"type": "Feature", "properties": {"level_in": 0.5}, "geometry": {"type": "LineString", "coordinates": [[-124.1015625, 50.44399508842929], [-124.09319012267048, 50.4393659887], [-124.10156250000001, 50.41387541405764], [-124.11668890497081, 50.4393659887], [-124.1015625, 50.44399508842929]]}}, {"type": "Feature", "properties": {"level_in": 0.5}, "geometry": {"type": "LineString", "coordinates": [[-116.9296875, 50.38248005143578], [-116.95063499752858, 50.3690672223], [-116.9296875, 50.318069241561844], [-116.8728225094515, 50.2987684558], [-116.859375, 50.286801029233594], [-116.8541432588888, 50.2987684558], [-116.859375, 50.31842614042782], [-116.87254901686775, 50.3690672223], [-116.9296875, 50.38248005143578]]}}, {"type": "Feature", "properties": {"level_in": 0.5}, "geometry": {"type": "LineString", "coordinates": [[-124.1015625, 50.35588543073306], [-124.03125, 50.355309836767994], [-123.9609375, 50.3303153064323], [-123.90385274395761, 50.2987684558], [-123.890625, 50.25869571320797], [-123.88252191025578, 50.2284696893], [-123.890625, 50.220985775202074], [-123.9609375, 50.19551443991202], [-124.03125, 50.195446038740705], [-124.10156249999999, 50.19473091010126], [-124.171875, 50.22058461767423], [-124.1827921280159, 50.2284696893], [-124.171875, 50.28202193595992], [-124.1654511355656, 50.2987684558], [-124.1015625, 50.35588543073306]]}}, {"type": "Feature", "properties": {"level_in": 0.5}, "geometry": {"type": "LineString", "coordinates": [[-119.671875, 50.311837670058424], [-119.6015625, 50.34408479794616], [-119.53125, 50.33088770437916], [-119.51697925463414, 50.29876845580001], [-119.53125, 50.28202765225034], [-119.6015625, 50.26084800961392], [-119.67187500000001, 50.277860098367135], [-119.68615063932499, 50.2987684558], [-119.671875, 50.311837670058424]]}}, {"type": "Feature", "properties": {"level_in": 0.5}, "geometry": {"type": "LineString", "coordinates": [[-117.2109375, 50.087958759111736], [-117.21135871342139, 50.0878721563], [-117.28125, 50.071190153006306], [-117.3515625, 50.05584201725606], [-117.421875, 50.0366474865295], [-117.47881638411204, 50.0175733898], [-117.4559627863766, 49.9472746232], [-117.42800735021073, 49.8769758567], [-117.421875, 49.84549672244118], [-117.38994019869578, 49.806677090099996], [-117.3515625, 49.786611389469], [-117.33602757295014, 49.8066770901], [-117.28125, 49.84475397641417], [-117.2109375, 49.87604849393599], [-117.20977172674613, 49.8769758567], [-117.15445647865576, 49.9472746232], [-117.140625, 49.97668473692279], [-117.12640620359261, 50.0175733898], [-117.140625, 50.02927904312779], [-117.21080724695409, 50.0878721563], [-117.2109375, 50.087958759111736]]}}, {"type": "Feature", "properties": {"level_in": 0.5}, "geometry": {"type": "LineString", "coordinates": [[-126.4921875, 50.01821491780292], [-126.421875, 50.029217249532884], [-126.39307075626954, 50.0175733898], [-126.42187499999999, 49.993611772104856], [-126.49218749999999, 50.016581234730715], [-126.49368566391958, 50.0175733898], [-126.4921875, 50.01821491780292]]}}, {"type": "Feature", "properties": {"level_in": 0.5}, "geometry": {"type": "LineString", "coordinates": [[-118.546875, 49.96097546934142], [-118.57017526759641, 49.9472746232], [-118.546875, 49.90222997744216], [-118.52675679895924, 49.9472746232], [-118.546875, 49.96097546934141]]}}, {"type": "Feature", "properties": {"level_in": 0.5}, "geometry": {"type": "LineString", "coordinates": [[-116.5078125, 49.79490975348448], [-116.4689503790724, 49.7363783236], [-116.5078125, 49.70072589571011], [-116.56381554536313, 49.73637832360001], [-116.5078125, 49.79490975348448]]}}, {"type": "Feature", "properties": {"level_in": 0.5}, "geometry": {"type": "LineString", "coordinates": [[-120.8671875, 49.456356423591245], [-120.85306326374122, 49.45518325730001], [-120.796875, 49.44684928360904], [-120.7265625, 49.408016644972896], [-120.70763443539698, 49.38488449070001], [-120.7265625, 49.33733209096818], [-120.7457891842193, 49.314585724], [-120.7265625, 49.30408926324377], [-120.65625, 49.271054857317424], [-120.58593749999999, 49.248142086595514], [-120.5720260896548, 49.2442869574], [-120.515625, 49.22892153197621], [-120.4453125, 49.24360372311329], [-120.44237128763561, 49.2442869574], [-120.375, 49.25687257016522], [-120.3046875, 49.27349629509919], [-120.234375, 49.27957722995716], [-120.17419376682233, 49.2442869574], [-120.1640625, 49.237497751153356], [-120.10918425399731, 49.1739881908], [-120.1640625, 49.11536143081034], [-120.18705037367955, 49.1036894241], [-120.234375, 49.05925688974936], [-120.3046875, 49.05052890210892], [-120.375, 49.04739555172398], [-120.43649333474553, 49.0333906575], [-120.375, 48.99923427602383], [-120.3046875, 48.98464075342771], [-120.234375, 49.01621294703885], [-120.1640625, 49.01586379840477], [-120.09375, 48.991943370158886], [-120.05938495189038, 48.9630918908], [-120.0908233527071, 48.8927931242], [-120.08217768239061, 48.8224943575], [-120.09375, 48.81199831274797], [-120.13612970015402, 48.7521955908], [-120.1640625, 48.71108801532755], [-120.234375, 48.6948594200492], [-120.3046875, 48.68456980676847], [-120.32556683956182, 48.6818968241], [-120.37499999999999, 48.67558545301838], [-120.4453125, 48.66763944452451], [-120.515625, 48.64203463544023], [-120.52733365925266, 48.6115980574], [-120.5345937645701, 48.541299290699996], [-120.52374665085722, 48.471000524], [-120.515625, 48.462668036476764], [-120.48365095317376, 48.4007017573], [-120.515625, 48.37482788555933], [-120.5859375, 48.37085608991134], [-120.65625, 48.37429239592937], [-120.7265625, 48.375784616932116], [-120.796875, 48.35728147085992], [-120.82089161641827, 48.3304029905], [-120.796875, 48.28839617363027], [-120.78073561191027, 48.2601042238], [-120.7265625, 48.19311687104555], [-120.72385317459094, 48.189805457000006], [-120.6874475614753, 48.1195066903], [-120.65712158533239, 48.0492079235], [-120.7265625, 48.01122948074891], [-120.796875, 48.00084993947677], [-120.8671875, 47.979578983271736], [-120.86944019339839, 47.9789091567], [-120.9375, 47.962450805405155], [-121.0078125, 47.91013988554423], [-121.00952420336809, 47.9086103899], [-121.01599746309441, 47.8383116232], [-121.0078125, 47.8232897162564], [-120.97493875343605, 47.7680128564], [-120.93750000000001, 47.70433638705495], [-120.93381697081875, 47.697714089499996], [-120.91418890495727, 47.6274153227], [-120.90453718374471, 47.557116555899995], [-120.9375, 47.48848489655412], [-120.93976348342149, 47.4868177891], [-121.00781250000001, 47.47101548005007], [-121.078125, 47.469253566413215], [-121.1484375, 47.46973678492998], [-121.21875, 47.45379774092983], [-121.2890625, 47.43049416852893], [-121.33540383097184, 47.4165190222], [-121.359375, 47.41065510561723], [-121.4296875, 47.39859448901783], [-121.47099965239084, 47.4165190222], [-121.5, 47.43685501999215], [-121.537920942268, 47.4868177891], [-121.54849275332654, 47.5571165559], [-121.53532956648726, 47.6274153227], [-121.56489486907202, 47.6977140895], [-121.5703125, 47.70685087050281], [-121.5989380243604, 47.7680128564], [-121.5703125, 47.82595209910572], [-121.54974329825839, 47.8383116232], [-121.5613363036367, 47.9086103899], [-121.5703125, 47.91687866626554], [-121.62665741171304, 47.9789091567], [-121.640625, 47.99174454814768], [-121.70338883008334, 48.0492079235], [-121.7109375, 48.06257497631703], [-121.74253094936373, 48.1195066903], [-121.74744534329754, 48.189805457], [-121.7109375, 48.22640972049691], [-121.640625, 48.210825084681645], [-121.5703125, 48.190790446929114], [-121.56697083739756, 48.18980545699999], [-121.5, 48.178436077146394], [-121.4296875, 48.170086069056396], [-121.359375, 48.18284216728673], [-121.34601530685396, 48.189805457], [-121.35486340471445, 48.2601042238], [-121.359375, 48.265338559631665], [-121.41045522823983, 48.3304029905], [-121.42968749999999, 48.38617097663207], [-121.43636213101344, 48.4007017573], [-121.43918542549343, 48.471000524000004], [-121.48676290405106, 48.5412992907], [-121.5, 48.546789815094606], [-121.5703125, 48.55776475120779], [-121.640625, 48.56231730832588], [-121.7109375, 48.5565345426767], [-121.77467234160343, 48.5412992907], [-121.7109375, 48.50469163991051], [-121.68928197883815, 48.471000524], [-121.65369306485158, 48.4007017573], [-121.70191676792496, 48.330402990500005], [-121.71093750000001, 48.32138014239187], [-121.78125, 48.29039999927981], [-121.8515625, 48.32304376237156], [-121.8589231657993, 48.330402990500005], [-121.921875, 48.37387669140942], [-121.97479346339706, 48.4007017573], [-121.9921875, 48.45040621668255], [-121.99995661720466, 48.471000524], [-121.9921875, 48.485200930733484], [-121.921875, 48.53331579861302], [-121.87367596376276, 48.5412992907], [-121.921875, 48.5536703891014], [-121.9921875, 48.597539776298376], [-122.00731035708327, 48.61159805740001], [-122.0625, 48.66649910227924], [-122.07532318005417, 48.6818968241], [-122.0625, 48.74010609701202], [-122.06089105149756, 48.7521955908], [-122.05584061091821, 48.8224943575], [-122.00223058891487, 48.8927931242], [-121.9921875, 48.906271519866735], [-121.921875, 48.9536747593578], [-121.9059309253572, 48.9630918908], [-121.8515625, 49.01590436338781], [-121.83164945757602, 49.0333906575], [-121.78125, 49.063389342625406], [-121.7109375, 49.10203883851802], [-121.70854821336397, 49.1036894241], [-121.640625, 49.14765796808867], [-121.58326688223569, 49.173988190799996], [-121.5703125, 49.18927282142424], [-121.5, 49.2309202940696], [-121.47685303009371, 49.2442869574], [-121.43041914411882, 49.314585724], [-121.4296875, 49.31521636515897], [-121.359375, 49.35946031074955], [-121.2890625, 49.38114811809287], [-121.27554555951323, 49.3848844907], [-121.21875, 49.39755852001322], [-121.1484375, 49.40151377110285], [-121.078125, 49.409315361309595], [-121.0078125, 49.431188431474546], [-120.9375, 49.45288653472519], [-120.90804690489858, 49.4551832573], [-120.8671875, 49.456356423591245]]}}, {"type": "Feature", "properties": {"level_in": 0.5}, "geometry": {"type": "LineString", "coordinates": [[-116.50781249999999, 49.45951546774513], [-116.48095348203461, 49.45518325730001], [-116.50781250000001, 49.447976178278296], [-116.5126064073263, 49.4551832573], [-116.50781249999999, 49.45951546774513]]}}, {"type": "Feature", "properties": {"level_in": 0.5}, "geometry": {"type": "LineString", "coordinates": [[-117.28125, 49.41240299026019], [-117.2109375, 49.43916353568673], [-117.140625, 49.434665952882945], [-117.0703125, 49.40034302559919], [-117.05337661693386, 49.3848844907], [-117.0703125, 49.37082747448706], [-117.140625, 49.33503725869731], [-117.18924297642114, 49.314585724], [-117.2109375, 49.30458086235782], [-117.28125, 49.27578129194819], [-117.3515625, 49.29967876642418], [-117.37192250251681, 49.314585724], [-117.3515625, 49.34847767116736], [-117.3233337606674, 49.3848844907], [-117.28125, 49.41240299026019]]}}, {"type": "Feature", "properties": {"level_in": 0.5}, "geometry": {"type": "LineString", "coordinates": [[-116.4375, 49.407670387882334], [-116.43074636866106, 49.3848844907], [-116.4375, 49.382749062431415], [-116.4432243879332, 49.3848844907], [-116.4375, 49.407670387882334]]}}, {"type": "Feature", "properties": {"level_in": 0.5}, "geometry": {"type": "LineString", "coordinates": [[-118.125, 49.29216216628941], [-118.0546875, 49.30371996923635], [-117.984375, 49.29789941962528], [-117.9140625, 49.28210924817081], [-117.86160069763945, 49.2442869574], [-117.84375, 49.230254280491366], [-117.79452752401531, 49.1739881908], [-117.84375, 49.13441914991353], [-117.88529758763138, 49.1036894241], [-117.91406250000001, 49.087786693385624], [-117.984375, 49.081749624923376], [-118.04411524838825, 49.1036894241], [-118.0546875, 49.113270021766944], [-118.11279201542284, 49.1739881908], [-118.125, 49.19133582944179], [-118.16527919016167, 49.2442869574], [-118.125, 49.29216216628941]]}}, {"type": "Feature", "properties": {"level_in": 0.5}, "geometry": {"type": "LineString", "coordinates": [[-117.0, 49.17893799118082], [-116.9296875, 49.209095762517464], [-116.87158715465992, 49.1739881908], [-116.859375, 49.16575311759395], [-116.81976842367777, 49.1036894241], [-116.859375, 49.05666325847987], [-116.91752305665926, 49.03339065750001], [-116.90345643630627, 48.9630918908], [-116.92968749999999, 48.942802049407064], [-117.0, 48.925456574622615], [-117.0703125, 48.925737777498526], [-117.0901459329863, 48.9630918908], [-117.0703125, 48.98332884418031], [-117.02600012698433, 49.03339065750001], [-117.03732216745132, 49.1036894241], [-117.0058112036572, 49.1739881908], [-117.0, 49.17893799118082]]}}, {"type": "Feature", "properties": {"level_in": 0.5}, "geometry": {"type": "LineString", "coordinates": [[-119.953125, 49.036209533412325], [-119.88281249999999, 49.05713261424029], [-119.8125, 49.073546911921326], [-119.7421875, 49.07130682035797], [-119.68482411413314, 49.0333906575], [-119.7421875, 48.99934716666729], [-119.8125, 48.99693866606084], [-119.8828125, 49.001898967464456], [-119.953125, 49.02782645638759], [-119.96099947934069, 49.0333906575], [-119.953125, 49.036209533412325]]}}, {"type": "Feature", "properties": {"level_in": 0.5}, "geometry": {"type": "LineString", "coordinates": [[-123.46875, 47.98228179597629], [-123.3984375, 47.9836135611753], [-123.328125, 47.98299186096379], [-123.30456069999012, 47.9789091567], [-123.2578125, 47.95581299810187], [-123.1875, 47.93668783352021], [-123.1171875, 47.912711941776195], [-123.11211208790655, 47.9086103899], [-123.0773447736915, 47.8383116232], [-123.1171875, 47.808747587895596], [-123.15809271817568, 47.7680128564], [-123.16286264949629, 47.6977140895], [-123.1875, 47.683447011193195], [-123.23416541748045, 47.6274153227], [-123.2578125, 47.61499508434946], [-123.328125, 47.5683567144615], [-123.36579118979503, 47.557116555899995], [-123.3984375, 47.55186461543495], [-123.46875, 47.549606834790175], [-123.48760132377603, 47.5571165559], [-123.5390625, 47.58928134871671], [-123.609375, 47.61288427426229], [-123.6610902233609, 47.6274153227], [-123.6796875, 47.6344997089488], [-123.75, 47.67945134145239], [-123.76635113473456, 47.6977140895], [-123.77900719736061, 47.7680128564], [-123.75, 47.817188285463715], [-123.71736888055565, 47.8383116232], [-123.6796875, 47.8958542880424], [-123.66801776971838, 47.9086103899], [-123.609375, 47.929360417052436], [-123.5390625, 47.96320470714417], [-123.50723749091979, 47.9789091567], [-123.46875, 47.98228179597629]]}}, {"type": "Feature", "properties": {"level_in": 0.5}, "geometry": {"type": "LineString", "coordinates": [[-121.359375, 47.80243135055349], [-121.42623373390619, 47.7680128564], [-121.39522182657305, 47.6977140895], [-121.359375, 47.65976844092313], [-121.31231892627687, 47.6274153227], [-121.2890625, 47.6134769134444], [-121.23310317162391, 47.6274153227], [-121.21874999999999, 47.63507598817955], [-121.1484375, 47.68682481498166], [-121.1385816920876, 47.6977140895], [-121.1484375, 47.71221293031543], [-121.17572471702216, 47.768012856400006], [-121.21875, 47.79485797521046], [-121.2890625, 47.8100778219881], [-121.359375, 47.80243135055349]]}}, {"type": "Feature", "properties": {"level_in": 0.5}, "geometry": {"type": "LineString", "coordinates": [[-86.765625, 47.49554374676181], [-86.7211634193934, 47.4868177891], [-86.6953125, 47.467060575483124], [-86.625, 47.44446417441927], [-86.5546875, 47.448658813123835], [-86.484375, 47.458288204011964], [-86.4140625, 47.448863928139914], [-86.34375, 47.423961064785416], [-86.30417062588009, 47.4165190222], [-86.2734375, 47.41032596209226], [-86.203125, 47.40967292959131], [-86.1328125, 47.41619058921981], [-86.13156940962665, 47.4165190222], [-86.0625, 47.434261654308976], [-85.9921875, 47.43792044723508], [-85.921875, 47.43665777231184], [-85.8515625, 47.43517093864149], [-85.78125, 47.43317348668147], [-85.71093750000001, 47.42774920525692], [-85.68134452305878, 47.41651902219999], [-85.640625, 47.3978258275084], [-85.5703125, 47.3694423216086], [-85.50148238381716, 47.3462202554], [-85.5, 47.34583808053963], [-85.4296875, 47.32737111207737], [-85.359375, 47.29404475142878], [-85.33083489776531, 47.2759214885], [-85.2890625, 47.2363237732639], [-85.25817745216797, 47.2056227217], [-85.21875, 47.157566746097416], [-85.19850581866106, 47.1353239548], [-85.1484375, 47.08164058313426], [-85.13193269927993, 47.0650251879], [-85.078125, 47.020142964800236], [-85.04377159155163, 46.994726421], [-85.0078125, 46.976396497498776], [-84.9375, 46.926893970629706], [-84.93441849654243, 46.9244276541], [-84.8671875, 46.86457082657907], [-84.85291953337037, 46.8541288872], [-84.796875, 46.820952879484594], [-84.7265625, 46.78441746391902], [-84.72518635377678, 46.7838301203], [-84.65625, 46.75912706551368], [-84.5859375, 46.74218485976762], [-84.515625, 46.73244818077197], [-84.4453125, 46.71740248340107], [-84.43319398530659, 46.7135313534], [-84.375, 46.672240465832374], [-84.34473106804313, 46.6432325865], [-84.375, 46.576972263680396], [-84.37669041886448, 46.5729338195], [-84.41076897785102, 46.5026350526], [-84.42197517499281, 46.4323362857], [-84.4438394106237, 46.362037518700006], [-84.4453125, 46.35978130967645], [-84.49276981270897, 46.2917387517], [-84.50715352556213, 46.2214399848], [-84.47788927299996, 46.1511412178], [-84.4453125, 46.09543848266338], [-84.43389293541532, 46.0808424508], [-84.38974491585591, 46.0105436838], [-84.375, 45.98884016131575], [-84.33567928045235, 45.9402449168], [-84.32660807311102, 45.8699461498], [-84.3046875, 45.85956232034131], [-84.234375, 45.8138363731221], [-84.21689490499809, 45.799647382799996], [-84.1640625, 45.77351517683133], [-84.09375, 45.737015284847004], [-84.07873412202906, 45.729348615800006], [-84.0234375, 45.67519438861846], [-83.98934793762817, 45.65904984880001], [-83.953125, 45.64682699621411], [-83.89116523244093, 45.5887510817], [-83.8828125, 45.58509188466299], [-83.8125, 45.560322382715455], [-83.7421875, 45.53861890369842], [-83.671875, 45.5216704582211], [-83.66229742055208, 45.51845231469999], [-83.6015625, 45.49390792914518], [-83.53125, 45.459973928285834], [-83.50552936477862, 45.4481535477], [-83.4609375, 45.427834426200036], [-83.390625, 45.39558407678646], [-83.35974422167091, 45.3778547806], [-83.3203125, 45.35438094324973], [-83.25251954294143, 45.3075560136], [-83.25, 45.2831303270121], [-83.24516119493734, 45.2372572465], [-83.2406162493472, 45.1669584794], [-83.22330063030104, 45.0966597123], [-83.19127559435715, 45.0263609453], [-83.1796875, 44.99612997873594], [-83.15520949781494, 44.9560621782], [-83.109375, 44.923993396902446], [-83.05696780877321, 44.8857634111], [-83.0390625, 44.87000812670014], [-82.96874999999999, 44.82149639379718], [-82.96185828639565, 44.815464643999995], [-82.8984375, 44.761142262323474], [-82.8561691197298, 44.7451658768], [-82.828125, 44.72845054568694], [-82.7578125, 44.69403856387804], [-82.6875, 44.675024594027285], [-82.6868646853089, 44.6748671097], [-82.6171875, 44.648244243868405], [-82.546875, 44.628478801199186], [-82.4765625, 44.62487259170308], [-82.40625, 44.628057419528425], [-82.3359375, 44.63878101609953], [-82.265625, 44.65358426417216], [-82.1953125, 44.67022578301215], [-82.17776909449819, 44.6748671097], [-82.12500000000001, 44.688290895324435], [-82.0546875, 44.70669196704804], [-81.984375, 44.72524313760769], [-81.9140625, 44.74507893487522], [-81.9137827185493, 44.7451658768], [-81.84375, 44.766753470461055], [-81.7734375, 44.78906440838698], [-81.703125, 44.81283845569094], [-81.69524486367749, 44.815464644], [-81.6328125, 44.83281846702333], [-81.5625, 44.8527109985657], [-81.4921875, 44.8750886725779], [-81.46625012207514, 44.8857634111], [-81.421875, 44.903716819120305], [-81.3515625, 44.930216825346506], [-81.28125, 44.953943222349], [-81.27427906569473, 44.9560621782], [-81.2109375, 44.971253874246095], [-81.140625, 44.98306492814828], [-81.0703125, 44.99247798043889], [-81.0, 44.99769211329745], [-80.9296875, 45.00243372740319], [-80.859375, 45.006126784256146], [-80.7890625, 45.0094817344948], [-80.71875, 45.01344344549415], [-80.6484375, 45.01778841287461], [-80.578125, 45.024722808010424], [-80.56341413828089, 45.0263609453], [-80.5078125, 45.03410038784533], [-80.4375, 45.0461780530724], [-80.3671875, 45.05975198493374], [-80.296875, 45.06908875257834], [-80.2265625, 45.07467753019763], [-80.15625, 45.079915066929686], [-80.0859375, 45.08513127656167], [-80.015625, 45.090762639295875], [-79.94872458878584, 45.0966597123], [-79.9453125, 45.09698567269311], [-79.875, 45.10649605851003], [-79.8046875, 45.11708072078575], [-79.734375, 45.12663573362863], [-79.6640625, 45.1354607019996], [-79.59375, 45.143513822877296], [-79.5234375, 45.150643062309925], [-79.453125, 45.15840629973114], [-79.38396611779608, 45.16695847940001], [-79.3828125, 45.16710303774354], [-79.3125, 45.175289645744506], [-79.2421875, 45.1824798715163], [-79.171875, 45.188616373262136], [-79.1015625, 45.19392192219966], [-79.03125, 45.19885542557043], [-78.9609375, 45.203148133071096], [-78.890625, 45.20773561413145], [-78.8203125, 45.212926971025674], [-78.75, 45.219112112735466], [-78.6796875, 45.227238511330185], [-78.609375, 45.23675244334924], [-78.60655348823381, 45.2372572465], [-78.5390625, 45.25198754498253], [-78.46875, 45.26955381587072], [-78.3984375, 45.29501647481869], [-78.36653246020805, 45.3075560136], [-78.328125, 45.3265066280041], [-78.2578125, 45.36965986383719], [-78.24522400540995, 45.3778547806], [-78.1875, 45.41518336692786], [-78.12845483877926, 45.4481535477], [-78.1171875, 45.45407886936206], [-78.046875, 45.47869938452476], [-77.9765625, 45.49232186821442], [-77.90625, 45.494972376009834], [-77.8359375, 45.494126329217146], [-77.765625, 45.486687084995125], [-77.6953125, 45.47974067595798], [-77.625, 45.473914164255014], [-77.5546875, 45.47014909950466], [-77.484375, 45.46934509003771], [-77.4140625, 45.46785301464463], [-77.34375, 45.46523319060006], [-77.2734375, 45.461312566707974], [-77.203125, 45.4553213525992], [-77.13316606953609, 45.4481535477], [-77.1328125, 45.448112930921084], [-77.0625, 45.43797450290253], [-76.9921875, 45.42886018461629], [-76.921875, 45.420388168025134], [-76.8515625, 45.41332893394773], [-76.78125, 45.40729027706199], [-76.7109375, 45.40224669796345], [-76.640625, 45.39789466798385], [-76.5703125, 45.39159745716793], [-76.5, 45.384357575222666], [-76.4530153222988, 45.3778547806], [-76.4296875, 45.37475119560882], [-76.359375, 45.3640453236252], [-76.2890625, 45.35624608377701], [-76.21875, 45.34929886290553], [-76.1484375, 45.345675787283106], [-76.078125, 45.34281858356116], [-76.0078125, 45.34042656563655], [-75.9375, 45.33792380719333], [-75.8671875, 45.33241640809733], [-75.796875, 45.32648005547027], [-75.7265625, 45.32343183146851], [-75.65625, 45.32068284034973], [-75.5859375, 45.319917301499636], [-75.515625, 45.319358147680276], [-75.4453125, 45.31697796235188], [-75.375, 45.314429062747315], [-75.3046875, 45.311241799251725], [-75.234375, 45.30795895965946], [-75.1640625, 45.31194830572549], [-75.09375, 45.31555469056836], [-75.0234375, 45.32158756371545], [-74.953125, 45.327217343804676], [-74.8828125, 45.32813015691125], [-74.8125, 45.32881240311869], [-74.7421875, 45.324429192496396], [-74.671875, 45.31914705983573], [-74.60648340144883, 45.3075560136], [-74.6015625, 45.306588336765664], [-74.53125, 45.2915021384101], [-74.4609375, 45.273539969392814], [-74.390625, 45.254902358023685], [-74.32414868402651, 45.2372572465], [-74.3203125, 45.236190437883025], [-74.25, 45.21606687075865], [-74.1796875, 45.19562571613746], [-74.109375, 45.1788938243504], [-74.04984268485805, 45.1669584794], [-74.0390625, 45.1652189788226], [-73.96875, 45.15270569036706], [-73.8984375, 45.13829854623136], [-73.828125, 45.11675550562467], [-73.77219534448322, 45.0966597123], [-73.7578125, 45.091889410441325], [-73.6875, 45.066583075000324], [-73.6171875, 45.03816687110438], [-73.58557631131112, 45.0263609453], [-73.546875, 45.01430727386446], [-73.4765625, 44.9886119789015], [-73.40625, 44.957316332867286], [-73.40243969328891, 44.9560621782], [-73.3359375, 44.93687217021537], [-73.265625, 44.917397146188414], [-73.1953125, 44.91159842741385], [-73.125, 44.90646391851549], [-73.0546875, 44.90088826921295], [-72.984375, 44.89450455292168], [-72.91676372634188, 44.8857634111], [-72.9140625, 44.88537575027128], [-72.84375, 44.88189191142653], [-72.8200144992577, 44.8857634111], [-72.7734375, 44.892652909652504], [-72.703125, 44.902151758404884], [-72.6328125, 44.909601040128415], [-72.5625, 44.9101017959382], [-72.49477497741522, 44.8857634111], [-72.4921875, 44.88447243501885], [-72.421875, 44.83363885859725], [-72.40285456312198, 44.815464644], [-72.3515625, 44.7712155893482], [-72.28125, 44.75071465286659], [-72.25517755043043, 44.7451658768], [-72.2109375, 44.73608442374996], [-72.140625, 44.72299777690152], [-72.0703125, 44.71124350868928], [-72.0, 44.70468276291635], [-71.9296875, 44.698155021205935], [-71.859375, 44.69073673014057], [-71.79869084833312, 44.6748671097], [-71.7890625, 44.67184270566988], [-71.71875, 44.642979788066356], [-71.6484375, 44.620954909813044], [-71.59793416694356, 44.6045683426], [-71.578125, 44.592862108160816], [-71.5078125, 44.5925849009268], [-71.4375, 44.5863392997212], [-71.3671875, 44.55652140391144], [-71.33619143704354, 44.5342695755], [-71.296875, 44.51362543286986], [-71.2265625, 44.47139570773629], [-71.21516607964779, 44.463970808300004], [-71.15625, 44.42436904346941], [-71.11882083718615, 44.3936720412], [-71.0859375, 44.37109461464708], [-71.02336712891258, 44.323373274], [-71.015625, 44.31087812572591], [-70.9745702754744, 44.2530745069], [-71.01512002462532, 44.1827757397], [-71.015625, 44.182425981823236], [-71.0859375, 44.144465521349986], [-71.15260813102518, 44.1124769726], [-71.15625, 44.11052848980021], [-71.2265625, 44.0709556308026], [-71.26668431056794, 44.042178205400006], [-71.296875, 43.98069062239298], [-71.30051706482122, 43.9718794382], [-71.3671875, 43.92245377680125], [-71.4204209166908, 43.901580671], [-71.4375, 43.89625946744979], [-71.46750899693936, 43.901580671], [-71.5078125, 43.90930801618359], [-71.578125, 43.93155303355569], [-71.6484375, 43.94970477362368], [-71.71875, 43.97164167778608], [-71.7890625, 43.936311475926175], [-71.82606561245129, 43.901580671], [-71.859375, 43.872281412307274], [-71.91523763950067, 43.901580671], [-71.9296875, 43.907408036955815], [-72.0, 43.93044874188265], [-72.0703125, 43.9653202211023], [-72.1140009927298, 43.9718794382], [-72.140625, 43.97690499593777], [-72.15298618859065, 43.9718794382], [-72.2109375, 43.95443514914209], [-72.28125, 43.92514641849382], [-72.3515625, 43.906965490933565], [-72.41655163561138, 43.901580671], [-72.421875, 43.901334834692335], [-72.42285476532655, 43.901580671], [-72.4921875, 43.956430381595716], [-72.53434816655366, 43.9718794382], [-72.5625, 43.97974997787842], [-72.6328125, 43.975741465668136], [-72.63912455085509, 43.9718794382], [-72.703125, 43.925356112688846], [-72.76792552991931, 43.901580671000005], [-72.7734375, 43.90052342192409], [-72.78721737393109, 43.901580671], [-72.84375, 43.907882775377345], [-72.9140625, 43.96437315866095], [-72.92673182893857, 43.9718794382], [-72.984375, 44.00747562947885], [-73.0546875, 44.0293156775155], [-73.125, 44.015688311336596], [-73.1953125, 44.00309939892817], [-73.265625, 43.98134241918012], [-73.29181698980355, 43.9718794382], [-73.3359375, 43.961838217925035], [-73.40625, 43.95232449749537], [-73.4765625, 43.94768043427811], [-73.52965960606946, 43.9718794382], [-73.546875, 43.98413229220457], [-73.6171875, 44.02092682145953], [-73.6875, 44.03223709225298], [-73.73275216195191, 44.0421782054], [-73.7578125, 44.04875503148195], [-73.828125, 44.0724942865464], [-73.8984375, 44.11208186873104], [-73.89901537791899, 44.1124769726], [-73.96875, 44.14984928647364], [-74.0390625, 44.173820424628396], [-74.07276124733957, 44.18277573969999], [-74.109375, 44.19176220340721], [-74.1796875, 44.203508864885734], [-74.25, 44.21500031362258], [-74.3203125, 44.22680461764167], [-74.390625, 44.23546450115912], [-74.4609375, 44.24232067913523], [-74.53125, 44.250292305590825], [-74.55567175324387, 44.253074506900006], [-74.6015625, 44.25892988329516], [-74.671875, 44.27185022241664], [-74.7421875, 44.28371114956957], [-74.8125, 44.2920630122894], [-74.8828125, 44.29874147628356], [-74.953125, 44.30325595246245], [-75.0234375, 44.30605301129735], [-75.09375, 44.305206966211095], [-75.1640625, 44.303562965868394], [-75.234375, 44.299520988121984], [-75.3046875, 44.29552681338876], [-75.375, 44.2907461558627], [-75.4453125, 44.286351882791664], [-75.515625, 44.2837543769199], [-75.5859375, 44.282206942795796], [-75.65625, 44.28258179712562], [-75.7265625, 44.28307107868896], [-75.796875, 44.28344800935314], [-75.8671875, 44.28224840901188], [-75.9375, 44.27931908726734], [-76.0078125, 44.273933559209745], [-76.078125, 44.26671240211512], [-76.1484375, 44.260908058139925], [-76.21875, 44.253448260976235], [-76.22442322506603, 44.2530745069], [-76.2890625, 44.24844200948839], [-76.359375, 44.24923197456684], [-76.4231803759957, 44.2530745069], [-76.4296875, 44.25349920946464], [-76.5, 44.26227012663284], [-76.5703125, 44.27189239615392], [-76.640625, 44.281851838170674], [-76.7109375, 44.28772404240855], [-76.78125, 44.291687357186746], [-76.8515625, 44.29332646095081], [-76.921875, 44.294114600222606], [-76.9921875, 44.29224574260933], [-77.0625, 44.289577270706374], [-77.1328125, 44.28498547211794], [-77.203125, 44.280085622445604], [-77.2734375, 44.273704836166715], [-77.34375, 44.268172020003284], [-77.4140625, 44.261873447740854], [-77.484375, 44.256175499721806], [-77.51603473090647, 44.2530745069], [-77.55468749999999, 44.248909390543524], [-77.625, 44.24106862817742], [-77.6953125, 44.231627421766426], [-77.765625, 44.222828708420394], [-77.8359375, 44.21337599509771], [-77.90625, 44.20484736295103], [-77.9765625, 44.19725585772537], [-78.046875, 44.18978045997197], [-78.09827905385013, 44.1827757397], [-78.1171875, 44.18012153552686], [-78.1875, 44.1693187241143], [-78.2578125, 44.159145525747356], [-78.328125, 44.14854733970135], [-78.3984375, 44.14023569366861], [-78.46875, 44.13303765405163], [-78.5390625, 44.12913272317688], [-78.609375, 44.12673986193175], [-78.6796875, 44.12214253040209], [-78.75, 44.116751230310435], [-78.78928053795991, 44.1124769726], [-78.8203125, 44.10932368109818], [-78.890625, 44.101920252066144], [-78.9609375, 44.09629936430917], [-79.03125, 44.0908817560104], [-79.1015625, 44.085211167462674], [-79.171875, 44.07901584103964], [-79.2421875, 44.07264267421254], [-79.3125, 44.0664113853261], [-79.3828125, 44.05990137414564], [-79.453125, 44.05451358127625], [-79.5234375, 44.04348661535228], [-79.53039395837402, 44.0421782054], [-79.59375, 44.03000591392411], [-79.6640625, 44.02280153421453], [-79.734375, 44.01696237524739], [-79.8046875, 44.00951568527907], [-79.875, 44.0014422612618], [-79.9453125, 43.99268048314541], [-80.015625, 43.985498548101695], [-80.0859375, 43.99310953730483], [-80.15625, 44.002941532585666], [-80.2265625, 44.0262298407018], [-80.26583925239623, 44.0421782054], [-80.296875, 44.05354622682516], [-80.3671875, 44.07710949287149], [-80.4375, 44.099496932496564], [-80.49974927666828, 44.1124769726], [-80.5078125, 44.114358691764494], [-80.578125, 44.1260209678068], [-80.6484375, 44.131967449573324], [-80.71875, 44.13141684061459], [-80.7890625, 44.12332697259], [-80.85546137367182, 44.1124769726], [-80.859375, 44.111936853329595], [-80.9296875, 44.101186406469694], [-81.0, 44.091501522716776], [-81.0703125, 44.083439982784185], [-81.140625, 44.0771789921115], [-81.2109375, 44.07250281791714], [-81.28125, 44.06989987799935], [-81.3515625, 44.068434364316765], [-81.421875, 44.06823642346231], [-81.4921875, 44.06901904414768], [-81.5625, 44.068547638532266], [-81.6328125, 44.0673103922928], [-81.703125, 44.0589451358002], [-81.7734375, 44.04440356523265], [-81.7827559790073, 44.04217820539999], [-81.84375, 44.02964562017174], [-81.9140625, 44.01343621620252], [-81.984375, 43.99887580599862], [-82.0546875, 43.98466589715722], [-82.11342999931387, 43.9718794382], [-82.125, 43.969466083999265], [-82.1953125, 43.95546947737601], [-82.265625, 43.941152850216014], [-82.3359375, 43.9243599061029], [-82.40625, 43.90954811179058], [-82.44622781942671, 43.901580671], [-82.47656249999999, 43.89523463931162], [-82.546875, 43.875486065433115], [-82.6171875, 43.8574131042767], [-82.6875, 43.85091478000411], [-82.7578125, 43.85048597315505], [-82.828125, 43.86203511148278], [-82.8984375, 43.87881065437679], [-82.96875, 43.9008464947768], [-82.9709492945828, 43.901580671], [-83.0390625, 43.928405916404245], [-83.109375, 43.9423646598039], [-83.1796875, 43.951986259738604], [-83.25, 43.939594009262564], [-83.3203125, 43.9329680495491], [-83.390625, 43.9056636985713], [-83.39838019713977, 43.901580671], [-83.4609375, 43.87136311077567], [-83.53125, 43.8511196444519], [-83.59881189076823, 43.8312819038], [-83.60156249999999, 43.829898108512815], [-83.67187499999999, 43.82984384027815], [-83.74218749999999, 43.83084810208083], [-83.74453962158479, 43.8312819038], [-83.8125, 43.83897785059924], [-83.8828125, 43.855274698319775], [-83.95312499999999, 43.89195416312091], [-83.96474444512835, 43.90158067099999], [-84.01093514355532, 43.97187943819999], [-83.98880685635565, 44.0421782054], [-84.0234375, 44.10425721038813], [-84.02848141839709, 44.1124769726], [-84.06903338510344, 44.1827757397], [-84.06616909805672, 44.2530745069], [-84.04356073823755, 44.323373274000005], [-84.03212534544032, 44.3936720412], [-84.03724004753099, 44.4639708083], [-84.06622935888464, 44.5342695755], [-84.09375, 44.57933076234184], [-84.11018144368688, 44.604568342600004], [-84.11660714677626, 44.6748671097], [-84.11159726975463, 44.745165876799994], [-84.09375, 44.80996690860298], [-84.09190628020337, 44.815464644], [-84.09375, 44.819333428736776], [-84.13579592403858, 44.8857634111], [-84.1640625, 44.90017539142052], [-84.234375, 44.92575161819447], [-84.3046875, 44.94791315439237], [-84.32411135711746, 44.95606217820001], [-84.375, 44.97729613128361], [-84.4453125, 45.00552125696635], [-84.50549518142371, 45.0263609453], [-84.515625, 45.028699403078356], [-84.5859375, 45.04717933435815], [-84.65625, 45.06702466725495], [-84.7265625, 45.0950624003112], [-84.72958530852337, 45.0966597123], [-84.796875, 45.1252976885992], [-84.8671875, 45.1605108357093], [-84.87729780775408, 45.1669584794], [-84.9375, 45.22659163554083], [-84.95489036974553, 45.23725724649999], [-84.99559230303707, 45.30755601359999], [-85.0078125, 45.3217318016096], [-85.05073844977588, 45.3778547806], [-85.078125, 45.38913916085243], [-85.1484375, 45.38893728069534], [-85.21875, 45.38572591583806], [-85.23971355209132, 45.3778547806], [-85.2890625, 45.36148696983674], [-85.359375, 45.34534133423348], [-85.4296875, 45.30901838817359], [-85.4325418777954, 45.3075560136], [-85.5, 45.25936140594675], [-85.53059017406531, 45.2372572465], [-85.5, 45.167978738634275], [-85.49954694503366, 45.1669584794], [-85.4553105599957, 45.0966597123], [-85.4513217589645, 45.0263609453], [-85.44247181966192, 44.9560621782], [-85.45414271589163, 44.8857634111], [-85.5, 44.839625162928066], [-85.52735268558783, 44.815464644], [-85.5703125, 44.78975688410354], [-85.640625, 44.76706439955415], [-85.7109375, 44.75742181745279], [-85.78125, 44.76627621148714], [-85.8515625, 44.779268714878825], [-85.921875, 44.79952441486059], [-85.97222994795736, 44.815464644], [-85.9921875, 44.827084564741675], [-86.0625, 44.85610936351544], [-86.1328125, 44.84419061661984], [-86.15427426187372, 44.815464644], [-86.203125, 44.76229499839742], [-86.2169068987573, 44.7451658768], [-86.24207821600685, 44.6748671097], [-86.2734375, 44.625150632633904], [-86.28887149341918, 44.6045683426], [-86.28586792357535, 44.5342695755], [-86.3154010813233, 44.4639708083], [-86.29175345577907, 44.3936720412], [-86.33416935180315, 44.323373274], [-86.3202581470274, 44.2530745069], [-86.33921106395903, 44.1827757397], [-86.34375, 44.180447669640714], [-86.4140625, 44.144383562981176], [-86.484375, 44.11448201598395], [-86.48778423973725, 44.11247697260001], [-86.5546875, 44.05162673397546], [-86.56611728907892, 44.0421782054], [-86.625, 43.99253217058268], [-86.64838957964126, 43.9718794382], [-86.6953125, 43.92437417638447], [-86.765625, 43.90263597831311], [-86.7692549916109, 43.901580671], [-86.8082227007759, 43.8312819038], [-86.765625, 43.81418432345556], [-86.6953125, 43.79582947882539], [-86.625, 43.776787122609264], [-86.60446431314045, 43.7609831366], [-86.625, 43.74460445958563], [-86.68930749832754, 43.6906843694], [-86.6953125, 43.6856263493331], [-86.765625, 43.643499539814556], [-86.8359375, 43.62512325662847], [-86.85064344344823, 43.6203856022], [-86.90625, 43.59508082598273], [-86.9765625, 43.60162554445886], [-87.01864531477617, 43.6203856022], [-87.00294791522981, 43.6906843694], [-87.046875, 43.71224917353406], [-87.1171875, 43.710995146227546], [-87.1875, 43.692464344154594], [-87.19169099164, 43.6906843694], [-87.2578125, 43.63988766216742], [-87.27101051928942, 43.6203856022], [-87.328125, 43.56122188222197], [-87.33714637810395, 43.550086835], [-87.32895021632899, 43.4797880678], [-87.328125, 43.47814853226495], [-87.29040346078062, 43.4094893005], [-87.30668072136332, 43.3391905333], [-87.328125, 43.310415674040804], [-87.36273501633192, 43.2688917661], [-87.3984375, 43.201070272285364], [-87.39956588972298, 43.1985929988], [-87.44675561034144, 43.1282942316], [-87.46875, 43.11160147073099], [-87.5390625, 43.08613934133416], [-87.609375, 43.0599064185663], [-87.61302048263002, 43.0579954643], [-87.6796875, 43.00595860575061], [-87.69787320431432, 42.987696697], [-87.75, 42.9361428777502], [-87.78313205418249, 42.9173979298], [-87.8203125, 42.893872861608315], [-87.890625, 42.89620372612583], [-87.96093750000001, 42.91422693962644], [-87.96851235278886, 42.91739792980001], [-88.03125, 42.94286729582231], [-88.09083945675766, 42.987696697], [-88.10028724452519, 43.0579954643], [-88.1015625, 43.07232965091793], [-88.10605141926267, 43.1282942316], [-88.1463065939453, 43.1985929988], [-88.15729231839025, 43.2688917661], [-88.16353020152472, 43.3391905333], [-88.16615247899455, 43.4094893005], [-88.171875, 43.435652716076746], [-88.18207435708422, 43.4797880678], [-88.21750422561226, 43.550086835], [-88.2421875, 43.59186609778947], [-88.26091923611438, 43.6203856022], [-88.3125, 43.66824007417176], [-88.33896334318916, 43.6906843694], [-88.3828125, 43.71572015890929], [-88.44705691678782, 43.7609831366], [-88.453125, 43.764245078821986], [-88.5234375, 43.7808443763694], [-88.59375, 43.77241425866823], [-88.64956589974608, 43.7609831366], [-88.6640625, 43.75598876183379], [-88.734375, 43.7247344849241], [-88.79270426659802, 43.6906843694], [-88.8046875, 43.672358661354544], [-88.83799802332678, 43.6203856022], [-88.875, 43.5825717868639], [-88.90019354929142, 43.550086835], [-88.875, 43.531765452978405], [-88.82640075502744, 43.4797880678], [-88.875, 43.420745194874584], [-88.88735324849588, 43.4094893005], [-88.90154640800617, 43.3391905333], [-88.903881436814, 43.2688917661], [-88.92415262308646, 43.1985929988], [-88.9453125, 43.17163520740196], [-88.98882432027685, 43.12829423160001], [-89.015625, 43.11282529838528], [-89.0859375, 43.08839813908756], [-89.15625, 43.083615662085286], [-89.2265625, 43.07876981752064], [-89.296875, 43.070217961786646], [-89.33279738821201, 43.0579954643], [-89.3671875, 42.991705409593855], [-89.36959523326234, 42.987696697], [-89.4375, 42.952955329963224], [-89.5078125, 42.9435462369619], [-89.578125, 42.948747161408285], [-89.6484375, 42.93912693275088], [-89.71875, 42.92770365778805], [-89.73749871826172, 42.9173979298], [-89.7890625, 42.889054547936745], [-89.859375, 42.868790240925634], [-89.90477858320519, 42.8470991625], [-89.9296875, 42.82051133802955], [-90.0, 42.79446637675469], [-90.0703125, 42.80140048883918], [-90.140625, 42.80946966317591], [-90.2109375, 42.84501570439689], [-90.21460807895542, 42.8470991625], [-90.28125, 42.88609601487397], [-90.3515625, 42.90706954733666], [-90.3947755574588, 42.9173979298], [-90.421875, 42.92305167271508], [-90.4921875, 42.92889033898853], [-90.5625, 42.93313775868558], [-90.6328125, 42.93547477265355], [-90.703125, 42.918982417133954], [-90.70567783649759, 42.9173979298], [-90.7734375, 42.89330759337285], [-90.84375, 42.89049956050437], [-90.9140625, 42.89539570504703], [-90.984375, 42.90195366354051], [-91.04053041754747, 42.9173979298], [-91.0546875, 42.925159974251976], [-91.125, 42.918368517952835], [-91.1293462898042, 42.9173979298], [-91.1953125, 42.90413792943776], [-91.265625, 42.87706575990802], [-91.3359375, 42.86650260602542], [-91.40625, 42.87019654665441], [-91.4765625, 42.8830352837117], [-91.546875, 42.85308877578473], [-91.56003894989973, 42.8470991625], [-91.6171875, 42.84022277236108], [-91.6875, 42.839967834880284], [-91.74533515294023, 42.8470991625], [-91.73350669207127, 42.9173979298], [-91.7578125, 42.94227766103296], [-91.828125, 42.978717676175876], [-91.84133713641879, 42.987696697], [-91.82949765768255, 43.0579954643], [-91.8984375, 43.075966347202524], [-91.96875, 43.092800750826314], [-92.0273669682962, 43.1282942316], [-92.0390625, 43.13128122756636], [-92.109375, 43.15837670098158], [-92.16300720538067, 43.19859299880001], [-92.1796875, 43.21005845872672], [-92.25, 43.255739049206326], [-92.2766201271869, 43.2688917661], [-92.3203125, 43.28892659736645], [-92.390625, 43.32035737774964], [-92.44632099649034, 43.3391905333], [-92.4609375, 43.34420633895981], [-92.53125, 43.362789836456294], [-92.6015625, 43.362645813633904], [-92.67158401764128, 43.3391905333], [-92.67187499999999, 43.33911724254223], [-92.7421875, 43.31162976636615], [-92.80011476981899, 43.2688917661], [-92.8125, 43.20956546958756], [-92.81395604622844, 43.1985929988], [-92.8125, 43.19535440413086], [-92.77733688645885, 43.1282942316], [-92.80095091743374, 43.0579954643], [-92.75705361107774, 42.987696697], [-92.79692474861194, 42.9173979298], [-92.80891003845645, 42.8470991625], [-92.8125, 42.83732673753561], [-92.82732315407202, 42.7768003952], [-92.8569055927772, 42.70650162790001], [-92.86344045704229, 42.6362028606], [-92.8828125, 42.571100482793774], [-92.88477737130363, 42.5659040933], [-92.89746070152378, 42.495605326], [-92.88862744631227, 42.4253065587], [-92.89076665378359, 42.3550077914], [-92.953125, 42.30898405109297], [-93.00502567395847, 42.2847090241], [-93.0234375, 42.275376463448836], [-93.05784770507813, 42.2144102568], [-93.09375, 42.15280618150683], [-93.10043028036716, 42.14411148939999], [-93.1640625, 42.09559933303139], [-93.234375, 42.10923461150301], [-93.3046875, 42.13513902547632], [-93.31685800583827, 42.144111489400004], [-93.375, 42.18602299434903], [-93.43249535409117, 42.2144102568], [-93.4453125, 42.22303966801047], [-93.515625, 42.254613195997706], [-93.5859375, 42.240839692364055], [-93.61033322905693, 42.2144102568], [-93.61331182715884, 42.1441114894], [-93.60738878717154, 42.0738127221], [-93.64093820526719, 42.0035139548], [-93.65625, 41.990076964227], [-93.7265625, 41.95996689424125], [-93.796875, 41.93849492624084], [-93.8671875, 41.947229001977206], [-93.9375, 41.95637732294499], [-94.0078125, 41.9602972594043], [-94.078125, 41.958326016930016], [-94.1484375, 41.94426218039176], [-94.19470085884946, 41.9332151874], [-94.21875, 41.92119296533773], [-94.27481939760061, 41.8629164201], [-94.2890625, 41.85257609400252], [-94.359375, 41.823260105058154], [-94.4296875, 41.79962558281455], [-94.5, 41.797359609332894], [-94.5703125, 41.796065886862955], [-94.588577650357, 41.7926176527], [-94.640625, 41.78225252776871], [-94.7109375, 41.77725025977158], [-94.77930511017273, 41.7926176527], [-94.78125, 41.79310868962749], [-94.8515625, 41.812178598009154], [-94.92187500000001, 41.85642640441388], [-94.92824681298072, 41.8629164201], [-94.9921875, 41.92684461889496], [-94.99871961426379, 41.9332151874], [-95.0625, 41.96860471400322], [-95.11599436403488, 42.0035139548], [-95.09520434573376, 42.0738127221], [-95.12047098632813, 42.14411148939999], [-95.1328125, 42.19020171841832], [-95.14155189138216, 42.21441025680001], [-95.15802084711373, 42.2847090241], [-95.20037544296349, 42.3550077914], [-95.19608557611814, 42.4253065587], [-95.203125, 42.43713238918113], [-95.23828735606179, 42.495605326], [-95.2734375, 42.5432093957962], [-95.28661175086648, 42.5659040933], [-95.33797571713808, 42.6362028606], [-95.34375, 42.64283558015197], [-95.40344860578958, 42.7065016279], [-95.4140625, 42.711297927151904], [-95.484375, 42.734794611089164], [-95.55151014791844, 42.7768003952], [-95.5546875, 42.781711210585726], [-95.61372414229271, 42.8470991625], [-95.625, 42.85513039978093], [-95.6953125, 42.886400830727325], [-95.76562499999999, 42.90544873996614], [-95.82263603455033, 42.9173979298], [-95.8359375, 42.92102694306118], [-95.90625, 42.92569773353475], [-95.96505906128588, 42.9173979298], [-95.9765625, 42.91437966223061], [-96.046875, 42.88215024962828], [-96.1171875, 42.85437765088626], [-96.13105002265686, 42.8470991625], [-96.16885513999463, 42.7768003952], [-96.16563717887982, 42.70650162790001], [-96.1521752598847, 42.6362028606], [-96.1171875, 42.603478752712036], [-96.06995606651896, 42.5659040933], [-96.05944234959354, 42.495605326], [-96.1171875, 42.46355119124519], [-96.1875, 42.43489890706602], [-96.20530405973444, 42.4253065587], [-96.2578125, 42.35901650399386], [-96.2597594956013, 42.3550077914], [-96.2578125, 42.349722560047326], [-96.23979441322994, 42.2847090241], [-96.21756347768158, 42.2144102568], [-96.1875, 42.17547196413322], [-96.14414510908355, 42.1441114894], [-96.1171875, 42.100669319814685], [-96.10065176460037, 42.0738127221], [-96.1171875, 42.0302167621401], [-96.1875, 42.013195254685435], [-96.2578125, 42.030999085279376], [-96.328125, 42.02905390550083], [-96.3984375, 42.017156282910925], [-96.46875, 42.00694708705172], [-96.49618474925482, 42.0035139548], [-96.5390625, 41.99825795487418], [-96.609375, 41.9702420550997], [-96.6796875, 41.94308931550165], [-96.75, 41.94121834440671], [-96.8203125, 41.94640936196029], [-96.890625, 41.9742801007883], [-96.96093749999999, 41.99892475052701], [-96.97916126526074, 42.0035139548], [-97.03125, 42.01246914229916], [-97.1015625, 42.025621685279276], [-97.171875, 42.05016777650563], [-97.22532426958546, 42.0738127221], [-97.2421875, 42.08312940528447], [-97.3125, 42.12061469802583], [-97.34490261662677, 42.1441114894], [-97.36517002551506, 42.2144102568], [-97.35117062555913, 42.2847090241], [-97.37217654052735, 42.3550077914], [-97.3828125, 42.37663728346297], [-97.41028191308546, 42.4253065587], [-97.44522737342537, 42.495605326], [-97.44046045889169, 42.5659040933], [-97.3828125, 42.63374952695703], [-97.38003014240192, 42.6362028606], [-97.32697228744628, 42.70650162790001], [-97.3125, 42.71594784809771], [-97.2421875, 42.74803535263589], [-97.17300719245361, 42.7768003952], [-97.171875, 42.777505873307135], [-97.1015625, 42.839856788105045], [-97.09267030219057, 42.8470991625], [-97.1015625, 42.90257539970072], [-97.10763852178906, 42.9173979298], [-97.171875, 42.95102599312107], [-97.2421875, 42.97395228906918], [-97.27655531615775, 42.987696697], [-97.3125, 42.99812501155728], [-97.3828125, 43.02655468544206], [-97.42144081321766, 43.0579954643], [-97.453125, 43.11928868300202], [-97.4569221974975, 43.1282942316], [-97.453125, 43.14024603296198], [-97.3828125, 43.19254961402195], [-97.32800858371654, 43.1985929988], [-97.3828125, 43.22117267778822], [-97.42321520373542, 43.2688917661], [-97.44460074592929, 43.3391905333], [-97.41068995796164, 43.4094893005], [-97.41886068164115, 43.4797880678], [-97.40791533350236, 43.550086835], [-97.3918738152373, 43.6203856022], [-97.38455234226892, 43.6906843694], [-97.3828125, 43.69516308454333], [-97.3526678289214, 43.7609831366], [-97.31322081108914, 43.8312819038], [-97.31249999999999, 43.83170144896146], [-97.2421875, 43.859006677002384], [-97.171875, 43.870904347592216], [-97.1015625, 43.875768410031895], [-97.03125, 43.894914304471044], [-97.01243761162138, 43.901580671], [-96.9609375, 43.923163293177645], [-96.890625, 43.935850291339605], [-96.8203125, 43.94360699023039], [-96.75, 43.9657940994893], [-96.7291614172842, 43.9718794382], [-96.6796875, 43.982012756744304], [-96.609375, 43.98343068755502], [-96.5390625, 43.990801953890376], [-96.46875, 44.01094427180959], [-96.41402064603186, 44.0421782054], [-96.3984375, 44.06407905461158], [-96.38432703997488, 44.1124769726], [-96.328125, 44.161321147588296], [-96.29643688031237, 44.1827757397], [-96.28484856893618, 44.25307450689999], [-96.31586044921875, 44.323373274], [-96.328125, 44.329370556075396], [-96.3984375, 44.363080900726715], [-96.46875, 44.39160124723923], [-96.47509940985994, 44.3936720412], [-96.5390625, 44.42046451381249], [-96.609375, 44.455339643948555], [-96.62451710487359, 44.4639708083], [-96.6796875, 44.497084290089816], [-96.72602943506652, 44.5342695755], [-96.75, 44.55939107188667], [-96.79160959110739, 44.6045683426], [-96.8203125, 44.65044856585869], [-96.83558885770692, 44.6748671097], [-96.86297557186774, 44.7451658768], [-96.86885402986931, 44.815464644], [-96.83426285705264, 44.8857634111], [-96.8203125, 44.89772626050791], [-96.75, 44.94413430864723], [-96.72517662085917, 44.9560621782], [-96.6796875, 44.97226359491595], [-96.609375, 44.991213948065806], [-96.5390625, 45.013456189023216], [-96.50213180806128, 45.0263609453], [-96.46875, 45.03682530271699], [-96.3984375, 45.05908661548922], [-96.328125, 45.08183009356222], [-96.27806092845844, 45.09665971230001], [-96.2578125, 45.102302909687445], [-96.1875, 45.1204820742552], [-96.1171875, 45.13823102225837], [-96.046875, 45.15607922465703], [-96.00314742456214, 45.1669584794], [-95.9765625, 45.17333287889032], [-95.90625, 45.189188416740514], [-95.8359375, 45.198176670976416], [-95.765625, 45.206291478256205], [-95.6953125, 45.20898209052024], [-95.625, 45.21050043582491], [-95.5546875, 45.211880319709614], [-95.484375, 45.21338072758925], [-95.4140625, 45.220232008919524], [-95.34375, 45.230125992950505], [-95.30737758274054, 45.23725724650001], [-95.2734375, 45.2433781417222], [-95.20312499999999, 45.25882304603802], [-95.1328125, 45.27104148379187], [-95.0625, 45.28417372838491], [-95.00219077642753, 45.3075560136], [-94.9921875, 45.31190182712125], [-94.921875, 45.346260175836974], [-94.8515625, 45.363480905905895], [-94.79849429260535, 45.3778547806], [-94.78124999999999, 45.38037578469709], [-94.71093750000001, 45.386338345918944], [-94.64062500000001, 45.39575591795817], [-94.5703125, 45.41479327171301], [-94.5, 45.4376258953383], [-94.47230019171155, 45.4481535477], [-94.4296875, 45.47442620895601], [-94.359375, 45.51242664093891], [-94.34109514757398, 45.5184523147], [-94.2890625, 45.52991808381616], [-94.21875, 45.546978205071824], [-94.1484375, 45.56999531382421], [-94.1177206946605, 45.5887510817], [-94.078125, 45.6133293734418], [-94.02510902311744, 45.6590498488], [-94.0078125, 45.688882591609705], [-93.98216687970395, 45.7293486158], [-93.9375, 45.78116456076617], [-93.9253032144936, 45.7996473828], [-93.8671875, 45.84470154679021], [-93.81765954789559, 45.8699461498], [-93.796875, 45.882810268459096], [-93.7265625, 45.918069057368236], [-93.67579457560899, 45.9402449168], [-93.65625, 45.95344813815113], [-93.5859375, 45.99270491452661], [-93.54156050449029, 46.01054368380001], [-93.515625, 46.02291415630005], [-93.4453125, 46.06272322284881], [-93.41974323813892, 46.0808424508], [-93.375, 46.134630331578165], [-93.36324422041564, 46.1511412178], [-93.3386732847988, 46.2214399848], [-93.3046875, 46.24968239582772], [-93.23720888410642, 46.291738751699995], [-93.234375, 46.29331752191814], [-93.1640625, 46.324198971052155], [-93.09375, 46.329511992559496], [-93.0234375, 46.35040360756028], [-92.953125, 46.349122996860245], [-92.8828125, 46.34894992321267], [-92.86236322259343, 46.3620375187], [-92.8125, 46.39010632125207], [-92.76354210088292, 46.4323362857], [-92.7421875, 46.44581154955324], [-92.671875, 46.4834415929411], [-92.65249198808222, 46.5026350526], [-92.6015625, 46.531492563620446], [-92.53125, 46.566353531786405], [-92.519071695836, 46.5729338195], [-92.5201051056912, 46.6432325865], [-92.4609375, 46.670236568314145], [-92.390625, 46.67589457180814], [-92.3203125, 46.698797509309045], [-92.25, 46.705292181680434], [-92.1796875, 46.71198727765862], [-92.17796762650764, 46.7135313534], [-92.109375, 46.745919403138835], [-92.0390625, 46.761257228076694], [-91.96875, 46.7456441034323], [-91.8984375, 46.72934795074847], [-91.828125, 46.732727639788], [-91.7578125, 46.741045972881], [-91.6875, 46.76690687807316], [-91.6427088280837, 46.7838301203], [-91.6171875, 46.79475442665017], [-91.546875, 46.841036383119516], [-91.52831228188444, 46.8541288872], [-91.4765625, 46.88027161462855], [-91.40625, 46.90407434610252], [-91.3359375, 46.91923551929204], [-91.31225678090338, 46.9244276541], [-91.265625, 46.938831063112445], [-91.1953125, 46.95838257066351], [-91.125, 46.973362241468664], [-91.0546875, 46.98402057727997], [-90.984375, 46.99011326592438], [-90.92180383771186, 46.994726421], [-90.9140625, 46.99587617687112], [-90.84375, 47.005204396418314], [-90.7734375, 47.01310152456081], [-90.703125, 47.02153461747942], [-90.6328125, 47.03176940096037], [-90.5625, 47.042792176108705], [-90.4921875, 47.055210756345474], [-90.43733529167662, 47.0650251879], [-90.421875, 47.067881211256044], [-90.3515625, 47.079816936540084], [-90.28125, 47.09216276680034], [-90.2109375, 47.103829207598594], [-90.140625, 47.11580583206316], [-90.0703125, 47.12549166962014], [-90.0, 47.1349148547887], [-89.99539068974775, 47.1353239548], [-89.9296875, 47.14183551675465], [-89.859375, 47.148863170227536], [-89.7890625, 47.15267276765706], [-89.71875, 47.156061294879365], [-89.6484375, 47.156716890987084], [-89.578125, 47.15685805292637], [-89.5078125, 47.15652721283681], [-89.4375, 47.15589985735952], [-89.36718750000001, 47.15213933085057], [-89.296875, 47.14725896457375], [-89.2265625, 47.14031676336129], [-89.19404860667741, 47.1353239548], [-89.15625, 47.127563258501674], [-89.12652800662646, 47.1353239548], [-89.08593750000001, 47.142872697194484], [-89.015625, 47.1610152190957], [-88.9453125, 47.1715538707355], [-88.875, 47.18641664331806], [-88.8046875, 47.20431797801776], [-88.80113907846976, 47.2056227217], [-88.734375, 47.23165621197831], [-88.6640625, 47.24671430676259], [-88.59375, 47.26595360296763], [-88.56784820093813, 47.2759214885], [-88.5234375, 47.30720471998829], [-88.453125, 47.3256672372746], [-88.3828125, 47.33796057098915], [-88.35500375293554, 47.3462202554], [-88.3125, 47.41124342553307], [-88.31056212584413, 47.4165190222], [-88.2421875, 47.44266054904493], [-88.171875, 47.44517756982106], [-88.1015625, 47.44241978019293], [-88.03125, 47.447894878879396], [-87.9609375, 47.45610532969997], [-87.890625, 47.45920090998243], [-87.8203125, 47.459192835011734], [-87.75, 47.457523101790926], [-87.6796875, 47.4531077434027], [-87.609375, 47.45088262976668], [-87.5390625, 47.454718969651], [-87.46875, 47.45715785498314], [-87.3984375, 47.455955669307514], [-87.328125, 47.45452528440349], [-87.2578125, 47.452147619295445], [-87.1875, 47.4497841456721], [-87.1171875, 47.44664367632737], [-87.046875, 47.44373071656673], [-86.9765625, 47.45573640552283], [-86.90625, 47.469248605278864], [-86.8359375, 47.482643447509155], [-86.8255350223998, 47.4868177891], [-86.765625, 47.49554374676181]]}}, {"type": "Feature", "properties": {"level_in": 0.5}, "geometry": {"type": "LineString", "coordinates": [[-121.8515625, 47.029176483370016], [-121.78125, 47.04166484715299], [-121.7109375, 47.050697141478196], [-121.640625, 47.049913102213736], [-121.5703125, 47.026494998529955], [-121.5149801328157, 46.994726421], [-121.5, 46.985852797207976], [-121.4296875, 46.945473649728925], [-121.39769386176064, 46.9244276541], [-121.359375, 46.897277702442466], [-121.30693393227565, 46.8541288872], [-121.2890625, 46.82975921927829], [-121.2629926448782, 46.783830120299996], [-121.2890625, 46.7454148439749], [-121.3266270454825, 46.7135313534], [-121.359375, 46.69772981412518], [-121.3834193848324, 46.7135313534], [-121.4296875, 46.73000819811022], [-121.5, 46.73830557194603], [-121.5703125, 46.72728910022828], [-121.640625, 46.71796800269614], [-121.65316709816302, 46.7135313534], [-121.7109375, 46.688999527059096], [-121.78125, 46.67441560493705], [-121.8515625, 46.678889800312064], [-121.921875, 46.69263195139865], [-121.96539754014302, 46.7135313534], [-121.99126262826306, 46.7838301203], [-121.98968770187231, 46.8541288872], [-121.99005727846065, 46.9244276541], [-121.921875, 46.98505645331654], [-121.91332837613862, 46.994726421], [-121.8515625, 47.029176483370016]]}}, {"type": "Feature", "properties": {"level_in": 0.5}, "geometry": {"type": "LineString", "coordinates": [[-121.50000000000001, 46.51542464912046], [-121.46540155288005, 46.5026350526], [-121.49999999999999, 46.49134899392773], [-121.51085223611221, 46.5026350526], [-121.50000000000001, 46.51542464912046]]}}, {"type": "Feature", "properties": {"level_in": 0.5}, "geometry": {"type": "LineString", "coordinates": [[-122.27343750000001, 46.312814470296246], [-122.203125, 46.335677698259474], [-122.1328125, 46.33723251704873], [-122.0625, 46.33186261784108], [-121.9921875, 46.31215268719117], [-121.94985059762868, 46.2917387517], [-121.9633230217178, 46.2214399848], [-121.9921875, 46.213908292484305], [-122.0625, 46.196773440749816], [-122.1328125, 46.18525190295005], [-122.203125, 46.18649958194587], [-122.2734375, 46.19411253569194], [-122.33836413250667, 46.2214399848], [-122.30703415085188, 46.2917387517], [-122.27343750000001, 46.312814470296246]]}}, {"type": "Feature", "properties": {"level_in": 0.5}, "geometry": {"type": "LineString", "coordinates": [[-121.64062499999999, 46.29470003386302], [-121.60879641525504, 46.2917387517], [-121.5703125, 46.28705382920869], [-121.5, 46.25299510596156], [-121.47422060565337, 46.2214399848], [-121.45187439314826, 46.1511412178], [-121.5, 46.12666519096928], [-121.5703125, 46.11029929090036], [-121.640625, 46.10110259650321], [-121.7109375, 46.11464234094355], [-121.7461466692371, 46.1511412178], [-121.73275620022984, 46.2214399848], [-121.7109375, 46.23674517799763], [-121.64844677440348, 46.2917387517], [-121.64062499999999, 46.29470003386302]]}}, {"type": "Feature", "properties": {"level_in": 0.5}, "geometry": {"type": "LineString", "coordinates": [[-113.765625, 46.306810624895554], [-113.6953125, 46.31271466187844], [-113.67192811177424, 46.291738751699995], [-113.6953125, 46.26473541551653], [-113.765625, 46.27846512257817], [-113.78096985234151, 46.2917387517], [-113.765625, 46.306810624895554]]}}, {"type": "Feature", "properties": {"level_in": 0.5}, "geometry": {"type": "LineString", "coordinates": [[-117.5625, 45.346696634710106], [-117.49218750000001, 45.31048655765036], [-117.48787703507827, 45.3075560136], [-117.44250495699796, 45.2372572465], [-117.421875, 45.215184665136306], [-117.3515625, 45.190768501508124], [-117.28125000000001, 45.17152749999654], [-117.2651654121739, 45.1669584794], [-117.24305874237204, 45.0966597123], [-117.28125, 45.086639765509275], [-117.34281312035655, 45.0966597123], [-117.3515625, 45.103245896583296], [-117.421875, 45.137220051760956], [-117.4921875, 45.15957415167325], [-117.50445307642968, 45.1669584794], [-117.55511871948242, 45.2372572465], [-117.5625, 45.24092639547681], [-117.60073522660748, 45.3075560136], [-117.5625, 45.346696634710106]]}}, {"type": "Feature", "properties": {"level_in": 0.5}, "geometry": {"type": "LineString", "coordinates": [[-116.015625, 45.18456087838077], [-115.9453125, 45.18644549022093], [-115.9175280780272, 45.1669584794], [-115.9453125, 45.11496190065926], [-115.95671250228739, 45.0966597123], [-115.9453125, 45.08691520289376], [-115.90855254979023, 45.0263609453], [-115.90390306562465, 44.9560621782], [-115.9453125, 44.92911042208881], [-115.97141023512857, 44.9560621782], [-116.015625, 44.97549305123902], [-116.0859375, 45.02344705194194], [-116.08919947391983, 45.0263609453], [-116.0859375, 45.052773558805086], [-116.07555427035616, 45.0966597123], [-116.08503941387015, 45.1669584794], [-116.015625, 45.18456087838077]]}}, {"type": "Feature", "properties": {"level_in": 0.5}, "geometry": {"type": "LineString", "coordinates": [[-115.3828125, 44.98219952604292], [-115.355657687937, 44.9560621782], [-115.3828125, 44.93138591353081], [-115.39879234668973, 44.9560621782], [-115.3828125, 44.98219952604292]]}}, {"type": "Feature", "properties": {"level_in": 0.5}, "geometry": {"type": "LineString", "coordinates": [[-86.1328125, 44.268862302193945], [-86.10780502152969, 44.2530745069], [-86.1328125, 44.2197819421496], [-86.19994498519674, 44.2530745069], [-86.1328125, 44.268862302193945]]}}, {"type": "Feature", "properties": {"level_in": 0.5}, "geometry": {"type": "LineString", "coordinates": [[-121.78125, 44.12117344106049], [-121.77108241387201, 44.1124769726], [-121.78125, 44.09177013725373], [-121.80472594891633, 44.1124769726], [-121.78125, 44.12117344106049]]}}, {"type": "Feature", "properties": {"level_in": 0.5}, "geometry": {"type": "LineString", "coordinates": [[-84.0234375, 43.73116100169892], [-83.953125, 43.735394742089504], [-83.8828125, 43.73734998942608], [-83.8125, 43.73335915665376], [-83.7421875, 43.71980379946902], [-83.71923546358862, 43.6906843694], [-83.7421875, 43.68448062588026], [-83.8125, 43.67450937059179], [-83.8828125, 43.66403832288995], [-83.953125, 43.6607993781699], [-84.0234375, 43.65952071276267], [-84.09360294686006, 43.6906843694], [-84.0234375, 43.73116100169892]]}}, {"type": "Feature", "properties": {"level_in": 0.5}, "geometry": {"type": "LineString", "coordinates": [[-97.171875, 43.347339008957434], [-97.18907159090007, 43.3391905333], [-97.171875, 43.31427257469781], [-97.14682003270256, 43.2688917661], [-97.10796206197084, 43.1985929988], [-97.1015625, 43.197539609468926], [-97.09676275797062, 43.1985929988], [-97.03125, 43.230894116123466], [-97.0083214042354, 43.2688917661], [-97.03125, 43.28501863131236], [-97.1015625, 43.3370372062337], [-97.10818333278212, 43.33919053329999], [-97.171875, 43.34733900895743]]}}, {"type": "Feature", "properties": {"level_in": 0.5}, "geometry": {"type": "LineString", "coordinates": [[-123.8203125, 42.644880700117525], [-123.8084157878805, 42.6362028606], [-123.75000000000001, 42.595151433764926], [-123.72948989324092, 42.5659040933], [-123.71156004825727, 42.495605326], [-123.75, 42.435801978763344], [-123.8203125, 42.42718675567931], [-123.87860839261305, 42.495605326], [-123.89062499999999, 42.554221707615454], [-123.8923313763808, 42.5659040933], [-123.890625, 42.57987928689131], [-123.85939287253791, 42.6362028606], [-123.8203125, 42.644880700117525]]}}, {"type": "Feature", "properties": {"level_in": 0.5}, "geometry": {"type": "LineString", "coordinates": [[-95.90625, 42.45203027553419], [-95.8359375, 42.477624011094846], [-95.765625, 42.46944263219411], [-95.6953125, 42.46571382414455], [-95.625, 42.43426476888611], [-95.61168661193629, 42.4253065587], [-95.5546875, 42.36342384542608], [-95.54495640294476, 42.3550077914], [-95.484375, 42.30799693567218], [-95.45933675331511, 42.2847090241], [-95.4140625, 42.24561264423966], [-95.37749686524893, 42.2144102568], [-95.36466369291557, 42.1441114894], [-95.4140625, 42.10724490879332], [-95.484375, 42.09106905084124], [-95.5546875, 42.09243617252221], [-95.625, 42.10604261812166], [-95.6953125, 42.14042681004906], [-95.69976749437956, 42.144111489400004], [-95.73312127297802, 42.2144102568], [-95.75557673179733, 42.2847090241], [-95.765625, 42.31284862994529], [-95.79526016088678, 42.3550077914], [-95.8359375, 42.38795810826599], [-95.90625, 42.41566850462749], [-95.94026870319895, 42.4253065587], [-95.90625, 42.45203027553419]]}}, {"type": "Feature", "properties": {"level_in": 0.5}, "geometry": {"type": "LineString", "coordinates": [[-123.8203125, 42.23101878972142], [-123.81192394271325, 42.2144102568], [-123.8203125, 42.20397700288452], [-123.84696860771336, 42.2144102568], [-123.8203125, 42.23101878972142]]}}, {"type": "Feature", "properties": {"level_in": 0.5}, "geometry": {"type": "LineString", "coordinates": [[-123.890625, 42.19363016510144], [-123.86216101166957, 42.1441114894], [-123.890625, 42.12197026708629], [-123.92051142985733, 42.1441114894], [-123.890625, 42.19363016510144]]}}, {"type": "Feature", "properties": {"level_in": 0.5}, "geometry": {"type": "LineString", "coordinates": [[-123.6796875, 41.897388268704134], [-123.609375, 41.90328496365992], [-123.56021907927754, 41.8629164201], [-123.5827121296235, 41.7926176527], [-123.58756424049594, 41.7223188853], [-123.609375, 41.68227020317558], [-123.62680581228408, 41.652020118], [-123.61992228735687, 41.58172135059999], [-123.64590920806103, 41.5114225832], [-123.6796875, 41.4710010710921], [-123.75, 41.5019654750288], [-123.75579597303336, 41.5114225832], [-123.77908323660411, 41.5817213506], [-123.77887248283223, 41.652020118], [-123.78775031524782, 41.7223188853], [-123.76341926299276, 41.7926176527], [-123.74999999999999, 41.82471333545453], [-123.73408261531323, 41.8629164201], [-123.6796875, 41.897388268704134]]}}, {"type": "Feature", "properties": {"level_in": 0.5}, "geometry": {"type": "LineString", "coordinates": [[-95.48437500000001, 41.86594714040055], [-95.47259241157013, 41.8629164201], [-95.484375, 41.826790168632705], [-95.5097021568591, 41.86291642009999], [-95.48437500000001, 41.86594714040055]]}}, {"type": "Feature", "properties": {"level_in": 0.5}, "geometry": {"type": "LineString", "coordinates": [[-95.34375, 41.72962471716819], [-95.33791101606508, 41.7223188853], [-95.34375, 41.71535900681192], [-95.35725855801451, 41.7223188853], [-95.34375, 41.72962471716819]]}}, {"type": "Feature", "properties": {"level_in": 0.5}, "geometry": {"type": "LineString", "coordinates": [[-123.2578125, 41.66357246452297], [-123.18749999999999, 41.681402552260515], [-123.1171875, 41.654181149700094], [-123.11460932754734, 41.652020117999996], [-123.07352180281143, 41.5817213506], [-123.046875, 41.533144945266415], [-123.03446849345144, 41.5114225832], [-122.99578963679201, 41.4411238158], [-122.9765625, 41.41943589454091], [-122.93963612819655, 41.3708250484], [-122.90625, 41.32797343851949], [-122.86103408540792, 41.3005262811], [-122.8359375, 41.252696057861144], [-122.81548671039165, 41.2302275137], [-122.8359375, 41.166889434653996], [-122.83742570098521, 41.1599287463], [-122.8359375, 41.15738696423896], [-122.78748661607477, 41.0896299788], [-122.8359375, 41.02236706046954], [-122.83809834811488, 41.0193312114], [-122.84984654728845, 40.949032444], [-122.90625, 40.885679334603445], [-122.91502473172864, 40.87873367659999], [-122.9765625, 40.87068257180202], [-123.046875, 40.861371108059934], [-123.1171875, 40.85505163827852], [-123.1875, 40.87672562276644], [-123.18998752505576, 40.87873367660001], [-123.22738167164843, 40.949032444], [-123.2578125, 40.96610076322402], [-123.328125, 40.98087585510138], [-123.3984375, 40.99294583379213], [-123.45133765035378, 41.0193312114], [-123.46875, 41.035463466984176], [-123.50433769690406, 41.0896299788], [-123.52360480315664, 41.1599287463], [-123.46875, 41.2066777659438], [-123.41436956234077, 41.2302275137], [-123.3984375, 41.236738020992746], [-123.3870077744709, 41.2302275137], [-123.328125, 41.1910408198987], [-123.29895632355465, 41.1599287463], [-123.2578125, 41.104649396289766], [-123.22977898760607, 41.0896299788], [-123.1875, 41.05816335752449], [-123.1171875, 41.08553961631382], [-123.11375394551966, 41.0896299788], [-123.046875, 41.136522663540035], [-123.02390673739139, 41.1599287463], [-123.03133474667672, 41.2302275137], [-123.046875, 41.241083824988465], [-123.11469941292498, 41.3005262811], [-123.1171875, 41.30254970920849], [-123.1875, 41.34511765946549], [-123.2473323303911, 41.3708250484], [-123.2578125, 41.37663227265942], [-123.328125, 41.436712967890166], [-123.33224786727835, 41.4411238158], [-123.38628877883536, 41.5114225832], [-123.369139397879, 41.5817213506], [-123.32812500000001, 41.614676449044566], [-123.28198556062411, 41.652020118], [-123.2578125, 41.66357246452297]]}}, {"type": "Feature", "properties": {"level_in": 0.5}, "geometry": {"type": "LineString", "coordinates": [[-122.1328125, 41.518435061005746], [-122.0625, 41.51488049128263], [-122.03563533102482, 41.5114225832], [-121.9921875, 41.50132648159019], [-121.921875, 41.47990329076569], [-121.8515625, 41.464232989640074], [-121.80949557055135, 41.4411238158], [-121.8515625, 41.395113637819954], [-121.87430456452998, 41.3708250484], [-121.921875, 41.34808556625322], [-121.9921875, 41.31898894809087], [-122.0625, 41.30270434320191], [-122.07503816995136, 41.3005262811], [-122.1328125, 41.292663873842926], [-122.203125, 41.29614917325484], [-122.23888387230959, 41.3005262811], [-122.2734375, 41.337893331802626], [-122.287886636708, 41.3708250484], [-122.2734375, 41.38521981888729], [-122.24211286281037, 41.4411238158], [-122.203125, 41.47370505223681], [-122.14164546250677, 41.5114225832], [-122.1328125, 41.518435061005746]]}}, {"type": "Feature", "properties": {"level_in": 0.5}, "geometry": {"type": "LineString", "coordinates": [[-122.5546875, 41.26584836090053], [-122.484375, 41.284909088806096], [-122.419399876783, 41.2302275137], [-122.4140625, 41.17004553164546], [-122.41362202186804, 41.1599287463], [-122.4140625, 41.159558494583244], [-122.484375, 41.134698412326294], [-122.5546875, 41.1326457658345], [-122.625, 41.148839329035376], [-122.6614665767789, 41.1599287463], [-122.625, 41.19467981610567], [-122.59039456070727, 41.2302275137], [-122.5546875, 41.26584836090053]]}}, {"type": "Feature", "properties": {"level_in": 0.5}, "geometry": {"type": "LineString", "coordinates": [[-123.6796875, 40.75280507095002], [-123.64806799973825, 40.7381361417], [-123.609375, 40.66877341013709], [-123.6090093622876, 40.66783737429999], [-123.5972651430466, 40.5975386068], [-123.60937499999999, 40.58430586151283], [-123.62489006222943, 40.5975386068], [-123.6796875, 40.640240028117766], [-123.7083932601557, 40.6678373743], [-123.70861779835064, 40.7381361417], [-123.6796875, 40.75280507095002]]}}, {"type": "Feature", "properties": {"level_in": 0.5}, "geometry": {"type": "LineString", "coordinates": [[-123.46875, 40.43835209487694], [-123.3984375, 40.40581198857608], [-123.35095208157718, 40.3866423045], [-123.328125, 40.36152209773372], [-123.2578125, 40.317338336283434], [-123.25601751922821, 40.316343537], [-123.2578125, 40.315091739217834], [-123.328125, 40.29621915998663], [-123.3984375, 40.294298212889004], [-123.46838662360516, 40.316343537], [-123.46875, 40.31659593864272], [-123.5269101717216, 40.3866423045], [-123.46875, 40.43835209487694]]}}, {"type": "Feature", "properties": {"level_in": 0.5}, "geometry": {"type": "LineString", "coordinates": [[-123.1171875, 40.1266905661611], [-123.0497628823873, 40.1054472346], [-123.046875, 40.10434132055542], [-122.98931786144897, 40.0351484671], [-122.9765625, 40.00111002154895], [-122.964932206746, 39.9648496996], [-122.9765625, 39.9572487989367], [-123.046875, 39.942128758200205], [-123.0907471361186, 39.9648496996], [-123.1171875, 39.99104922335672], [-123.14604484433524, 40.0351484671], [-123.13262890573054, 40.1054472346], [-123.1171875, 40.1266905661611]]}}, {"type": "Feature", "properties": {"level_in": 1.0}, "geometry": {"type": "LineString", "coordinates": [[-125.15625, 51.43337688632468], [-125.0859375, 51.442051546380284], [-125.015625, 51.44213610395156], [-124.99323412847723, 51.4235487183], [-124.97061717804337, 51.353249952], [-124.96784198025298, 51.2829511856], [-124.9453125, 51.22383606015496], [-124.94110670957419, 51.2126524193], [-124.9453125, 51.206119364274635], [-124.97266743417627, 51.1423536529], [-125.015625, 51.07391472246715], [-125.0859375, 51.08244970162392], [-125.15625, 51.11795471472661], [-125.1715573791763, 51.142353652900006], [-125.1841448866468, 51.2126524193], [-125.15625, 51.27535143405729], [-125.14878162803767, 51.2829511856], [-125.14361674654528, 51.353249952], [-125.15625, 51.38701760553934], [-125.16870047220176, 51.4235487183], [-125.15625, 51.43337688632468]]}}, {"type": "Feature", "properties": {"level_in": 1.0}, "geometry": {"type": "LineString", "coordinates": [[-125.15625, 51.034900927420345], [-125.0859375, 51.05841529059356], [-125.02486974860902, 51.0017561202], [-125.0859375, 50.963530798324356], [-125.15625, 50.967194381753195], [-125.18603620143243, 51.0017561202], [-125.15625, 51.034900927420345]]}}, {"type": "Feature", "properties": {"level_in": 1.0}, "geometry": {"type": "LineString", "coordinates": [[-117.0703125, 50.721962839299394], [-117.0, 50.75502623813321], [-116.9296875, 50.76321933259069], [-116.859375, 50.76984292007008], [-116.7890625, 50.76946105805828], [-116.71875, 50.74893143875571], [-116.67501770019688, 50.7205610545], [-116.71875, 50.68683025771738], [-116.7890625, 50.662065501265886], [-116.80884497455699, 50.6502622881], [-116.859375, 50.617510452472196], [-116.89205167222758, 50.5799635216], [-116.9296875, 50.544601456489765], [-116.95828803217603, 50.5096647552], [-117.0, 50.47691961323706], [-117.0703125, 50.455646984694994], [-117.11358551137832, 50.43936598869999], [-117.14062499999999, 50.41855803726521], [-117.15478697106275, 50.43936598869999], [-117.2109375, 50.50891915069698], [-117.21144452844632, 50.5096647552], [-117.2109375, 50.510637367924296], [-117.17095502113663, 50.5799635216], [-117.140625, 50.62539808233082], [-117.11403771185901, 50.6502622881], [-117.07186822507418, 50.7205610545], [-117.0703125, 50.721962839299394]]}}, {"type": "Feature", "properties": {"level_in": 1.0}, "geometry": {"type": "LineString", "coordinates": [[-118.0546875, 50.59674458041084], [-118.04808231084886, 50.5799635216], [-118.0546875, 50.5738281638056], [-118.09204408642688, 50.5799635216], [-118.0546875, 50.59674458041084]]}}, {"type": "Feature", "properties": {"level_in": 1.0}, "geometry": {"type": "LineString", "coordinates": [[-118.12499999999999, 50.47107198418122], [-118.11017654515919, 50.4393659887], [-118.125, 50.43091152572654], [-118.14874498638866, 50.439365988700004], [-118.12499999999999, 50.47107198418122]]}}, {"type": "Feature", "properties": {"level_in": 1.0}, "geometry": {"type": "LineString", "coordinates": [[-118.1953125, 50.3115556819276], [-118.15126126140159, 50.2987684558], [-118.125, 50.29599249549097], [-118.05468749999999, 50.234759422336694], [-118.04975508894735, 50.2284696893], [-118.05468750000001, 50.22114085109047], [-118.10120270267507, 50.15817092279999], [-118.125, 50.09061123394131], [-118.12873163706692, 50.0878721563], [-118.19531249999999, 50.073217341306545], [-118.22541997794869, 50.0878721563], [-118.265625, 50.108035938155325], [-118.31839867951732, 50.1581709228], [-118.27179975244373, 50.228469689300006], [-118.265625, 50.23476391195714], [-118.20450066319646, 50.2987684558], [-118.1953125, 50.3115556819276]]}}, {"type": "Feature", "properties": {"level_in": 1.0}, "geometry": {"type": "LineString", "coordinates": [[-116.578125, 50.33858873033769], [-116.52854066971136, 50.2987684558], [-116.578125, 50.26469189164402], [-116.63964531147859, 50.2987684558], [-116.578125, 50.33858873033769]]}}, {"type": "Feature", "properties": {"level_in": 1.0}, "geometry": {"type": "LineString", "coordinates": [[-117.2109375, 50.25364874922191], [-117.140625, 50.261116046619634], [-117.10708666196702, 50.2284696893], [-117.0703125, 50.17120369828492], [-117.06323419454183, 50.1581709228], [-117.07031249999999, 50.13023335542256], [-117.140625, 50.136156814519865], [-117.1709598591321, 50.1581709228], [-117.21093749999999, 50.210361521188766], [-117.22868932853393, 50.2284696893], [-117.2109375, 50.25364874922191]]}}, {"type": "Feature", "properties": {"level_in": 1.0}, "geometry": {"type": "LineString", "coordinates": [[-119.0390625, 50.05023338125855], [-118.96875, 50.06325516305988], [-118.8984375, 50.06478997469943], [-118.82812499999999, 50.03249212879358], [-118.81365760572291, 50.0175733898], [-118.79532306259176, 49.9472746232], [-118.7701405050882, 49.8769758567], [-118.828125, 49.84194828472459], [-118.87435285793329, 49.8066770901], [-118.8984375, 49.79283202051832], [-118.94352830037266, 49.8066770901], [-118.96875, 49.81713912443664], [-119.0390625, 49.86796649310006], [-119.04892900604483, 49.8769758567], [-119.06424382977904, 49.9472746232], [-119.09978370027724, 50.0175733898], [-119.0390625, 50.05023338125855]]}}, {"type": "Feature", "properties": {"level_in": 1.0}, "geometry": {"type": "LineString", "coordinates": [[-117.703125, 49.96824059298322], [-117.6328125, 50.00891976418238], [-117.5625, 49.993017979290315], [-117.51248135734292, 49.9472746232], [-117.54419218729919, 49.8769758567], [-117.5625, 49.844003390335004], [-117.57973473598004, 49.8066770901], [-117.6328125, 49.73882913556317], [-117.6341962232585, 49.7363783236], [-117.703125, 49.67799069110972], [-117.7734375, 49.670579997948614], [-117.84375, 49.68179522557082], [-117.8778961136233, 49.7363783236], [-117.84375, 49.77347777112233], [-117.7763052312544, 49.80667709010001], [-117.7734375, 49.83213313478883], [-117.76971102915122, 49.8769758567], [-117.71879283239274, 49.9472746232], [-117.703125, 49.96824059298322]]}}, {"type": "Feature", "properties": {"level_in": 1.0}, "geometry": {"type": "LineString", "coordinates": [[-117.0703125, 49.88014952745365], [-117.06551457823852, 49.8769758567], [-117.02451102918204, 49.8066770901], [-117.0703125, 49.77481492822048], [-117.08906975140451, 49.7363783236], [-117.140625, 49.691238588597365], [-117.21093749999999, 49.7283713978642], [-117.21783952824582, 49.7363783236], [-117.21093750000001, 49.74970355448253], [-117.14397284652532, 49.8066770901], [-117.140625, 49.80883920886999], [-117.07661006739976, 49.8769758567], [-117.0703125, 49.88014952745365]]}}, {"type": "Feature", "properties": {"level_in": 1.0}, "geometry": {"type": "LineString", "coordinates": [[-118.40625, 49.750916888670815], [-118.38623620712693, 49.7363783236], [-118.40625, 49.72580730030826], [-118.42681753081786, 49.73637832360001], [-118.40625, 49.750916888670815]]}}, {"type": "Feature", "properties": {"level_in": 1.0}, "geometry": {"type": "LineString", "coordinates": [[-119.25, 49.67188495785763], [-119.24007248186167, 49.666079557], [-119.25, 49.655939590799306], [-119.2779760999384, 49.666079557], [-119.25, 49.67188495785763]]}}, {"type": "Feature", "properties": {"level_in": 1.0}, "geometry": {"type": "LineString", "coordinates": [[-117.84375, 49.63435508499952], [-117.7734375, 49.61488816880588], [-117.76662684433326, 49.5957807904], [-117.74331809325929, 49.5254820238], [-117.7734375, 49.497823730390884], [-117.81939694259205, 49.5254820238], [-117.84375, 49.55452224338478], [-117.86650365746277, 49.595780790400006], [-117.84375, 49.63435508499952]]}}, {"type": "Feature", "properties": {"level_in": 1.0}, "geometry": {"type": "LineString", "coordinates": [[-119.1796875, 49.33562027195701], [-119.16063000301259, 49.314585724], [-119.1796875, 49.286691347410404], [-119.2332556543719, 49.314585724], [-119.1796875, 49.33562027195701]]}}, {"type": "Feature", "properties": {"level_in": 1.0}, "geometry": {"type": "LineString", "coordinates": [[-121.8515625, 48.84563810676957], [-121.78124999999999, 48.83628322805028], [-121.74282496541686, 48.8224943575], [-121.7109375, 48.810581914659956], [-121.640625, 48.78275400734941], [-121.5703125, 48.778148385548576], [-121.5, 48.801630151887856], [-121.4627549503709, 48.82249435749999], [-121.4296875, 48.83494893237656], [-121.359375, 48.84814179354696], [-121.2890625, 48.85577826387594], [-121.24136607540211, 48.82249435749999], [-121.24965844094254, 48.7521955908], [-121.27315474452644, 48.6818968241], [-121.2890625, 48.664957334124225], [-121.359375, 48.6412949436838], [-121.4296875, 48.6356798448508], [-121.5, 48.64267515803344], [-121.5703125, 48.652294941857974], [-121.640625, 48.655323487827985], [-121.7109375, 48.654701839970166], [-121.78125, 48.651367457623394], [-121.8515625, 48.649650598615], [-121.921875, 48.66604877692523], [-121.94145691157351, 48.681896824099994], [-121.92564517067458, 48.7521955908], [-121.92187500000001, 48.75778853047052], [-121.87129342413877, 48.82249435749999], [-121.8515625, 48.84563810676957]]}}, {"type": "Feature", "properties": {"level_in": 1.0}, "geometry": {"type": "LineString", "coordinates": [[-121.1484375, 48.61866756702302], [-121.078125, 48.62758436199068], [-121.0078125, 48.62522609981709], [-120.95017885910171, 48.6115980574], [-120.94424205048594, 48.5412992907], [-120.96974763319028, 48.471000524], [-120.99325647294214, 48.4007017573], [-121.0078125, 48.36611193997321], [-121.02521216592315, 48.3304029905], [-121.03721425388086, 48.2601042238], [-121.0078125, 48.22391102418277], [-120.97398252597279, 48.189805457], [-120.95272558916676, 48.1195066903], [-121.0037189959747, 48.0492079235], [-121.0078125, 48.047602141684436], [-121.078125, 47.997411456440304], [-121.09589105179751, 47.9789091567], [-121.1484375, 47.9351434056983], [-121.18481906555375, 47.908610389900005], [-121.21875, 47.896491641728694], [-121.2890625, 47.89497361179343], [-121.359375, 47.893760333833036], [-121.42968750000001, 47.90831514161617], [-121.43042124930781, 47.9086103899], [-121.5, 47.9363117711276], [-121.54793692981285, 47.9789091567], [-121.5703125, 47.995649689982756], [-121.63086281493551, 48.0492079235], [-121.640625, 48.064803223975986], [-121.66762360450525, 48.1195066903], [-121.640625, 48.14058671108011], [-121.57031249999999, 48.129431135555016], [-121.50356581540098, 48.1195066903], [-121.5, 48.118706028573136], [-121.4296875, 48.11939712009772], [-121.41689429712304, 48.1195066903], [-121.35937499999999, 48.11988569262913], [-121.2890625, 48.137239499743245], [-121.21875, 48.178674063592446], [-121.2031828980132, 48.189805457000006], [-121.21874999999999, 48.232138901040464], [-121.22523093492099, 48.2601042238], [-121.2890625, 48.31725186374693], [-121.30059186837994, 48.3304029905], [-121.32914334696382, 48.4007017573], [-121.31405064336022, 48.471000524], [-121.2890625, 48.516269572397725], [-121.26442897216378, 48.5412992907], [-121.21875, 48.59119852159456], [-121.17011650269961, 48.6115980574], [-121.1484375, 48.61866756702302]]}}, {"type": "Feature", "properties": {"level_in": 1.0}, "geometry": {"type": "LineString", "coordinates": [[-121.8515625, 48.43763729380241], [-121.8032040878121, 48.4007017573], [-121.8515625, 48.38502843638425], [-121.87955947690762, 48.4007017573], [-121.8515625, 48.43763729380241]]}}, {"type": "Feature", "properties": {"level_in": 1.0}, "geometry": {"type": "LineString", "coordinates": [[-121.8515625, 46.936788718827046], [-121.78125, 46.965122226977655], [-121.7109375, 46.95630937048734], [-121.64192169689643, 46.9244276541], [-121.640625, 46.923795345260054], [-121.5703125, 46.85679871244663], [-121.56743025681993, 46.854128887200005], [-121.56648970223694, 46.783830120299996], [-121.5703125, 46.78292696590663], [-121.640625, 46.76062944818769], [-121.7109375, 46.7376879114847], [-121.77066034534246, 46.7135313534], [-121.78125000000001, 46.71022354250888], [-121.802264649807, 46.71353135340001], [-121.8515625, 46.72474833480591], [-121.921875, 46.77966098618812], [-121.92465674536673, 46.7838301203], [-121.9394707360311, 46.8541288872], [-121.921875, 46.887089699071616], [-121.86146212405893, 46.9244276541], [-121.8515625, 46.936788718827046]]}}, {"type": "Feature", "properties": {"level_in": 1.0}, "geometry": {"type": "LineString", "coordinates": [[-87.8203125, 46.73094392242592], [-87.75, 46.738486213919884], [-87.6796875, 46.74387522256804], [-87.6378023300696, 46.7135313534], [-87.609375, 46.69147535071743], [-87.5390625, 46.66026975280533], [-87.48885209753489, 46.6432325865], [-87.46875, 46.63607554530106], [-87.3984375, 46.62049997897478], [-87.328125, 46.621840742436774], [-87.2578125, 46.634145653871585], [-87.21313933600271, 46.5729338195], [-87.1875, 46.531573351274524], [-87.17391899387849, 46.5026350526], [-87.1171875, 46.4480926888257], [-87.04687500000001, 46.441016133031454], [-86.9765625, 46.43697558991442], [-86.96528783048757, 46.4323362857], [-86.94613016093999, 46.362037518700006], [-86.9765625, 46.316398007483556], [-87.00623957398957, 46.2917387517], [-86.9765625, 46.228815145220075], [-86.93600343960841, 46.291738751699995], [-86.90625, 46.30806364336055], [-86.8359375, 46.31025105245899], [-86.765625, 46.298014472297304], [-86.74359031998017, 46.2917387517], [-86.6953125, 46.28536492417457], [-86.66098162471557, 46.2917387517], [-86.625, 46.30349801961388], [-86.5546875, 46.313958302953374], [-86.484375, 46.29874401467423], [-86.45954804476195, 46.2917387517], [-86.4140625, 46.27335682352122], [-86.36229242277867, 46.2917387517], [-86.34375, 46.2959953750623], [-86.2734375, 46.312116292799224], [-86.203125, 46.301731718162586], [-86.18254227094776, 46.29173875170001], [-86.203125, 46.256289189851614], [-86.22761365185943, 46.2214399848], [-86.24976668830057, 46.1511412178], [-86.2734375, 46.11734710750957], [-86.30277513967258, 46.0808424508], [-86.34375, 46.03157855007229], [-86.35670121922935, 46.0105436838], [-86.34375, 45.99844357814413], [-86.2734375, 45.965138285193895], [-86.23898651174261, 45.9402449168], [-86.2734375, 45.91311035329881], [-86.3149419555611, 45.8699461498], [-86.2734375, 45.855299029693285], [-86.203125, 45.82564357455573], [-86.15022583052362, 45.7996473828], [-86.203125, 45.7556389618611], [-86.2394598260804, 45.7293486158], [-86.2144474977233, 45.6590498488], [-86.203125, 45.648969918817585], [-86.1328125, 45.593490997503075], [-86.12755312899199, 45.588751081699996], [-86.1328125, 45.54354479951729], [-86.13600929921364, 45.5184523147], [-86.15137144819221, 45.4481535477], [-86.203125, 45.40865813444118], [-86.2734375, 45.37838323026655], [-86.27467636239568, 45.3778547806], [-86.34375, 45.34335879853091], [-86.41155426021044, 45.3075560136], [-86.41406249999999, 45.30652714365496], [-86.484375, 45.280213401104476], [-86.5546875, 45.243919714435414], [-86.56704433593751, 45.2372572465], [-86.625, 45.19719045420109], [-86.68525710159584, 45.1669584794], [-86.6953125, 45.16237895308643], [-86.765625, 45.127577761267545], [-86.80452484454167, 45.096659712299996], [-86.8359375, 45.06794613309737], [-86.88414432582576, 45.0263609453], [-86.90625, 44.986999067536715], [-86.92214344013324, 44.9560621782], [-86.97638021324389, 44.8857634111], [-86.9765625, 44.88551505502269], [-87.02451814437413, 44.815464644], [-87.046875, 44.779980616914244], [-87.07143098171643, 44.7451658768], [-87.1171875, 44.69130403046342], [-87.13342897384939, 44.6748671097], [-87.14710775416354, 44.6045683426], [-87.17681748905831, 44.5342695755], [-87.18749999999999, 44.524003792077465], [-87.25714814684429, 44.4639708083], [-87.2578125, 44.46257745420873], [-87.28617459769833, 44.3936720412], [-87.30972454348542, 44.323373274], [-87.328125, 44.29779882610325], [-87.35533583925292, 44.2530745069], [-87.3984375, 44.20773520380234], [-87.41763190730805, 44.1827757397], [-87.46875, 44.13171522364016], [-87.4977751320639, 44.1124769726], [-87.5390625, 44.080668651752376], [-87.59986964167234, 44.0421782054], [-87.609375, 44.03417885939193], [-87.66742667916522, 43.9718794382], [-87.6796875, 43.96159284555595], [-87.75, 43.93287283666767], [-87.80044551851026, 43.901580671], [-87.8203125, 43.86821378924009], [-87.85368589994981, 43.901580671000005], [-87.890625, 43.926971332282626], [-87.92897630743178, 43.9718794382], [-87.92915014516191, 44.0421782054], [-87.91850876075343, 44.1124769726], [-87.94562603119915, 44.1827757397], [-87.9609375, 44.20727454980212], [-87.99266379980105, 44.253074506900006], [-88.03125, 44.31654972581514], [-88.0391283820858, 44.323373274], [-88.1015625, 44.35760963280289], [-88.171875, 44.348355895046105], [-88.2421875, 44.336222409592025], [-88.3125, 44.323903741786985], [-88.3828125, 44.32457998415688], [-88.453125, 44.33413537790948], [-88.5234375, 44.326613615416484], [-88.53336105551713, 44.323373274], [-88.59375, 44.29294317947118], [-88.6640625, 44.265759082288646], [-88.71349296520228, 44.2530745069], [-88.734375, 44.246183336757895], [-88.8046875, 44.230510997942105], [-88.875, 44.217837610314284], [-88.9453125, 44.18741707569065], [-88.95282879715988, 44.1827757397], [-89.015625, 44.145066958022156], [-89.05789028036762, 44.11247697259999], [-89.0859375, 44.051427088563116], [-89.0925573989685, 44.0421782054], [-89.15625, 44.00138509772299], [-89.21044361655993, 43.97187943819999], [-89.17796621139775, 43.901580671], [-89.21233869046048, 43.83128190379999], [-89.2265625, 43.809741513749515], [-89.25616268879351, 43.7609831366], [-89.28328611509299, 43.6906843694], [-89.25725558776685, 43.6203856022], [-89.296875, 43.612697447788946], [-89.35870316447345, 43.550086835], [-89.3671875, 43.528384368134155], [-89.39076322282902, 43.4797880678], [-89.4375, 43.453529642108734], [-89.5078125, 43.425770312549545], [-89.55765751874988, 43.4094893005], [-89.578125, 43.403142806783436], [-89.6484375, 43.39275961064382], [-89.71875, 43.38508415704902], [-89.7890625, 43.362504295533256], [-89.83938094180425, 43.3391905333], [-89.859375, 43.33249975326252], [-89.9296875, 43.33372727312548], [-90.0, 43.33737291794257], [-90.00573166026206, 43.3391905333], [-90.0703125, 43.35947877780216], [-90.140625, 43.38534560499312], [-90.19973999188936, 43.4094893005], [-90.2109375, 43.41474316674763], [-90.28125, 43.44753805298848], [-90.3515625, 43.46229270355844], [-90.421875, 43.47856809950129], [-90.42493180505184, 43.4797880678], [-90.4921875, 43.50973542624985], [-90.5625, 43.5335081255391], [-90.6328125, 43.540350247562166], [-90.6667528758764, 43.550086835], [-90.703125, 43.55836377238574], [-90.7734375, 43.600421902168904], [-90.81402229672912, 43.6203856022], [-90.84375, 43.63295340876458], [-90.9140625, 43.64865541192075], [-90.984375, 43.67111319495192], [-91.03338811278152, 43.6906843694], [-91.0546875, 43.69899705008156], [-91.125, 43.711415801688176], [-91.1953125, 43.708221017610555], [-91.265625, 43.697720540909955], [-91.28778727075348, 43.6906843694], [-91.3359375, 43.66243529828044], [-91.40625, 43.657165903403694], [-91.4765625, 43.67022397559398], [-91.54687499999999, 43.68094988712163], [-91.5978568359375, 43.6906843694], [-91.6171875, 43.695122906507535], [-91.6279550225592, 43.6906843694], [-91.6875, 43.667362023671245], [-91.7578125, 43.63694285953805], [-91.828125, 43.64184788289737], [-91.8984375, 43.65389387222477], [-91.92798510724467, 43.6906843694], [-91.96875, 43.71927268022892], [-92.03569180137993, 43.7609831366], [-92.0390625, 43.76255934018391], [-92.109375, 43.79682502983014], [-92.1796875, 43.82679726613133], [-92.1899587972543, 43.8312819038], [-92.25, 43.879720182604245], [-92.27736316977513, 43.901580671], [-92.3203125, 43.92664599002699], [-92.390625, 43.9461893188099], [-92.4609375, 43.96960011954741], [-92.46515358269421, 43.9718794382], [-92.53125, 43.99572403333353], [-92.6015625, 44.01113460163704], [-92.671875, 44.01144910903152], [-92.7421875, 44.01394383352019], [-92.79468242646055, 44.0421782054], [-92.8125, 44.056138306428394], [-92.8828125, 44.08179063766646], [-92.953125, 44.09738721414023], [-93.02109845640894, 44.1124769726], [-93.0234375, 44.11544729834472], [-93.08264210258034, 44.1827757397], [-93.09375, 44.20078504593598], [-93.10635644594879, 44.2530745069], [-93.1371834187928, 44.323373274], [-93.15165715894076, 44.3936720412], [-93.1640625, 44.421080459358706], [-93.234375, 44.42858093257442], [-93.2946844131843, 44.39367204119999], [-93.30468749999999, 44.391190559439984], [-93.3196921903751, 44.39367204119999], [-93.375, 44.40307816261135], [-93.4453125, 44.4045597086969], [-93.45866604561373, 44.39367204119999], [-93.4453125, 44.377340563848605], [-93.37500000000001, 44.34435379399456], [-93.37118458877127, 44.323373274], [-93.375, 44.29948766042337], [-93.38298268788584, 44.2530745069], [-93.4453125, 44.21927816501966], [-93.515625, 44.20454420913328], [-93.5859375, 44.188713738475386], [-93.59652595706798, 44.1827757397], [-93.65625, 44.12811322492256], [-93.67830204467333, 44.1124769726], [-93.692823800729, 44.042178205400006], [-93.66842683661517, 43.9718794382], [-93.7265625, 43.915193245199326], [-93.796875, 43.913035715468965], [-93.81546294846936, 43.901580671], [-93.81752738605091, 43.8312819038], [-93.81463516105893, 43.7609831366], [-93.796875, 43.740049771427074], [-93.7646482216656, 43.6906843694], [-93.796875, 43.6725975625621], [-93.83444713310391, 43.6203856022], [-93.8671875, 43.568425960481335], [-93.89038297409144, 43.550086835], [-93.9375, 43.518112467217364], [-94.0078125, 43.49943520696936], [-94.078125, 43.48839889275712], [-94.1484375, 43.50604258147247], [-94.21875, 43.513514721234465], [-94.2890625, 43.51786624965659], [-94.34826081376639, 43.47978806780001], [-94.359375, 43.47707997393415], [-94.4296875, 43.45857973198475], [-94.5, 43.45740384241599], [-94.55516654918252, 43.4797880678], [-94.5703125, 43.49817600447839], [-94.59217414409912, 43.4797880678], [-94.60108657290402, 43.4094893005], [-94.5703125, 43.37469003509886], [-94.54665672526895, 43.3391905333], [-94.54344420316855, 43.2688917661], [-94.54298137194743, 43.1985929988], [-94.55768212895197, 43.128294231599995], [-94.56403088354526, 43.0579954643], [-94.5703125, 43.03525339683255], [-94.640625, 43.041922302774765], [-94.69717916826126, 43.0579954643], [-94.7109375, 43.063618176381624], [-94.77539111545589, 43.1282942316], [-94.78125, 43.13109576375973], [-94.8515625, 43.15791319697498], [-94.921875, 43.189007541463], [-94.95157908184333, 43.1985929988], [-94.9921875, 43.2158932616206], [-95.06039435836873, 43.1985929988], [-95.0625, 43.198054940103134], [-95.1328125, 43.18967107961629], [-95.20312500000001, 43.19739349342172], [-95.20393387469694, 43.1985929988], [-95.22090180453927, 43.2688917661], [-95.2734375, 43.292903410392604], [-95.33698124182905, 43.3391905333], [-95.34375, 43.35082444447281], [-95.4140625, 43.404499504071985], [-95.42220604618797, 43.4094893005], [-95.42825178421893, 43.4797880678], [-95.43148882419646, 43.550086835], [-95.44689479418021, 43.6203856022], [-95.41406250000001, 43.628276425690764], [-95.34375, 43.64341037368564], [-95.2734375, 43.66304665006621], [-95.22161275287647, 43.6906843694], [-95.203125, 43.71612246403829], [-95.1646119758766, 43.76098313659999], [-95.13948697549122, 43.8312819038], [-95.1328125, 43.83368908868924], [-95.0625, 43.842221535733934], [-94.9921875, 43.86533357371666], [-94.921875, 43.88584953706511], [-94.88858480172473, 43.901580671], [-94.8515625, 43.92538058697896], [-94.78125, 43.95698043526525], [-94.73393192437227, 43.9718794382], [-94.7109375, 43.982295435711606], [-94.640625, 44.012488663495034], [-94.57806681237481, 44.042178205400006], [-94.5703125, 44.04770276490564], [-94.5, 44.10257576633109], [-94.48805496321236, 44.11247697260001], [-94.4296875, 44.14074433106653], [-94.359375, 44.17307508465959], [-94.34012491278702, 44.1827757397], [-94.2890625, 44.217551707906345], [-94.2222624754564, 44.25307450689999], [-94.21875, 44.255113610438], [-94.1484375, 44.293404969926044], [-94.09140092052506, 44.323373274], [-94.078125, 44.32955101094771], [-94.0078125, 44.365446204580266], [-93.98422233290286, 44.3936720412], [-93.9375, 44.45444050597083], [-93.93097191835805, 44.4639708083], [-93.89838809640462, 44.53426957549999], [-93.8671875, 44.59885860854948], [-93.85853517349437, 44.6045683426], [-93.8671875, 44.659961954184695], [-93.86823272820533, 44.674867109699996], [-93.9121397522326, 44.7451658768], [-93.86744162453168, 44.815464644], [-93.8671875, 44.81555581905028], [-93.86681378692992, 44.815464644], [-93.796875, 44.78006845449724], [-93.7265625, 44.757861110699245], [-93.65625, 44.75386692362643], [-93.58593749999999, 44.76310979044483], [-93.515625, 44.786000881855614], [-93.4453125, 44.8027454841033], [-93.39857067048337, 44.815464644], [-93.375, 44.82540378845639], [-93.3046875, 44.85069841453179], [-93.234375, 44.87231871062561], [-93.21845340274574, 44.8857634111], [-93.1640625, 44.94870353217572], [-93.16035383850976, 44.9560621782], [-93.09517395246588, 45.02636094529999], [-93.09375, 45.02722241539889], [-93.0234375, 45.036200004818454], [-92.953125, 45.034406232161444], [-92.8828125, 45.03867492452692], [-92.8125, 45.0530942728745], [-92.77419210403684, 45.0966597123], [-92.7421875, 45.12508775068605], [-92.68190736936798, 45.1669584794], [-92.67187500000001, 45.171613943731906], [-92.6015625, 45.18869052428993], [-92.53125, 45.209460676152375], [-92.48077721674039, 45.23725724650001], [-92.53125, 45.25831881267276], [-92.59460538255922, 45.3075560136], [-92.6015625, 45.34776925192624], [-92.6117341765187, 45.3778547806], [-92.6370839141969, 45.4481535477], [-92.671875, 45.502670312840664], [-92.68052031202865, 45.5184523147], [-92.671875, 45.52445170010487], [-92.60255707524887, 45.5887510817], [-92.66623674010506, 45.6590498488], [-92.61135632162392, 45.729348615800006], [-92.6015625, 45.74252421488812], [-92.5485238428761, 45.7996473828], [-92.53125, 45.809132546369014], [-92.46720990645478, 45.8699461498], [-92.4609375, 45.87456223917236], [-92.390625, 45.89824038837813], [-92.3203125, 45.90231952175587], [-92.25, 45.91333412013071], [-92.1796875, 45.9383685915867], [-92.17501661915188, 45.9402449168], [-92.109375, 45.97221560942505], [-92.0390625, 46.00652061176637], [-92.03246919439212, 46.0105436838], [-91.96875, 46.030377382267126], [-91.8984375, 46.051104693482266], [-91.828125, 46.064028644085], [-91.7578125, 46.072774601678745], [-91.7224197732121, 46.08084245079999], [-91.6875, 46.118082897667534], [-91.67316068750438, 46.1511412178], [-91.6171875, 46.18023565368185], [-91.546875, 46.21372260967003], [-91.53760712010987, 46.2214399848], [-91.4765625, 46.27435888145162], [-91.44842473069663, 46.2917387517], [-91.40625, 46.32233486327142], [-91.35262546794354, 46.36203751869999], [-91.33593750000001, 46.38163977705955], [-91.30020218851925, 46.4323362857], [-91.265625, 46.45964904002528], [-91.1953125, 46.49852710229683], [-91.17921989333995, 46.5026350526], [-91.125, 46.52111113967436], [-91.0546875, 46.520194449197035], [-90.984375, 46.51141770536652], [-90.96302612295952, 46.5026350526], [-90.9140625, 46.48428666627052], [-90.8568268361654, 46.4323362857], [-90.84375, 46.42242999690643], [-90.7734375, 46.40944766621534], [-90.703125, 46.39169151605352], [-90.66611512397427, 46.3620375187], [-90.64213887179423, 46.2917387517], [-90.6328125, 46.28862399625667], [-90.5625, 46.26885881615675], [-90.4921875, 46.25517955971617], [-90.42253202586173, 46.2214399848], [-90.421875, 46.22113085696433], [-90.3515625, 46.19626669632373], [-90.28125, 46.16392199706548], [-90.2587393565276, 46.1511412178], [-90.2109375, 46.12716424908175], [-90.140625, 46.097573948554476], [-90.0703125, 46.09814068917539], [-90.0, 46.098874907603125], [-89.95976066524554, 46.0808424508], [-89.9296875, 46.07101846963428], [-89.859375, 46.04255248610002], [-89.7890625, 46.02097859343149], [-89.77110420911235, 46.0105436838], [-89.71875, 45.97560045725322], [-89.6484375, 45.983566385082106], [-89.578125, 45.9885580622894], [-89.5078125, 46.00273898763528], [-89.4720087909184, 46.0105436838], [-89.4375, 46.022289018953636], [-89.3671875, 46.04069852508588], [-89.296875, 46.059910206724716], [-89.24018872900488, 46.0808424508], [-89.2265625, 46.08788682181052], [-89.15625, 46.13378575622433], [-89.0859375, 46.14976918143964], [-89.03946062867121, 46.1511412178], [-89.015625, 46.15173996575101], [-88.9453125, 46.16676065183174], [-88.875, 46.18000236983258], [-88.8046875, 46.1975207843729], [-88.734375, 46.21303044432483], [-88.6640625, 46.21470798986649], [-88.59375, 46.208306215312085], [-88.5234375, 46.206463832075116], [-88.453125, 46.209456758934145], [-88.3828125, 46.21935076218889], [-88.37322222877876, 46.2214399848], [-88.3125, 46.23477524670609], [-88.2421875, 46.25576906174131], [-88.171875, 46.28248949408964], [-88.14998298929663, 46.2917387517], [-88.1015625, 46.32070604605188], [-88.06022295316882, 46.362037518700006], [-88.03125, 46.39124424201707], [-87.98654789031983, 46.4323362857], [-87.98136761701744, 46.5026350526], [-87.9609375, 46.56666314159264], [-87.95805981336393, 46.5729338195], [-87.93126603578477, 46.6432325865], [-87.890625, 46.69928240619426], [-87.8656478228182, 46.7135313534], [-87.8203125, 46.73094392242592]]}}, {"type": "Feature", "properties": {"level_in": 1.0}, "geometry": {"type": "LineString", "coordinates": [[-93.79687500000001, 45.03043936113953], [-93.7265625, 45.02985507541322], [-93.71565362794554, 45.026360945300006], [-93.7265625, 45.01905833575974], [-93.796875, 45.01725002725278], [-93.80289772676399, 45.0263609453], [-93.79687500000001, 45.03043936113953]]}}, {"type": "Feature", "properties": {"level_in": 1.0}, "geometry": {"type": "LineString", "coordinates": [[-76.921875, 44.89479632268205], [-76.8515625, 44.91597321492989], [-76.78125, 44.93226692427124], [-76.7109375, 44.941510770044], [-76.640625, 44.946660296932045], [-76.5703125, 44.94755198507623], [-76.5, 44.94476897285951], [-76.4296875, 44.94267451003572], [-76.359375, 44.94116431712441], [-76.2890625, 44.942522876852664], [-76.21875, 44.94637412868437], [-76.1484375, 44.94917061715582], [-76.078125, 44.95081262009495], [-76.0078125, 44.950690864517675], [-75.9375, 44.94938758591138], [-75.8671875, 44.9486509870379], [-75.796875, 44.9484487221069], [-75.7265625, 44.948562206827006], [-75.65625, 44.94910228520625], [-75.5859375, 44.947864806292614], [-75.515625, 44.94522654864993], [-75.4453125, 44.93951148972958], [-75.375, 44.93044164626126], [-75.3046875, 44.917973233895694], [-75.234375, 44.90394829279139], [-75.17615096915316, 44.8857634111], [-75.1640625, 44.871457378926166], [-75.12731016392397, 44.815464644], [-75.13229465618502, 44.7451658768], [-75.1640625, 44.70195712732452], [-75.18368668782847, 44.6748671097], [-75.234375, 44.649940310910125], [-75.3046875, 44.61608407598148], [-75.33556911387454, 44.6045683426], [-75.375, 44.595145026967934], [-75.4453125, 44.58062327989305], [-75.515625, 44.570088934535235], [-75.5859375, 44.56222891602387], [-75.65625, 44.557646540625285], [-75.7265625, 44.555353257385235], [-75.796875, 44.556783571521635], [-75.8671875, 44.560108540573964], [-75.9375, 44.567269206490735], [-76.0078125, 44.57543174713874], [-76.078125, 44.582744702624055], [-76.1484375, 44.58988023652308], [-76.21875, 44.589613666814415], [-76.2890625, 44.58821046673364], [-76.359375, 44.58729359826334], [-76.4296875, 44.586482830958374], [-76.5, 44.591422327024944], [-76.57031250000001, 44.597183941143456], [-76.640625, 44.6008382640542], [-76.7109375, 44.604235208824605], [-76.78125, 44.60334421204536], [-76.85156250000001, 44.602392004953686], [-76.921875, 44.6000970656983], [-76.9921875, 44.59734816286506], [-77.0625, 44.59457715537566], [-77.1328125, 44.591240739517886], [-77.203125, 44.58784709904948], [-77.2734375, 44.582976741070645], [-77.34375, 44.57463037352218], [-77.4140625, 44.56175125887846], [-77.484375, 44.54328735544022], [-77.50589688904782, 44.5342695755], [-77.5546875, 44.52799328573292], [-77.625, 44.52571642733704], [-77.6953125, 44.52326198742698], [-77.765625, 44.521191969595755], [-77.8359375, 44.518529110298076], [-77.90625, 44.51188474486779], [-77.9765625, 44.504485594785535], [-78.046875, 44.49627489617401], [-78.1171875, 44.4893775626167], [-78.1875, 44.48608609012206], [-78.2578125, 44.48353260238885], [-78.328125, 44.480527674706096], [-78.3984375, 44.477137500001156], [-78.46444250456645, 44.4639708083], [-78.46875, 44.463408776123124], [-78.5390625, 44.45367134825968], [-78.609375, 44.44180127459272], [-78.6796875, 44.42975961873471], [-78.75, 44.41750396180325], [-78.8203125, 44.40303501679094], [-78.86485238624557, 44.3936720412], [-78.890625, 44.39094917242379], [-78.9609375, 44.38315396642409], [-79.03125, 44.37603869290819], [-79.1015625, 44.36813030942649], [-79.171875, 44.35209913277444], [-79.2421875, 44.33662105313887], [-79.29383388505042, 44.323373274], [-79.3125, 44.31966047396467], [-79.3828125, 44.30392666707246], [-79.453125, 44.29044602821972], [-79.5234375, 44.27893962512299], [-79.59375, 44.27177159851548], [-79.6640625, 44.2659950567289], [-79.734375, 44.259986466145044], [-79.79168265916782, 44.253074506900006], [-79.8046875, 44.25190829001336], [-79.875, 44.23644213762827], [-79.9453125, 44.19690154343877], [-79.9626541730092, 44.1827757397], [-80.015625, 44.16227916011044], [-80.0859375, 44.150158576696015], [-80.15625, 44.158308315496235], [-80.21207066439652, 44.182775739700006], [-80.2265625, 44.18944980868536], [-80.296875, 44.22299025279662], [-80.35669471232983, 44.2530745069], [-80.3671875, 44.25928424776568], [-80.4375, 44.292691364460154], [-80.50273861933307, 44.323373274], [-80.5078125, 44.32665078866489], [-80.578125, 44.354549360931514], [-80.6484375, 44.38511461615791], [-80.66897581287603, 44.3936720412], [-80.71875, 44.456266379972924], [-80.72460955919337, 44.4639708083], [-80.71875, 44.51168865027854], [-80.7157579330519, 44.5342695755], [-80.7118865612436, 44.6045683426], [-80.70719366723957, 44.6748671097], [-80.6484375, 44.692224772288306], [-80.578125, 44.70416487644994], [-80.5078125, 44.70317544984783], [-80.4375, 44.700644521888364], [-80.3671875, 44.685203412139316], [-80.33580603222836, 44.6748671097], [-80.296875, 44.66615353724569], [-80.2265625, 44.65278264105001], [-80.15625, 44.63286478544185], [-80.0859375, 44.609234050314356], [-80.07487263630391, 44.604568342600004], [-80.015625, 44.569226722588475], [-79.9453125, 44.570621307602025], [-79.875, 44.57900467347979], [-79.8046875, 44.593600251735545], [-79.73857766048553, 44.6045683426], [-79.734375, 44.60537988281467], [-79.6640625, 44.61681679815475], [-79.59375, 44.62570973654273], [-79.5234375, 44.62851901276404], [-79.453125, 44.629387808396], [-79.3828125, 44.62585279432262], [-79.3125, 44.623877666702285], [-79.2421875, 44.62877275172718], [-79.171875, 44.63927683704907], [-79.1015625, 44.65773726404352], [-79.03638570946362, 44.6748671097], [-79.03125, 44.67571272567195], [-78.9609375, 44.68419161519791], [-78.890625, 44.69324766218197], [-78.8203125, 44.700402252525635], [-78.75, 44.70865024002589], [-78.6796875, 44.71448608827017], [-78.609375, 44.72038890870728], [-78.5390625, 44.72494579267155], [-78.46875, 44.72937774716096], [-78.3984375, 44.73288951420164], [-78.328125, 44.73631876306782], [-78.2578125, 44.736342864526826], [-78.1875, 44.73573539597694], [-78.1171875, 44.73146985233588], [-78.046875, 44.726231199452506], [-77.9765625, 44.71900577405783], [-77.90625, 44.711701494903295], [-77.8359375, 44.70681927974664], [-77.765625, 44.70637458609718], [-77.6953125, 44.71106447021236], [-77.625, 44.71412342785738], [-77.5546875, 44.71885450945889], [-77.484375, 44.72386932443591], [-77.4140625, 44.72965793071294], [-77.34375, 44.73861003428071], [-77.31806765941262, 44.7451658768], [-77.2734375, 44.751842364440954], [-77.203125, 44.76563901012039], [-77.1328125, 44.79026931129404], [-77.07826721902808, 44.815464644], [-77.0625, 44.82031514066643], [-76.9921875, 44.85684721971973], [-76.94508906424409, 44.8857634111], [-76.921875, 44.89479632268205]]}}, {"type": "Feature", "properties": {"level_in": 2.0}, "geometry": {"type": "LineString", "coordinates": [[-90.70312500000001, 45.31414978085312], [-90.68375824024959, 45.3075560136], [-90.70312500000001, 45.290373339902864], [-90.70974047602861, 45.3075560136], [-90.70312500000001, 45.31414978085312]]}}, {"type": "Feature", "properties": {"level_in": 2.0}, "geometry": {"type": "LineString", "coordinates": [[-90.84375, 45.16783126089306], [-90.7734375, 45.17757682899772], [-90.703125, 45.19128911270099], [-90.6328125, 45.17991429473329], [-90.5625, 45.16794635076873], [-90.4921875, 45.1760871733414], [-90.42187500000001, 45.179609020167476], [-90.40897084789417, 45.1669584794], [-90.3515625, 45.11170257592754], [-90.28542106537338, 45.0966597123], [-90.33459106338381, 45.0263609453], [-90.3515625, 44.978978044759984], [-90.35661003225573, 44.9560621782], [-90.3515625, 44.95134858659414], [-90.28125, 44.911545661303805], [-90.22984780171865, 44.8857634111], [-90.21917952913624, 44.815464644], [-90.2109375, 44.80730492419754], [-90.140625, 44.7712646732047], [-90.08317331817744, 44.7451658768], [-90.0703125, 44.73570382459173], [-90.0103759894263, 44.6748671097], [-90.02834113245099, 44.6045683426], [-90.0, 44.58572455230731], [-89.96976153492267, 44.5342695755], [-89.93482785133726, 44.4639708083], [-89.94245376148587, 44.3936720412], [-89.94136906253917, 44.323373274], [-89.9296875, 44.27339455698271], [-89.92606344564629, 44.2530745069], [-89.9296875, 44.23096144607887], [-89.93468080461882, 44.1827757397], [-89.96391657925831, 44.1124769726], [-89.96486027467685, 44.04217820539999], [-90.0, 44.00055790104754], [-90.06050407477588, 44.0421782054], [-90.0703125, 44.057566939008424], [-90.12544533677803, 44.1124769726], [-90.140625, 44.12184705560712], [-90.2109375, 44.162186353738555], [-90.25734522780292, 44.1827757397], [-90.25074553883586, 44.2530745069], [-90.28125, 44.27417224257135], [-90.3515625, 44.26979132786167], [-90.4094887257078, 44.2530745069], [-90.421875, 44.24934699665775], [-90.4921875, 44.231065185506274], [-90.5625, 44.22867762455799], [-90.6328125, 44.24480436903344], [-90.65527042686395, 44.2530745069], [-90.6328125, 44.31886353755964], [-90.63164846969815, 44.323373274], [-90.6328125, 44.324352584181895], [-90.70031323627384, 44.3936720412], [-90.703125, 44.39680075476692], [-90.7322605798459, 44.4639708083], [-90.703125, 44.516399258622656], [-90.6328125, 44.51987174906683], [-90.5625, 44.513533366478995], [-90.51511798572719, 44.5342695755], [-90.52241658467656, 44.6045683426], [-90.5625, 44.64442146518325], [-90.63281249999999, 44.65450738301463], [-90.68217182635306, 44.6748671097], [-90.703125, 44.679971056943096], [-90.7734375, 44.703978868585985], [-90.84375, 44.712958979211095], [-90.9140625, 44.72468000147731], [-90.984375, 44.74433169645986], [-90.98679916824692, 44.7451658768], [-91.0546875, 44.80788578374359], [-91.11172119506054, 44.815464644], [-91.0546875, 44.824218012460065], [-90.984375, 44.81611776989554], [-90.98259728773586, 44.815464644], [-90.9140625, 44.79943479427321], [-90.84375, 44.79842110779838], [-90.80031860669072, 44.815464644], [-90.84375, 44.84986196071688], [-90.90223430546165, 44.8857634111], [-90.85291840872654, 44.9560621782], [-90.9140625, 44.963369085017746], [-90.984375, 44.96626795939882], [-91.04891473658434, 45.0263609453], [-90.984375, 45.0712837027871], [-90.9140625, 45.08818219658519], [-90.9023063332575, 45.0966597123], [-90.84594237952847, 45.1669584794], [-90.84375, 45.16783126089306]]}}]}