{"type": "FeatureCollection", "features": [{"type": "Feature", "properties": {"level_in": 0.1}, "geometry": {"type": "LineString", "coordinates": [[-125.70009822375124, 54.9384870199], [-125.6484375, 54.89537224603602], [-125.58069274738811, 54.8681882542], [-125.6484375, 54.856317777992615], [-125.71875, 54.83834065762052], [-125.7890625, 54.80870835046569], [-125.859375, 54.80094878253973], [-125.9296875, 54.80654796567917], [-126.0, 54.83438314124025], [-126.01865114588776, 54.8681882542], [-126.0, 54.88723188801215], [-125.9296875, 54.91982164499743], [-125.859375, 54.93807254712633], [-125.85796009480384, 54.9384870199]]}}, {"type": "Feature", "properties": {"level_in": 0.1}, "geometry": {"type": "LineString", "coordinates": [[-122.10378782936108, 54.9384870199], [-122.0625, 54.93056577419259], [-122.02630946349302, 54.93848701990001]]}}, {"type": "Feature", "properties": {"level_in": 0.1}, "geometry": {"type": "LineString", "coordinates": [[-114.5003003014393, 54.938487019899995], [-114.4801241368775, 54.8681882542], [-114.46875, 54.842756515546405], [-114.45014571739635, 54.797889488399996], [-114.43225606439746, 54.7275907227], [-114.42581774321562, 54.657291956899996], [-114.41865326325156, 54.5869931912], [-114.39843749999999, 54.53604602797228], [-114.38666865254811, 54.5166944254], [-114.328125, 54.460694861641386], [-114.31428864954158, 54.4463956596], [-114.2578125, 54.38830954547609], [-114.24755971876274, 54.3760968938], [-114.2027073522159, 54.3057981279], [-114.1875, 54.262538048996795], [-114.17535191307749, 54.2354993621], [-114.15098186743971, 54.1652005962], [-114.1171875, 54.118981483931734], [-114.046875, 54.104072720604044], [-113.9765625, 54.09880098770021], [-113.94184064951463, 54.094901830400005], [-113.90625, 54.09166694879876], [-113.8359375, 54.07967996809019], [-113.765625, 54.06315025649249], [-113.6953125, 54.03734690494922], [-113.6580329216156, 54.0246030645], [-113.625, 54.0069509850994], [-113.5546875, 53.976315411279145], [-113.49383932920864, 53.9543042986], [-113.484375, 53.94988028354206], [-113.4140625, 53.91143523452184], [-113.37151016719616, 53.8840055327], [-113.34375, 53.85858528253134], [-113.29371938817167, 53.8137067668], [-113.27743931161038, 53.7434080008], [-113.2734375, 53.74030642610666], [-113.203125, 53.68712024790949], [-113.16612871809869, 53.6731092349], [-113.1328125, 53.66276460341481], [-113.1197983551298, 53.6731092349], [-113.0625, 53.71052126864293], [-112.9921875, 53.732891233189534], [-112.96593868277469, 53.7434080008], [-112.921875, 53.75787186033145], [-112.8515625, 53.77522238517731], [-112.78125, 53.78700237609108], [-112.7109375, 53.8008204007192], [-112.6767669763502, 53.8137067668], [-112.640625, 53.828183180352084], [-112.5703125, 53.85361940054476], [-112.5, 53.85192710537403], [-112.4296875, 53.847247248582946], [-112.359375, 53.83799171772621], [-112.30570261415355, 53.8137067668], [-112.2890625, 53.79176025991586], [-112.23115166500301, 53.7434080008], [-112.21875, 53.73463917089357], [-112.1484375, 53.696535718974985], [-112.0907119079688, 53.6731092349], [-112.078125, 53.666984056456286], [-112.0078125, 53.642111676870435], [-111.9375, 53.62909529496078], [-111.8671875, 53.617029353580364], [-111.84203845553401, 53.6028104689], [-111.796875, 53.573318321854934], [-111.72656249999999, 53.558995182696144], [-111.65625, 53.558079987990624], [-111.5859375, 53.555219284888075], [-111.515625, 53.55341724147092], [-111.48247560303899, 53.532511703], [-111.4453125, 53.503690813933794], [-111.375, 53.46953231104088], [-111.35214480151859, 53.46221293699999], [-111.3046875, 53.45293823341438], [-111.234375, 53.443850462875766], [-111.1640625, 53.426541041089884], [-111.09375, 53.399118817131836], [-111.04518419710064, 53.391914171], [-111.09375, 53.37412254507356], [-111.13005490925737, 53.321615405], [-111.09375, 53.279673727685235], [-111.03334128076587, 53.251316639], [-111.0234375, 53.24679175906167], [-110.953125, 53.22923141810001], [-110.8828125, 53.19102832369629], [-110.87227735586282, 53.1810178729], [-110.8125, 53.15557915077346], [-110.7421875, 53.1621827208767], [-110.73082034139063, 53.1810178729], [-110.671875, 53.20448006150646], [-110.6015625, 53.205377495723795], [-110.53181491101559, 53.1810178729], [-110.6015625, 53.117709256495026], [-110.63227523294265, 53.1107191069], [-110.671875, 53.070650097647686], [-110.7421875, 53.05925549285009], [-110.8125, 53.06326318070782], [-110.8828125, 53.06310308300239], [-110.953125, 53.05172337873245], [-111.01192492689543, 53.0404203408], [-111.00559932468838, 52.97012157479999], [-111.0234375, 52.95665638076298], [-111.09375, 52.947712689917225], [-111.1640625, 52.92266207692573], [-111.18690623021338, 52.899822808699994], [-111.234375, 52.864110684977966], [-111.29260727569519, 52.8295240426], [-111.29807665713103, 52.7592252765], [-111.3046875, 52.75255395488336], [-111.375, 52.72194244269643], [-111.40400614409283, 52.6889265104], [-111.375, 52.637480457894725], [-111.3046875, 52.66079371115525], [-111.234375, 52.67886848533339], [-111.1640625, 52.6815310111657], [-111.09375, 52.65779547078317], [-111.05363372931382, 52.6186277442], [-111.09375, 52.58075215011256], [-111.1640625, 52.570959882615995], [-111.234375, 52.577824289567154], [-111.3046875, 52.58495063261519], [-111.375, 52.59437667726933], [-111.39947140670552, 52.6186277442], [-111.4453125, 52.64149300593705], [-111.515625, 52.63551580135897], [-111.5859375, 52.63299664570374], [-111.65625, 52.64493423403156], [-111.6660870556851, 52.6889265104], [-111.69402222373958, 52.7592252765], [-111.7265625, 52.806854931864166], [-111.77809326411025, 52.8295240426], [-111.796875, 52.83842744018676], [-111.8671875, 52.859014380623634], [-111.9375, 52.88048419618782], [-112.0010537257622, 52.8998228087], [-112.0078125, 52.900750300011424], [-112.078125, 52.91016918337932], [-112.1484375, 52.91949031281342], [-112.21875, 52.93534047989618], [-112.2890625, 52.958514556323394], [-112.321515698815, 52.97012157479999], [-112.359375, 52.97518384001032], [-112.4296875, 52.98125767519356], [-112.5, 52.98560679768854], [-112.5703125, 52.98584793180081], [-112.640625, 52.979601898703635], [-112.69776117100983, 52.9701215748], [-112.7109375, 52.96610769567269], [-112.72561969622771, 52.9701215748], [-112.78125, 52.98486915358927], [-112.8515625, 53.00739807968135], [-112.921875, 53.031582877399536], [-112.9921875, 53.00911813536405], [-113.0625, 52.98639256520952], [-113.07742920129076, 52.97012157479999], [-113.0625, 52.95370266240329], [-112.9921875, 52.902527489102695], [-112.98841278539867, 52.8998228087], [-112.921875, 52.89361768677403], [-112.8515625, 52.8816568413058], [-112.78125, 52.857194835160634], [-112.74213736021231, 52.8295240426], [-112.78124999999999, 52.80394725050805], [-112.8515625, 52.77139688706205], [-112.90371073966423, 52.7592252765], [-112.921875, 52.75476825066702], [-112.99218750000001, 52.74660063160806], [-113.06250000000001, 52.737615642102746], [-113.1328125, 52.72908888158338], [-113.203125, 52.71581513589114], [-113.23273544885222, 52.6889265104], [-113.2734375, 52.631373455993305], [-113.28087395195044, 52.6186277442], [-113.30914131320816, 52.5483289781], [-113.32341626391226, 52.478030211900005], [-113.32214310748475, 52.4077314458], [-113.30034727389864, 52.3374326796], [-113.2734375, 52.31389122082191], [-113.21779740920721, 52.2671339134], [-113.203125, 52.24793551739098], [-113.15399312990291, 52.1968351472], [-113.1328125, 52.167528391268505], [-113.10178544478003, 52.126536380999994], [-113.0625, 52.07809378118649], [-113.04262687909701, 52.0562376148], [-112.9921875, 52.02742075764934], [-112.94496766857694, 52.0562376148], [-112.921875, 52.07527520912715], [-112.8515625, 52.10991489846174], [-112.83196619498213, 52.126536381], [-112.84880366739434, 52.1968351472], [-112.78125, 52.24590130717799], [-112.7109375, 52.26666788322309], [-112.70904504804173, 52.2671339134], [-112.640625, 52.306001352684376], [-112.57775006511233, 52.337432679600006], [-112.5703125, 52.345511417276796], [-112.5, 52.389114874265346], [-112.4296875, 52.40659155130945], [-112.41539527921292, 52.4077314458], [-112.359375, 52.43045981636689], [-112.29968415475142, 52.4780302119], [-112.359375, 52.48338479157806], [-112.4296875, 52.48743500052405], [-112.5, 52.486428348131824], [-112.5703125, 52.485660944317715], [-112.640625, 52.480039941432366], [-112.65576793090733, 52.4780302119], [-112.7109375, 52.46561949168203], [-112.78125, 52.43504597095515], [-112.8515625, 52.41353652160564], [-112.921875, 52.41655339569494], [-112.9921875, 52.44438278499947], [-113.02325273247529, 52.4780302119], [-112.9921875, 52.50260033751305], [-112.921875, 52.52943410563218], [-112.8515625, 52.54764244672378], [-112.850128469607, 52.5483289781], [-112.78125, 52.589877539006], [-112.7109375, 52.61629566516939], [-112.7060485091198, 52.6186277442], [-112.68544109632438, 52.688926510399995], [-112.640625, 52.69799158237572], [-112.5703125, 52.707840670532974], [-112.5, 52.69222638165902], [-112.49443627464876, 52.6889265104], [-112.4296875, 52.67455590711929], [-112.359375, 52.6648418530327], [-112.2890625, 52.65269708562137], [-112.23435082592223, 52.6186277442], [-112.21875, 52.60522006815053], [-112.16824714110939, 52.5483289781], [-112.21298944560557, 52.4780302119], [-112.1484375, 52.45604115255988], [-112.078125, 52.454592769998186], [-112.04659670832673, 52.4780302119], [-112.0078125, 52.53052498324533], [-111.9375, 52.54477024809327], [-111.8671875, 52.51958283494915], [-111.81901483108575, 52.4780302119], [-111.796875, 52.4425417020104], [-111.7265625, 52.432337122408484], [-111.65625, 52.41298747386946], [-111.65277135466191, 52.4077314458], [-111.65625, 52.400125159956055], [-111.7265625, 52.368333075758414], [-111.796875, 52.3809459769802], [-111.8671875, 52.380432030741844], [-111.88899212212752, 52.3374326796], [-111.8671875, 52.315555821990856], [-111.81305832792495, 52.2671339134], [-111.796875, 52.25008456141659], [-111.73043747922287, 52.1968351472], [-111.7265625, 52.17893993145904], [-111.65625, 52.17426087780578], [-111.5859375, 52.17610618070735], [-111.515625, 52.1780084003102], [-111.4453125, 52.177621221101205], [-111.375, 52.18467086702153], [-111.32057590328998, 52.19683514719999], [-111.3046875, 52.2033047927313], [-111.23437500000001, 52.209752490830866], [-111.21163301564727, 52.1968351472], [-111.234375, 52.185789351188006], [-111.29297365171215, 52.126536381], [-111.3046875, 52.09565256023342], [-111.37291906962301, 52.0562376148], [-111.375, 52.05514112308477], [-111.37770520880187, 52.0562376148], [-111.4453125, 52.0650351041431], [-111.515625, 52.072518434018285], [-111.5859375, 52.071980272232004], [-111.65625, 52.07409494604109], [-111.7265625, 52.07413283054096], [-111.7493427031281, 52.0562376148], [-111.7265625, 52.05466851460843], [-111.65625, 52.04221267897591], [-111.5859375, 52.02634424307158], [-111.515625, 52.025210649917966], [-111.4453125, 52.027876482183046], [-111.41934603327951, 51.9859388485], [-111.4453125, 51.9685054717673], [-111.49330523491084, 51.9156400823], [-111.515625, 51.89663437766259], [-111.5859375, 51.8719824062143], [-111.65625, 51.87405120943594], [-111.72656249999999, 51.89827094646854], [-111.76513973298836, 51.9156400823], [-111.796875, 51.91836773809025], [-111.8203314927759, 51.9156400823], [-111.81345306966128, 51.845341316], [-111.82132902364037, 51.775042549800006], [-111.84272774758651, 51.70474378349999], [-111.796875, 51.650455113015525], [-111.79015120906405, 51.63444501720001], [-111.7265625, 51.58213905001208], [-111.71156557486563, 51.564146250899995], [-111.7265625, 51.54126524268102], [-111.75991564956522, 51.4938474846], [-111.796875, 51.45290052372415], [-111.82194181343883, 51.4235487183], [-111.796875, 51.391917173488324], [-111.75663760604002, 51.353249952], [-111.796875, 51.33195195927482], [-111.8671875, 51.321362075373145], [-111.9375, 51.31412570886701], [-112.0078125, 51.32485963735712], [-112.0724375210626, 51.353249952], [-112.078125, 51.35493265301022], [-112.1484375, 51.411065527131356], [-112.21875, 51.35497325145247], [-112.2890625, 51.36541670295266], [-112.359375, 51.37271397050248], [-112.4296875, 51.3716616809501], [-112.5, 51.354728917893546], [-112.50261804465156, 51.353249952], [-112.50059296982481, 51.2829511856], [-112.5, 51.28275276097409], [-112.4296875, 51.25796213755352], [-112.359375, 51.22989115172005], [-112.2890625, 51.21276964379457], [-112.28822823887508, 51.21265241929999], [-112.21875, 51.197346654845106], [-112.1484375, 51.175790375704835], [-112.078125, 51.15751398971555], [-112.0078125, 51.146637179362784], [-112.00149541081795, 51.142353652900006], [-112.0078125, 51.13989549256006], [-112.078125, 51.1350479740214], [-112.1484375, 51.126710041482454], [-112.21875, 51.10548334970984], [-112.25905519366006, 51.0720548865], [-112.27223514566782, 51.0017561202], [-112.2890625, 50.97503554344284], [-112.34124380974092, 50.931457353800006], [-112.359375, 50.90347774060546], [-112.36692174854296, 50.8611585874], [-112.359375, 50.80032487018764], [-112.35808588921003, 50.7908598209], [-112.32967460673152, 50.7205610545], [-112.30259459570021, 50.6502622881], [-112.30236792922972, 50.5799635216], [-112.29096040051859, 50.5096647552], [-112.2890625, 50.49913019220611], [-112.27672441678972, 50.43936598869999], [-112.2497883206982, 50.3690672223], [-112.21875, 50.3386704427457], [-112.17216208890929, 50.2987684558], [-112.1484375, 50.28175785775065], [-112.07908990526177, 50.2284696893], [-112.078125, 50.22769734172652], [-112.00781250000001, 50.166902217729834], [-111.99651933499274, 50.1581709228], [-111.94980284006765, 50.0878721563], [-111.9375, 50.070985109797405], [-111.90466764171487, 50.0175733898], [-111.90923225935691, 49.9472746232], [-111.90802546915853, 49.8769758567], [-111.8671875, 49.831022095715355], [-111.84577650316388, 49.80667709010001], [-111.8671875, 49.79651673447176], [-111.9375, 49.77514010553499], [-112.0078125, 49.75178370648044], [-112.03814943701515, 49.7363783236], [-112.0242290393846, 49.666079557], [-112.0078125, 49.65859894859229], [-111.9541837760611, 49.5957807904], [-112.0078125, 49.54624342680725], [-112.04839953447646, 49.5254820238], [-112.07604058755105, 49.4551832573], [-112.0078125, 49.422827609282635], [-111.9375, 49.41174726764956], [-111.89018274073815, 49.3848844907], [-111.9375, 49.36404958134351], [-112.0078125, 49.35165916472158], [-112.078125, 49.325836798150675], [-112.08483368248713, 49.314585724], [-112.10104897528731, 49.2442869574], [-112.08419861380341, 49.1739881908], [-112.078125, 49.16887543849875], [-112.00781249999999, 49.107502241088866], [-112.00412329356539, 49.1036894241], [-112.0078125, 49.101524571348236], [-112.078125, 49.06510350603379], [-112.12261777870705, 49.03339065750001], [-112.1386676054905, 48.9630918908], [-112.078125, 48.92935998044621], [-112.03193697290045, 48.8927931242], [-112.078125, 48.85787965934992], [-112.1484375, 48.82442780266172], [-112.15402460739554, 48.8224943575], [-112.19729349676957, 48.7521955908], [-112.17692520215051, 48.6818968241], [-112.21875, 48.647312182877], [-112.24229528490338, 48.6115980574], [-112.2890625, 48.5671477787688], [-112.31862752496477, 48.5412992907], [-112.359375, 48.506385825849925], [-112.40269288431651, 48.471000524000004], [-112.4296875, 48.41091250696393], [-112.43748673125546, 48.4007017573], [-112.46253882074386, 48.3304029905], [-112.44790272804802, 48.2601042238], [-112.48060378728991, 48.18980545699999], [-112.5, 48.175157586204804], [-112.54661107357916, 48.1195066903], [-112.5703125, 48.06345464326351], [-112.5767334188615, 48.0492079235], [-112.61775971471147, 47.9789091567], [-112.61141557209476, 47.908610389900005], [-112.58032818056009, 47.8383116232], [-112.5807274857162, 47.7680128564], [-112.640625, 47.72806292141615], [-112.7109375, 47.70849818709523], [-112.72591774132216, 47.69771408950001], [-112.74824878476235, 47.6274153227], [-112.71093750000001, 47.5625878658463], [-112.70809128895395, 47.557116555899995], [-112.68029969554959, 47.4868177891], [-112.65498100329307, 47.4165190222], [-112.640625, 47.38942421459964], [-112.61751893050064, 47.3462202554], [-112.5703125, 47.29037982227788], [-112.56032820600014, 47.2759214885], [-112.53122229984993, 47.2056227217], [-112.51675416022641, 47.1353239548], [-112.5703125, 47.09160448144671], [-112.60986380825106, 47.06502518789999], [-112.640625, 47.050443936406324], [-112.7109375, 47.03237875348109], [-112.78125, 47.02314631816864], [-112.8515625, 47.02604331506083], [-112.92187499999999, 47.049105212509374], [-112.95296511214254, 47.065025187900005], [-112.9921875, 47.07513432448066], [-113.0625, 47.08911110107206], [-113.1328125, 47.109619002129676], [-113.203125, 47.133169315898854], [-113.20819158931822, 47.1353239548], [-113.2734375, 47.14903663365779], [-113.34375, 47.16446396930294], [-113.41406249999999, 47.20003933228679], [-113.42026173787195, 47.2056227217], [-113.484375, 47.26439532296722], [-113.50413082087258, 47.2759214885], [-113.5546875, 47.34384375447943], [-113.59430366575984, 47.2759214885], [-113.625, 47.25238776218716], [-113.66383715506913, 47.2056227217], [-113.66875673548068, 47.1353239548], [-113.67754464342389, 47.065025187900005], [-113.65371630541853, 46.994726421], [-113.6953125, 46.971495444051286], [-113.765625, 46.946828813171955], [-113.8359375, 46.94986530085389], [-113.90625000000001, 46.981558248679036], [-113.92450785764767, 46.994726421], [-113.9661135430599, 47.0650251879], [-113.96804200457188, 47.1353239548], [-113.9765625, 47.15501502471069], [-113.99123949301165, 47.2056227217], [-113.9765625, 47.27113082611143], [-113.97524489788755, 47.2759214885], [-113.9765625, 47.28098053562302], [-114.00227456240054, 47.3462202554], [-114.00747929569698, 47.416519022200006], [-113.98425698660908, 47.4868177891], [-113.97656250000001, 47.51470016096427], [-113.90625, 47.53839336218192], [-113.8359375, 47.529764466519296], [-113.765625, 47.496402239130816], [-113.75287584203072, 47.4868177891], [-113.6953125, 47.46844611366018], [-113.62507140020111, 47.4165190222], [-113.625, 47.41640928397285], [-113.6249300380725, 47.4165190222], [-113.62007129595897, 47.4868177891], [-113.625, 47.49993397026955], [-113.65463733519854, 47.5571165559], [-113.6953125, 47.60988503198102], [-113.7261842047099, 47.6274153227], [-113.74207748528806, 47.6977140895], [-113.70150745557653, 47.7680128564], [-113.6953125, 47.79464596477904], [-113.625, 47.833658042309445], [-113.5546875, 47.83756613417487], [-113.54894975252796, 47.8383116232], [-113.5546875, 47.85301176602578], [-113.56739821812792, 47.9086103899], [-113.56566344337206, 47.9789091567], [-113.625, 48.01602608552015], [-113.6761965078594, 47.9789091567], [-113.6953125, 47.96324615030143], [-113.765625, 47.94296307227961], [-113.82897970475186, 47.9789091567], [-113.76599598816757, 48.049207923500006], [-113.8359375, 48.10497033885643], [-113.84526056838229, 48.1195066903], [-113.90625, 48.153578232394665], [-113.95412120004951, 48.189805457], [-113.96232778845871, 48.2601042238], [-113.90625, 48.319087842007676], [-113.8359375, 48.30444923261764], [-113.765625, 48.30796492513461], [-113.6953125, 48.32657857109988], [-113.69331039168078, 48.3304029905], [-113.6953125, 48.333497751859746], [-113.71918400206029, 48.4007017573], [-113.70449722980598, 48.471000524], [-113.765625, 48.51999131016954], [-113.79084099621252, 48.5412992907], [-113.8359375, 48.58803576134138], [-113.85927463882058, 48.6115980574], [-113.90625, 48.641896100483585], [-113.94906682970026, 48.6818968241], [-113.9765625, 48.70760717477672], [-114.01741258465265, 48.7521955908], [-114.046875, 48.77139064574647], [-114.1171875, 48.811730759874564], [-114.1368245896509, 48.822494357500005], [-114.1875, 48.83518837737725], [-114.2578125, 48.87823201940989], [-114.28676642958362, 48.8927931242], [-114.328125, 48.94030564917533], [-114.36715257122181, 48.8927931242], [-114.35304279014863, 48.8224943575], [-114.328125, 48.799123501811664], [-114.29334084374615, 48.7521955908], [-114.2578125, 48.71919700849696], [-114.22173494664358, 48.6818968241], [-114.20585443784121, 48.6115980574], [-114.1875, 48.583271431499206], [-114.1628192490268, 48.54129929070001], [-114.1875, 48.52238973503879], [-114.2578125, 48.50322450098221], [-114.328125, 48.5140727647738], [-114.39414305006233, 48.541299290699996], [-114.3984375, 48.54287574241842], [-114.46875, 48.55887186727261], [-114.5390625, 48.57425856906051], [-114.609375, 48.58454216513136], [-114.67159926550971, 48.6115980574], [-114.6796875, 48.614471177378], [-114.75, 48.646643486821645], [-114.80356926003213, 48.681896824099994], [-114.8203125, 48.69792022083741], [-114.87585325790576, 48.7521955908], [-114.890625, 48.76744684521474], [-114.91304258681056, 48.82249435749999], [-114.9609375, 48.876670437397706], [-114.97706333646913, 48.8927931242], [-115.03125, 48.961076326019075], [-115.03343661326063, 48.963091890799994], [-115.06456893160963, 49.0333906575], [-115.08518892255881, 49.1036894241], [-115.07653002623101, 49.1739881908], [-115.0787617142484, 49.24428695739999], [-115.1015625, 49.28498005117105], [-115.12100048031445, 49.314585724], [-115.171875, 49.371013098160844], [-115.20610077590787, 49.3848844907], [-115.2421875, 49.39568919299116], [-115.3125, 49.39797690408635], [-115.38129344961692, 49.3848844907], [-115.3828125, 49.384553043713495], [-115.43725119475664, 49.314585724], [-115.4285396625728, 49.24428695739999], [-115.39875165378606, 49.1739881908], [-115.3828125, 49.156149503539126], [-115.31250000000001, 49.11071218731848], [-115.30408964517571, 49.1036894241], [-115.26996736642364, 49.0333906575], [-115.26652640163195, 48.9630918908], [-115.24806003003815, 48.8927931242], [-115.2421875, 48.87927422067108], [-115.20819816544454, 48.8224943575], [-115.171875, 48.7936686425204], [-115.1015625, 48.76382445617539], [-115.0840997730166, 48.7521955908], [-115.03125, 48.727573358984856], [-114.98246457018732, 48.68189682410001], [-114.9609375, 48.65155686235576], [-114.91915422615699, 48.6115980574], [-114.890625, 48.58073639778061], [-114.82628988336758, 48.5412992907], [-114.8203125, 48.538005914084486], [-114.75, 48.493658290982424], [-114.73047961103461, 48.471000524], [-114.6796875, 48.42765587672419], [-114.6429700273022, 48.4007017573], [-114.60937499999999, 48.33104019955491], [-114.60904220065353, 48.3304029905], [-114.56786351040799, 48.2601042238], [-114.609375, 48.21314141522359], [-114.66456479549154, 48.189805457], [-114.67968749999999, 48.181915744772674], [-114.75, 48.15806894679582], [-114.8203125, 48.14858816212873], [-114.85721782539434, 48.189805457], [-114.890625, 48.25660675625829], [-114.89156876621371, 48.2601042238], [-114.9609375, 48.3258482676062], [-114.96619335711631, 48.3304029905], [-115.03125, 48.36442781904731], [-115.1015625, 48.36303577127746], [-115.171875, 48.35916389036756], [-115.22129461729875, 48.4007017573], [-115.2421875, 48.41083957141343], [-115.3125, 48.46758830578914], [-115.31773865836144, 48.471000524], [-115.3828125, 48.50416894896604], [-115.453125, 48.52747103286759], [-115.48580026192859, 48.471000524], [-115.5234375, 48.45049053899103], [-115.59375, 48.43324831923247], [-115.6640625, 48.4311541019423], [-115.67125140154329, 48.471000524], [-115.734375, 48.48500555332621], [-115.8046875, 48.517722498462966], [-115.83781304814339, 48.5412992907], [-115.875, 48.58585942789098], [-115.90003374576017, 48.6115980574], [-115.9453125, 48.63094729357905], [-115.99679279610532, 48.6115980574], [-115.94653913195718, 48.5412992907], [-115.9453125, 48.531822624759144], [-115.9349998880285, 48.471000524], [-115.89142096558615, 48.4007017573], [-115.875, 48.39167396494535], [-115.8046875, 48.36536670448753], [-115.734375, 48.36617316031562], [-115.6640625, 48.3906099816969], [-115.62918832813827, 48.33040299049999], [-115.59375, 48.3131519590953], [-115.54848365254827, 48.2601042238], [-115.5234375, 48.22209042473695], [-115.50126666750191, 48.189805457], [-115.453125, 48.140961172422614], [-115.43272266106442, 48.1195066903], [-115.3828125, 48.065668767724155], [-115.3673789073689, 48.0492079235], [-115.3125, 47.986994481897646], [-115.30245214280409, 47.97890915669999], [-115.2421875, 47.94908159279686], [-115.171875, 47.92295727350252], [-115.13371283886418, 47.9086103899], [-115.1015625, 47.894387739805445], [-115.03125, 47.892245810943066], [-115.01018201759825, 47.908610389900005], [-114.96450735541161, 47.9789091567], [-115.03125, 48.04338221408911], [-115.0359159854134, 48.0492079235], [-115.03125, 48.07381858429365], [-114.9609375, 48.116273861226105], [-114.93986429401713, 48.1195066903], [-114.890625, 48.12748246032484], [-114.88070873797403, 48.11950669029999], [-114.84530642995419, 48.0492079235], [-114.8203125, 48.03682252465871], [-114.77081715726408, 47.9789091567], [-114.77632191303059, 47.9086103899], [-114.8203125, 47.87279647859037], [-114.84210322085346, 47.8383116232], [-114.88382421219119, 47.7680128564], [-114.89062500000001, 47.763939171857956], [-114.9609375, 47.743324770227154], [-115.01457811202694, 47.6977140895], [-115.03125, 47.68109112647475], [-115.0825471174585, 47.6274153227], [-115.1015625, 47.596111615412305], [-115.1262181401645, 47.5571165559], [-115.11957590194119, 47.4868177891], [-115.16437172796991, 47.4165190222], [-115.171875, 47.41005267626597], [-115.2421875, 47.35633681336983], [-115.25278940349538, 47.3462202554], [-115.25131172098847, 47.2759214885], [-115.2421875, 47.26566229896901], [-115.18639453261295, 47.205622721699996], [-115.171875, 47.19230129094517], [-115.1015625, 47.14501238671269], [-115.08082297697246, 47.1353239548], [-115.03125, 47.1144121861041], [-114.96298198027527, 47.0650251879], [-114.9609375, 47.061944613197646], [-114.91644618848801, 46.994726421], [-114.890625, 46.94808276184478], [-114.87203841706038, 46.9244276541], [-114.8203125, 46.89937780622719], [-114.75, 46.901768955766215], [-114.69432365478515, 46.9244276541], [-114.6796875, 46.929271516849624], [-114.65585683573252, 46.9244276541], [-114.67235330307679, 46.8541288872], [-114.6448868061552, 46.7838301203], [-114.65131458635233, 46.7135313534], [-114.6596414627656, 46.6432325865], [-114.66153663212343, 46.5729338195], [-114.609375, 46.505881962717936], [-114.54074709182098, 46.5729338195], [-114.5390625, 46.57418969941061], [-114.46875, 46.634695790913995], [-114.46429416614012, 46.6432325865], [-114.3984375, 46.70631897096746], [-114.328125, 46.70897938330937], [-114.2578125, 46.69702809270706], [-114.21718895869657, 46.6432325865], [-114.1875, 46.58244795951631], [-114.18132461218708, 46.57293381950001], [-114.17111170783852, 46.5026350526], [-114.1875, 46.48420633299402], [-114.24438872629798, 46.4323362857], [-114.1875, 46.37433885234414], [-114.16781725103729, 46.3620375187], [-114.1875, 46.34785083431009], [-114.2578125, 46.29213879064913], [-114.25864025732594, 46.2917387517], [-114.27263657286059, 46.2214399848], [-114.2578125, 46.202575849850845], [-114.20505365811857, 46.1511412178], [-114.22256688914841, 46.0808424508], [-114.20011641017948, 46.0105436838], [-114.18812689181374, 45.9402449168], [-114.1875, 45.939518585853456], [-114.1171875, 45.87161367150051], [-114.1144054756477, 45.8699461498], [-114.046875, 45.849119073876885], [-113.992223470141, 45.8699461498], [-113.9765625, 45.90342742331721], [-113.96687540868729, 45.9402449168], [-113.9765625, 45.950871869978734], [-114.046875, 46.00134176973039], [-114.05645202954985, 46.0105436838], [-114.046875, 46.0630024840584], [-114.04508299755096, 46.0808424508], [-114.046875, 46.08247568635302], [-114.1171875, 46.11476697918286], [-114.15566539748181, 46.1511412178], [-114.1171875, 46.175253320036404], [-114.06241981939752, 46.2214399848], [-114.046875, 46.27040893590479], [-114.039090979001, 46.29173875170001], [-113.97819175409877, 46.3620375187], [-113.9765625, 46.3667934302921], [-113.95214942426529, 46.4323362857], [-113.9540181309068, 46.5026350526], [-113.90625, 46.55079142989126], [-113.87882345895757, 46.5729338195], [-113.86490585839118, 46.6432325865], [-113.84214016181596, 46.7135313534], [-113.8359375, 46.71983189450456], [-113.765625, 46.73841472556522], [-113.6953125, 46.73857194627668], [-113.625, 46.738561447910115], [-113.5546875, 46.73745642832314], [-113.484375, 46.76036228001223], [-113.45663136441466, 46.7838301203], [-113.4140625, 46.831466697853934], [-113.39600210841665, 46.854128887200005], [-113.34375, 46.920179650424075], [-113.2734375, 46.90710088923737], [-113.203125, 46.8815737640054], [-113.14897659162816, 46.8541288872], [-113.1328125, 46.8168736805738], [-113.10400743045584, 46.7838301203], [-113.1328125, 46.772911377305626], [-113.203125, 46.74936188439352], [-113.26569380208475, 46.7135313534], [-113.2734375, 46.70710586682844], [-113.32401851337129, 46.6432325865], [-113.34375, 46.627422095008626], [-113.38487567851328, 46.57293381950001], [-113.34375, 46.550749080074716], [-113.2734375, 46.527238019667095], [-113.203125, 46.534732776955494], [-113.1328125, 46.54393911764235], [-113.0625, 46.54806827103192], [-112.9921875, 46.5477258925814], [-112.921875, 46.5181439578487], [-112.90615268631953, 46.5026350526], [-112.88577743446731, 46.4323362857], [-112.8515625, 46.418051929659484], [-112.79744476682451, 46.3620375187], [-112.84810280935868, 46.2917387517], [-112.8515625, 46.28961277903158], [-112.921875, 46.23041986738428], [-112.96607202946417, 46.2214399848], [-112.97996829918272, 46.1511412178], [-112.9921875, 46.09157665669907], [-112.99755565274839, 46.08084245079999], [-112.9921875, 46.077607704400044], [-112.921875, 46.05266308462329], [-112.8515625, 46.04077314958876], [-112.79903358269488, 46.0105436838], [-112.78125, 46.00000211775591], [-112.7109375, 45.94987725663948], [-112.67715174494555, 45.9402449168], [-112.640625, 45.932606141937235], [-112.60052796157231, 45.9402449168], [-112.5703125, 46.00066405948925], [-112.56947540044878, 46.0105436838], [-112.5703125, 46.02217190666023], [-112.57874897396644, 46.08084245079999], [-112.5703125, 46.10768363749621], [-112.54888311947502, 46.1511412178], [-112.56422637567238, 46.2214399848], [-112.5703125, 46.2324075889549], [-112.59467840321959, 46.2917387517], [-112.5703125, 46.320818059193364], [-112.5264866085945, 46.3620375187], [-112.5686894108253, 46.4323362857], [-112.5, 46.497373376972845], [-112.4849512792931, 46.5026350526], [-112.4296875, 46.52532378001115], [-112.359375, 46.51977390994936], [-112.32375349653081, 46.5026350526], [-112.2890625, 46.48436096505076], [-112.24811634152405, 46.4323362857], [-112.23428372512555, 46.3620375187], [-112.27800291183185, 46.2917387517], [-112.2890625, 46.25825410893161], [-112.29801493507918, 46.2214399848], [-112.2890625, 46.209373131518575], [-112.21875, 46.16370870143726], [-112.19397098532929, 46.1511412178], [-112.1484375, 46.13385758284384], [-112.078125, 46.09350684169419], [-112.05571439376055, 46.0808424508], [-112.02911138643798, 46.0105436838], [-112.078125, 45.97759135955887], [-112.1484375, 45.96166122262764], [-112.21875, 45.95353888972072], [-112.2476669426113, 45.9402449168], [-112.2890625, 45.894662131238135], [-112.31317902412195, 45.8699461498], [-112.303850797477, 45.7996473828], [-112.2890625, 45.78562164276486], [-112.21875, 45.760354262190646], [-112.1484375, 45.75213694230104], [-112.07812500000001, 45.752695006421646], [-112.0078125, 45.75191149947393], [-111.95983105648187, 45.7293486158], [-111.9375, 45.715130529159296], [-111.88581958176164, 45.6590498488], [-111.8671875, 45.62854342249469], [-111.8362535522399, 45.5887510817], [-111.81336600666326, 45.5184523147], [-111.796875, 45.48426043475717], [-111.78109455242927, 45.448153547699995], [-111.77157182157421, 45.3778547806], [-111.7265625, 45.33232638400528], [-111.65625, 45.352694252317], [-111.64569803377836, 45.3778547806], [-111.61007864593846, 45.4481535477], [-111.5859375, 45.47148654597662], [-111.515625, 45.510559956137854], [-111.4453125, 45.5150129121492], [-111.375, 45.509822494223215], [-111.3046875, 45.50592644167519], [-111.234375, 45.506269802822594], [-111.2055690602489, 45.5184523147], [-111.1640625, 45.53377969324256], [-111.09375, 45.56202556277208], [-111.05166736293745, 45.588751081699996], [-111.0234375, 45.63117588407364], [-110.96802531490056, 45.659049848799995], [-110.953125, 45.669858146620314], [-110.8828125, 45.696407739270256], [-110.8125, 45.68783210915515], [-110.78153166395839, 45.6590498488], [-110.8125, 45.59756579294849], [-110.81528592493098, 45.5887510817], [-110.85190583163418, 45.5184523147], [-110.8828125, 45.49034054665968], [-110.9253661940576, 45.4481535477], [-110.8828125, 45.396139608237206], [-110.869629204842, 45.3778547806], [-110.8828125, 45.35009808457838], [-110.90348248905852, 45.3075560136], [-110.94797580562049, 45.2372572465], [-110.953125, 45.23205266113411], [-111.0234375, 45.17552875718534], [-111.04504552926966, 45.1669584794], [-111.0628974165392, 45.096659712299996], [-111.0234375, 45.069197882284584], [-110.98016799400365, 45.0263609453], [-111.0234375, 44.95965304506965], [-111.02425575307039, 44.9560621782], [-111.0234375, 44.95563061529709], [-110.953125, 44.954013956573824], [-110.8828125, 44.94661879038266], [-110.8125, 44.922593032572664], [-110.7670619959076, 44.8857634111], [-110.79613157009612, 44.815464644], [-110.8125, 44.80680557040232], [-110.8828125, 44.792462267298006], [-110.953125, 44.80117735965502], [-111.0234375, 44.808758339742425], [-111.09375, 44.81078829084575], [-111.1640625, 44.807655604093036], [-111.234375, 44.79123341573073], [-111.3028598517605, 44.7451658768], [-111.3046875, 44.709182398249595], [-111.30996782197073, 44.6748671097], [-111.32220794143363, 44.6045683426], [-111.3046875, 44.5554161295631], [-111.2658629296308, 44.5342695755], [-111.3046875, 44.526008234790446], [-111.375, 44.50209808893394], [-111.44203939762993, 44.4639708083], [-111.4453125, 44.46309554997514], [-111.51562499999999, 44.44785294079531], [-111.5859375, 44.425152299155606], [-111.62866905322578, 44.3936720412], [-111.5859375, 44.33333489259025], [-111.58150924885996, 44.323373274000005], [-111.5859375, 44.32084122368649], [-111.65625, 44.32043375581236], [-111.66605513282721, 44.323373274], [-111.7265625, 44.34745288141382], [-111.796875, 44.35653418282411], [-111.8671875, 44.37917332951711], [-111.9375, 44.37188631833886], [-112.0078125, 44.338679637300196], [-112.03993379072332, 44.323373274], [-112.078125, 44.30244004928832], [-112.1484375, 44.2813670177449], [-112.21875, 44.270278752232805], [-112.2890625, 44.2636706323855], [-112.359375, 44.26334891159694], [-112.4296875, 44.26392814127689], [-112.5, 44.26479217210503], [-112.55839840426992, 44.2530745069], [-112.5703125, 44.24850151972856], [-112.640625, 44.20881408347985], [-112.7109375, 44.186878399141726], [-112.72331515292211, 44.1827757397], [-112.78125, 44.1532328007677], [-112.8409969308607, 44.1124769726], [-112.84801982760696, 44.0421782054], [-112.8515625, 44.037629026458724], [-112.90740102909275, 43.97187943819999], [-112.921875, 43.96394107419788], [-112.9921875, 43.96225528094682], [-113.0372413168908, 43.9718794382], [-113.0625, 43.980690999488594], [-113.12083555418997, 43.9718794382], [-113.1328125, 43.97016000771967], [-113.203125, 43.94417646769348], [-113.24155533317557, 43.90158067099999], [-113.24937610942854, 43.8312819038], [-113.2734375, 43.81132376015522], [-113.34375, 43.82195946936102], [-113.38846703461164, 43.8312819038], [-113.4140625, 43.83627345101162], [-113.43162074249065, 43.8312819038], [-113.484375, 43.81117509499276], [-113.52359738785748, 43.7609831366], [-113.51150071451218, 43.6906843694], [-113.484375, 43.62326893940105], [-113.48192135894007, 43.620385602199995], [-113.484375, 43.59903881679548], [-113.48866855630021, 43.550086835], [-113.51496246588181, 43.4797880678], [-113.52418248413042, 43.4094893005], [-113.5546875, 43.38399616805391], [-113.625, 43.36328312604897], [-113.6953125, 43.357482828032396], [-113.765625, 43.35645318358616], [-113.8359375, 43.35967517306526], [-113.90625, 43.35069084712253], [-113.97433499287595, 43.3391905333], [-113.9765625, 43.338696435645666], [-114.046875, 43.33353453004731], [-114.11718750000001, 43.32978122244343], [-114.13552090658635, 43.3391905333], [-114.1875, 43.34944449517321], [-114.2578125, 43.36494150280322], [-114.328125, 43.376830269033874], [-114.39843749999999, 43.390091843177146], [-114.46875, 43.3860124869924], [-114.5390625, 43.37714482946039], [-114.609375, 43.373170590718075], [-114.6796875, 43.36799889816907], [-114.75, 43.36470438769578], [-114.8203125, 43.36555605029779], [-114.890625, 43.374028371321906], [-114.9609375, 43.3895483455796], [-115.03125, 43.39563160167639], [-115.1015625, 43.3978849705057], [-115.11973886916937, 43.4094893005], [-115.171875, 43.436752539908554], [-115.2421875, 43.438533155993014], [-115.3125, 43.44475584246349], [-115.35758451530182, 43.4797880678], [-115.38281250000001, 43.52362813605028], [-115.453125, 43.51115445558787], [-115.51976404845733, 43.4797880678], [-115.52343750000001, 43.474146854476764], [-115.54522311696172, 43.4797880678], [-115.59375, 43.500458197682335], [-115.61515019903231, 43.550086835], [-115.63924090648109, 43.6203856022], [-115.62794778547021, 43.6906843694], [-115.59375, 43.725598419405614], [-115.5234375, 43.752735854355436], [-115.49870761726001, 43.7609831366], [-115.5234375, 43.80104914626247], [-115.55881324011844, 43.8312819038], [-115.59375, 43.85161190791801], [-115.6640625, 43.871709505550086], [-115.73437499999999, 43.88618380745021], [-115.8046875, 43.87797619830197], [-115.85502765582424, 43.831281903800004], [-115.875, 43.82201897362545], [-115.9453125, 43.82541641900034], [-115.9928321980172, 43.8312819038], [-115.9453125, 43.85360222921629], [-115.91281164903016, 43.901580671], [-115.875, 43.924304546600574], [-115.8046875, 43.937673567582834], [-115.79216716411499, 43.9718794382], [-115.76245485369279, 44.0421782054], [-115.734375, 44.10345591370886], [-115.73205516437324, 44.1124769726], [-115.734375, 44.11514228516146], [-115.79390406809854, 44.18277573969999], [-115.8046875, 44.19019195759643], [-115.875, 44.22094124773692], [-115.91620889115441, 44.2530745069], [-115.9453125, 44.2698925745177], [-116.015625, 44.267885434857455], [-116.06367732924531, 44.2530745069], [-116.0859375, 44.241911711582205], [-116.10758872773008, 44.2530745069], [-116.15625, 44.29082552911683], [-116.17396879386393, 44.323373274000005], [-116.21152412459472, 44.39367204119999], [-116.22425543403264, 44.4639708083], [-116.2265625, 44.48683259037214], [-116.23123031050619, 44.5342695755], [-116.296875, 44.580785362009486], [-116.33187679431309, 44.6045683426], [-116.35287788422997, 44.6748671097], [-116.35278137612444, 44.7451658768], [-116.296875, 44.797881442709865], [-116.27231890332, 44.815464644], [-116.2265625, 44.87155975317133], [-116.21220063501903, 44.8857634111], [-116.2265625, 44.915933939755085], [-116.296875, 44.95222391578322], [-116.33497860735832, 44.9560621782], [-116.3671875, 44.957479770555075], [-116.36881127518683, 44.9560621782], [-116.4375, 44.897443370461644], [-116.45814613959098, 44.8857634111], [-116.49546729185614, 44.815464644], [-116.50781249999999, 44.805741069859224], [-116.55400089425164, 44.7451658768], [-116.578125, 44.714837530097384], [-116.6484375, 44.6861372171854], [-116.68934664531483, 44.6748671097], [-116.71874999999999, 44.644376507673385], [-116.7890625, 44.61887301631269], [-116.859375, 44.60984309356027], [-116.9296875, 44.608383066946224], [-116.9980654107064, 44.6748671097], [-116.93230704759634, 44.7451658768], [-116.9296875, 44.75103668222871], [-116.91225816966752, 44.815464644], [-116.859375, 44.86631847226695], [-116.84364329953873, 44.8857634111], [-116.7890625, 44.92089265590941], [-116.71875, 44.94919218666746], [-116.7016633791861, 44.9560621782], [-116.71875, 44.98379404715139], [-116.74434631790047, 45.0263609453], [-116.71875, 45.05602428448867], [-116.7059924576678, 45.0966597123], [-116.71875, 45.11615113373573], [-116.77980555698709, 45.1669584794], [-116.78878413750033, 45.2372572465], [-116.7890625, 45.23779710259766], [-116.859375, 45.2634307392635], [-116.90648985892592, 45.2372572465], [-116.859375, 45.19009181532778], [-116.81939116574621, 45.1669584794], [-116.85937499999999, 45.153364841299236], [-116.89152057732575, 45.0966597123], [-116.9296875, 45.04811922748104], [-116.9794151539972, 45.0263609453], [-117.0, 45.013022734960586], [-117.0703125, 44.97790172940366], [-117.140625, 44.958784089566564], [-117.1542276141497, 44.9560621782], [-117.2109375, 44.93365923630465], [-117.28124999999999, 44.95266696977765], [-117.29219522460939, 44.9560621782], [-117.3515625, 44.96202749450959], [-117.421875, 44.961838603067974], [-117.4921875, 44.96128016132839], [-117.5625, 44.96535003264529], [-117.6328125, 44.97798998503908], [-117.703125, 45.01642105785887], [-117.71581740221248, 45.0263609453], [-117.76760997640085, 45.0966597123], [-117.7734375, 45.10514426316991], [-117.84375, 45.16605989904969], [-117.86231746181018, 45.09665971230001], [-117.84375000000001, 45.05843079528158], [-117.80700260615396, 45.0263609453], [-117.84375, 44.98575748917709], [-117.9140625, 44.95679432625202], [-117.92516675179098, 44.9560621782], [-117.984375, 44.939904625275545], [-118.00076903506606, 44.8857634111], [-117.9989268222763, 44.815464644], [-118.0546875, 44.76033830931617], [-118.125, 44.74819287912551], [-118.15128502218047, 44.7451658768], [-118.1953125, 44.72674910612286], [-118.265625, 44.71882770950341], [-118.3359375, 44.708920830756696], [-118.40625, 44.694552447758], [-118.41785600152451, 44.6748671097], [-118.42960243816921, 44.6045683426], [-118.4765625, 44.57394819853412], [-118.546875, 44.57091212894201], [-118.6171875, 44.57052395028167], [-118.6875, 44.57216771325547], [-118.7578125, 44.60187908062977], [-118.76776471361376, 44.60456834259999], [-118.828125, 44.61027775560508], [-118.86057676929785, 44.6045683426], [-118.8984375, 44.5880019426554], [-118.96875, 44.57992272261676], [-119.0390625, 44.58570653997065], [-119.109375, 44.58631764254097], [-119.17968750000001, 44.581158433973], [-119.25, 44.5807573420426], [-119.3203125, 44.58377895266361], [-119.390625, 44.574375810782584], [-119.45798377456045, 44.5342695755], [-119.46093749999999, 44.53263080176741], [-119.46852908881118, 44.5342695755], [-119.50810676895037, 44.6045683426], [-119.53125, 44.63744224410919], [-119.5539865830485, 44.6748671097], [-119.6015625, 44.722788700888145], [-119.61069226206567, 44.7451658768], [-119.6015625, 44.755228094892594], [-119.53125, 44.776336554248545], [-119.4609375, 44.78273449436162], [-119.390625, 44.786051262519685], [-119.3203125, 44.79068038095747], [-119.25, 44.79724877104133], [-119.19255960116607, 44.815464644], [-119.17968749999999, 44.82386193276885], [-119.109375, 44.87448427133268], [-119.08208692131598, 44.8857634111], [-119.03906250000001, 44.914513081003975], [-118.97315275737593, 44.9560621782], [-118.96875, 44.959600680859594], [-118.8984375, 44.99990013663772], [-118.8634111957725, 45.0263609453], [-118.828125, 45.05567754780189], [-118.78397377323111, 45.0966597123], [-118.77996841478155, 45.166958479399995], [-118.828125, 45.1805523959835], [-118.8984375, 45.19764583005706], [-118.96875, 45.20818307462706], [-119.02836977762755, 45.2372572465], [-118.96875, 45.28925120055964], [-118.95269720194764, 45.307556013600006], [-118.8984375, 45.33400350912908], [-118.828125, 45.34852571005072], [-118.7578125, 45.35730680085561], [-118.6875, 45.37358200383044], [-118.67468910350777, 45.3778547806], [-118.64828734217838, 45.4481535477], [-118.6171875, 45.47069570938924], [-118.546875, 45.48702421074839], [-118.4765625, 45.496018919109716], [-118.40625, 45.48835621649654], [-118.38383854814492, 45.5184523147], [-118.40625, 45.555539891860946], [-118.43232256299225, 45.5887510817], [-118.40625, 45.627276060858165], [-118.38790796346369, 45.6590498488], [-118.3359375, 45.68729511764712], [-118.265625, 45.70607980082082], [-118.20408590340301, 45.7293486158], [-118.20083163754101, 45.7996473828], [-118.19531249999999, 45.8027455433814], [-118.13871145960707, 45.8699461498], [-118.16353783507034, 45.9402449168], [-118.12500000000001, 45.94544000957439], [-118.06383526219803, 46.0105436838], [-118.0546875, 46.01399619803176], [-117.984375, 46.05571985306932], [-117.95529987121216, 46.0808424508], [-117.93442253593236, 46.1511412178], [-117.9140625, 46.16537051976234], [-117.84375, 46.20195127599947], [-117.7734375, 46.21819107164794], [-117.7562048143236, 46.2214399848], [-117.703125, 46.2664523249299], [-117.6328125, 46.28908787303604], [-117.62489701698759, 46.2917387517], [-117.5625, 46.330194195200214], [-117.49556324981405, 46.3620375187], [-117.4921875, 46.36583449471476], [-117.48969979598361, 46.3620375187], [-117.421875, 46.3381578676951], [-117.35844001428151, 46.2917387517], [-117.3515625, 46.285603171193095], [-117.289655616315, 46.2214399848], [-117.2989737691507, 46.1511412178], [-117.3515625, 46.11541352805911], [-117.421875, 46.093126606416625], [-117.47936314972293, 46.0808424508], [-117.4921875, 46.07266744900499], [-117.5625, 46.03486414543546], [-117.58066404155795, 46.01054368380001], [-117.6328125, 45.9861024374373], [-117.703125, 45.950412705377886], [-117.7132401480147, 45.9402449168], [-117.7734375, 45.892259684499514], [-117.78895480510754, 45.8699461498], [-117.84375, 45.803164084721], [-117.84800017800717, 45.7996473828], [-117.85430249721728, 45.7293486158], [-117.9140625, 45.66570607832438], [-117.92930810007763, 45.6590498488], [-117.9140625, 45.65195779395677], [-117.84375, 45.6497074369342], [-117.7734375, 45.648630803080145], [-117.76033670878554, 45.65904984880001], [-117.703125, 45.71188905583341], [-117.67723424807818, 45.7293486158], [-117.703125, 45.765431704997766], [-117.73520846669379, 45.7996473828], [-117.703125, 45.808124239201376], [-117.6328125, 45.83672201704529], [-117.5625, 45.84550200659433], [-117.4921875, 45.84564478029037], [-117.421875, 45.845273553702384], [-117.3515625, 45.84236382227478], [-117.28125, 45.8479303096063], [-117.2109375, 45.86221122532871], [-117.19645726614658, 45.8699461498], [-117.140625, 45.903201427129275], [-117.0703125, 45.92459317946904], [-117.0, 45.924319672231434], [-116.9296875, 45.91333467695452], [-116.859375, 45.871958337751465], [-116.85718288260286, 45.86994614980001], [-116.859375, 45.86270959124414], [-116.87786700069384, 45.7996473828], [-116.86842188618894, 45.7293486158], [-116.859375, 45.69984556511555], [-116.84590582096772, 45.6590498488], [-116.7890625, 45.627995637525814], [-116.71875, 45.63000249608339], [-116.6484375, 45.632157599754606], [-116.578125, 45.63042697351004], [-116.5078125, 45.62668964565415], [-116.4375, 45.621045224069846], [-116.388918445629, 45.5887510817], [-116.3671875, 45.57178225268837], [-116.31290410502147, 45.5887510817], [-116.296875, 45.625745615178744], [-116.28552389228133, 45.6590498488], [-116.2265625, 45.687010973530285], [-116.20915070148583, 45.7293486158], [-116.1955565679838, 45.7996473828], [-116.15625, 45.8395788519896], [-116.12262973964303, 45.8699461498], [-116.0859375, 45.89122728344841], [-116.03988524305706, 45.9402449168], [-116.015625, 45.95261282215182], [-115.9453125, 45.969483916219296], [-115.875, 45.989261823398806], [-115.8537768671251, 46.010543683799995], [-115.82206921620892, 46.080842450800006], [-115.8046875, 46.09942905923347], [-115.734375, 46.126800442369905], [-115.6640625, 46.14017482285822], [-115.59375, 46.144993846721064], [-115.5234375, 46.147160356417636], [-115.50772424595456, 46.1511412178], [-115.453125, 46.212754382178815], [-115.44164281153266, 46.2214399848], [-115.453125, 46.247020868710734], [-115.5234375, 46.27234295033747], [-115.59375, 46.272496012183325], [-115.6640625, 46.26446777508569], [-115.734375, 46.2613942976793], [-115.79610583561366, 46.2917387517], [-115.8046875, 46.297517111259964], [-115.875, 46.33017581893995], [-115.9453125, 46.32631812254188], [-116.015625, 46.30826369237527], [-116.0859375, 46.3026295124768], [-116.15625, 46.30049760515708], [-116.2016336712661, 46.2917387517], [-116.2265625, 46.27741958722798], [-116.296875, 46.227736204192475], [-116.30619177322347, 46.2214399848], [-116.3671875, 46.18679548229642], [-116.39517203423047, 46.1511412178], [-116.4375, 46.1327230102665], [-116.5078125, 46.1134384471256], [-116.578125, 46.102463846688586], [-116.6484375, 46.0958999895079], [-116.71875, 46.10228577040378], [-116.7890625, 46.12183849801487], [-116.83899111238571, 46.1511412178], [-116.82106984635871, 46.2214399848], [-116.7890625, 46.257089807636476], [-116.7580058683038, 46.2917387517], [-116.71875, 46.305811528369084], [-116.64923659246793, 46.36203751869999], [-116.6484375, 46.36283645509416], [-116.578125, 46.37733260150184], [-116.50781250000001, 46.38580732537566], [-116.44669333582083, 46.4323362857], [-116.4375, 46.44598109139731], [-116.3671875, 46.459268131623205], [-116.31970627146035, 46.4323362857], [-116.296875, 46.41254326244214], [-116.2265625, 46.40731918896801], [-116.16331461934115, 46.4323362857], [-116.15625, 46.43731039804423], [-116.0859375, 46.483913498563275], [-116.06907989465557, 46.5026350526], [-116.015625, 46.54859969399754], [-115.9791989091824, 46.5729338195], [-115.9453125, 46.60341533254472], [-115.875, 46.62885425957956], [-115.8046875, 46.64201328354221], [-115.80199500598856, 46.6432325865], [-115.79058683161767, 46.7135313534], [-115.734375, 46.78000680370834], [-115.7313503917304, 46.7838301203], [-115.73105968185097, 46.8541288872], [-115.734375, 46.85556347118994], [-115.8046875, 46.872686336634025], [-115.875, 46.86147409366951], [-115.91240789646797, 46.8541288872], [-115.9453125, 46.83738942047325], [-116.015625, 46.80273979146094], [-116.06382533682859, 46.7838301203], [-116.08593749999999, 46.76740375408948], [-116.15625, 46.74133469076533], [-116.2265625, 46.73775694219674], [-116.296875, 46.731577963404895], [-116.33770350782159, 46.7135313534], [-116.3671875, 46.68318270020205], [-116.4375, 46.660016675209704], [-116.5078125, 46.65744570405533], [-116.578125, 46.68824353239328], [-116.64618000496094, 46.7135313534], [-116.6484375, 46.71433778998901], [-116.71875, 46.724624099848384], [-116.75230316373543, 46.7135313534], [-116.78906249999999, 46.69917775612872], [-116.859375, 46.66758436214347], [-116.88976401798622, 46.6432325865], [-116.9296875, 46.607511995533436], [-116.99656098114963, 46.5729338195], [-117.0, 46.57152966293755], [-117.07031249999999, 46.559231368752116], [-117.10157118852666, 46.57293381950001], [-117.0703125, 46.630796687929895], [-117.06172413059569, 46.6432325865], [-117.00187151146939, 46.7135313534], [-117.00000000000001, 46.72966192279641], [-116.98905097543368, 46.7838301203], [-116.9296875, 46.817361591360026], [-116.89108949181906, 46.8541288872], [-116.88828048978473, 46.9244276541], [-116.859375, 46.944460501228626], [-116.7890625, 46.9537765971465], [-116.71875, 46.965703586954724], [-116.69082323336988, 46.994726421], [-116.71875, 47.0153107451976], [-116.7890625, 47.0242757274915], [-116.859375, 47.015205128199845], [-116.9296875, 47.01835425079073], [-116.99897721667512, 47.0650251879], [-116.9296875, 47.120190946894475], [-116.90191315502378, 47.1353239548], [-116.859375, 47.171582447190566], [-116.7890625, 47.19810390343142], [-116.77346256349796, 47.205622721699996], [-116.72021296100233, 47.2759214885], [-116.71874999999999, 47.2775431882206], [-116.6484375, 47.32724024735188], [-116.61398039615597, 47.3462202554], [-116.578125, 47.39989409134644], [-116.55499845665682, 47.4165190222], [-116.578125, 47.43071866857761], [-116.6484375, 47.43971660237144], [-116.69146401137345, 47.4868177891], [-116.6484375, 47.53156770814017], [-116.578125, 47.547177599202115], [-116.5078125, 47.55365296546309], [-116.4375, 47.48823673360876], [-116.3671875, 47.5267767011077], [-116.296875, 47.54605671748731], [-116.25915185591867, 47.5571165559], [-116.2265625, 47.57077953023919], [-116.15625000000001, 47.57634473953483], [-116.0859375, 47.5668243679112], [-116.015625, 47.622793174087114], [-116.01138866702739, 47.6274153227], [-116.015625, 47.62936617739238], [-116.0859375, 47.65340663885254], [-116.15625, 47.663005963751175], [-116.2265625, 47.6681890824072], [-116.296875, 47.65738256062813], [-116.35431201787543, 47.6274153227], [-116.3671875, 47.61515801913863], [-116.4375, 47.58101549477848], [-116.5078125, 47.558133604631095], [-116.578125, 47.56946211524719], [-116.6420165811385, 47.6274153227], [-116.6484375, 47.63956006437738], [-116.71875, 47.69399436289297], [-116.7291711625148, 47.6977140895], [-116.7535686108225, 47.7680128564], [-116.71874999999999, 47.77369641844272], [-116.6484375, 47.80426023197113], [-116.63177455752228, 47.8383116232], [-116.58236780430188, 47.9086103899], [-116.57812499999999, 47.913079853376374], [-116.51544641752784, 47.9789091567], [-116.5078125, 48.04089940025891], [-116.4375, 48.03950575293843], [-116.3671875, 48.039135818155785], [-116.34110227746342, 48.0492079235], [-116.296875, 48.07811313761928], [-116.24241678644037, 48.1195066903], [-116.28970128069449, 48.189805457], [-116.296875, 48.21185176095558], [-116.32223160193467, 48.2601042238], [-116.33897582129225, 48.3304029905], [-116.3671875, 48.37418983502671], [-116.40381124856103, 48.4007017573], [-116.4278837127874, 48.471000524], [-116.4375, 48.47559604567295], [-116.44463774710454, 48.471000524], [-116.46284022628883, 48.4007017573], [-116.48481407964755, 48.330402990500005], [-116.5078125, 48.30740906215403], [-116.56147127234169, 48.2601042238], [-116.578125, 48.23164675213214], [-116.64306164023296, 48.189805457], [-116.6484375, 48.171853048492814], [-116.68437563956323, 48.1195066903], [-116.70113258012454, 48.0492079235], [-116.71875, 48.042593695348316], [-116.7890625, 48.02331915324851], [-116.83892115818844, 47.9789091567], [-116.859375, 47.91746145114], [-116.86440042587692, 47.9086103899], [-116.86304369451513, 47.8383116232], [-116.859375, 47.82651546778699], [-116.80022215635319, 47.7680128564], [-116.859375, 47.730958534966646], [-116.9296875, 47.7178072171487], [-117.0, 47.74680972752221], [-117.00765397899761, 47.7680128564], [-117.0703125, 47.81621817033562], [-117.0910021888957, 47.8383116232], [-117.13024071794375, 47.9086103899], [-117.140625, 47.9234393079214], [-117.2109375, 47.968235557815355], [-117.28125, 47.973798058976385], [-117.34209817079136, 47.9789091567], [-117.28125, 47.983797784700315], [-117.2109375, 47.98875308481785], [-117.140625, 48.01899660843114], [-117.0703125, 48.04340917135113], [-117.05777529643069, 48.049207923500006], [-117.0, 48.10044150971446], [-116.9296875, 48.10933805650846], [-116.859375, 48.1112077167017], [-116.7890625, 48.11935385268596], [-116.78822495853075, 48.1195066903], [-116.7890625, 48.119621355350105], [-116.859375, 48.12863393762133], [-116.9296875, 48.135130758095244], [-117.0, 48.15133144577777], [-117.05205132821277, 48.189805457], [-117.0703125, 48.195961526357124], [-117.140625, 48.229492558747424], [-117.1770405405575, 48.2601042238], [-117.2109375, 48.293432612272596], [-117.24010292882366, 48.3304029905], [-117.28125, 48.38499871008378], [-117.34525655019398, 48.3304029905], [-117.28454614808219, 48.2601042238], [-117.3515625, 48.19082026370675], [-117.36270705186186, 48.189805457], [-117.421875, 48.1470574069917], [-117.4921875, 48.15222169792956], [-117.53966367429518, 48.18980545699999], [-117.5625, 48.19516132537691], [-117.63281250000001, 48.25986087166682], [-117.63292429231822, 48.26010422379999], [-117.6881041388307, 48.3304029905], [-117.70149317291288, 48.4007017573], [-117.65916951980657, 48.471000524], [-117.703125, 48.50626458111988], [-117.77343749999999, 48.53586230394451], [-117.78232735977656, 48.541299290699996], [-117.77343750000001, 48.55236529803015], [-117.76241586334287, 48.6115980574], [-117.7734375, 48.62372845723462], [-117.83209454996958, 48.6818968241], [-117.84375, 48.715361566548104], [-117.87584428814789, 48.7521955908], [-117.84375, 48.768443392588054], [-117.7734375, 48.81943801250133], [-117.76455527938643, 48.8224943575], [-117.703125, 48.86814691510925], [-117.64680209600387, 48.8927931242], [-117.6328125, 48.93948164110385], [-117.62357472525908, 48.9630918908], [-117.6328125, 48.96806615935312], [-117.703125, 48.984633260040134], [-117.7734375, 48.965966112125756], [-117.78767961717492, 48.9630918908], [-117.84375, 48.947452606380196], [-117.90607026676884, 48.9630918908], [-117.9140625, 48.96362676003842], [-117.984375, 48.971221861521116], [-118.0546875, 48.9756225940269], [-118.125, 48.98670831463637], [-118.17403495084612, 49.03339065750001], [-118.1953125, 49.05506610585013], [-118.23325284587072, 49.1036894241], [-118.265625, 49.14897801815529], [-118.30144152246473, 49.1739881908], [-118.3359375, 49.187098202105744], [-118.40625, 49.18117065135506], [-118.44371385104313, 49.1739881908], [-118.47656249999999, 49.16176403467826], [-118.51079817134308, 49.1036894241], [-118.50294164715598, 49.0333906575], [-118.48576576031607, 48.9630918908], [-118.4765625, 48.95879634881744], [-118.46076544065222, 48.9630918908], [-118.40625, 48.98343042717413], [-118.3359375, 48.99305804545705], [-118.265625, 48.98109745031402], [-118.2309146148605, 48.9630918908], [-118.265625, 48.925853121028574], [-118.28457284576854, 48.8927931242], [-118.265625, 48.83108114328542], [-118.26275347681533, 48.822494357500005], [-118.21031023600372, 48.7521955908], [-118.1953125, 48.73164536218742], [-118.125, 48.70545506129398], [-118.05923682690742, 48.6818968241], [-118.0546875, 48.67985939629278], [-117.984375, 48.639121132198255], [-117.94565041306628, 48.6115980574], [-117.984375, 48.568802532109665], [-118.0546875, 48.54939403738818], [-118.125, 48.569101180990884], [-118.17540965107375, 48.6115980574], [-118.1953125, 48.627562037573924], [-118.21352216681912, 48.6115980574], [-118.23492346063249, 48.5412992907], [-118.265625, 48.519765427429846], [-118.2964257698901, 48.471000524], [-118.30687370512973, 48.4007017573], [-118.3359375, 48.34972654344464], [-118.34350240123038, 48.3304029905], [-118.3359375, 48.29211099148783], [-118.31700226106008, 48.2601042238], [-118.3189172950568, 48.189805457000006], [-118.29553596237517, 48.1195066903], [-118.3359375, 48.087049103109315], [-118.36660906472923, 48.0492079235], [-118.40625000000001, 48.01815683158675], [-118.4765625, 48.00260185773428], [-118.546875, 48.00267011656045], [-118.6171875, 47.99502151480373], [-118.65630377836834, 47.9789091567], [-118.6875, 47.96449655141029], [-118.71374057276482, 47.9789091567], [-118.71087515980298, 48.049207923500006], [-118.74176163289576, 48.1195066903], [-118.7578125, 48.14494989430907], [-118.81004262582276, 48.189805457000006], [-118.828125, 48.19854066338013], [-118.8984375, 48.194892962481575], [-118.92398077678268, 48.189805457], [-118.96875, 48.153347329259915], [-119.0390625, 48.18797246636852], [-119.0429583653481, 48.189805457], [-119.109375, 48.19870164497812], [-119.1796875, 48.21597175125905], [-119.25, 48.25035932072387], [-119.27193386329678, 48.260104223800006], [-119.3203125, 48.316425626751794], [-119.33083323449557, 48.3304029905], [-119.38947216725356, 48.4007017573], [-119.390625, 48.4094118795361], [-119.40295991016093, 48.471000524000004], [-119.390625, 48.49169530416148], [-119.37105515926893, 48.5412992907], [-119.3203125, 48.58889665833374], [-119.25, 48.606273464536685], [-119.23059947630136, 48.6115980574], [-119.25, 48.64236528445247], [-119.27782139110492, 48.6818968241], [-119.3203125, 48.70010825151776], [-119.390625, 48.709799123527844], [-119.4609375, 48.75058080821886], [-119.46255259803894, 48.7521955908], [-119.4609375, 48.75390307617852], [-119.390625, 48.807122076507156], [-119.37232337555902, 48.8224943575], [-119.34926579691259, 48.8927931242], [-119.36549182195981, 48.9630918908], [-119.37196898055906, 49.0333906575], [-119.390625, 49.054788662471175], [-119.43953531476541, 49.1036894241], [-119.4609375, 49.12673059426022], [-119.50820432860431, 49.1739881908], [-119.53125, 49.23784649352625], [-119.53957032120759, 49.2442869574], [-119.53125, 49.280882770774724], [-119.52722358284039, 49.314585724], [-119.5217769308386, 49.3848844907], [-119.50957533259643, 49.4551832573], [-119.53125, 49.48650352235259], [-119.5702361162503, 49.5254820238], [-119.60059127621851, 49.5957807904], [-119.5885865851822, 49.666079557], [-119.59413480357837, 49.7363783236], [-119.53125, 49.78593950954756], [-119.49683272827531, 49.8066770901], [-119.4609375, 49.836776196737105], [-119.390625, 49.86329122093172], [-119.3435035839465, 49.8769758567], [-119.3203125, 49.905018805746444], [-119.30677861984802, 49.9472746232], [-119.3203125, 49.967268993318584], [-119.36014830481686, 50.0175733898], [-119.35959693460022, 50.0878721563], [-119.3203125, 50.118020684214216], [-119.27420066231088, 50.1581709228], [-119.25, 50.18808871995265], [-119.18199962402527, 50.2284696893], [-119.1796875, 50.293598557427885], [-119.1795204622472, 50.2987684558], [-119.1796875, 50.2989195455624], [-119.23893321157081, 50.3690672223], [-119.19094164650366, 50.4393659887], [-119.17968749999999, 50.44943023183573], [-119.109375, 50.4910706449227], [-119.0390625, 50.502402096074995], [-118.96875, 50.50734146908275], [-118.95871110884082, 50.5096647552], [-118.9090333866105, 50.5799635216], [-118.96875, 50.6072120420527], [-119.00414520877305, 50.6502622881], [-119.0390625, 50.67831278098795], [-119.08746950641236, 50.7205610545], [-119.10937499999999, 50.78825934149425], [-119.11145351839869, 50.7908598209], [-119.109375, 50.79228605784859], [-119.0390625, 50.83797628824102], [-119.00745437301656, 50.8611585874], [-118.96917605629356, 50.9314573538], [-119.00115343838269, 51.0017561202], [-119.0390625, 51.00615223646916], [-119.109375, 51.006973316820954], [-119.1796875, 51.004785086566486], [-119.24143853683566, 51.0017561202], [-119.25, 51.000648977738884], [-119.3203125, 50.99488300946491], [-119.390625, 50.995234765530064], [-119.4609375, 50.99672929114467], [-119.53125, 50.993784136874055], [-119.6015625, 50.98841829601393], [-119.671875, 50.94702153849451], [-119.69822566608835, 50.9314573538], [-119.7421875, 50.88897284127355], [-119.76292394732253, 50.8611585874], [-119.8125, 50.8229981140998], [-119.85503718274592, 50.79085982090001], [-119.8828125, 50.76902156231973], [-119.953125, 50.73651579383318], [-119.99985326884841, 50.72056105450001], [-119.96209956302738, 50.6502622881], [-119.953125, 50.6470800336088], [-119.8828125, 50.61751673697296], [-119.8125, 50.601412154864136], [-119.76758612004082, 50.65026228810001], [-119.74218749999999, 50.67415519656828], [-119.69745123686798, 50.72056105450001], [-119.68252288206112, 50.7908598209], [-119.67187500000001, 50.79626354669203], [-119.60156250000001, 50.8115417812764], [-119.53125, 50.80278743058443], [-119.47816175924129, 50.7908598209], [-119.4609375, 50.788298360866776], [-119.390625, 50.78076724824753], [-119.3203125, 50.749170332189316], [-119.30231592828162, 50.7205610545], [-119.31993058837719, 50.6502622881], [-119.31563678009624, 50.5799635216], [-119.3203125, 50.575622629643526], [-119.390625, 50.53650305753246], [-119.43881961128835, 50.509664755200006], [-119.43513652369096, 50.4393659887], [-119.4609375, 50.40401448482557], [-119.47355145533928, 50.3690672223], [-119.46093749999999, 50.30344982116205], [-119.45950763325408, 50.2987684558], [-119.46093750000001, 50.29687213483389], [-119.53125, 50.23748860409992], [-119.54172018449499, 50.2284696893], [-119.53125, 50.20295682018684], [-119.50940420421517, 50.1581709228], [-119.50651954251083, 50.08787215630001], [-119.53125, 50.06903655674445], [-119.56165784984995, 50.0175733898], [-119.6015625, 49.96829048102683], [-119.62584958320555, 49.9472746232], [-119.671875, 49.9002911824572], [-119.72138489967497, 49.8769758567], [-119.7421875, 49.853258227417], [-119.76782112232146, 49.8066770901], [-119.80191617717216, 49.7363783236], [-119.81250000000001, 49.72824175444791], [-119.82783233292503, 49.666079557], [-119.8125, 49.64826146169362], [-119.76000907620714, 49.5957807904], [-119.7421875, 49.568956644530545], [-119.69870438617085, 49.5254820238], [-119.671875, 49.47454825161083], [-119.65250622256235, 49.4551832573], [-119.6015625, 49.40337569305241], [-119.57227228979886, 49.3848844907], [-119.6015625, 49.35173607572463], [-119.634504336964, 49.314585724], [-119.64856391473285, 49.24428695740001], [-119.671875, 49.18613716457874], [-119.67409307404114, 49.1739881908], [-119.671875, 49.16761635058597], [-119.63832147187489, 49.1036894241], [-119.62251451507078, 49.0333906575], [-119.63121245512535, 48.9630918908], [-119.671875, 48.92243728811193], [-119.68281873030759, 48.8927931242], [-119.671875, 48.87658532120254], [-119.61777346929227, 48.8224943575], [-119.63202266841753, 48.7521955908], [-119.63404322740249, 48.6818968241], [-119.62917516872747, 48.6115980574], [-119.671875, 48.56746182368548], [-119.68737335163759, 48.5412992907], [-119.671875, 48.49149481843098], [-119.65131704438004, 48.471000524], [-119.62525900402812, 48.4007017573], [-119.66340831078985, 48.3304029905], [-119.671875, 48.316162919835854], [-119.7421875, 48.284346385266545], [-119.8125, 48.272601836758355], [-119.8719800092957, 48.2601042238], [-119.8828125, 48.25455733672115], [-119.9470714116313, 48.189805457], [-119.953125, 48.18030897586449], [-119.9862829363366, 48.1195066903], [-120.0007008560865, 48.0492079235], [-120.0234375, 48.02613804658523], [-120.09375, 47.996224628563795], [-120.16016847263238, 47.9789091567], [-120.1640625, 47.97463312480422], [-120.234375, 47.91635219551794], [-120.25954547161132, 47.9086103899], [-120.3046875, 47.88858889083963], [-120.33239003395306, 47.8383116232], [-120.375, 47.788209481028524], [-120.43248161928132, 47.7680128564], [-120.44531249999999, 47.75107604764902], [-120.515625, 47.729918446880596], [-120.5859375, 47.73927279317658], [-120.65625, 47.70972587952544], [-120.664754706025, 47.6977140895], [-120.65625, 47.685331440785575], [-120.5859375, 47.68006160765397], [-120.515625, 47.68338972419719], [-120.4453125, 47.6563963832359], [-120.42685961218196, 47.6274153227], [-120.4453125, 47.59765099106558], [-120.515625, 47.56947515318142], [-120.5859375, 47.57107011628882], [-120.64703545728173, 47.55711655590001], [-120.65624999999999, 47.55251341704221], [-120.6736444932213, 47.4868177891], [-120.65625, 47.461042383705845], [-120.5859375, 47.43910307317653], [-120.54967026155347, 47.4165190222], [-120.515625, 47.41173686754334], [-120.4453125, 47.403529391005335], [-120.375, 47.37583398613285], [-120.32021342283, 47.3462202554], [-120.3046875, 47.3397184114832], [-120.29327920178198, 47.3462202554], [-120.234375, 47.392681270391975], [-120.1640625, 47.39279078207181], [-120.12648935533765, 47.3462202554], [-120.1640625, 47.30865444934391], [-120.20641191748136, 47.2759214885], [-120.18316813692678, 47.2056227217], [-120.1640625, 47.16527043780627], [-120.14803767384585, 47.1353239548], [-120.16406250000001, 47.12581497413205], [-120.234375, 47.10268446436659], [-120.3046875, 47.0914065151317], [-120.375, 47.0883774817907], [-120.4453125, 47.09102542711106], [-120.515625, 47.09309705385749], [-120.5859375, 47.088083098591966], [-120.65625, 47.08433599648714], [-120.7265625, 47.09117926228731], [-120.796875, 47.08810718721571], [-120.81562099352746, 47.065025187900005], [-120.796875, 47.06107999969872], [-120.7265625, 47.019772384089045], [-120.70725275657406, 46.99472642100001], [-120.68229906941741, 46.9244276541], [-120.7265625, 46.890482456422205], [-120.796875, 46.875643659136415], [-120.8671875, 46.88522356998938], [-120.92332175164152, 46.9244276541], [-120.9375, 46.92890568219563], [-120.98490035549884, 46.9244276541], [-121.0078125, 46.893231784814546], [-121.01297706226526, 46.8541288872], [-121.0078125, 46.84354184568773], [-120.96616478436584, 46.7838301203], [-120.93749999999999, 46.71685278080696], [-120.93522646997116, 46.7135313534], [-120.9375, 46.707633858034576], [-120.95683938401574, 46.64323258649999], [-120.95223743886692, 46.5729338195], [-120.93783876058826, 46.5026350526], [-120.95871933764607, 46.4323362857], [-120.95776113873929, 46.362037518700006], [-120.9375, 46.31897487815337], [-120.90912913740564, 46.29173875170001], [-120.8671875, 46.276413983044435], [-120.796875, 46.24778515485329], [-120.75386006374067, 46.2214399848], [-120.7265625, 46.20643854024459], [-120.6595913793876, 46.1511412178], [-120.65625, 46.148035825504], [-120.5859375, 46.099015185752954], [-120.54281202217973, 46.0808424508], [-120.515625, 46.06255910008177], [-120.46094218880316, 46.01054368380001], [-120.4453125, 45.985378713891635], [-120.4126230295636, 45.9402449168], [-120.4453125, 45.931740914552364], [-120.51562500000001, 45.9177081194632], [-120.5859375, 45.909934561447116], [-120.65625, 45.90343655339203], [-120.7265625, 45.89108077164869], [-120.796875, 45.884198098142406], [-120.8671875, 45.88237331433103], [-120.9375, 45.88203553051185], [-121.0078125, 45.88863765678384], [-121.078125, 45.906044567390694], [-121.1484375, 45.888521939620325], [-121.16122928549788, 45.8699461498], [-121.21335712974039, 45.7996473828], [-121.21875, 45.79506803140666], [-121.2890625, 45.762599729522194], [-121.359375, 45.75789095825788], [-121.4296875, 45.76728105924572], [-121.5, 45.76693041864307], [-121.5703125, 45.75971393256798], [-121.63366470548245, 45.7293486158], [-121.61408339379213, 45.6590498488], [-121.5703125, 45.634334327827254], [-121.50314238339904, 45.5887510817], [-121.5, 45.58611092034625], [-121.4296875, 45.528353485994764], [-121.41512410960232, 45.5184523147], [-121.359375, 45.453176664488765], [-121.35312093600233, 45.44815354770001], [-121.32172258916597, 45.3778547806], [-121.359375, 45.327361099348735], [-121.36567893230163, 45.3075560136], [-121.42852903337415, 45.2372572465], [-121.42968749999999, 45.234558008221086], [-121.46973133166583, 45.1669584794], [-121.5, 45.11945805275587], [-121.51628770787177, 45.0966597123], [-121.55476917281094, 45.0263609453], [-121.5703125, 44.9665678405236], [-121.5716612900438, 44.9560621782], [-121.5762137600125, 44.8857634111], [-121.57747882044569, 44.815464644], [-121.5703125, 44.7972340836055], [-121.53646733455624, 44.7451658768], [-121.52881203263445, 44.6748671097], [-121.5703125, 44.61857257320123], [-121.57706747316972, 44.6045683426], [-121.57057953654022, 44.5342695755], [-121.61139547191766, 44.4639708083], [-121.61847417374827, 44.3936720412], [-121.58275005949986, 44.323373274], [-121.5708474965782, 44.2530745069], [-121.5703125, 44.25185897557869], [-121.52632550687397, 44.1827757397], [-121.50471584527101, 44.1124769726], [-121.5, 44.10286307872645], [-121.45216907713521, 44.0421782054], [-121.43541037833917, 43.9718794382], [-121.5, 43.910508383638984], [-121.51003801138197, 43.901580671], [-121.5, 43.88208586587153], [-121.4296875, 43.87616671496133], [-121.359375, 43.887625025497556], [-121.2890625, 43.90000421243331], [-121.27345931786222, 43.901580671], [-121.21875, 43.91356350854216], [-121.16262753016926, 43.901580671], [-121.1484375, 43.900401300544374], [-121.078125, 43.88814321889109], [-121.0078125, 43.84429075981547], [-120.99151289542249, 43.8312819038], [-120.9375, 43.79208493662995], [-120.8671875, 43.80679632178183], [-120.81403819196797, 43.831281903800004], [-120.796875, 43.83914483746785], [-120.73680380093805, 43.8312819038], [-120.76706781012882, 43.7609831366], [-120.78476739242882, 43.6906843694], [-120.78723893325245, 43.6203856022], [-120.7265625, 43.59999270707786], [-120.69115142287922, 43.550086835], [-120.72656249999999, 43.52681057923134], [-120.796875, 43.53054369336843], [-120.84432864856049, 43.550086835], [-120.80183903400884, 43.6203856022], [-120.83494411104535, 43.6906843694], [-120.8671875, 43.697219763930676], [-120.9375, 43.730658883796195], [-120.95228720350636, 43.6906843694], [-120.9375, 43.64188918291831], [-120.91094256474024, 43.6203856022], [-120.93749999999999, 43.59927840125755], [-121.0078125, 43.552666818309255], [-121.00920444390853, 43.550086835], [-121.078125, 43.492385706234465], [-121.14240339228496, 43.4797880678], [-121.14843749999999, 43.47287124375621], [-121.19592801787908, 43.4094893005], [-121.16951321883698, 43.3391905333], [-121.14843749999999, 43.28170324137043], [-121.14186509723011, 43.268891766100005], [-121.1484375, 43.26137637203206], [-121.17959002321079, 43.1985929988], [-121.16710944001105, 43.1282942316], [-121.1484375, 43.11666671872988], [-121.0922182292735, 43.0579954643], [-121.078125, 43.05237444317237], [-121.0078125, 43.048878916075154], [-120.9375, 43.051005589012874], [-120.89987862747992, 43.0579954643], [-120.8671875, 43.07262077633901], [-120.796875, 43.08881273613255], [-120.7265625, 43.07415265473517], [-120.66386714366973, 43.0579954643], [-120.6667554900481, 42.987696697], [-120.7265625, 42.93380324339772], [-120.73592836890118, 42.9173979298], [-120.7265625, 42.87307480788326], [-120.71878465865443, 42.8470991625], [-120.66076685273629, 42.7768003952], [-120.65625, 42.77281949259617], [-120.5859375, 42.746553369898095], [-120.52589100937843, 42.77680039519999], [-120.51562499999999, 42.78857080879271], [-120.4453125, 42.82113123356827], [-120.375, 42.82059077956046], [-120.35907311319644, 42.7768003952], [-120.375, 42.75441864265714], [-120.4453125, 42.716975293384884], [-120.45408484627647, 42.7065016279], [-120.47827214792363, 42.6362028606], [-120.45155072018352, 42.5659040933], [-120.4453125, 42.56229504082957], [-120.375, 42.54712762016733], [-120.3046875, 42.55254033322388], [-120.26141849958293, 42.565904093300006], [-120.234375, 42.585228015387194], [-120.1640625, 42.63587974186095], [-120.16247675385796, 42.6362028606], [-120.1640625, 42.637569615832], [-120.21204851269167, 42.7065016279], [-120.1640625, 42.723347362492625], [-120.10905384479726, 42.7768003952], [-120.09375, 42.786443558879284], [-120.02343749999999, 42.79432802314994], [-119.953125, 42.787050884398], [-119.94639052171806, 42.7768003952], [-119.95312500000001, 42.76665089865944], [-120.00863720365166, 42.7065016279], [-120.02115974704246, 42.636202860599994], [-119.95706961687785, 42.5659040933], [-119.953125, 42.56317373776393], [-119.8828125, 42.53721701602032], [-119.8125, 42.53279201666571], [-119.7421875, 42.55727325961408], [-119.72131991455078, 42.5659040933], [-119.671875, 42.57846064889833], [-119.64753583700437, 42.5659040933], [-119.64227249104633, 42.495605326], [-119.64073927899324, 42.4253065587], [-119.6015625, 42.39523732661424], [-119.56982144381847, 42.3550077914], [-119.54551029301881, 42.2847090241], [-119.53125, 42.236183457358564], [-119.52435380956535, 42.2144102568], [-119.53125, 42.189338087746684], [-119.54390058381055, 42.1441114894], [-119.53971298066423, 42.0738127221], [-119.53125, 42.05911673261937], [-119.46975131366405, 42.0035139548], [-119.51793400178215, 41.9332151874], [-119.5149604307178, 41.8629164201], [-119.46870729160916, 41.7926176527], [-119.4609375, 41.788787462050706], [-119.390625, 41.73191381430116], [-119.3817092622087, 41.722318885300005], [-119.37453579569431, 41.652020118], [-119.390625, 41.63656967259581], [-119.4609375, 41.61797497631193], [-119.53125, 41.59344246118468], [-119.55296427438984, 41.5817213506], [-119.5994800454089, 41.5114225832], [-119.56697696593021, 41.4411238158], [-119.54463615764666, 41.3708250484], [-119.6015625, 41.304168389179445], [-119.60861347843088, 41.3005262811], [-119.6465363190878, 41.2302275137], [-119.671875, 41.160654328653024], [-119.67264680183114, 41.1599287463], [-119.671875, 41.15965866822601], [-119.6015625, 41.13932862810801], [-119.53632030681413, 41.089629978800005], [-119.53125, 41.06615102160973], [-119.52694128318093, 41.0193312114], [-119.53125, 41.00933597013845], [-119.5500194418134, 40.949032444], [-119.6015625, 40.89331056838888], [-119.67104612527262, 40.8787336766], [-119.671875, 40.876733956560344], [-119.74218750000001, 40.866158105057956], [-119.8125, 40.86491221528847], [-119.87079887310398, 40.8084349092], [-119.87271913383695, 40.7381361417], [-119.88281250000001, 40.73261704852679], [-119.953125, 40.71350504803266], [-120.0234375, 40.69017528245941], [-120.09375, 40.673810378712155], [-120.10198015018109, 40.6678373743], [-120.1640625, 40.61338312723694], [-120.18595370240274, 40.5975386068], [-120.234375, 40.53571395652622], [-120.3046875, 40.532487308422816], [-120.375, 40.53592110851443], [-120.41832499578749, 40.5272398394], [-120.4453125, 40.5122783694598], [-120.515625, 40.46521728545642], [-120.52375259948437, 40.4569410719], [-120.515625, 40.4424509974065], [-120.4453125, 40.391015318922676], [-120.39341708471548, 40.3866423045], [-120.42648417218221, 40.31634353700001], [-120.375, 40.24654067846374], [-120.37459116566427, 40.2460447695], [-120.3046875, 40.191268711324035], [-120.28638930570068, 40.1757460021], [-120.234375, 40.147986422166916], [-120.16899574974438, 40.1054472346], [-120.1640625, 40.10282946312582], [-120.09375, 40.05202680500167], [-120.02958212962457, 40.0351484671], [-120.0234375, 40.03184312809841], [-119.953125, 40.01507267776854], [-119.91567465643297, 39.9648496996], [-119.90305670803006, 39.8945509321], [-119.8828125, 39.83383014530082], [-119.87982329982991, 39.8242521646], [-119.8828125, 39.812207137208766], [-119.89376833629882, 39.7539533971], [-119.8828125, 39.694803422348684], [-119.88117265160211, 39.6836546296], [-119.8828125, 39.67855130946933], [-119.89869510814587, 39.6133558621], [-119.8828125, 39.58207966908283], [-119.86506605176635, 39.5430570946], [-119.82490653235844, 39.4727583271], [-119.8125, 39.46227370929195], [-119.75520726363757, 39.4024595596], [-119.7421875, 39.369589027934936], [-119.72637806784648, 39.332160792], [-119.74218750000001, 39.30667433212856], [-119.76378857090593, 39.2618620245], [-119.76019523602491, 39.191563257], [-119.75196251264133, 39.1212644894], [-119.77553956544214, 39.0509657219], [-119.78875027817345, 38.98066695429999], [-119.7421875, 38.96265831287542], [-119.68961397022832, 38.9103681868], [-119.671875, 38.856568398457426], [-119.6015625, 38.88348492629717], [-119.55581468539569, 38.9103681868], [-119.53125, 38.92822992446346], [-119.52378730887831, 38.9103681868], [-119.4609375, 38.842210318583625], [-119.44952584685288, 38.84006941919999], [-119.4609375, 38.83725989066948], [-119.53125, 38.775402986892594], [-119.53296685652622, 38.7697706516], [-119.53125, 38.76193435867801], [-119.51842038144513, 38.6994718841], [-119.4609375, 38.679827451837596], [-119.390625, 38.647755228982774], [-119.3203125, 38.65121145871274], [-119.24999999999999, 38.64633692618376], [-119.22578389853439, 38.6291731165], [-119.18451778636425, 38.5588743489], [-119.1796875, 38.54142286597745], [-119.16196761024241, 38.4885755813], [-119.15217663259807, 38.4182768137], [-119.12499692034693, 38.3479780462], [-119.109375, 38.307278079777305], [-119.04632973826578, 38.2776792786], [-119.0390625, 38.27692441609307], [-118.96875, 38.256058080889936], [-118.92997984835291, 38.207380511], [-118.96007637689462, 38.1370817434], [-118.96875, 38.12849780440378], [-119.0390625, 38.07921819894181], [-119.05155112656792, 38.0667829758], [-119.0390625, 38.06343208519989], [-118.96875, 38.04320801745822], [-118.92818406448126, 37.9964842081], [-118.91444634157182, 37.9261854405], [-118.9106112301076, 37.8558866729], [-118.8984375, 37.85373899033765], [-118.828125, 37.81994361567553], [-118.79800396531655, 37.785587905300005], [-118.78561857070434, 37.7152891377], [-118.76384422838329, 37.64499037], [-118.7578125, 37.63244759592044], [-118.72765210464058, 37.5746916024], [-118.6875, 37.52191422366039], [-118.67414776264205, 37.5043928347], [-118.6445764273625, 37.4340940671], [-118.62337248901771, 37.3637952995], [-118.6171875, 37.35551261950578], [-118.55814020466454, 37.2934965318], [-118.546875, 37.285325004833275], [-118.4765625, 37.23567142126494], [-118.46838308321695, 37.2231977641], [-118.40666188863152, 37.1528989965], [-118.40625, 37.15196835250523], [-118.38508949999999, 37.0826002288], [-118.36989442916794, 37.0123014612], [-118.40625, 36.95196940048383], [-118.41228785329494, 36.9420026935], [-118.4284051081029, 36.8717039258], [-118.46122955103725, 36.8014051581], [-118.4765625, 36.77244361323099], [-118.50692960191188, 36.7311063904], [-118.47656249999999, 36.66576691838941], [-118.47344256474024, 36.6608076228], [-118.46604694542657, 36.5905088551], [-118.44328262224661, 36.5202100874], [-118.45126669430479, 36.4499113197], [-118.4765625, 36.422492259283615], [-118.53275687907067, 36.379612552], [-118.53515936816487, 36.3093137843], [-118.51174469007617, 36.23901501659999], [-118.4765625, 36.20623944947209], [-118.40625, 36.170387316133194], [-118.37261323425679, 36.168716248799996], [-118.4003613652955, 36.0984174811], [-118.40625, 36.090079445629684], [-118.4765625, 36.037263297326746], [-118.546875, 36.0317222608159], [-118.55691600055158, 36.0281187134], [-118.546875, 36.02476472689352], [-118.4765625, 36.01627832797851], [-118.42741149893675, 35.9578199457], [-118.43724564007636, 35.887521178], [-118.4765625, 35.8648571734489], [-118.52691845298256, 35.8172224102], [-118.546875, 35.8059502958209], [-118.58242384060517, 35.8172224102], [-118.6171875, 35.83042686980813], [-118.68180940638906, 35.887521178], [-118.6860394854306, 35.9578199457], [-118.6875, 35.959100003188595], [-118.71136678535431, 36.0281187134], [-118.6875, 36.07589035528388], [-118.66936311117287, 36.0984174811], [-118.6875, 36.111118945882225], [-118.7578125, 36.12868616763889], [-118.79301642857143, 36.1687162488], [-118.79657457872449, 36.2390150166], [-118.828125, 36.25423770680446], [-118.8657095871477, 36.3093137843], [-118.83714349539154, 36.379612552], [-118.85468303283808, 36.44991131970001], [-118.8984375, 36.47799058542738], [-118.94361956524955, 36.5202100874], [-118.96875, 36.55795895116201], [-118.99820972435109, 36.5905088551], [-119.03906250000001, 36.63053291228179], [-119.06934312443991, 36.66080762280001], [-119.109375, 36.68559350486306], [-119.15489677617856, 36.7311063904], [-119.109375, 36.77661927600169], [-119.0390625, 36.78822719138682], [-119.02973820634223, 36.8014051581], [-119.0390625, 36.811335811366554], [-119.09944240686005, 36.8717039258], [-119.109375, 36.88302801843377], [-119.1796875, 36.93133212522169], [-119.19036015268819, 36.9420026935], [-119.25, 36.95925596902051], [-119.31841280140112, 37.0123014612], [-119.3203125, 37.01396897012284], [-119.390625, 37.05445196647616], [-119.418778760901, 37.0826002288], [-119.4609375, 37.11225378432894], [-119.501590651887, 37.1528989965], [-119.53125, 37.1837039555845], [-119.58467462402022, 37.2231977641], [-119.6015625, 37.24788198468134], [-119.67187500000001, 37.2897186373424], [-119.6771719201568, 37.2934965318], [-119.71994122703259, 37.3637952995], [-119.7421875, 37.40837447766292], [-119.78009745686805, 37.4340940671], [-119.81249999999999, 37.498033962690634], [-119.81890446669817, 37.5043928347], [-119.86156119740603, 37.5746916024], [-119.8828125, 37.58893111837754], [-119.9482392451235, 37.64499037], [-119.953125, 37.68833963941243], [-119.9827509515166, 37.7152891377], [-120.0234375, 37.73509319503726], [-120.08674880357985, 37.7152891377], [-120.09375, 37.71290384521804], [-120.13915163229595, 37.7152891377], [-120.1640625, 37.720394104072945], [-120.234375, 37.76401083730657], [-120.24911201673041, 37.7855879053], [-120.234375, 37.83070359935642], [-120.1640625, 37.83729333495815], [-120.15851075872206, 37.8558866729], [-120.1640625, 37.858865715577345], [-120.22782240310414, 37.9261854405], [-120.21995482565634, 37.9964842081], [-120.234375, 38.01215568516433], [-120.3046875, 38.05210612385811], [-120.34306936403979, 38.0667829758], [-120.375, 38.07365653921224], [-120.4453125, 38.09693917460572], [-120.51033149259413, 38.1370817434], [-120.515625, 38.152363080633585], [-120.5306373425832, 38.207380511], [-120.5859375, 38.24636985546951], [-120.61168996565556, 38.2776792786], [-120.5859375, 38.335901810059646], [-120.56945021773555, 38.3479780462], [-120.515625, 38.39068812664171], [-120.50725376270792, 38.418276813700004], [-120.515625, 38.42624664474919], [-120.5859375, 38.42509556139353], [-120.65625, 38.45888432950257], [-120.6932559115646, 38.4885755813], [-120.69054940405482, 38.55887434889999], [-120.72064820447818, 38.6291731165], [-120.7265625, 38.64425494566092], [-120.76591962566758, 38.6994718841], [-120.76663222942796, 38.7697706516], [-120.7265625, 38.831989990793545], [-120.72507425271192, 38.8400694192], [-120.7265625, 38.84427160353576], [-120.7666048724908, 38.9103681868], [-120.796875, 38.93145562343035], [-120.8671875, 38.94124538024798], [-120.9113856758091, 38.9806669543], [-120.9375, 39.01621884104367], [-120.96410417014623, 39.0509657219], [-120.98951177649764, 39.1212644894], [-121.0078125, 39.144429685888774], [-121.04256186829954, 39.191563257], [-121.0078125, 39.23883234667821], [-120.99211640546288, 39.2618620245], [-121.0078125, 39.30155341690448], [-121.0551880744264, 39.332160792], [-121.078125, 39.335373502134495], [-121.1484375, 39.3513412898487], [-121.19454042512893, 39.4024595596], [-121.21875, 39.46675192107045], [-121.22834870296415, 39.4727583271], [-121.28042625217341, 39.5430570946], [-121.2890625, 39.543923812451816], [-121.34576341269117, 39.6133558621], [-121.359375, 39.63484887912607], [-121.4296875, 39.67161116344993], [-121.44345537386278, 39.6836546296], [-121.5, 39.704495273463614], [-121.54915845029215, 39.7539533971], [-121.52737113831407, 39.8242521646], [-121.5703125, 39.83363745714993], [-121.640625, 39.891736770639085], [-121.64427727898813, 39.894550932099996], [-121.69854597970146, 39.9648496996], [-121.7109375, 40.008905340428974], [-121.73364360120647, 40.0351484671], [-121.74234694542056, 40.10544723459999], [-121.77548190046916, 40.1757460021], [-121.78125, 40.18206459786776], [-121.8515625, 40.242957525622835], [-121.85337861477055, 40.2460447695], [-121.921875, 40.27288429845399], [-121.96534272808309, 40.316343537], [-121.97210893636597, 40.3866423045], [-121.97115547882049, 40.4569410719], [-121.96481697828632, 40.5272398394], [-121.9921875, 40.5584973581324], [-122.0312363752288, 40.5975386068], [-121.9921875, 40.664971440825525], [-121.99034315869699, 40.6678373743], [-121.9921875, 40.670906879472696], [-122.05832689114109, 40.7381361417], [-122.0625, 40.74001612957241], [-122.1328125, 40.752432907905956], [-122.203125, 40.76143989103188], [-122.2734375, 40.771809347109325], [-122.30258611340378, 40.8084349092], [-122.32412834030566, 40.8787336766], [-122.34374999999999, 40.936272873749104], [-122.3686766218231, 40.949032444], [-122.34375, 40.977986171321774], [-122.2734375, 41.01151182706509], [-122.22464540771935, 41.0193312114], [-122.203125, 41.03398525117462], [-122.1328125, 41.07262590069266], [-122.12033262282691, 41.08962997879999], [-122.0625, 41.14400857096431], [-122.04491120432851, 41.1599287463], [-122.0625, 41.17015580845597], [-122.1328125, 41.17227632235719], [-122.203125, 41.17141826063851], [-122.22821415035139, 41.1599287463], [-122.2734375, 41.113855727138834], [-122.30813613513143, 41.0896299788], [-122.34375, 41.05849157078731], [-122.4140625, 41.048098732525226], [-122.484375, 41.0499921978917], [-122.5546875, 41.02785707069374], [-122.56552096895396, 41.0193312114], [-122.5546875, 40.95753694873588], [-122.55060872465856, 40.949032444], [-122.5546875, 40.93187680864792], [-122.56753293468408, 40.8787336766], [-122.625, 40.84364614283089], [-122.6953125, 40.8723799738457], [-122.70496482036549, 40.8787336766], [-122.765625, 40.888558520516284], [-122.79648889994886, 40.8787336766], [-122.8359375, 40.835181450224255], [-122.8582536351021, 40.8084349092], [-122.90625, 40.75976648895363], [-122.9765625, 40.738394307026695], [-122.97801235437271, 40.7381361417], [-123.046875, 40.716242287014666], [-123.1171875, 40.714260503470754], [-123.16423349000291, 40.7381361417], [-123.1875, 40.7448711938418], [-123.24608478955392, 40.8084349092], [-123.2578125, 40.81764248725624], [-123.328125, 40.816254303155354], [-123.3984375, 40.81642322817403], [-123.46875, 40.82806869859076], [-123.53368149728925, 40.8787336766], [-123.5390625, 40.88477172710562], [-123.609375, 40.90151452719729], [-123.6796875, 40.908644017693106], [-123.6985521221481, 40.8787336766], [-123.6796875, 40.85672034473915], [-123.61554871987762, 40.8084349092], [-123.609375, 40.80503388454056], [-123.5390625, 40.76744328720042], [-123.47901982347905, 40.7381361417], [-123.46875, 40.70119431547313], [-123.3984375, 40.71591001187385], [-123.328125, 40.73175723709539], [-123.2578125, 40.73257101033906], [-123.1875, 40.719176697081686], [-123.1588236333167, 40.6678373743], [-123.1171875, 40.628060507957045], [-123.04687499999999, 40.62356604909522], [-122.97656249999999, 40.63065000371377], [-122.90625, 40.64138616413323], [-122.8359375, 40.65890800830719], [-122.80789449995656, 40.6678373743], [-122.76562499999999, 40.69746969460227], [-122.72269417730445, 40.6678373743], [-122.6953125, 40.66011481308331], [-122.625, 40.63183554238418], [-122.56625686376593, 40.5975386068], [-122.625, 40.563699642242604], [-122.6953125, 40.53123123985248], [-122.70031931034772, 40.5272398394], [-122.765625, 40.485906502930106], [-122.7969723573567, 40.4569410719], [-122.8359375, 40.408170682517564], [-122.8647038768062, 40.3866423045], [-122.84497143757348, 40.316343537], [-122.8359375, 40.30327711931281], [-122.78431031636856, 40.2460447695], [-122.765625, 40.23572017805849], [-122.72073504955237, 40.1757460021], [-122.6953125, 40.150007057225544], [-122.6514373764071, 40.1054472346], [-122.62500000000001, 40.06453379670175], [-122.59999048825395, 40.0351484671], [-122.58362277736668, 39.9648496996], [-122.6127374437535, 39.8945509321], [-122.625, 39.882290770812475], [-122.6953125, 39.82950188884119], [-122.70286974335463, 39.8242521646], [-122.6953125, 39.81760673006362], [-122.625, 39.76500136124182], [-122.61394987769563, 39.7539533971], [-122.61847125828314, 39.6836546296], [-122.57863283105215, 39.6133558621], [-122.59015513638462, 39.5430570946], [-122.58878795234102, 39.4727583271], [-122.5546875, 39.46301887556424], [-122.50835926325499, 39.4024595596], [-122.5546875, 39.341430157749905], [-122.57963799383745, 39.332160792], [-122.57696723920799, 39.2618620245], [-122.625, 39.238913314939914], [-122.6953125, 39.21903348426525], [-122.765625, 39.222267054168505], [-122.83006379760332, 39.2618620245], [-122.8359375, 39.26594978347504], [-122.90624999999999, 39.319717244978115], [-122.91876550812523, 39.332160792], [-122.9118067307181, 39.402459559600004], [-122.9765625, 39.425437995389686], [-123.04687499999999, 39.442375204284225], [-123.08646466436363, 39.4727583271], [-123.11254317790521, 39.5430570946], [-123.1171875, 39.545301547293896], [-123.16823820775676, 39.6133558621], [-123.18359535319883, 39.6836546296], [-123.1171875, 39.73413576185186], [-123.046875, 39.74270916517209], [-123.03645530531709, 39.7539533971], [-123.046875, 39.76222878919646], [-123.1171875, 39.76428566837953], [-123.1875, 39.79672251825636], [-123.21215968520877, 39.8242521646], [-123.2578125, 39.86698423570747], [-123.328125, 39.868014113754924], [-123.35594233023627, 39.8242521646], [-123.3730311366626, 39.7539533971], [-123.37702779200353, 39.6836546296], [-123.328125, 39.632382350689845], [-123.31294159710673, 39.6133558621], [-123.328125, 39.57665752589922], [-123.35893972012957, 39.5430570946], [-123.3984375, 39.52286262739852], [-123.41731800167955, 39.5430570946], [-123.46875, 39.58668221897216], [-123.49815335206242, 39.6133558621], [-123.53906250000001, 39.669224468066474], [-123.54685800426955, 39.6836546296], [-123.5390625, 39.73711399863306], [-123.5339093964577, 39.7539533971], [-123.5390625, 39.75534269473608], [-123.60700726801713, 39.8242521646], [-123.59311299287197, 39.8945509321], [-123.6045841330127, 39.9648496996], [-123.53906249999999, 39.97894653825992], [-123.50469634398502, 39.96484969960001], [-123.46875, 39.95226865269126], [-123.3984375, 39.952012163726984], [-123.38289711273806, 39.9648496996], [-123.35910481495938, 40.0351484671], [-123.36008729443445, 40.10544723459999], [-123.3984375, 40.11752876911763], [-123.46706120501457, 40.1054472346], [-123.46875, 40.104064281819625], [-123.53906250000001, 40.08100459533097], [-123.57547919040883, 40.1054472346], [-123.59064690757742, 40.1757460021], [-123.609375, 40.191505814477985], [-123.67968750000001, 40.234992496201485], [-123.68644645121638, 40.2460447695], [-123.75000000000001, 40.308485056761825], [-123.75862509670291, 40.316343537], [-123.75, 40.33884311444989], [-123.72201452311451, 40.3866423045], [-123.75, 40.402235049391734], [-123.8203125, 40.43375982759608], [-123.83641039402424, 40.4569410719], [-123.89062499999999, 40.5107863889508], [-123.917753561863, 40.52723983940001], [-123.890625, 40.560489010871315], [-123.87132217719696, 40.5975386068], [-123.88913541040445, 40.6678373743], [-123.890625, 40.67252584793826], [-123.924997239583, 40.7381361417], [-123.890625, 40.79156001665904], [-123.87676121056163, 40.8084349092], [-123.88885731902543, 40.8787336766], [-123.8203125, 40.94087214704392], [-123.78112597478102, 40.949032444], [-123.74999999999999, 40.96213822204374], [-123.6796875, 40.98763771657695], [-123.64741793141465, 41.0193312114], [-123.66349981843757, 41.0896299788], [-123.64878170297207, 41.1599287463], [-123.6796875, 41.190417679399474], [-123.75, 41.18696671158615], [-123.80772389240153, 41.159928746300004], [-123.75, 41.1291435410476], [-123.69631612802709, 41.0896299788], [-123.75, 41.05043084800121], [-123.8203125, 41.03622531611787], [-123.890625, 41.049705043510635], [-123.93104161441019, 41.0896299788], [-123.92464196956206, 41.1599287463], [-123.890625, 41.19050921744359], [-123.86373071025449, 41.2302275137], [-123.890625, 41.24749633787522], [-123.93501333793773, 41.3005262811], [-123.93835863365567, 41.3708250484], [-123.95603449610554, 41.4411238158], [-123.93672375279183, 41.5114225832], [-123.9609375, 41.570300741400665], [-123.97444108046437, 41.5817213506], [-123.9609375, 41.6109155144123], [-123.95468669196049, 41.652020118], [-123.9609375, 41.668896066792534], [-123.99813942012902, 41.7223188853], [-123.9609375, 41.75683298664534], [-123.91922207638673, 41.7926176527], [-123.93834151420968, 41.8629164201], [-123.9609375, 41.90078385635554], [-124.03125, 41.9072843210959], [-124.0801114435296, 41.9332151874], [-124.1015625, 41.95230937754964], [-124.13022261588996, 42.0035139548], [-124.171875, 42.07115577186389], [-124.17453246926513, 42.0738127221], [-124.17187499999999, 42.07718941550812], [-124.12170819224102, 42.1441114894], [-124.11693336091619, 42.2144102568], [-124.171875, 42.21978056452602], [-124.2421875, 42.23185018620496], [-124.3125, 42.25819683386747], [-124.34245114388631, 42.28470902410001], [-124.3125, 42.31354016595418], [-124.29496666463783, 42.3550077914], [-124.2753606336116, 42.4253065587], [-124.2421875, 42.44790530027017], [-124.171875, 42.46380469039593], [-124.1015625, 42.466885893986955], [-124.03867638911582, 42.4253065587], [-124.03125, 42.42073037209865], [-123.9609375, 42.37855934602862], [-123.9289081130105, 42.4253065587], [-123.9609375, 42.46208067605042], [-123.99880162575029, 42.495605326], [-124.01060839872268, 42.5659040933], [-124.03125, 42.57277986269589], [-124.08029209825645, 42.5659040933], [-124.1015625, 42.55660629133649], [-124.171875, 42.51886148078705], [-124.2421875, 42.537977457781395], [-124.27348754967602, 42.5659040933], [-124.27303281863186, 42.6362028606], [-124.29993589039401, 42.7065016279], [-124.3125, 42.730903430187794], [-124.37087103080853, 42.7768003952], [-124.3125, 42.79435760130217], [-124.24218750000001, 42.800126624495405], [-124.171875, 42.79818089605094], [-124.10980728462627, 42.7768003952], [-124.1015625, 42.77486637389427], [-124.0913189777036, 42.7768003952], [-124.03125, 42.812086253068145], [-123.99743436943893, 42.8470991625], [-123.9609375, 42.86533097372575], [-123.890625, 42.89121581097268], [-123.8203125, 42.89182330099589], [-123.76189898802221, 42.8470991625], [-123.75, 42.825943211269944], [-123.72482143436874, 42.7768003952], [-123.7230588515625, 42.706501627899996], [-123.6796875, 42.67802652086378], [-123.609375, 42.64565067317902], [-123.56809699587225, 42.6362028606], [-123.55412206326343, 42.5659040933], [-123.55703041129377, 42.495605326], [-123.609375, 42.44585968986095], [-123.61871121443954, 42.4253065587], [-123.67427877797867, 42.35500779139999], [-123.6796875, 42.34667849802785], [-123.71070876027724, 42.2847090241], [-123.70436154518352, 42.2144102568], [-123.7233196349656, 42.14411148939999], [-123.71131660909558, 42.0738127221], [-123.6796875, 42.044393851886994], [-123.609375, 42.05607824927166], [-123.58423420183448, 42.0738127221], [-123.54142539218049, 42.1441114894], [-123.53906249999999, 42.14729061975029], [-123.4783346428835, 42.214410256799994], [-123.46875, 42.2244265971954], [-123.3984375, 42.24894518000012], [-123.32812500000001, 42.221167813107044], [-123.31876332578048, 42.2144102568], [-123.2578125, 42.18637835793541], [-123.21767788928372, 42.1441114894], [-123.1875, 42.13269896164683], [-123.1171875, 42.125617853594484], [-123.046875, 42.140346472948444], [-123.0320753814049, 42.1441114894], [-123.02206336963789, 42.2144102568], [-123.01956797469973, 42.2847090241], [-122.97656250000001, 42.303652743880406], [-122.90625, 42.30826005562004], [-122.84986421214164, 42.2847090241], [-122.8359375, 42.27286847618764], [-122.81863461793695, 42.2847090241], [-122.765625, 42.33225398848006], [-122.74423722875534, 42.3550077914], [-122.6953125, 42.41444352479137], [-122.68966712464847, 42.4253065587], [-122.68648523925484, 42.495605326], [-122.625, 42.5614132063369], [-122.62076464973669, 42.5659040933], [-122.625, 42.57125201953196], [-122.6953125, 42.607490826718305], [-122.765625, 42.618837251175904], [-122.8359375, 42.624842247528036], [-122.90625, 42.625633414968945], [-122.9765625, 42.59494720834603], [-123.03077706782935, 42.5659040933], [-123.046875, 42.552581935553626], [-123.1171875, 42.52056623660535], [-123.1875, 42.52108690280801], [-123.2578125, 42.51377407505979], [-123.328125, 42.50950858022159], [-123.39037758648794, 42.5659040933], [-123.3984375, 42.58052583141154], [-123.45005867940642, 42.6362028606], [-123.40561139053972, 42.7065016279], [-123.3984375, 42.723853669587655], [-123.3313658344369, 42.7768003952], [-123.39280738639803, 42.8470991625], [-123.328125, 42.901671492774994], [-123.29479909463203, 42.9173979298], [-123.2578125, 42.982481607310106], [-123.24993582830636, 42.987696697], [-123.1875, 42.99863919759494], [-123.1171875, 43.057020163843134], [-123.11701623738395, 43.0579954643], [-123.1171875, 43.05809616054217], [-123.1875, 43.09741173654271], [-123.22633822591962, 43.1282942316], [-123.1875, 43.15232437960208], [-123.1171875, 43.19198432118887], [-123.1033319876747, 43.1985929988], [-123.0797475031381, 43.2688917661], [-123.10889676003242, 43.3391905333], [-123.1171875, 43.34937511868948], [-123.17748492045109, 43.4094893005], [-123.1875, 43.43929067203638], [-123.21022154609233, 43.4797880678], [-123.1875, 43.50481741135017], [-123.16775163112537, 43.550086835], [-123.1171875, 43.61091340499294], [-123.09890389910687, 43.6203856022], [-123.05535462678908, 43.6906843694], [-123.046875, 43.69568419846614], [-122.97656250000001, 43.71548552867057], [-122.90625, 43.69506499925009], [-122.88570803380115, 43.6906843694], [-122.8359375, 43.685346324690265], [-122.81897951389125, 43.6906843694], [-122.79572594504428, 43.7609831366], [-122.765625, 43.77627821944536], [-122.6953125, 43.803495667676444], [-122.625, 43.812742714770906], [-122.5546875, 43.80277458940161], [-122.484375, 43.79934702731182], [-122.44868061491529, 43.8312819038], [-122.484375, 43.842354561885614], [-122.5546875, 43.87517411991584], [-122.625, 43.86541311292318], [-122.6953125, 43.84877335599728], [-122.765625, 43.86475214794689], [-122.80246071747146, 43.901580671], [-122.765625, 43.95260067104317], [-122.744327717831, 43.9718794382], [-122.7318828162922, 44.0421782054], [-122.765625, 44.094683124406146], [-122.79593314653454, 44.11247697260001], [-122.8359375, 44.12729522409772], [-122.89765279573241, 44.1827757397], [-122.8359375, 44.248791714129034], [-122.765625, 44.24896433614397], [-122.6953125, 44.247954124718596], [-122.68464602411417, 44.2530745069], [-122.625, 44.284652327660545], [-122.57534806343651, 44.323373274], [-122.5546875, 44.34667588650026], [-122.50939768571473, 44.3936720412], [-122.55468750000001, 44.43507884504265], [-122.58815430051378, 44.4639708083], [-122.625, 44.476972095632966], [-122.69531249999999, 44.50389245897665], [-122.72699247056062, 44.534269575500005], [-122.7245932050442, 44.604568342600004], [-122.69531250000001, 44.63384332876072], [-122.67509342089735, 44.6748671097], [-122.625, 44.73438400019142], [-122.60954388365235, 44.7451658768], [-122.5984294662797, 44.815464644], [-122.625, 44.83654464269115], [-122.6953125, 44.86814684329357], [-122.71366581555472, 44.8857634111], [-122.69697796400004, 44.9560621782], [-122.69531250000001, 44.95772731691434], [-122.64469922624798, 45.0263609453], [-122.625, 45.04605632401767], [-122.5546875, 45.07148051067431], [-122.50905662103497, 45.096659712299996], [-122.484375, 45.12133651270944], [-122.42548534017243, 45.1669584794], [-122.4140625, 45.1783790885506], [-122.38431835767265, 45.2372572465], [-122.34375, 45.278339694005744], [-122.27377922781565, 45.30755601359999], [-122.2734375, 45.30794951499741], [-122.21216329896819, 45.3778547806], [-122.22574531056831, 45.4481535477], [-122.203125, 45.48269418533087], [-122.19559051056636, 45.5184523147], [-122.203125, 45.53246166343926], [-122.24282679861582, 45.5887510817], [-122.2734375, 45.61125890365162], [-122.34375, 45.64774053970095], [-122.35506151837835, 45.659049848799995], [-122.4140625, 45.68867525026838], [-122.45474381115218, 45.7293486158], [-122.484375, 45.781794704102026], [-122.50403771227278, 45.7996473828], [-122.484375, 45.82464113256039], [-122.47028349144723, 45.8699461498], [-122.484375, 45.89987563196826], [-122.54201400765804, 45.9402449168], [-122.5546875, 45.94327056415921], [-122.625, 45.961920366943765], [-122.6953125, 46.010055706338854], [-122.69596897503583, 46.0105436838], [-122.74720562354764, 46.08084245079999], [-122.7434314561282, 46.1511412178], [-122.72886400001661, 46.2214399848], [-122.7089143667868, 46.29173875170001], [-122.6953125, 46.30351767825527], [-122.64527079227, 46.3620375187], [-122.625, 46.381513893333604], [-122.5546875, 46.4229874299605], [-122.53802603661252, 46.4323362857], [-122.484375, 46.49355015424624], [-122.47374279194074, 46.5026350526], [-122.484375, 46.505822222517565], [-122.5546875, 46.52381421034232], [-122.62499999999999, 46.56144630983408], [-122.63458969718222, 46.5729338195], [-122.6953125, 46.61461515231769], [-122.74149591496013, 46.6432325865], [-122.75405481242369, 46.7135313534], [-122.71257730519288, 46.7838301203], [-122.6953125, 46.790874651937074], [-122.625, 46.805773377548675], [-122.5546875, 46.8179836099069], [-122.484375, 46.83095080584613], [-122.4140625, 46.83651197454678], [-122.34375, 46.83689466911039], [-122.2734375, 46.83731863910481], [-122.203125, 46.843918630357834], [-122.18424065902414, 46.8541288872], [-122.16295573477547, 46.9244276541], [-122.1328125, 46.96739410984192], [-122.12150823638532, 46.994726421], [-122.0625, 47.055920805799694], [-122.05036693943904, 47.06502518789999], [-121.9921875, 47.11554700552473], [-121.93964072965696, 47.1353239548], [-121.921875, 47.15650203401396], [-121.8515625, 47.205526393259355], [-121.85145430512195, 47.2056227217], [-121.83555659287201, 47.2759214885], [-121.8515625, 47.31348821141658], [-121.88430093829803, 47.3462202554], [-121.8515625, 47.393369535264995], [-121.836616069239, 47.4165190222], [-121.78125, 47.465707379512914], [-121.7622746029042, 47.4868177891], [-121.77784063855312, 47.557116555899995], [-121.74452892828938, 47.6274153227], [-121.7109375, 47.65118512930803], [-121.70089087314803, 47.6977140895], [-121.7109375, 47.713629809997656], [-121.76533117031295, 47.76801285639999], [-121.73408020078139, 47.8383116232], [-121.75261557770801, 47.9086103899], [-121.76616468338398, 47.9789091567], [-121.78125, 47.99230971065633], [-121.83815932818142, 48.04920792349999], [-121.8515625, 48.06680496626122], [-121.9042745195724, 48.1195066903], [-121.921875, 48.15959931237529], [-121.95208704558237, 48.189805457], [-121.96037147523111, 48.2601042238], [-121.9921875, 48.278539881297654], [-122.0625, 48.30401429488323], [-122.09020639582334, 48.330402990500005], [-122.11042260078176, 48.4007017573], [-122.0625, 48.468008835496526], [-122.05775160075521, 48.471000524], [-121.9921875, 48.53801645152735], [-121.97955608393343, 48.54129929070001], [-121.9921875, 48.54377220123836], [-122.0625, 48.58037118937362], [-122.09373296838868, 48.6115980574], [-122.1328125, 48.63591397307694], [-122.17880433405816, 48.6818968241], [-122.203125, 48.72894017405427], [-122.22638495983561, 48.7521955908], [-122.203125, 48.77545100754574], [-122.1328125, 48.79728803713276], [-122.11545026080381, 48.8224943575], [-122.10719745076591, 48.8927931242], [-122.0874469192915, 48.9630918908], [-122.06249999999999, 48.98803393750802], [-121.9921875, 49.00920665609459], [-121.969153168605, 49.03339065749999], [-121.921875, 49.09165270059143], [-121.90357782457609, 49.1036894241], [-121.8515625, 49.14211339645789], [-121.78125, 49.15576781914859], [-121.76463044785588, 49.1739881908], [-121.7677877273021, 49.2442869574], [-121.75846722222815, 49.314585724], [-121.78125, 49.33507189298851], [-121.8515625, 49.35922834285698], [-121.921875, 49.315381137429746], [-121.923052381944, 49.314585724], [-121.9921875, 49.26317188673653], [-122.06126311775421, 49.2442869574], [-122.06250000000001, 49.243746963798614], [-122.1328125, 49.22177597599568], [-122.203125, 49.21032991194745], [-122.2734375, 49.23521531279477], [-122.28251091682016, 49.2442869574], [-122.34375, 49.264939124545606], [-122.4140625, 49.27082970555928], [-122.484375, 49.272655524918314], [-122.5546875, 49.274234580737236], [-122.625, 49.29015480372913], [-122.64943569303739, 49.314585724], [-122.6953125, 49.33418712046581], [-122.765625, 49.3439970564697], [-122.8359375, 49.3485292589189], [-122.90625, 49.34885229495741], [-122.9765625, 49.357216083236366], [-123.03993235724347, 49.3848844907], [-123.046875, 49.38665347669803], [-123.1171875, 49.416412444649374], [-123.16417049693194, 49.45518325730001], [-123.17594162075542, 49.5254820238], [-123.1875, 49.546753468654465], [-123.22381852824822, 49.5957807904], [-123.2578125, 49.64979637123966], [-123.31511322113455, 49.666079557], [-123.328125, 49.67235421423683], [-123.33448113777227, 49.666079557], [-123.3984375, 49.60502447888971], [-123.41895798756337, 49.5957807904], [-123.46874999999999, 49.58424930048605], [-123.5390625, 49.575651513101306], [-123.609375, 49.57984687532193], [-123.6563674012493, 49.5957807904], [-123.6796875, 49.61306032815115], [-123.70138392637742, 49.666079557], [-123.75, 49.728867128226575], [-123.7575126627427, 49.7363783236], [-123.79967589833377, 49.8066770901], [-123.78795229007693, 49.8769758567], [-123.82031249999999, 49.94395408346215], [-123.8227871109312, 49.9472746232], [-123.82410941936311, 50.0175733898], [-123.8203125, 50.02062708549239], [-123.75, 50.077449757649134], [-123.73862211011746, 50.087872156299994], [-123.73212017619656, 50.1581709228], [-123.75, 50.17859588574087], [-123.79814341699594, 50.2284696893], [-123.8203125, 50.24189341508014], [-123.890625, 50.248804453169065], [-123.9609375, 50.25137799212199], [-124.03125, 50.241651078534595], [-124.0835052000059, 50.228469689300006], [-124.1015625, 50.222144279438524], [-124.13730477500363, 50.2284696893], [-124.171875, 50.24428411108758], [-124.21185056298484, 50.2987684558], [-124.2421875, 50.32477931979757], [-124.29512345718376, 50.3690672223], [-124.2421875, 50.416001270528426], [-124.22778550206897, 50.4393659887], [-124.23690714073523, 50.5096647552], [-124.171875, 50.54391969122844], [-124.1015625, 50.57349885798181], [-124.09035489586715, 50.57996352159999], [-124.03125, 50.64994245895023], [-124.03111751075727, 50.6502622881], [-124.03125, 50.65107252141607], [-124.05046718820513, 50.7205610545], [-124.1015625, 50.75084935678328], [-124.17187500000001, 50.77453956878696], [-124.2347444746344, 50.7908598209], [-124.2421875, 50.8010165598247], [-124.27246899836324, 50.8611585874], [-124.3125, 50.92801551381967], [-124.31376225415974, 50.93145735379999], [-124.3125, 50.93626499976866], [-124.29558709686799, 51.0017561202], [-124.28703042122753, 51.0720548865], [-124.3125, 51.09235276283211], [-124.3828125, 51.1237600340944], [-124.453125, 51.13867410831368], [-124.48795280204801, 51.1423536529], [-124.5234375, 51.144267587724144], [-124.59375, 51.1753603925201], [-124.6168819771832, 51.2126524193], [-124.65538337964094, 51.2829511856], [-124.6640625, 51.31050663338181], [-124.68184416837336, 51.353249952], [-124.6640625, 51.38526487522897], [-124.63604173801933, 51.4235487183], [-124.6640625, 51.44579233705163], [-124.734375, 51.45970001593194], [-124.8046875, 51.48007978254242], [-124.85409054703148, 51.4938474846], [-124.875, 51.50149963905915], [-124.9375408459789, 51.5641462509], [-124.9453125, 51.581055850540636], [-124.96777716278069, 51.6344450172], [-125.015625, 51.696378783402565], [-125.03086179591489, 51.7047437835], [-125.0859375, 51.75129352085551], [-125.15625000000001, 51.77071371217759], [-125.16070989948942, 51.7750425498], [-125.15625, 51.781992364267005], [-125.0859375, 51.79473191863271], [-125.015625, 51.80270822711755], [-124.95467897868346, 51.845341316], [-124.9453125, 51.84964569577431], [-124.875, 51.866069160559334], [-124.81055510343555, 51.845341316], [-124.8046875, 51.8400490224916], [-124.734375, 51.8094590308925], [-124.6640625, 51.80636121008851], [-124.59375, 51.814955444539436], [-124.5234375, 51.82066001744023], [-124.453125, 51.81795429389592], [-124.3828125, 51.8055105386259], [-124.3125, 51.78296833904392], [-124.2879689465332, 51.775042549800006], [-124.2421875, 51.7700613086454], [-124.171875, 51.7632308092473], [-124.1015625, 51.76077435684301], [-124.03125, 51.75405859310042], [-123.9609375, 51.74400774198783], [-123.890625, 51.73845393432463], [-123.8203125, 51.74350669871036], [-123.76789713223438, 51.7750425498], [-123.75000000000001, 51.77852899172415], [-123.6796875, 51.79683219091316], [-123.609375, 51.83245924469931], [-123.58120197793345, 51.845341316], [-123.5390625, 51.85489391547551], [-123.46875000000001, 51.87363275582983], [-123.3984375, 51.884798459839885], [-123.328125, 51.887391393479966], [-123.2578125, 51.885928380439324], [-123.18750000000001, 51.87408214141867], [-123.1171875, 51.853775070409895], [-123.0996817749191, 51.845341316], [-123.1171875, 51.82793259859255], [-123.1465417150309, 51.7750425498], [-123.1171875, 51.75006669817556], [-123.046875, 51.72683413760599], [-122.9765625, 51.71980976529237], [-122.90625, 51.72128103927646], [-122.8359375, 51.72485226314658], [-122.76562500000001, 51.726520232447754], [-122.69531250000001, 51.72379890235281], [-122.625, 51.7194224470858], [-122.58179971698885, 51.7047437835], [-122.5546875, 51.68739313491695], [-122.484375, 51.63449419301478], [-122.48431589709286, 51.63444501720001], [-122.4140625, 51.572478760841335], [-122.39918266276563, 51.5641462509], [-122.34375, 51.54717741528551], [-122.31054740963187, 51.5641462509], [-122.2734375, 51.59786806113321], [-122.22496073007031, 51.6344450172], [-122.203125, 51.67117191019052], [-122.19002122199893, 51.7047437835], [-122.1328125, 51.75326308352666], [-122.09041464757442, 51.7750425498], [-122.0625, 51.787586952306185], [-121.9921875, 51.7989729002971], [-121.921875, 51.793515522639446], [-121.8515625, 51.77731826646631], [-121.8325801665612, 51.7750425498], [-121.78125, 51.77339108271227], [-121.7109375, 51.77034101831871], [-121.64307370323662, 51.775042549800006], [-121.640625, 51.77554816135827], [-121.5703125, 51.793925989974866], [-121.5, 51.806049540574094], [-121.4296875, 51.81577871820387], [-121.35937500000001, 51.801366765128556], [-121.2890625, 51.78402266594812], [-121.24827425234304, 51.7750425498], [-121.21875, 51.771688176708345], [-121.20213038865326, 51.775042549800006], [-121.1484375, 51.79398190358966], [-121.078125, 51.81569516918899], [-121.0078125, 51.835790328077024], [-120.97009096306931, 51.845341316], [-121.0078125, 51.88099834069292], [-121.02452888544047, 51.9156400823], [-121.00781250000001, 51.94210252023164], [-120.96995155489228, 51.9156400823], [-120.9375, 51.88113847119305], [-120.86971077094675, 51.845341316], [-120.8671875, 51.845134982037784], [-120.796875, 51.839047524496586], [-120.7265625, 51.84174768018341], [-120.69681532875285, 51.845341316], [-120.65625, 51.85117879359668], [-120.5859375, 51.87504637433912], [-120.52919820491411, 51.9156400823], [-120.5859375, 51.94606235375335], [-120.63789900763112, 51.9859388485], [-120.65625, 51.99387571401642], [-120.7265625, 52.01782239119225], [-120.796875, 52.02249217532555], [-120.8671875, 52.01974046048415], [-120.9375, 52.022342707503], [-121.0078125, 52.02024554571834], [-121.078125, 52.031997163479076], [-121.10802739269496, 52.0562376148], [-121.07812500000001, 52.07811314217016], [-121.0078125, 52.09550169010595], [-120.9375, 52.102229699784814], [-120.8671875, 52.10901053299807], [-120.82665106210577, 52.126536381], [-120.796875, 52.15428339785259], [-120.75956702192079, 52.1968351472], [-120.7265625, 52.21213011425681], [-120.65902649341625, 52.2671339134], [-120.7265625, 52.31247850792547], [-120.75591204798317, 52.3374326796], [-120.7265625, 52.38524208113826], [-120.69009534304391, 52.407731445799996], [-120.65625, 52.432364048388], [-120.5859375, 52.446403457858466], [-120.51562500000001, 52.43335113706327], [-120.45686160570247, 52.4077314458], [-120.4453125, 52.403652478551415], [-120.375, 52.37876043672706], [-120.3046875, 52.35117104574438], [-120.28443176974709, 52.3374326796], [-120.234375, 52.31483952692617], [-120.16406250000001, 52.29112912897857], [-120.09375, 52.30109994049975], [-120.06143350299003, 52.3374326796], [-120.03523483975093, 52.40773144580001], [-120.09375, 52.45651400768822], [-120.11883188549788, 52.4780302119], [-120.1640625, 52.53411312592685], [-120.17190844112814, 52.5483289781], [-120.20713329466415, 52.6186277442], [-120.1640625, 52.66233283294303], [-120.14725000780996, 52.6889265104], [-120.09375, 52.708146486900695], [-120.0234375, 52.69689053015963], [-119.9791842904229, 52.6889265104], [-119.953125, 52.68520448283894], [-119.94250825126177, 52.6889265104], [-119.90673499444128, 52.7592252765], [-119.953125, 52.80063297264472], [-120.00231821999162, 52.8295240426], [-120.01100871490384, 52.8998228087], [-120.0234375, 52.90196724319739], [-120.09375, 52.92980322294734], [-120.12154061404493, 52.9701215748], [-120.09375, 53.02898355926557], [-120.07270514681986, 53.0404203408], [-120.0234375, 53.05446833733078], [-119.953125, 53.07146482055501], [-119.8828125, 53.079079817633186], [-119.81250000000001, 53.070577021469816], [-119.74218750000001, 53.05857674873104], [-119.67241072476067, 53.0404203408], [-119.671875, 53.04033939617649], [-119.6015625, 53.02963356292075], [-119.53125, 53.015905953397386], [-119.4609375, 53.00546684981752], [-119.390625, 52.99465639648771], [-119.3446454600452, 53.0404203408], [-119.390625, 53.07996394253837], [-119.44256600069339, 53.1107191069], [-119.4609375, 53.12749220156681], [-119.53125000000001, 53.16693836214569], [-119.55457941794458, 53.1810178729], [-119.6015625, 53.197451683183985], [-119.671875, 53.216808137519834], [-119.7421875, 53.237224025286615], [-119.7683193582861, 53.25131663900001], [-119.78725987145694, 53.321615405], [-119.7421875, 53.37878176832891], [-119.72490464646035, 53.391914171], [-119.70169011340863, 53.46221293699999], [-119.7421875, 53.482711799751804], [-119.8125, 53.501569533624995], [-119.8828125, 53.49981917051832], [-119.953125, 53.4996295305269], [-120.01479113997486, 53.532511703], [-119.953125, 53.55868885177088], [-119.8828125, 53.56804118358415], [-119.83359724631774, 53.6028104689], [-119.8125, 53.65916862254551], [-119.80994305315879, 53.6731092349], [-119.8125, 53.68385862593678], [-119.83136857610684, 53.7434080008], [-119.8828125, 53.76355101141702], [-119.953125, 53.79013383397114], [-120.0179385617755, 53.8137067668], [-120.0234375, 53.816104557834436], [-120.09375, 53.85089188895324], [-120.14843065682514, 53.8840055327], [-120.1640625, 53.8901557511805], [-120.234375, 53.927255487944564], [-120.27160202258213, 53.9543042986], [-120.3046875, 53.97042647467033], [-120.37499999999999, 54.00560534840005], [-120.40101874092132, 54.0246030645], [-120.4453125, 54.05763864667391], [-120.4883583495324, 54.0949018304], [-120.515625, 54.12145007994004], [-120.5631102735031, 54.165200596199995], [-120.5859375, 54.17472915368868], [-120.65625, 54.199949728410495], [-120.7265625, 54.21910319169989], [-120.78699483581543, 54.2354993621], [-120.796875, 54.244896632345984], [-120.84001526154469, 54.30579812789999], [-120.796875, 54.3609191567632], [-120.78807675555532, 54.3760968938], [-120.796875, 54.381530670957105], [-120.8671875, 54.402858974823786], [-120.9375, 54.398258867387646], [-120.99804376516047, 54.37609689380001], [-121.00781250000001, 54.37509015880435], [-121.01063364461966, 54.3760968938], [-121.07039914806552, 54.4463956596], [-121.078125, 54.44668904220806], [-121.1484375, 54.4502496092836], [-121.21875, 54.455896325203106], [-121.2890625, 54.47098658100467], [-121.359375, 54.49421238423979], [-121.40849156149966, 54.5166944254], [-121.4296875, 54.52262230261302], [-121.5, 54.5378514709031], [-121.5703125, 54.552951028452895], [-121.63651852314986, 54.5869931912], [-121.640625, 54.58966143087159], [-121.7109375, 54.63436322013443], [-121.74998255326445, 54.6572919569], [-121.78125, 54.69527691124985], [-121.81364194891921, 54.7275907227], [-121.8515625, 54.76971643513017], [-121.89911381133062, 54.7978894884], [-121.921875, 54.80311591786401], [-121.9921875, 54.80572652756138], [-122.0625, 54.81866103771578], [-122.10597305548765, 54.8681882542], [-122.1328125, 54.92960620900141], [-122.20312499999999, 54.92444021463507], [-122.25683751939536, 54.9384870199]]}}, {"type": "Feature", "properties": {"level_in": 0.1}, "geometry": {"type": "LineString", "coordinates": [[-105.2207425009697, 54.9384870199], [-105.25450308143168, 54.8681882542], [-105.25781250000001, 54.86227138824487], [-105.31395125811305, 54.7978894884], [-105.2578125, 54.77973870888949], [-105.1875, 54.753112750285695], [-105.12793695716476, 54.7275907227], [-105.11718750000001, 54.67701486260224], [-105.046875, 54.66534386667627], [-104.9864734789448, 54.6572919569], [-105.046875, 54.65564871097047], [-105.1171875, 54.654658797426315], [-105.1875, 54.655906093875956], [-105.2429459701224, 54.6572919569], [-105.2578125, 54.657556784704504], [-105.25867431805975, 54.6572919569], [-105.328125, 54.60604961451255], [-105.34884736665178, 54.5869931912], [-105.3984375, 54.56337037018312], [-105.46875, 54.57163832160764], [-105.50733825883589, 54.5869931912], [-105.5390625, 54.607285913616636], [-105.58676988301733, 54.657291956899996], [-105.609375, 54.69145580599258], [-105.6796875, 54.66486194341292], [-105.68623972513544, 54.6572919569], [-105.75, 54.619407547198094], [-105.8203125, 54.60894286141257], [-105.890625, 54.613599551781455], [-105.9609375, 54.60157644713583], [-105.96605814776655, 54.5869931912], [-106.03125, 54.55019537937389], [-106.1015625, 54.53986973729525], [-106.171875, 54.533157008429484], [-106.2421875, 54.527476201162784], [-106.2594063514959, 54.5166944254], [-106.3066451224469, 54.4463956596], [-106.2421875, 54.42366413414703], [-106.171875, 54.424354904289245], [-106.1015625, 54.41187921189224], [-106.06821695497926, 54.376096893799996], [-106.03125, 54.349462421768344], [-105.9609375, 54.35186006895178], [-105.890625, 54.342067726623554], [-105.85449947209949, 54.3057981279], [-105.8203125, 54.299085139752684], [-105.75, 54.298666618466086], [-105.6796875, 54.292903802738806], [-105.609375, 54.24400591234572], [-105.60360928236017, 54.2354993621], [-105.609375, 54.23193941047132], [-105.6796875, 54.192132971553455], [-105.75, 54.16909712597839], [-105.76945150271918, 54.1652005962], [-105.75, 54.13331209145683], [-105.73367244650093, 54.0949018304], [-105.6878845000019, 54.0246030645], [-105.75, 54.001563433312455], [-105.8203125, 53.98973087730664], [-105.890625, 53.98060551617265], [-105.9609375, 53.97582408152404], [-106.03125, 53.969776304161655], [-106.1015625, 53.98333591085802], [-106.171875, 53.99155650909603], [-106.2421875, 53.97908895478763], [-106.29120311226293, 53.95430429860001], [-106.2421875, 53.92087382856779], [-106.22811371508291, 53.8840055327], [-106.2421875, 53.87062716399582], [-106.3125, 53.84494651223841], [-106.3828125, 53.845204802221446], [-106.453125, 53.85807293481444], [-106.50785062443424, 53.8840055327], [-106.5234375, 53.905656348219395], [-106.59375, 53.942388557342625], [-106.62020042283983, 53.95430429859999], [-106.59375, 53.969485836420276], [-106.5234375, 53.996369527963495], [-106.4951984475457, 54.0246030645], [-106.5234375, 54.058959537755285], [-106.59375, 54.048879824970896], [-106.64026424732737, 54.0246030645], [-106.6640625, 53.98746183180634], [-106.734375, 53.97442046734196], [-106.8046875, 53.96445323486965], [-106.86493811031522, 53.95430429859999], [-106.8046875, 53.907619195116126], [-106.79593998965552, 53.8840055327], [-106.8046875, 53.876242137452685], [-106.875, 53.84381045243417], [-106.9453125, 53.825003819910194], [-107.015625, 53.8202495024745], [-107.0859375, 53.843670477975266], [-107.15625, 53.851871355311275], [-107.2265625, 53.847541545844365], [-107.296875, 53.84042579613445], [-107.3671875, 53.82755603663127], [-107.39907590131455, 53.8137067668], [-107.4375, 53.77236155553173], [-107.5078125, 53.74567108526684], [-107.52589711975227, 53.7434080008], [-107.578125, 53.73816985900926], [-107.6484375, 53.730761138043576], [-107.67883512100647, 53.7434080008], [-107.6484375, 53.77435952955598], [-107.61995202767909, 53.8137067668], [-107.578125, 53.843577381812196], [-107.5078125, 53.87942890077748], [-107.50060107823636, 53.8840055327], [-107.5078125, 53.90906654437063], [-107.51796846603962, 53.9543042986], [-107.56603145122997, 54.0246030645], [-107.50781249999999, 54.03763702770632], [-107.4375, 54.052858848052836], [-107.3671875, 54.05432936459958], [-107.34204530610336, 54.0949018304], [-107.296875, 54.135769263193964], [-107.23391035146355, 54.0949018304], [-107.296875, 54.05376463853767], [-107.34150977201605, 54.0246030645], [-107.296875, 53.99035517293011], [-107.27761425073828, 53.95430429859999], [-107.2265625, 53.927331450596405], [-107.15625, 53.93003557119403], [-107.0859375, 53.93640268699241], [-107.015625, 53.94303284685692], [-106.9453125, 53.95124876301462], [-106.90965762413367, 53.9543042986], [-106.9453125, 53.95711860766848], [-107.00770220671542, 54.0246030645], [-106.9453125, 54.066642555600374], [-106.875, 54.088061999248986], [-106.85390977118335, 54.0949018304], [-106.8046875, 54.12871052470527], [-106.7746597107716, 54.1652005962], [-106.78900610004035, 54.2354993621], [-106.8046875, 54.24134552194069], [-106.85935716192178, 54.3057981279], [-106.875, 54.34002991715785], [-106.9453125, 54.351486233321424], [-106.97458248273236, 54.3057981279], [-107.015625, 54.276183612274515], [-107.0859375, 54.29042809536463], [-107.11118751243447, 54.305798127900005], [-107.0859375, 54.33242272937889], [-107.015625, 54.354466926865484], [-106.97791133617447, 54.376096893799996], [-107.015625, 54.38450131133807], [-107.07384863026115, 54.4463956596], [-107.015625, 54.486374116829744], [-106.9453125, 54.49682261593679], [-106.875, 54.491713613483654], [-106.8046875, 54.48657783089433], [-106.734375, 54.50562068500624], [-106.71388606127822, 54.5166944254], [-106.6640625, 54.567322657297055], [-106.61949154527682, 54.5869931912], [-106.6640625, 54.597672311103004], [-106.734375, 54.5980664018275], [-106.8046875, 54.60162791088287], [-106.83331282047186, 54.657291956899996], [-106.8046875, 54.6739605883391], [-106.734375, 54.69355622424308], [-106.6640625, 54.71334603135077], [-106.6187353538455, 54.72759072269999], [-106.6640625, 54.7756749065864], [-106.70913516531257, 54.7978894884], [-106.734375, 54.81476634210898], [-106.7895650031528, 54.86818825420001], [-106.8046875, 54.87233657512], [-106.875, 54.8780397083216], [-106.9453125, 54.90749690038582], [-106.96330134636288, 54.9384870199]]}}, {"type": "Feature", "properties": {"level_in": 0.1}, "geometry": {"type": "LineString", "coordinates": [[-104.21281187031889, 54.9384870199], [-104.203125, 54.924777998992056], [-104.18848508445251, 54.8681882542], [-104.203125, 54.850681185639736], [-104.2734375, 54.80439034509878], [-104.28680704376927, 54.7978894884], [-104.28713504125417, 54.7275907227], [-104.34375, 54.696433751554125], [-104.4140625, 54.6812126951753], [-104.484375, 54.684490608807366], [-104.5546875, 54.694527543255745], [-104.625, 54.717510350672065], [-104.67081530511558, 54.7275907227], [-104.6953125, 54.73373642468458], [-104.765625, 54.76651173941052], [-104.8359375, 54.789415730103435], [-104.90625, 54.78568057143836], [-104.9765625, 54.786742836966226], [-104.98471612149014, 54.7978894884], [-104.9765625, 54.80404948053765], [-104.90625, 54.813559204122825], [-104.85772381783129, 54.86818825420001], [-104.8359375, 54.9002999510177], [-104.82337861671306, 54.9384870199]]}}, {"type": "Feature", "properties": {"level_in": 0.1}, "geometry": {"type": "LineString", "coordinates": [[-105.5390625, 54.80857635093211], [-105.57669655204131, 54.7978894884], [-105.5390625, 54.757754357369265], [-105.48475727820596, 54.7275907227], [-105.46875, 54.72638921205921], [-105.46707560123886, 54.7275907227], [-105.40709295607304, 54.7978894884], [-105.46875, 54.80538107074371], [-105.5390625, 54.80857635093211]]}}, {"type": "Feature", "properties": {"level_in": 0.1}, "geometry": {"type": "LineString", "coordinates": [[-127.546875, 54.739030283172184], [-127.4765625, 54.72822973371354], [-127.47481012771733, 54.7275907227], [-127.4765625, 54.727143261742086], [-127.54687500000001, 54.719839392783584], [-127.57609488165201, 54.7275907227], [-127.546875, 54.739030283172184]]}}, {"type": "Feature", "properties": {"level_in": 0.1}, "geometry": {"type": "LineString", "coordinates": [[-105.5390625, 54.46455620079401], [-105.50875611118809, 54.4463956596], [-105.48320672797016, 54.3760968938], [-105.5390625, 54.36099599321881], [-105.609375, 54.348875207984875], [-105.6796875, 54.33577857180305], [-105.75, 54.350900104892276], [-105.79806511171569, 54.37609689380001], [-105.75, 54.3891907293724], [-105.6796875, 54.40079405210098], [-105.609375, 54.41635135658349], [-105.56841185161831, 54.4463956596], [-105.5390625, 54.46455620079401]]}}, {"type": "Feature", "properties": {"level_in": 0.1}, "geometry": {"type": "LineString", "coordinates": [[-107.5078125, 54.17369067070336], [-107.46921374150159, 54.1652005962], [-107.50781249999999, 54.15984408170086], [-107.55850939560268, 54.1652005962], [-107.5078125, 54.17369067070336]]}}, {"type": "Feature", "properties": {"level_in": 0.1}, "geometry": {"type": "LineString", "coordinates": [[-107.15625, 54.1668914946318], [-107.15321988151284, 54.1652005962], [-107.15625, 54.16233051849625], [-107.16680654057487, 54.1652005962], [-107.15625, 54.1668914946318]]}}, {"type": "Feature", "properties": {"level_in": 0.1}, "geometry": {"type": "LineString", "coordinates": [[-110.53125, 54.09648549493506], [-110.4609375, 54.10459450784037], [-110.41849611653097, 54.0949018304], [-110.4609375, 54.08269287218747], [-110.53125, 54.09202826337354], [-110.54437579805537, 54.09490183039999], [-110.53125, 54.09648549493506]]}}, {"type": "Feature", "properties": {"level_in": 0.1}, "geometry": {"type": "LineString", "coordinates": [[-106.453125, 54.1023982443608], [-106.49088703893054, 54.09490183039999], [-106.453125, 54.06334398092331], [-106.3828125, 54.079812159136694], [-106.345958431408, 54.0949018304], [-106.3828125, 54.102432320435824], [-106.453125, 54.1023982443608]]}}, {"type": "Feature", "properties": {"level_in": 0.1}, "geometry": {"type": "LineString", "coordinates": [[-111.1640625, 53.88706959374999], [-111.14986708686638, 53.8840055327], [-111.16406250000001, 53.878220956771614], [-111.19003913592799, 53.8840055327], [-111.1640625, 53.88706959374999]]}}, {"type": "Feature", "properties": {"level_in": 0.1}, "geometry": {"type": "LineString", "coordinates": [[-109.6171875, 53.83003162922926], [-109.546875, 53.83819460436072], [-109.4765625, 53.84056170494115], [-109.41216692615305, 53.813706766799996], [-109.47656249999999, 53.79764533808271], [-109.546875, 53.78122230321239], [-109.6171875, 53.76679737555001], [-109.65778047160182, 53.7434080008], [-109.6875, 53.73621151135992], [-109.7578125, 53.73642445452524], [-109.77589197951849, 53.7434080008], [-109.7578125, 53.752737521429495], [-109.6875, 53.76812637387328], [-109.65921167386122, 53.8137067668], [-109.6171875, 53.83003162922926]]}}, {"type": "Feature", "properties": {"level_in": 0.1}, "geometry": {"type": "LineString", "coordinates": [[-106.59375, 53.74363019185784], [-106.59204620228772, 53.7434080008], [-106.59375, 53.743285839965296], [-106.59435930508283, 53.7434080008], [-106.59375, 53.74363019185784]]}}, {"type": "Feature", "properties": {"level_in": 0.1}, "geometry": {"type": "LineString", "coordinates": [[-106.03125, 53.75134169629042], [-105.9609375, 53.775066577521486], [-105.890625, 53.78270133175399], [-105.8203125, 53.78319719884978], [-105.75, 53.77433081355576], [-105.69055416724505, 53.7434080008], [-105.75000000000001, 53.72739235358567], [-105.82031249999999, 53.727604535671595], [-105.890625, 53.72785806324246], [-105.9609375, 53.726306957103134], [-106.03125, 53.7322935118749], [-106.0544453323184, 53.7434080008], [-106.03125, 53.75134169629042]]}}, {"type": "Feature", "properties": {"level_in": 0.1}, "geometry": {"type": "LineString", "coordinates": [[-106.3828125, 53.703816858573944], [-106.31250000000001, 53.69638634261988], [-106.24218749999999, 53.69323366903794], [-106.171875, 53.68549672593887], [-106.134487894003, 53.6731092349], [-106.171875, 53.66944832736914], [-106.2421875, 53.66476836984307], [-106.31250000000001, 53.6628948072798], [-106.3828125, 53.66098210623413], [-106.42318722441169, 53.6731092349], [-106.3828125, 53.703816858573944]]}}, {"type": "Feature", "properties": {"level_in": 0.1}, "geometry": {"type": "LineString", "coordinates": [[-105.890625, 53.609437842803764], [-105.85695485901894, 53.6028104689], [-105.890625, 53.5732570006129], [-105.90814889807655, 53.532511703], [-105.890625, 53.50447894273026], [-105.86420358557655, 53.46221293699999], [-105.89062499999999, 53.45269356663784], [-105.9609375, 53.43699389433079], [-106.03125, 53.44123754727206], [-106.1015625, 53.460385957473854], [-106.10645007365694, 53.462212937], [-106.171875, 53.49824751123066], [-106.2247434000698, 53.532511703], [-106.171875, 53.552573122673095], [-106.1015625, 53.5674456153878], [-106.03125, 53.58460579535112], [-105.9609375, 53.59282974957868], [-105.93229868830952, 53.6028104689], [-105.890625, 53.609437842803764]]}}, {"type": "Feature", "properties": {"level_in": 0.1}, "geometry": {"type": "LineString", "coordinates": [[-104.9765625, 53.39359816511161], [-104.90625, 53.411109553384534], [-104.85671557093825, 53.391914170999996], [-104.90625, 53.37100292227926], [-104.9765625, 53.38985655756192], [-104.98036473424897, 53.391914170999996], [-104.9765625, 53.39359816511161]]}}, {"type": "Feature", "properties": {"level_in": 0.1}, "geometry": {"type": "LineString", "coordinates": [[-120.5859375, 53.32745346517369], [-120.515625, 53.32716100535338], [-120.4453125, 53.32338541702471], [-120.441006989713, 53.321615405], [-120.39683283344672, 53.251316639], [-120.4453125, 53.21880433181636], [-120.515625, 53.20666140450081], [-120.5859375, 53.20333377514342], [-120.63427666734128, 53.251316639], [-120.60004889681986, 53.321615405], [-120.5859375, 53.32745346517369]]}}, {"type": "Feature", "properties": {"level_in": 0.1}, "geometry": {"type": "LineString", "coordinates": [[-110.4609375, 53.11580002161446], [-110.4451271153427, 53.1107191069], [-110.4609375, 53.10704955776777], [-110.50115085336222, 53.1107191069], [-110.4609375, 53.11580002161446]]}}, {"type": "Feature", "properties": {"level_in": 0.1}, "geometry": {"type": "LineString", "coordinates": [[-121.0078125, 53.05073985160217], [-120.93750000000001, 53.0633553768882], [-120.8671875, 53.06239290316847], [-120.796875, 53.044840331135084], [-120.78487292978222, 53.04042034079999], [-120.796875, 53.0368396581652], [-120.8671875, 53.0201060845498], [-120.9375, 53.01490041322087], [-121.0078125, 53.024826048523195], [-121.05316031725079, 53.0404203408], [-121.0078125, 53.05073985160217]]}}, {"type": "Feature", "properties": {"level_in": 0.1}, "geometry": {"type": "LineString", "coordinates": [[-119.3203125, 52.97088872128215], [-119.32107002162748, 52.9701215748], [-119.3203125, 52.96994141170773], [-119.32001367872424, 52.9701215748], [-119.3203125, 52.97088872128215]]}}, {"type": "Feature", "properties": {"level_in": 0.1}, "geometry": {"type": "LineString", "coordinates": [[-121.8515625, 52.91411501883392], [-121.78125, 52.932869275152264], [-121.7109375, 52.92089772594763], [-121.66576813851506, 52.899822808699994], [-121.65139612085261, 52.8295240426], [-121.7109375, 52.79028376992525], [-121.78125, 52.79935873430648], [-121.82973421198665, 52.8295240426], [-121.8515625, 52.869709812947605], [-121.86231103231049, 52.89982280870001], [-121.8515625, 52.91411501883392]]}}, {"type": "Feature", "properties": {"level_in": 0.1}, "geometry": {"type": "LineString", "coordinates": [[-124.9453125, 52.83349808239898], [-124.92326396295843, 52.8295240426], [-124.875, 52.819384028151894], [-124.8046875, 52.78627498617906], [-124.7801590448708, 52.7592252765], [-124.8046875, 52.72469058390091], [-124.875, 52.69067818518132], [-124.88421431042055, 52.6889265104], [-124.9453125, 52.6739598230653], [-125.015625, 52.67277307530339], [-125.04336444038339, 52.688926510399995], [-125.04235418162281, 52.75922527649999], [-125.015625, 52.78163228756079], [-124.95706250565686, 52.8295240426], [-124.9453125, 52.83349808239898]]}}, {"type": "Feature", "properties": {"level_in": 0.1}, "geometry": {"type": "LineString", "coordinates": [[-125.859375, 52.77896386393584], [-125.7890625, 52.79149848180131], [-125.71875, 52.79122324149579], [-125.64843750000001, 52.76325486755523], [-125.6418500627877, 52.7592252765], [-125.6484375, 52.752696496413186], [-125.71875, 52.71154271893208], [-125.7890625, 52.69008591194925], [-125.79064163179697, 52.6889265104], [-125.845565814466, 52.6186277442], [-125.859375, 52.6094234172407], [-125.9296875, 52.576524269501014], [-126.0, 52.55405490030584], [-126.02535942972474, 52.5483289781], [-126.01690161671924, 52.4780302119], [-126.0703125, 52.46639165708166], [-126.140625, 52.45450260580808], [-126.2109375, 52.444258053599036], [-126.28125, 52.43680342679126], [-126.3515625, 52.453605000127354], [-126.37476072047198, 52.47803021189999], [-126.3515625, 52.50349191786113], [-126.30049856057242, 52.548328978099995], [-126.28125000000001, 52.560526747768535], [-126.22954102872109, 52.6186277442], [-126.2109375, 52.63552581867649], [-126.140625, 52.67402425251022], [-126.11433049948236, 52.68892651040001], [-126.0703125, 52.717312573743996], [-126.0, 52.7429968490465], [-125.9296875, 52.75710660594694], [-125.92322157344209, 52.7592252765], [-125.859375, 52.77896386393584]]}}, {"type": "Feature", "properties": {"level_in": 0.1}, "geometry": {"type": "LineString", "coordinates": [[-84.4453125, 52.69099819083021], [-84.375, 52.699764272027444], [-84.3046875, 52.70876228067397], [-84.234375, 52.71651752587189], [-84.1640625, 52.72384872496821], [-84.09375, 52.7308627068], [-84.0234375, 52.73452992020671], [-83.953125, 52.738745093371804], [-83.8828125, 52.7392140904694], [-83.8125, 52.737746522225976], [-83.7421875, 52.73373276034092], [-83.671875, 52.72364187064335], [-83.6015625, 52.71038846483954], [-83.54431934179956, 52.6889265104], [-83.53125, 52.676547465066655], [-83.48441217732811, 52.6186277442], [-83.48006705476047, 52.5483289781], [-83.49139579369665, 52.4780302119], [-83.50496483614134, 52.40773144580001], [-83.522234610971, 52.3374326796], [-83.53125, 52.30073425450294], [-83.53896304232819, 52.2671339134], [-83.55584970942513, 52.19683514719999], [-83.56945859128204, 52.12653638100001], [-83.57354294536216, 52.0562376148], [-83.55754624256073, 51.9859388485], [-83.53125, 51.94963207090551], [-83.50150123441958, 51.9156400823], [-83.4609375, 51.88968435444559], [-83.390625, 51.84917526120814], [-83.3826528646486, 51.845341315999995], [-83.3203125, 51.82361223646642], [-83.25, 51.80136319725718], [-83.17968750000001, 51.78623439504597], [-83.12371734139018, 51.775042549800006], [-83.109375, 51.77304370488388], [-83.0390625, 51.76903793101418], [-82.96875, 51.76534542358344], [-82.8984375, 51.76500842854194], [-82.828125, 51.76641309188076], [-82.7578125, 51.76850528890497], [-82.6875, 51.77378279862746], [-82.67019602124275, 51.7750425498], [-82.6171875, 51.77977452679152], [-82.546875, 51.79048019540784], [-82.4765625, 51.80085976507762], [-82.40625, 51.81245458370259], [-82.3359375, 51.82570908785314], [-82.265625, 51.83814846559838], [-82.23246886067744, 51.845341316], [-82.1953125, 51.8540599824921], [-82.125, 51.86955822507328], [-82.0546875, 51.886155473055496], [-81.984375, 51.90270404237322], [-81.92664913446036, 51.9156400823], [-81.9140625, 51.91868370011447], [-81.84375, 51.93805980597053], [-81.7734375, 51.95453174402493], [-81.703125, 51.97007811495539], [-81.6328125, 51.984054862301136], [-81.62241232207424, 51.9859388485], [-81.5625, 51.99660608940795], [-81.4921875, 52.007276644681], [-81.421875, 52.016522698916745], [-81.3515625, 52.0238696643698], [-81.28125, 52.03054051277098], [-81.2109375, 52.03650655297565], [-81.140625, 52.041679948785685], [-81.0703125, 52.046509660477405], [-81.0, 52.051258890900556], [-80.9296875, 52.05593581868647], [-80.92473203101423, 52.0562376148], [-80.859375, 52.060667720501854], [-80.7890625, 52.06523051367226], [-80.71875, 52.06955998933795], [-80.6484375, 52.07359071681754], [-80.578125, 52.07741985254927], [-80.5078125, 52.081104408329665], [-80.4375, 52.08476796210094], [-80.3671875, 52.0883428111036], [-80.296875, 52.092148007738416], [-80.2265625, 52.09575793794226], [-80.15625, 52.099634065572744], [-80.0859375, 52.10345233286259], [-80.015625, 52.10733818893884], [-79.9453125, 52.11122405872284], [-79.875, 52.11493328401516], [-79.8046875, 52.1179790030058], [-79.734375, 52.12098058169029], [-79.6640625, 52.122032441851886], [-79.59375, 52.122917996474214], [-79.5234375, 52.12229850559543], [-79.453125, 52.120250890193134], [-79.3828125, 52.11785289747613], [-79.3125, 52.11386520943025], [-79.2421875, 52.10965465326929], [-79.171875, 52.10489082950002], [-79.1015625, 52.099779869601306], [-79.03125, 52.0941549658783], [-78.9609375, 52.08804428605486], [-78.890625, 52.0812076772212], [-78.8203125, 52.072849367974015], [-78.75, 52.0635094509562], [-78.70737871251764, 52.0562376148], [-78.6796875, 52.050722515014904], [-78.609375, 52.03586238825252], [-78.5390625, 52.018482554793714], [-78.46875, 51.9983293530728], [-78.42947394353001, 51.9859388485], [-78.3984375, 51.97393304576264], [-78.328125, 51.942498181970244], [-78.27510522005028, 51.9156400823], [-78.2578125, 51.90721706963166], [-78.1875, 51.86977318883212], [-78.14338709051327, 51.845341316], [-78.1171875, 51.834836240155866], [-78.046875, 51.80739879844711], [-77.9765625, 51.77958524814112], [-77.96394141953824, 51.775042549800006], [-77.90625, 51.761012252943914], [-77.8359375, 51.743424236258015], [-77.765625, 51.72694132866084], [-77.6953125, 51.70975106086549], [-77.67190855784733, 51.70474378349999], [-77.625, 51.6982920088807], [-77.5546875, 51.688521140377205], [-77.484375, 51.67944153377874], [-77.4140625, 51.67040424510381], [-77.34375, 51.66006795094706], [-77.2734375, 51.64852650211565], [-77.203125, 51.6363753351175], [-77.19256845942515, 51.63444501720001], [-77.1328125, 51.62649620513871], [-77.0625, 51.61664463685757], [-76.9921875, 51.60729371572117], [-76.921875, 51.59711954458997], [-76.8515625, 51.587097727139565], [-76.78125, 51.57620173266784], [-76.71168555464436, 51.5641462509], [-76.7109375, 51.56404622202422], [-76.640625, 51.554320650922826], [-76.5703125, 51.54332471623478], [-76.5, 51.5309409475594], [-76.4296875, 51.517736712786025], [-76.359375, 51.503763900427195], [-76.31103875368774, 51.4938474846], [-76.2890625, 51.49038284183964], [-76.21875, 51.48161586578975], [-76.1484375, 51.4723216520635], [-76.078125, 51.46432022613752], [-76.0078125, 51.45603130123364], [-75.9375, 51.4465343341172], [-75.8671875, 51.436179836517645], [-75.796875, 51.42504635204774], [-75.78788743974368, 51.4235487183], [-75.7265625, 51.41499648095295], [-75.65625, 51.40449879486311], [-75.5859375, 51.39357341211356], [-75.515625, 51.3809387382404], [-75.4453125, 51.367291164341125], [-75.38202350356866, 51.353249952], [-75.375, 51.35165495455354], [-75.3046875, 51.335355588534654], [-75.234375, 51.31675792980583], [-75.1640625, 51.299249806750055], [-75.10428922788441, 51.2829511856], [-75.09375, 51.28022062271131], [-75.0234375, 51.26178784699351], [-74.953125, 51.24024634493318], [-74.8828125, 51.21633443006051], [-74.87274922968497, 51.2126524193], [-74.8125, 51.18662014822683], [-74.7421875, 51.156524626338935], [-74.70967127737123, 51.1423536529], [-74.671875, 51.125358646515664], [-74.6015625, 51.09875693760627], [-74.53125, 51.07363239634276], [-74.52611540889453, 51.0720548865], [-74.4609375, 51.05160409953288], [-74.390625, 51.03088306121829], [-74.3203125, 51.01412455014369], [-74.26421218252896, 51.0017561202], [-74.25, 50.998622763693476], [-74.1796875, 50.98304830445643], [-74.109375, 50.96775812926731], [-74.0390625, 50.950642382404034], [-73.96875, 50.931926675812456], [-73.96710705371538, 50.9314573538], [-73.8984375, 50.91089721237205], [-73.828125, 50.88655637889248], [-73.7596144853359, 50.8611585874], [-73.7578125, 50.860365869718], [-73.6875, 50.82740944913192], [-73.6171875, 50.79452965562286], [-73.60862287744078, 50.7908598209], [-73.546875, 50.76236638153512], [-73.4765625, 50.7324417987582], [-73.44580630246685, 50.720561054499996], [-73.40625, 50.704925587848514], [-73.3359375, 50.674983188569534], [-73.2803046295025, 50.65026228810001], [-73.265625, 50.643525405399735], [-73.1953125, 50.61075238829], [-73.12832009219514, 50.5799635216], [-73.125, 50.578540902868404], [-73.0546875, 50.54674026473518], [-72.984375, 50.51713814232802], [-72.96921474107032, 50.5096647552], [-72.9140625, 50.485195740866175], [-72.84375, 50.45558911258666], [-72.82072806617894, 50.4393659887], [-72.7734375, 50.39808305243286], [-72.73604442102044, 50.3690672223], [-72.703125, 50.33103440589521], [-72.6754630683939, 50.2987684558], [-72.65820069879175, 50.2284696893], [-72.66358053426026, 50.1581709228], [-72.703125, 50.11581014794328], [-72.7734375, 50.09570317512241], [-72.84375, 50.08943586139147], [-72.9140625, 50.101633657043884], [-72.984375, 50.11007423801174], [-73.0546875, 50.12736823940569], [-73.125, 50.15072632615604], [-73.15048205875738, 50.1581709228], [-73.1953125, 50.16856770148541], [-73.265625, 50.188600916215904], [-73.3359375, 50.197237682660614], [-73.40625, 50.20401536646185], [-73.4765625, 50.187621757743074], [-73.546875, 50.15858290601585], [-73.54826424373363, 50.1581709228], [-73.6171875, 50.14700498159412], [-73.65319222724075, 50.1581709228], [-73.6875, 50.17519441429957], [-73.7578125, 50.20252655422536], [-73.80189653806639, 50.2284696893], [-73.828125, 50.244203692680266], [-73.8984375, 50.28064623243672], [-73.94457581504051, 50.2987684558], [-73.96875, 50.30899400325954], [-74.0390625, 50.328312800627], [-74.109375, 50.33381456987584], [-74.1796875, 50.34117381458152], [-74.25, 50.35380015427885], [-74.31281537508596, 50.3690672223], [-74.3203125, 50.37072455531564], [-74.390625, 50.383976847752095], [-74.4609375, 50.40037399099414], [-74.53125, 50.412285315204855], [-74.6015625, 50.42860431538804], [-74.671875, 50.42245607971296], [-74.7421875, 50.41836322171334], [-74.8125, 50.424322690497306], [-74.8828125, 50.43410996060812], [-74.92180229133078, 50.4393659887], [-74.953125, 50.44225675422697], [-75.0234375, 50.45036045396213], [-75.09375, 50.45640669864289], [-75.1640625, 50.460351703956704], [-75.234375, 50.461728012068185], [-75.3046875, 50.452628949509766], [-75.375, 50.444783717694925], [-75.40751272438379, 50.4393659887], [-75.4453125, 50.41933147201365], [-75.515625, 50.382413341467085], [-75.54514925234302, 50.3690672223], [-75.5859375, 50.34767016042979], [-75.65625, 50.304636605839875], [-75.66531137154954, 50.2987684558], [-75.70249596610677, 50.2284696893], [-75.7265625, 50.20781820739639], [-75.796875, 50.19426741876421], [-75.8671875, 50.201238393483194], [-75.9375, 50.20683913405735], [-76.0078125, 50.21863455499736], [-76.05714681374465, 50.2284696893], [-76.078125, 50.23168896822265], [-76.1484375, 50.243098935599704], [-76.21875, 50.25504546244032], [-76.2890625, 50.2681429794126], [-76.359375, 50.283630040251154], [-76.4296875, 50.29682668225918], [-76.4515042969874, 50.2987684558], [-76.5, 50.30254661257898], [-76.5703125, 50.30412839286492], [-76.62113010433461, 50.2987684558], [-76.640625, 50.29580778143069], [-76.7109375, 50.285560946639954], [-76.78125, 50.26253910884547], [-76.8515625, 50.229178334517485], [-76.85271643437223, 50.2284696893], [-76.921875, 50.172052845979856], [-76.93878900309562, 50.1581709228], [-76.921875, 50.14966401218741], [-76.8515625, 50.114546845286014], [-76.81899933949592, 50.087872156299994], [-76.78125, 50.06249393204115], [-76.73245036729048, 50.0175733898], [-76.78125, 49.977735594778], [-76.8515625, 49.96705293851177], [-76.921875, 49.970104814108325], [-76.9921875, 49.97384744875191], [-77.0625, 49.97353983802239], [-77.1328125, 49.97024745413816], [-77.17043471083447, 49.9472746232], [-77.17209590458155, 49.8769758567], [-77.1328125, 49.82551109855005], [-77.11418888236825, 49.8066770901], [-77.1328125, 49.759861159865125], [-77.14698594750473, 49.73637832360001], [-77.1328125, 49.72480228169712], [-77.0625, 49.68022802198917], [-77.02670578775849, 49.666079557], [-76.9921875, 49.65521478530843], [-76.921875, 49.63044403322664], [-76.85645985125606, 49.5957807904], [-76.921875, 49.561797203134], [-76.96598060590482, 49.5254820238], [-76.9921875, 49.49109218097061], [-77.01289578007402, 49.4551832573], [-77.0551024725908, 49.384884490699996], [-77.05072007383578, 49.314585724], [-77.02049631858166, 49.2442869574], [-76.9921875, 49.1831258038273], [-76.98795809923908, 49.1739881908], [-76.94898048967896, 49.1036894241], [-76.921875, 49.07135610331876], [-76.8704164145629, 49.03339065750001], [-76.8515625, 49.01908587043901], [-76.78125, 48.98533480977756], [-76.7109375, 48.96322914732971], [-76.7105431225883, 48.9630918908], [-76.640625, 48.93906222647364], [-76.5703125, 48.91507930158845], [-76.51372883873591, 48.8927931242], [-76.5, 48.887385853885164], [-76.4296875, 48.856909721070956], [-76.36330207006971, 48.8224943575], [-76.359375, 48.82039366181661], [-76.2890625, 48.77791042398424], [-76.2576271219679, 48.7521955908], [-76.21875, 48.71299100474096], [-76.18893488659137, 48.681896824099994], [-76.1484375, 48.616573820225675], [-76.14442400225163, 48.6115980574], [-76.08871297635517, 48.5412992907], [-76.078125, 48.522027530271124], [-76.0522750951759, 48.471000524], [-76.0305448983784, 48.4007017573], [-76.0178357833491, 48.3304029905], [-76.0078125, 48.31673756290613], [-75.94008545417927, 48.2601042238], [-75.9375, 48.25855996860853], [-75.8671875, 48.2187653176805], [-75.81826794124262, 48.189805457], [-75.796875, 48.176620611572645], [-75.7265625, 48.12809606525724], [-75.7159408452486, 48.1195066903], [-75.65830053567518, 48.0492079235], [-75.65625, 48.04571063796099], [-75.61900912263766, 47.9789091567], [-75.5859375, 47.9138452675345], [-75.5834782177922, 47.908610389900005], [-75.51949902012288, 47.8383116232], [-75.515625, 47.83498458831596], [-75.4453125, 47.77514864588837], [-75.435796259706, 47.768012856400006], [-75.375, 47.72593137079912], [-75.33768851814777, 47.6977140895], [-75.3046875, 47.67338057233198], [-75.23529242574503, 47.6274153227], [-75.234375, 47.62691926123215], [-75.1640625, 47.592132634806035], [-75.09375, 47.56522851926375], [-75.06965520312811, 47.55711655590001], [-75.0234375, 47.54501429659855], [-74.953125, 47.53055761170776], [-74.8828125, 47.513388359379384], [-74.81249999999999, 47.493705971490456], [-74.7937998441203, 47.4868177891], [-74.7421875, 47.46819841460372], [-74.671875, 47.437466943296144], [-74.63125378081091, 47.4165190222], [-74.6015625, 47.40087826414482], [-74.53125, 47.361136334374734], [-74.50236431446208, 47.3462202554], [-74.4609375, 47.32802697298632], [-74.390625, 47.29474259053523], [-74.35369949031187, 47.2759214885], [-74.3203125, 47.26056055446895], [-74.25, 47.2214637101654], [-74.22726718911096, 47.2056227217], [-74.1796875, 47.17178399688238], [-74.13757659002509, 47.1353239548], [-74.109375, 47.107127872974104], [-74.0687161804328, 47.0650251879], [-74.0390625, 47.04091896712903], [-73.9722575598128, 46.994726421], [-73.96875, 46.99230110457881], [-73.8984375, 46.94913442478425], [-73.8535447214349, 46.9244276541], [-73.828125, 46.91043788068643], [-73.7578125, 46.87413751919395], [-73.7185022052896, 46.8541288872], [-73.6875, 46.84173041837808], [-73.6171875, 46.81278369590712], [-73.5488246870339, 46.78383012030001], [-73.546875, 46.783113808777856], [-73.4765625, 46.74930227119887], [-73.41426683953587, 46.7135313534], [-73.40625, 46.707042793430254], [-73.34694575376439, 46.6432325865], [-73.3359375, 46.61732237029284], [-73.31373891185189, 46.5729338195], [-73.29226693815549, 46.5026350526], [-73.265625, 46.47266871243257], [-73.23472603601854, 46.4323362857], [-73.1953125, 46.40828338642615], [-73.125, 46.373409252401245], [-73.11098279694357, 46.3620375187], [-73.0546875, 46.33721649048975], [-72.984375, 46.29670810472049], [-72.97916320476438, 46.2917387517], [-72.97021610276043, 46.22143998479999], [-72.984375, 46.210145198567965], [-73.0546875, 46.1734155499893], [-73.125, 46.17037817694845], [-73.1953125, 46.17923936599449], [-73.265625, 46.1943843704092], [-73.3359375, 46.21723620540976], [-73.35275590894504, 46.2214399848], [-73.40625, 46.248392356282544], [-73.4765625, 46.273752198902955], [-73.546875, 46.27501343808041], [-73.6171875, 46.27279108789051], [-73.6875, 46.248697342328306], [-73.7415856763757, 46.2214399848], [-73.7578125, 46.18675486952614], [-73.76793991681672, 46.1511412178], [-73.78793174081977, 46.0808424508], [-73.76615244115034, 46.0105436838], [-73.7578125, 46.00443272412288], [-73.6875, 45.95665201296834], [-73.66263078236781, 45.9402449168], [-73.6171875, 45.90660264017151], [-73.54954042730475, 45.8699461498], [-73.56117307514113, 45.7996473828], [-73.6171875, 45.77164565653226], [-73.6875, 45.73618207460321], [-73.70266991489868, 45.7293486158], [-73.7578125, 45.71082072178628], [-73.828125, 45.690508281029366], [-73.8984375, 45.67021880054553], [-73.93833441196139, 45.6590498488], [-73.9589492181438, 45.5887510817], [-73.96875, 45.55858086380309], [-73.99925364554498, 45.5184523147], [-73.96875, 45.50150914362462], [-73.8984375, 45.459715239605785], [-73.88319409805531, 45.4481535477], [-73.828125, 45.40329119964532], [-73.80299388102634, 45.3778547806], [-73.828125, 45.36402694218315], [-73.8984375, 45.33850316140896], [-73.96875, 45.3302800940926], [-74.0390625, 45.337677044934665], [-74.109375, 45.34766672419939], [-74.1796875, 45.35244874332629], [-74.25, 45.369548313863525], [-74.27346114405552, 45.3075560136], [-74.25, 45.300442137282346], [-74.1796875, 45.27988957077142], [-74.109375, 45.255679509342], [-74.0390625, 45.26542353260401], [-73.96875, 45.275717989169614], [-73.8984375, 45.280477265044055], [-73.828125, 45.280844371761546], [-73.7578125, 45.279650103722474], [-73.6875, 45.27775648886846], [-73.6171875, 45.27636875120643], [-73.546875, 45.274653718123126], [-73.4765625, 45.277999319137464], [-73.40625, 45.287157057224746], [-73.3359375, 45.28323898444788], [-73.265625, 45.27709658640876], [-73.1953125, 45.264938481980096], [-73.125, 45.248449091889256], [-73.08060980817393, 45.2372572465], [-73.0546875, 45.23342255801062], [-72.984375, 45.22249393043649], [-72.9140625, 45.21048551415872], [-72.84375, 45.20165994387307], [-72.7734375, 45.195866416013246], [-72.703125, 45.18940593006505], [-72.6328125, 45.182995079846094], [-72.5625, 45.17326760726119], [-72.52227136715202, 45.1669584794], [-72.4921875, 45.16271841910443], [-72.421875, 45.140835475354336], [-72.3515625, 45.112441961555795], [-72.31432527490298, 45.0966597123], [-72.28125, 45.089942613423084], [-72.2109375, 45.075381185647444], [-72.140625, 45.06339943737225], [-72.0703125, 45.05510067270039], [-72.0, 45.05298430007935], [-71.9296875, 45.04971663389825], [-71.859375, 45.04504031144542], [-71.7890625, 45.03928342950233], [-71.71875, 45.03237159477383], [-71.68385779719463, 45.0263609453], [-71.6484375, 45.02254259408618], [-71.578125, 45.013215587008695], [-71.5078125, 45.00939202586076], [-71.4375, 45.00772084713344], [-71.3671875, 45.00839538199429], [-71.296875, 45.00974256915374], [-71.2265625, 45.0058593820385], [-71.15625, 44.99954289436958], [-71.0859375, 44.986395545151055], [-71.015625, 44.97079992029447], [-70.9453125, 44.96281164942764], [-70.87499999999999, 44.95747365264376], [-70.8046875, 44.97514477075633], [-70.734375, 44.99387776634397], [-70.6640625, 45.021554295395205], [-70.65099186538625, 45.0263609453], [-70.59375, 45.05613951249016], [-70.5234375, 45.09135763299634], [-70.51313258692068, 45.0966597123], [-70.453125, 45.14140240280936], [-70.40719290824251, 45.1669584794], [-70.3828125, 45.187927917918685], [-70.3125, 45.211604926993076], [-70.2421875, 45.21513152773717], [-70.171875, 45.195936033954254], [-70.10950045940557, 45.1669584794], [-70.1015625, 45.16353109793934], [-70.03125, 45.10206746664739], [-70.02669521180192, 45.0966597123], [-69.99167928927076, 45.0263609453], [-69.96821652994804, 44.9560621782], [-69.9609375, 44.912396519592704], [-69.95267756081955, 44.8857634111], [-69.91139495961933, 44.815464644], [-69.89264429424476, 44.7451658768], [-69.890625, 44.73824817384502], [-69.87146609669708, 44.6748671097], [-69.88333400096256, 44.60456834259999], [-69.890625, 44.59476512483637], [-69.95924509241476, 44.534269575500005], [-69.9609375, 44.53312662496386], [-70.03125, 44.50338326861712], [-70.1015625, 44.47445184356996], [-70.10876300254301, 44.46397080829999], [-70.12381986838467, 44.3936720412], [-70.171875, 44.34818191007962], [-70.18798876431089, 44.323373274], [-70.2421875, 44.271428015433195], [-70.26463220857451, 44.2530745069], [-70.3125, 44.20030202794711], [-70.3376708646413, 44.1827757397], [-70.33710608999607, 44.1124769726], [-70.3125, 44.06678886633368], [-70.26610929110522, 44.0421782054], [-70.3125, 44.01705483455153], [-70.3828125, 43.97877483909134], [-70.39600102613109, 43.9718794382], [-70.453125, 43.947402516657604], [-70.49376162719744, 43.90158067099999], [-70.453125, 43.8966698702517], [-70.3828125, 43.8871860307857], [-70.3125, 43.8766483092464], [-70.2421875, 43.8575089073073], [-70.20456374030839, 43.8312819038], [-70.171875, 43.79846881516422], [-70.14124345857326, 43.760983136600004], [-70.1498941246004, 43.6906843694], [-70.171875, 43.660161335070725], [-70.2421875, 43.65767660519643], [-70.27174674207677, 43.6906843694], [-70.3125, 43.708700281833956], [-70.3828125, 43.71469397805525], [-70.453125, 43.719444344156194], [-70.5234375, 43.724990635937814], [-70.59375, 43.7342127435693], [-70.6640625, 43.751149844300315], [-70.73437500000001, 43.756633130462305], [-70.8046875, 43.744134012728495], [-70.875, 43.70650730942291], [-70.89255565400624, 43.6906843694], [-70.92448887695662, 43.6203856022], [-70.9453125, 43.611505223274044], [-71.015625, 43.58677037719308], [-71.0859375, 43.583481702684395], [-71.15625, 43.589188900753754], [-71.2265625, 43.55538288554354], [-71.296875, 43.55166928492742], [-71.32691209034066, 43.550086835], [-71.3671875, 43.53705225386655], [-71.4375, 43.52106584279288], [-71.5078125, 43.513148157836554], [-71.578125, 43.502245211618785], [-71.62612447824195, 43.4797880678], [-71.64562122885458, 43.4094893005], [-71.64624982380282, 43.3391905333], [-71.6484375, 43.32757381224007], [-71.6566485098063, 43.2688917661], [-71.66044704133536, 43.1985929988], [-71.66409806936525, 43.1282942316], [-71.65173718930996, 43.0579954643], [-71.6484375, 43.05183096238049], [-71.62301125124691, 42.987696697], [-71.62876438241547, 42.9173979298], [-71.6484375, 42.85115026712149], [-71.64956629496548, 42.8470991625], [-71.68244603559233, 42.7768003952], [-71.71487440724897, 42.7065016279], [-71.71875, 42.69719221179446], [-71.74296658161525, 42.6362028606], [-71.77842411781306, 42.5659040933], [-71.7890625, 42.52118536648627], [-71.79510414124229, 42.495605326], [-71.84159243969829, 42.4253065587], [-71.859375, 42.40758445722312], [-71.9296875, 42.37888187937511], [-72.0, 42.42160769756492], [-72.00535994018932, 42.4253065587], [-72.05854925685846, 42.495605326], [-72.05593772953179, 42.56590409329999], [-72.06392462769479, 42.6362028606], [-72.0703125, 42.65698527981523], [-72.09239036648957, 42.706501627899996], [-72.1307769814071, 42.7768003952], [-72.140625, 42.793284666150484], [-72.1777870302384, 42.8470991625], [-72.20382907529287, 42.9173979298], [-72.2109375, 42.93923906918446], [-72.23023022056088, 42.987696697], [-72.28042601992719, 43.0579954643], [-72.28125, 43.059336603025336], [-72.3515625, 43.120396756175396], [-72.36027953766396, 43.12829423160001], [-72.41870307648301, 43.1985929988], [-72.421875, 43.20051034305015], [-72.4227361062493, 43.1985929988], [-72.4375142763254, 43.1282942316], [-72.421875, 43.07950120422221], [-72.40199614122497, 43.0579954643], [-72.39528025384277, 42.987696697000004], [-72.40456366859954, 42.9173979298], [-72.40405874672314, 42.8470991625], [-72.39005925461262, 42.7768003952], [-72.38136346346764, 42.7065016279], [-72.39644944017574, 42.6362028606], [-72.421875, 42.599933579071944], [-72.45344012555006, 42.5659040933], [-72.48859810880698, 42.495605326], [-72.46470930873318, 42.4253065587], [-72.43115288820348, 42.3550077914], [-72.42931058224053, 42.2847090241], [-72.4762387728446, 42.2144102568], [-72.4921875, 42.20078342850871], [-72.5594567055721, 42.1441114894], [-72.5625, 42.14059492640394], [-72.60130485634781, 42.0738127221], [-72.6328125, 42.00853002182216], [-72.63460683230034, 42.0035139548], [-72.68107170889203, 41.93321518740001], [-72.703125, 41.901050538597765], [-72.73405959103697, 41.8629164201], [-72.7734375, 41.83651612025312], [-72.84375, 41.80255405660923], [-72.86231188825568, 41.7926176527], [-72.9140625, 41.75157657151388], [-72.984375, 41.744493704315204], [-73.0546875, 41.757400919512826], [-73.08610579010836, 41.7926176527], [-73.12362614627915, 41.86291642010001], [-73.11083704547391, 41.93321518740001], [-73.1049423320332, 42.0035139548], [-73.11079266851364, 42.0738127221], [-73.125, 42.14179941407632], [-73.12548626171653, 42.144111489400004], [-73.13385653410423, 42.2144102568], [-73.125, 42.2543598554798], [-73.12017757869012, 42.2847090241], [-73.11482960387295, 42.3550077914], [-73.11674631930703, 42.4253065587], [-73.125, 42.475506633447154], [-73.12864949274412, 42.495605325999996], [-73.16048575453888, 42.5659040933], [-73.18279037967963, 42.6362028606], [-73.16877546406624, 42.7065016279], [-73.13879529658057, 42.7768003952], [-73.12985549124699, 42.8470991625], [-73.13817243941814, 42.9173979298], [-73.1594570232777, 42.987696697], [-73.17474642866557, 43.0579954643], [-73.19458135033325, 43.1282942316], [-73.17810428170723, 43.198592998799995], [-73.16771871775762, 43.2688917661], [-73.15317451832874, 43.3391905333], [-73.12594289356869, 43.4094893005], [-73.12499999999999, 43.41252939911937], [-73.10740102919873, 43.4797880678], [-73.0546875, 43.54476189832396], [-73.04888539607775, 43.550086835], [-72.99872180273071, 43.6203856022], [-72.984375, 43.66141813742581], [-72.97640491605742, 43.6906843694], [-72.98297980898232, 43.7609831366], [-72.984375, 43.7696542520714], [-72.99816936463492, 43.8312819038], [-73.04902472205083, 43.901580671], [-73.0546875, 43.91512040634724], [-73.09571464862803, 43.9718794382], [-73.125, 44.01437060948053], [-73.14201991026381, 44.0421782054], [-73.14811971420943, 44.1124769726], [-73.125, 44.118978120769285], [-73.0546875, 44.158642808515275], [-72.9913261722058, 44.1827757397], [-72.984375, 44.18853351511263], [-72.9140625, 44.220246754819904], [-72.84440717897961, 44.253074506900006], [-72.88779573272123, 44.323373274], [-72.85409978394878, 44.3936720412], [-72.84375, 44.40176352750901], [-72.7734375, 44.45451764648571], [-72.703125, 44.4524114959194], [-72.6328125, 44.430832899171754], [-72.5625, 44.40716195583616], [-72.52488441863838, 44.3936720412], [-72.4921875, 44.365282878768724], [-72.421875, 44.384248918284165], [-72.41087919860962, 44.3936720412], [-72.3515625, 44.40334134759363], [-72.28125, 44.426840699093944], [-72.2109375, 44.449220776368236], [-72.1798249067122, 44.4639708083], [-72.2109375, 44.48491584762384], [-72.25692822050384, 44.5342695755], [-72.28125, 44.548506092089006], [-72.3515625, 44.568800042120266], [-72.421875, 44.583520135117205], [-72.47293474339362, 44.6045683426], [-72.4921875, 44.615497859097175], [-72.5625, 44.63395440330641], [-72.62832958452657, 44.6045683426], [-72.6328125, 44.601830360297654], [-72.703125, 44.57825117831632], [-72.76034740788293, 44.6045683426], [-72.7734375, 44.613878034635945], [-72.84375, 44.649319880298954], [-72.89821659541843, 44.6748671097], [-72.9140625, 44.68076933190711], [-72.984375, 44.70461595858442], [-73.0546875, 44.72183955907538], [-73.125, 44.71747808348599], [-73.17154874900783, 44.6748671097], [-73.17350798202071, 44.6045683426], [-73.16340522909312, 44.53426957549999], [-73.1569782104263, 44.4639708083], [-73.1953125, 44.4046629425071], [-73.19770708940176, 44.3936720412], [-73.265625, 44.32973070261234], [-73.3359375, 44.324359431793795], [-73.3750233081538, 44.323373274], [-73.3359375, 44.318015209995714], [-73.265625, 44.297672120359884], [-73.20159334132285, 44.2530745069], [-73.265625, 44.215699853617835], [-73.30314886120405, 44.1827757397], [-73.3359375, 44.11990939895788], [-73.34856989392094, 44.1124769726], [-73.35379731388463, 44.042178205400006], [-73.40625, 43.97332920768148], [-73.40937722457817, 43.9718794382], [-73.4765625, 43.96153567977778], [-73.546875, 43.957237385623074], [-73.6171875, 43.94872177574147], [-73.6875, 43.92215366429299], [-73.74986612072624, 43.901580671], [-73.7578125, 43.89197572873858], [-73.828125, 43.85368432639391], [-73.88040748441958, 43.83128190379999], [-73.8984375, 43.82543546935476], [-73.91609958290135, 43.83128190379999], [-73.93736881775428, 43.901580671], [-73.93918284447489, 43.9718794382], [-73.95356036163884, 44.0421782054], [-73.94252738312345, 44.1124769726], [-73.90346336889934, 44.1827757397], [-73.8984375, 44.19088734209809], [-73.84613777156287, 44.2530745069], [-73.828125, 44.2985069386532], [-73.81525049850121, 44.323373274], [-73.80499418361075, 44.3936720412], [-73.81913488819006, 44.4639708083], [-73.828125, 44.488090645030944], [-73.8485712631457, 44.5342695755], [-73.86237998646286, 44.60456834259999], [-73.85774133296046, 44.6748671097], [-73.84004887074926, 44.7451658768], [-73.86259027224091, 44.815464644], [-73.8984375, 44.82623603424223], [-73.96875, 44.84494885786503], [-74.0390625, 44.85389865100157], [-74.109375, 44.858686101631434], [-74.1796875, 44.86647871706724], [-74.25, 44.87653466793928], [-74.31443630693033, 44.8857634111], [-74.3203125, 44.8865835517267], [-74.390625, 44.89507531825966], [-74.4609375, 44.90012212419691], [-74.53125, 44.906159312610065], [-74.6015625, 44.921560216185185], [-74.671875, 44.94413451694726], [-74.70759223545795, 44.9560621782], [-74.7421875, 44.968054808315195], [-74.8125, 44.990041141825955], [-74.8828125, 45.012350223487644], [-74.92377493826578, 45.0263609453], [-74.953125, 45.04020991229485], [-75.0234375, 45.07961608884374], [-75.05876867552594, 45.0966597123], [-75.0869356855991, 45.1669584794], [-75.0716706276344, 45.2372572465], [-75.09375, 45.259075613232184], [-75.1640625, 45.269791167242424], [-75.234375, 45.271532251202956], [-75.3046875, 45.26740810922749], [-75.375, 45.26436473516904], [-75.4453125, 45.26631578687369], [-75.515625, 45.268041479246875], [-75.5859375, 45.27040124156525], [-75.65625, 45.272688409956785], [-75.7265625, 45.267712587921594], [-75.796875, 45.259543879871565], [-75.8671875, 45.24916049038143], [-75.9375, 45.23788169616183], [-75.94323471014559, 45.2372572465], [-76.0078125, 45.231780002091696], [-76.078125, 45.221862813023606], [-76.1484375, 45.19163345094915], [-76.21875, 45.1881017625252], [-76.2890625, 45.192527094296906], [-76.359375, 45.199781066379984], [-76.4296875, 45.19971343034804], [-76.5, 45.193888847582116], [-76.5703125, 45.19063883020199], [-76.640625, 45.18898300011277], [-76.7109375, 45.18646550863106], [-76.78125, 45.18549184095186], [-76.8515625, 45.182284239089725], [-76.921875, 45.175242670865714], [-76.97864305775471, 45.1669584794], [-76.99218750000001, 45.158288860795345], [-77.04957758177117, 45.0966597123], [-77.0625, 45.087858575670886], [-77.1328125, 45.05158205224356], [-77.16653572366673, 45.0263609453], [-77.203125, 44.97090401673829], [-77.2148020370667, 44.9560621782], [-77.22838761195234, 44.8857634111], [-77.2560023854082, 44.815464644], [-77.2734375, 44.787898215463926], [-77.30242565754324, 44.7451658768], [-77.34375, 44.726401895666974], [-77.4140625, 44.69965853561889], [-77.47418006015582, 44.6748671097], [-77.484375, 44.670104690076265], [-77.5546875, 44.63957444947219], [-77.625, 44.606228783367655], [-77.62913198413194, 44.6045683426], [-77.6953125, 44.583839148976345], [-77.765625, 44.57607946592101], [-77.8359375, 44.570037756350715], [-77.90625, 44.57118196630141], [-77.9765625, 44.57295806463884], [-78.046875, 44.573424091615635], [-78.1171875, 44.583737405953464], [-78.14660835859573, 44.6045683426], [-78.1875, 44.622412051487956], [-78.2578125, 44.649980134951164], [-78.30253133046136, 44.6748671097], [-78.328125, 44.68770924266566], [-78.3984375, 44.71473529521833], [-78.45019587038782, 44.7451658768], [-78.46875, 44.77572926686928], [-78.50780494584525, 44.815464644], [-78.5390625, 44.84726678003875], [-78.57739776920482, 44.8857634111], [-78.60177739574942, 44.9560621782], [-78.609375, 44.9639591353633], [-78.6796875, 45.0049382939323], [-78.72405811774847, 45.0263609453], [-78.75, 45.05596561082359], [-78.8203125, 45.08546217020675], [-78.84223538594006, 45.0966597123], [-78.8203125, 45.13099886118603], [-78.78493548949825, 45.1669584794], [-78.80718839765206, 45.23725724650001], [-78.8174849832553, 45.3075560136], [-78.8203125, 45.311014382202984], [-78.8625244394737, 45.3778547806], [-78.890625, 45.4065007323988], [-78.92790059644398, 45.4481535477], [-78.9609375, 45.485558897895565], [-78.9902464984965, 45.5184523147], [-79.03125, 45.57684503563567], [-79.03905769494638, 45.5887510817], [-79.0794844690511, 45.6590498488], [-79.1015625, 45.67935122739763], [-79.15802662700028, 45.729348615800006], [-79.171875, 45.74975275463706], [-79.21527773993026, 45.7996473828], [-79.2421875, 45.81590457323828], [-79.3125, 45.858174921725286], [-79.34950252195806, 45.8699461498], [-79.3828125, 45.87946142648511], [-79.453125, 45.898880000724375], [-79.50664326474553, 45.8699461498], [-79.5234375, 45.829976373863516], [-79.531818315432, 45.7996473828], [-79.5234375, 45.75978643785548], [-79.5133853101206, 45.7293486158], [-79.5234375, 45.71082123900251], [-79.59375, 45.66479921772355], [-79.61883404725207, 45.6590498488], [-79.6640625, 45.6330821243275], [-79.734375, 45.62991607040544], [-79.8046875, 45.62891474564451], [-79.875, 45.61097066414702], [-79.94012840288974, 45.5887510817], [-79.9453125, 45.582531380198404], [-79.97846334739003, 45.5184523147], [-80.015625, 45.499125362315546], [-80.0859375, 45.45968357201666], [-80.09391124863184, 45.4481535477], [-80.09324328812649, 45.3778547806], [-80.15625, 45.352918128748115], [-80.20893711946744, 45.30755601359999], [-80.15625, 45.251218246393954], [-80.13401676985012, 45.23725724650001], [-80.11837010823304, 45.1669584794], [-80.0859375, 45.1182758326314], [-80.05534267782903, 45.0966597123], [-80.04116897805824, 45.0263609453], [-80.0859375, 44.98368841837227], [-80.15625, 44.99891755507842], [-80.2265625, 45.00923994020696], [-80.296875, 45.00533700573204], [-80.3671875, 44.99657525718672], [-80.42711975562777, 44.9560621782], [-80.4375, 44.94832484626581], [-80.5078125, 44.89857886664119], [-80.53398028135919, 44.8857634111], [-80.56040612467635, 44.815464644], [-80.5078125, 44.79574588415793], [-80.44631106497587, 44.7451658768], [-80.4375, 44.7432307300677], [-80.3671875, 44.729749242620045], [-80.296875, 44.70438362226578], [-80.23214752399055, 44.6748671097], [-80.2265625, 44.67345616529147], [-80.15625, 44.645686793902904], [-80.0859375, 44.61481552609253], [-80.06902634639823, 44.60456834259999], [-80.03021730961513, 44.534269575500005], [-80.0859375, 44.50711503810614], [-80.15625, 44.46751288162332], [-80.16577202923276, 44.4639708083], [-80.15625, 44.45997921917036], [-80.104901387489, 44.3936720412], [-80.0859375, 44.35097179072231], [-80.06178408211927, 44.323373274], [-80.02332205871242, 44.2530745069], [-80.01987425030859, 44.1827757397], [-80.03240674966337, 44.1124769726], [-80.0859375, 44.04481481812133], [-80.0901385051694, 44.0421782054], [-80.15625, 43.996037961203186], [-80.2265625, 44.01862394921605], [-80.28598550371008, 44.0421782054], [-80.296875, 44.04483192795969], [-80.3671875, 44.077742139772525], [-80.41297329656827, 44.1124769726], [-80.4375, 44.139883816275415], [-80.46671895824608, 44.182775739700006], [-80.48336905821506, 44.2530745069], [-80.48505366603544, 44.323373274], [-80.48245495237833, 44.3936720412], [-80.45335268943003, 44.4639708083], [-80.5078125, 44.508712669511795], [-80.54743986320715, 44.5342695755], [-80.578125, 44.541660798402624], [-80.6484375, 44.56026115932367], [-80.71875, 44.59125318131774], [-80.74264363544732, 44.6045683426], [-80.7890625, 44.6342659556836], [-80.84758951493018, 44.6748671097], [-80.859375, 44.687115419642225], [-80.9296875, 44.720533898212686], [-81.0, 44.73709476670538], [-81.0703125, 44.74024681082759], [-81.14062500000001, 44.74076181663367], [-81.2109375, 44.736496841515574], [-81.28125, 44.72966400009651], [-81.3515625, 44.71790385927167], [-81.421875, 44.69539062282643], [-81.45978707226162, 44.6748671097], [-81.4921875, 44.64530217849969], [-81.52891926635742, 44.6045683426], [-81.54435034007753, 44.5342695755], [-81.52995302167886, 44.4639708083], [-81.5037192525218, 44.3936720412], [-81.4921875, 44.37908974344626], [-81.44821601817002, 44.323373274], [-81.421875, 44.28956185052384], [-81.39851853924077, 44.2530745069], [-81.36223762198173, 44.182775739700006], [-81.3515625, 44.160774643993676], [-81.32000337781037, 44.1124769726], [-81.28125, 44.06097783723181], [-81.26056636846161, 44.0421782054], [-81.2109375, 44.006648423232136], [-81.140625, 43.980748916042195], [-81.1166677235519, 43.9718794382], [-81.0703125, 43.94837436532562], [-81.0, 43.91573351467582], [-80.97448003546138, 43.901580671], [-80.9296875, 43.85918535449315], [-80.89116294298424, 43.8312819038], [-80.859375, 43.80026140906246], [-80.81504559179776, 43.7609831366], [-80.7890625, 43.715750815344], [-80.7770225884168, 43.6906843694], [-80.7677863228277, 43.6203856022], [-80.76391622049606, 43.550086835], [-80.77453372752552, 43.4797880678], [-80.7890625, 43.45884014658466], [-80.859375, 43.41050560573195], [-80.86170698143538, 43.4094893005], [-80.9296875, 43.389218391737856], [-81.0, 43.383497595763316], [-81.0703125, 43.3950687093446], [-81.11020219918532, 43.4094893005], [-81.140625, 43.41799008848674], [-81.2109375, 43.442790852211374], [-81.28125, 43.443700856506], [-81.3515625, 43.439652969289334], [-81.421875, 43.4271728885147], [-81.4921875, 43.41840070558506], [-81.5625, 43.43034700720244], [-81.6328125, 43.44366452809727], [-81.703125, 43.47011276733916], [-81.72462306295806, 43.4797880678], [-81.7734375, 43.50466282927193], [-81.82054182101848, 43.550086835], [-81.84375, 43.57495382690437], [-81.8998470827873, 43.6203856022], [-81.9140625, 43.63173562676622], [-81.984375, 43.680380225764594], [-82.01189142165433, 43.6906843694], [-82.0546875, 43.712942639052], [-82.125, 43.75472634870893], [-82.13136909828205, 43.7609831366], [-82.1953125, 43.80144876284937], [-82.25432735433218, 43.8312819038], [-82.265625, 43.83532669103015], [-82.3359375, 43.86177170040028], [-82.40625, 43.884469733410704], [-82.45577218529176, 43.901580671], [-82.4765625, 43.91012545519493], [-82.546875, 43.91412888400288], [-82.6171875, 43.90353255335608], [-82.62101266652417, 43.901580671], [-82.6875, 43.87794961684417], [-82.7578125, 43.83612207874115], [-82.76279293340833, 43.831281903800004], [-82.828125, 43.78013044603668], [-82.8656864532696, 43.7609831366], [-82.8984375, 43.73440563922563], [-82.96875, 43.7001525609161], [-83.0390625, 43.69411997532444], [-83.07918933094567, 43.6906843694], [-83.109375, 43.68771429672762], [-83.1796875, 43.67785570622216], [-83.25, 43.67427931656112], [-83.3203125, 43.676651756477625], [-83.390625, 43.67891283302504], [-83.4609375, 43.682701298345634], [-83.53125, 43.635335843732605], [-83.6015625, 43.62286645006159], [-83.6220175772157, 43.6203856022], [-83.671875, 43.60788360941977], [-83.7421875, 43.590717136059425], [-83.8125, 43.58124356668101], [-83.8828125, 43.57606929968556], [-83.953125, 43.56852624576598], [-84.0234375, 43.55988091493035], [-84.09375, 43.558227815993085], [-84.1640625, 43.55964467291476], [-84.234375, 43.563315930916744], [-84.3046875, 43.5687150778278], [-84.375, 43.566226209421586], [-84.4453125, 43.56231156697238], [-84.50944252636891, 43.550086835], [-84.515625, 43.54720224647739], [-84.5859375, 43.520980832975084], [-84.62838682347999, 43.4797880678], [-84.65625, 43.45477295881685], [-84.68470297046758, 43.4094893005], [-84.7265625, 43.371383398434716], [-84.76285716925875, 43.3391905333], [-84.796875, 43.31316855518749], [-84.8671875, 43.278562244917], [-84.91242293319269, 43.2688917661], [-84.9375, 43.25502504351334], [-85.0078125, 43.22049047820877], [-85.04277848003352, 43.1985929988], [-85.078125, 43.170020545099874], [-85.11513479160946, 43.1282942316], [-85.078125, 43.07172299525653], [-85.06570811054048, 43.0579954643], [-85.078125, 43.03700043698454], [-85.11036838895467, 42.987696697], [-85.1484375, 42.94999748704301], [-85.17539513671875, 42.9173979298], [-85.21875, 42.88482400950845], [-85.2772522769693, 42.84709916250001], [-85.26036203535898, 42.7768003952], [-85.21875, 42.736643581084735], [-85.17697887715397, 42.7065016279], [-85.17741513091028, 42.6362028606], [-85.19400507073834, 42.5659040933], [-85.20732646721655, 42.495605326], [-85.21771623518129, 42.4253065587], [-85.21875, 42.42162708145119], [-85.23349168450555, 42.3550077914], [-85.23366202659348, 42.28470902410001], [-85.22886326844117, 42.2144102568], [-85.25406103595424, 42.1441114894], [-85.2890625, 42.10351771915295], [-85.32748165789806, 42.0738127221], [-85.359375, 42.060879487290215], [-85.4296875, 42.03401798520473], [-85.49968101794839, 42.003513954800006], [-85.50000000000001, 42.003364392472754], [-85.5703125, 41.95960662418771], [-85.62481972508996, 41.9332151874], [-85.640625, 41.92601537772512], [-85.7109375, 41.8848344480877], [-85.74105839638699, 41.8629164201], [-85.78125, 41.84188407355826], [-85.8515625, 41.81588408908778], [-85.91526383680882, 41.7926176527], [-85.92187500000001, 41.78758398030357], [-85.9921875, 41.753163176227034], [-86.0625, 41.72783499036775], [-86.0721712937861, 41.7223188853], [-86.111813371355, 41.65202011800001], [-86.1328125, 41.63460959698529], [-86.203125, 41.58912676809782], [-86.22441977740071, 41.5817213506], [-86.2734375, 41.57215880301236], [-86.34375, 41.56747246880488], [-86.4140625, 41.56535663261919], [-86.484375, 41.56463937643255], [-86.5546875, 41.55208070031931], [-86.625, 41.54178818349316], [-86.6953125, 41.526777227454176], [-86.765625, 41.514087877005174], [-86.78226103887744, 41.5114225832], [-86.8359375, 41.498048417406125], [-86.90625, 41.48518307767645], [-86.9765625, 41.48213709462619], [-87.046875, 41.48653152211211], [-87.11718750000001, 41.50777592212805], [-87.12513877292697, 41.5114225832], [-87.1875, 41.554421935075844], [-87.21135054028672, 41.5817213506], [-87.25522736047911, 41.652020118], [-87.2121957542916, 41.7223188853], [-87.1875, 41.78732155163425], [-87.18160092608774, 41.7926176527], [-87.1875, 41.79654960350575], [-87.2578125, 41.81197998266362], [-87.3134004215878, 41.7926176527], [-87.328125, 41.78820114111363], [-87.3984375, 41.779891585194676], [-87.44039977982425, 41.7926176527], [-87.46875, 41.814292991686166], [-87.5390625, 41.86167763509728], [-87.54090695957625, 41.8629164201], [-87.609375, 41.89942557360337], [-87.6796875, 41.894564321904525], [-87.75, 41.86686420680233], [-87.7565615746121, 41.8629164201], [-87.8203125, 41.828380826901636], [-87.890625, 41.79506585783235], [-87.89683777757688, 41.7926176527], [-87.9609375, 41.75904818102393], [-88.03125, 41.7277688466715], [-88.04680685853694, 41.7223188853], [-88.1015625, 41.6926097260357], [-88.171875, 41.67115050621065], [-88.21745291186087, 41.652020118], [-88.2421875, 41.64249220161829], [-88.3125, 41.617982642336216], [-88.3828125, 41.583951294731335], [-88.38799151485716, 41.5817213506], [-88.453125, 41.545980630108374], [-88.5234375, 41.526415083035914], [-88.59375, 41.51583496264558], [-88.6640625, 41.52029326092692], [-88.734375, 41.52378734597649], [-88.8046875, 41.52575259077376], [-88.875, 41.51869075968119], [-88.92837415868021, 41.5114225832], [-88.94531249999999, 41.506842291075635], [-89.015625, 41.45267835208526], [-89.03116689656939, 41.4411238158], [-89.0859375, 41.3781619891226], [-89.09265447816549, 41.37082504839999], [-89.15625, 41.31791025121178], [-89.18946432089399, 41.3005262811], [-89.2265625, 41.28876573919295], [-89.26390002832534, 41.3005262811], [-89.296875, 41.310767007730334], [-89.3671875, 41.32115824568963], [-89.4375, 41.30252782072374], [-89.44155096436238, 41.3005262811], [-89.5078125, 41.25754054895933], [-89.53238028288813, 41.2302275137], [-89.578125, 41.18893301780298], [-89.63687315236221, 41.1599287463], [-89.64843750000001, 41.153487396423756], [-89.71875, 41.12382019143921], [-89.7890625, 41.111084290320605], [-89.859375, 41.10141486220721], [-89.89300045167587, 41.0896299788], [-89.9296875, 41.076412920773826], [-90.0, 41.04022817676684], [-90.03806054284136, 41.0193312114], [-90.0703125, 41.00759234358138], [-90.140625, 40.98183210976259], [-90.2109375, 40.95498947773178], [-90.22937418585259, 40.949032444], [-90.28125, 40.93054221196617], [-90.3515625, 40.90693584180008], [-90.421875, 40.88293446077418], [-90.43342941709705, 40.8787336766], [-90.4921875, 40.85558577233927], [-90.5625, 40.828792724182094], [-90.60483494623273, 40.8084349092], [-90.6328125, 40.79324694047291], [-90.6958085805552, 40.7381361417], [-90.703125, 40.7276994650752], [-90.75060068466594, 40.6678373743], [-90.7734375, 40.639042433813984], [-90.84375, 40.606180139402234], [-90.88891088111964, 40.5975386068], [-90.9140625, 40.59320297292874], [-90.9769417811564, 40.5975386068], [-90.984375, 40.598218079301134], [-91.0546875, 40.60698329278646], [-91.125, 40.610625132772576], [-91.1953125, 40.59868687601819], [-91.19767213275745, 40.5975386068], [-91.265625, 40.561780926656525], [-91.3359375, 40.54311900077631], [-91.39257427778549, 40.5272398394], [-91.40625, 40.520938348264615], [-91.43124359033027, 40.5272398394], [-91.4765625, 40.536693001254626], [-91.546875, 40.54359850330398], [-91.5994981877524, 40.5272398394], [-91.6171875, 40.5213445483281], [-91.6875, 40.50902916238285], [-91.7578125, 40.5070598057978], [-91.82812500000001, 40.52206361278433], [-91.84719903173564, 40.5272398394], [-91.8984375, 40.54155366584057], [-91.96875, 40.57667046279086], [-92.01461004784856, 40.5975386068], [-92.0390625, 40.61039628098057], [-92.10369640090975, 40.6678373743], [-92.109375, 40.67361109069266], [-92.17559623464805, 40.7381361417], [-92.1796875, 40.742840177539776], [-92.22621765232711, 40.8084349092], [-92.25, 40.8465332537877], [-92.27361827576028, 40.8787336766], [-92.3203125, 40.94029648474058], [-92.33012888560815, 40.949032444], [-92.390625, 41.002870081961184], [-92.41786601213896, 41.0193312114], [-92.4609375, 41.05177601286562], [-92.5252137348403, 41.0896299788], [-92.53125, 41.099241415722055], [-92.56936342905055, 41.1599287463], [-92.56435565769192, 41.2302275137], [-92.53768543639993, 41.3005262811], [-92.53125, 41.309411579492426], [-92.48347465018503, 41.37082504840001], [-92.4609375, 41.39144823166391], [-92.40950882296498, 41.4411238158], [-92.390625, 41.461428868436315], [-92.34717936070578, 41.5114225832], [-92.3203125, 41.56792467363071], [-92.31341281395086, 41.5817213506], [-92.26204049324514, 41.652020118], [-92.25, 41.66299607788819], [-92.1796875, 41.7144737171067], [-92.17135038351707, 41.7223188853], [-92.109375, 41.77188948818561], [-92.07575518200625, 41.7926176527], [-92.0390625, 41.81416307941066], [-91.96875, 41.85100483193034], [-91.91003127391886, 41.8629164201], [-91.8984375, 41.86871217487227], [-91.84016549324512, 41.9332151874], [-91.89058335986057, 42.0035139548], [-91.8984375, 42.011183937568305], [-91.96257001050655, 42.0738127221], [-91.96875, 42.08064190358789], [-92.0390625, 42.093591647529756], [-92.109375, 42.10930733017642], [-92.15618982715381, 42.1441114894], [-92.1796875, 42.179969308583395], [-92.2039284478973, 42.2144102568], [-92.25, 42.26224449470379], [-92.29172805842582, 42.2847090241], [-92.3203125, 42.29360020780006], [-92.390625, 42.296463463449534], [-92.40993961614782, 42.2847090241], [-92.4609375, 42.24505175028191], [-92.49771453588744, 42.2144102568], [-92.53125, 42.197361648629965], [-92.6015625, 42.16273680273412], [-92.64203224111651, 42.1441114894], [-92.671875, 42.12398887967475], [-92.7421875, 42.07497019964781], [-92.74346706736041, 42.0738127221], [-92.7421875, 42.071868164045924], [-92.69335344402363, 42.0035139548], [-92.671875, 41.98817519301227], [-92.6015625, 41.942556575968275], [-92.59148648522128, 41.933215187399995], [-92.53125, 41.871785941455755], [-92.51780868909314, 41.8629164201], [-92.53125, 41.841798458200984], [-92.6015625, 41.82364803456155], [-92.671875, 41.83642410737541], [-92.7421875, 41.84530984352281], [-92.8125, 41.85632787635367], [-92.85503422190202, 41.8629164201], [-92.8828125, 41.86934804428442], [-92.953125, 41.901912981385195], [-93.02343749999999, 41.93235549460457], [-93.02489789727242, 41.9332151874], [-93.09375, 41.99606791576182], [-93.10542903778548, 42.0035139548], [-93.1640625, 42.04445629964512], [-93.234375, 42.05333074150239], [-93.3046875, 42.06225103014487], [-93.35259539641535, 42.0738127221], [-93.375, 42.079767201269696], [-93.4453125, 42.082798077070386], [-93.48126088850174, 42.0738127221], [-93.515625, 42.057588370715244], [-93.54266748961305, 42.0035139548], [-93.5859375, 41.94583182260271], [-93.59692834515693, 41.9332151874], [-93.65625, 41.90067340787418], [-93.7265625, 41.89870522615006], [-93.796875, 41.89914315628346], [-93.8671875, 41.90743434438241], [-93.9375, 41.91747046884658], [-94.0078125, 41.93141206710076], [-94.01554168261258, 41.9332151874], [-94.078125, 41.94719379398351], [-94.1484375, 41.96900422982528], [-94.21875, 41.99269771059132], [-94.26368766409207, 42.0035139548], [-94.2890625, 42.0083640881645], [-94.359375, 42.018928808025564], [-94.4296875, 42.01850973275342], [-94.5, 42.04130285019878], [-94.53176870450338, 42.0738127221], [-94.56937743276505, 42.1441114894], [-94.5703125, 42.14480597560154], [-94.640625, 42.17991777235363], [-94.7109375, 42.20461738983432], [-94.75925839721923, 42.2144102568], [-94.78125, 42.221006444720366], [-94.8515625, 42.24042362650359], [-94.89838757615037, 42.2847090241], [-94.90937264033332, 42.3550077914], [-94.921875, 42.37739140812941], [-94.93979456728759, 42.4253065587], [-94.95252449877961, 42.495605326], [-94.94896579495511, 42.5659040933], [-94.94379788594006, 42.6362028606], [-94.95864085538545, 42.7065016279], [-94.99162211018296, 42.7768003952], [-94.9921875, 42.777525977551996], [-95.0470382804867, 42.8470991625], [-95.0625, 42.86534902547553], [-95.09006068738746, 42.9173979298], [-95.118956552121, 42.987696697], [-95.10587688601537, 43.0579954643], [-95.09028619731681, 43.1282942316], [-95.10713620323662, 43.1985929988], [-95.1328125, 43.22160026051402], [-95.18672519371658, 43.2688917661], [-95.203125, 43.28192497244611], [-95.2734375, 43.33245348067673], [-95.28626213129039, 43.3391905333], [-95.34375, 43.36864136853633], [-95.41406249999999, 43.40180239308308], [-95.42551333199985, 43.4094893005], [-95.484375, 43.45139775279366], [-95.52953468212627, 43.4797880678], [-95.5546875, 43.496223304457146], [-95.61577682211453, 43.550086835], [-95.625, 43.56041477777568], [-95.69164723691057, 43.6203856022], [-95.6953125, 43.624613926277966], [-95.74900524315572, 43.6906843694], [-95.765625, 43.70518605620636], [-95.81995136248054, 43.7609831366], [-95.8359375, 43.770589944337516], [-95.90625, 43.828519664288265], [-95.90899800597461, 43.8312819038], [-95.9436472060705, 43.901580671], [-95.96186823978928, 43.9718794382], [-95.9765625, 44.00396854057736], [-95.99542289495182, 44.04217820539999], [-96.02865243479991, 44.11247697260001], [-96.046875, 44.15716511237281], [-96.05700655232567, 44.1827757397], [-96.07810786925444, 44.2530745069], [-96.07557664979412, 44.32337327399999], [-96.0541937288917, 44.3936720412], [-96.04687499999999, 44.397772944412615], [-95.9765625, 44.43054785350032], [-95.90625, 44.44744138396536], [-95.8359375, 44.42936358753474], [-95.78833939636098, 44.3936720412], [-95.765625, 44.38634624609138], [-95.6953125, 44.38911925354788], [-95.68810252077391, 44.3936720412], [-95.6953125, 44.40153595459987], [-95.75775955038064, 44.4639708083], [-95.6953125, 44.48821021697954], [-95.6289428303862, 44.5342695755], [-95.65445360843034, 44.6045683426], [-95.6686412475432, 44.6748671097], [-95.6953125, 44.715486300063105], [-95.72084193280857, 44.7451658768], [-95.69814941373166, 44.815464644], [-95.69531250000001, 44.81969340024394], [-95.65401072302575, 44.8857634111], [-95.67255388146987, 44.9560621782], [-95.69295286724255, 45.0263609453], [-95.6953125, 45.05231192970522], [-95.69998158251347, 45.0966597123], [-95.72211601387576, 45.16695847940001], [-95.74927809311623, 45.23725724650001], [-95.765625, 45.280039223531254], [-95.78071783452715, 45.3075560136], [-95.8359375, 45.37601503833272], [-95.8378151519462, 45.3778547806], [-95.90366454582073, 45.4481535477], [-95.90625, 45.45211713875993], [-95.96311977595703, 45.5184523147], [-95.9765625, 45.54197247039521], [-96.02112220888809, 45.5887510817], [-96.046875, 45.61225996033219], [-96.09580131504472, 45.6590498488], [-96.1171875, 45.67647220235777], [-96.1820940439923, 45.7293486158], [-96.1875, 45.732745985986284], [-96.2578125, 45.768080821785595], [-96.328125, 45.79143486366478], [-96.36508882726716, 45.7996473828], [-96.3984375, 45.80520437105728], [-96.46875, 45.8041653198353], [-96.5390625, 45.80315425753804], [-96.55902855822217, 45.7996473828], [-96.609375, 45.7919488212591], [-96.67968749999999, 45.78371160458022], [-96.75000000000001, 45.79938291298929], [-96.75094307701102, 45.7996473828], [-96.82031249999999, 45.85661821801086], [-96.8258834720914, 45.8699461498], [-96.8203125, 45.898652409649756], [-96.81029750464859, 45.9402449168], [-96.7547247482169, 46.01054368380001], [-96.75, 46.01509468765205], [-96.69440854993105, 46.0808424508], [-96.6796875, 46.09938353172305], [-96.64728001594156, 46.1511412178], [-96.609375, 46.20868943913675], [-96.59998412358468, 46.2214399848], [-96.5390625, 46.29051289862942], [-96.53814055485222, 46.2917387517], [-96.48229042467474, 46.3620375187], [-96.46875, 46.37808633789114], [-96.42669805862187, 46.4323362857], [-96.3984375, 46.46607364121523], [-96.36837501845133, 46.5026350526], [-96.328125, 46.54337712512155], [-96.29996193984701, 46.5729338195], [-96.2578125, 46.61228113209185], [-96.21568235269928, 46.6432325865], [-96.1875, 46.661336547695065], [-96.1171875, 46.70285952583713], [-96.08240522937102, 46.7135313534], [-96.046875, 46.72338947880679], [-95.9765625, 46.736439679906], [-95.90625, 46.732719957357986], [-95.83864047800384, 46.7135313534], [-95.8359375, 46.712279693502815], [-95.83210100839361, 46.7135313534], [-95.765625, 46.73777076197611], [-95.72061571427552, 46.783830120299996], [-95.6953125, 46.81876579344379], [-95.67448717505883, 46.85412888719999], [-95.625, 46.87530526894692], [-95.5546875, 46.87751403304663], [-95.484375, 46.88091264858075], [-95.4140625, 46.88466950136985], [-95.34375, 46.906282364525644], [-95.31151194761446, 46.9244276541], [-95.2734375, 46.988012088021364], [-95.27004236759402, 46.994726421], [-95.23513652330224, 47.0650251879], [-95.203125, 47.07902748508698], [-95.15902404731798, 47.1353239548], [-95.19434855960841, 47.2056227217], [-95.16813843488495, 47.2759214885], [-95.14644500582982, 47.3462202554], [-95.13962791393648, 47.4165190222], [-95.1328125, 47.42028132764943], [-95.0625, 47.45897159275903], [-95.02012183039898, 47.4868177891], [-94.9921875, 47.500782226279966], [-94.921875, 47.538053408512326], [-94.89287981776039, 47.5571165559], [-94.8515625, 47.578400891391524], [-94.78125, 47.58624349712546], [-94.7109375, 47.58734787273376], [-94.640625, 47.58328289257889], [-94.5703125, 47.58522322090549], [-94.5, 47.59542664766745], [-94.44525723967122, 47.6274153227], [-94.4296875, 47.64967185184614], [-94.39971716254746, 47.6977140895], [-94.359375, 47.758371852683794], [-94.35318628133044, 47.7680128564], [-94.30309234233412, 47.8383116232], [-94.2890625, 47.85558248809013], [-94.24576596522587, 47.9086103899], [-94.21875, 47.93738264605382], [-94.18183033285601, 47.9789091567], [-94.1484375, 48.01606489702277], [-94.118936029195, 48.0492079235], [-94.078125, 48.10120693095217], [-94.06524196461383, 48.1195066903], [-94.02221987094427, 48.189805457], [-94.0078125, 48.21428237840312], [-93.98107786846722, 48.2601042238], [-93.9375, 48.32768119996206], [-93.93593066168614, 48.3304029905], [-93.8917847634147, 48.4007017573], [-93.8671875, 48.43598022717906], [-93.84137803773075, 48.471000524], [-93.796875, 48.5258368021756], [-93.78561075073243, 48.5412992907], [-93.73263884938024, 48.6115980574], [-93.72656249999999, 48.619529520839805], [-93.67309436398996, 48.6818968241], [-93.65625, 48.699148650218405], [-93.60635667221435, 48.7521955908], [-93.5859375, 48.772610774781555], [-93.52958129369416, 48.822494357500005], [-93.515625, 48.83457076491862], [-93.45605562238725, 48.8927931242], [-93.4453125, 48.90405054156402], [-93.38327716028108, 48.9630918908], [-93.375, 48.970857569166135], [-93.31274972805522, 49.0333906575], [-93.3046875, 49.04133883742559], [-93.234375, 49.10348601805602], [-93.23414884396881, 49.1036894241], [-93.1640625, 49.1680724203294], [-93.1572082412265, 49.1739881908], [-93.09375, 49.230198992222505], [-93.07692966220425, 49.2442869574], [-93.0234375, 49.29157864650421], [-92.99535557975142, 49.314585724], [-92.953125, 49.351041115541186], [-92.91640942112818, 49.3848844907], [-92.8828125, 49.41744129098494], [-92.84236677176176, 49.45518325730001], [-92.8125, 49.48334227900891], [-92.76520603685631, 49.5254820238], [-92.7421875, 49.54723156149663], [-92.68829917999314, 49.5957807904], [-92.671875, 49.61190677695424], [-92.61703488445073, 49.666079557], [-92.6015625, 49.68223426910829], [-92.54906903063548, 49.7363783236], [-92.53125, 49.75430383825624], [-92.47754035118099, 49.8066770901], [-92.4609375, 49.821247859742265], [-92.39077668368303, 49.87697585669999], [-92.390625, 49.87709501345241], [-92.3203125, 49.92827899692972], [-92.29203104940866, 49.9472746232], [-92.25, 49.9785529750293], [-92.19369726592521, 50.01757338979999], [-92.1796875, 50.027930109227086], [-92.109375, 50.07724815917371], [-92.09352909541843, 50.0878721563], [-92.0390625, 50.12595789686304], [-91.99043518673335, 50.1581709228], [-91.96875, 50.172805569540955], [-91.8984375, 50.219056823465316], [-91.88377228635534, 50.2284696893], [-91.828125, 50.26556062235668], [-91.7768236675097, 50.2987684558], [-91.7578125, 50.311828000579965], [-91.6875, 50.36247479960508], [-91.67866805231652, 50.3690672223], [-91.6171875, 50.41726914013201], [-91.58820579537829, 50.4393659887], [-91.546875, 50.46799482214857], [-91.4831075564133, 50.5096647552], [-91.4765625, 50.51370412404989], [-91.40625, 50.555108445323974], [-91.36187636225719, 50.57996352159999], [-91.3359375, 50.594405703090004], [-91.265625, 50.63260839791206], [-91.23334814613, 50.6502622881], [-91.1953125, 50.67094429926229], [-91.125, 50.707503269613824], [-91.09917279770391, 50.72056105450001], [-91.0546875, 50.7425522479361], [-90.984375, 50.77638076976949], [-90.95459766314792, 50.7908598209], [-90.9140625, 50.81056978977138], [-90.84375, 50.844556089575505], [-90.80961598949439, 50.8611585874], [-90.7734375, 50.87866089322222], [-90.703125, 50.913528709417136], [-90.66706788241619, 50.9314573538], [-90.6328125, 50.94796061096822], [-90.5625, 50.98256365279454], [-90.52390760053134, 51.0017561202], [-90.4921875, 51.017613072621444], [-90.421875, 51.05329935166964], [-90.38550513456791, 51.0720548865], [-90.3515625, 51.08937639809099], [-90.28125, 51.12498237159302], [-90.2477168742075, 51.1423536529], [-90.21093749999999, 51.16180984706758], [-90.140625, 51.19775366598498], [-90.1114298891331, 51.2126524193], [-90.0703125, 51.234312184524], [-90.0, 51.27141334562059], [-89.97752086209988, 51.2829511856], [-89.9296875, 51.307902848900554], [-89.859375, 51.34564396327027], [-89.84448725419358, 51.353249952], [-89.7890625, 51.380231612959534], [-89.71875, 51.41436466547066], [-89.69879455182522, 51.4235487183], [-89.6484375, 51.44512611411896], [-89.578125, 51.47321776934737], [-89.52779881091817, 51.4938474846], [-89.5078125, 51.5018404493812], [-89.4375, 51.526266037969044], [-89.3671875, 51.552176615896], [-89.33287972724075, 51.5641462509], [-89.296875, 51.57664284803827], [-89.2265625, 51.600519764239294], [-89.15625, 51.624682424657905], [-89.12663634479256, 51.6344450172], [-89.0859375, 51.64698109524861], [-89.015625, 51.66970618657567], [-88.9453125, 51.689327944729], [-88.89635095547956, 51.7047437835], [-88.875, 51.71108111636855], [-88.8046875, 51.72764330478013], [-88.734375, 51.7444981680363], [-88.6640625, 51.761859708170476], [-88.60293004336316, 51.7750425498], [-88.59375, 51.776793312111565], [-88.5234375, 51.79051191210483], [-88.453125, 51.799053992418976], [-88.3828125, 51.807806599510315], [-88.3125, 51.81481961559571], [-88.2421875, 51.820788294185306], [-88.171875, 51.827208207162236], [-88.1015625, 51.834424424543556], [-88.03125, 51.84086751206476], [-88.0044019639978, 51.845341316], [-87.9609375, 51.852806151630645], [-87.890625, 51.863630242940296], [-87.8203125, 51.87557999919325], [-87.75, 51.88742570342755], [-87.6796875, 51.8982310444114], [-87.609375, 51.911109598627846], [-87.5814315504173, 51.9156400823], [-87.5390625, 51.92337552731588], [-87.46875, 51.94019078846618], [-87.3984375, 51.95570475317453], [-87.328125, 51.97166222965451], [-87.2691714581042, 51.9859388485], [-87.2578125, 51.98914438136633], [-87.1875, 52.00752909530813], [-87.1171875, 52.02804646134758], [-87.046875, 52.04590289171665], [-87.00709814616249, 52.0562376148], [-86.9765625, 52.06537338674603], [-86.90625, 52.085334925670466], [-86.8359375, 52.10364440222788], [-86.765625, 52.12212781441905], [-86.74764369363376, 52.12653638100001], [-86.69531250000001, 52.14097622189456], [-86.625, 52.16128130436618], [-86.5546875, 52.18059485905066], [-86.49551494038022, 52.196835147200005], [-86.484375, 52.20020051788424], [-86.4140625, 52.22275835728605], [-86.34375, 52.243464785049326], [-86.2734375, 52.26496417321883], [-86.26626453522528, 52.2671339134], [-86.203125, 52.28712418792375], [-86.1328125, 52.307084451264956], [-86.0625, 52.3257107931192], [-86.01589278725663, 52.3374326796], [-85.9921875, 52.343726952295654], [-85.921875, 52.36207330422456], [-85.8515625, 52.38003921525318], [-85.78125, 52.39778918093908], [-85.74292838752154, 52.4077314458], [-85.7109375, 52.41665232581184], [-85.640625, 52.43549792556327], [-85.5703125, 52.45419691177625], [-85.5, 52.4726951447233], [-85.47843924219356, 52.47803021189999], [-85.4296875, 52.490467884067925], [-85.359375, 52.507653036164484], [-85.2890625, 52.523548892342575], [-85.21875, 52.53778617139589], [-85.16637713806216, 52.5483289781], [-85.1484375, 52.55213169006137], [-85.078125, 52.56680029409083], [-85.0078125, 52.58188401398715], [-84.9375, 52.5976456671668], [-84.8671875, 52.61414913592801], [-84.84855854828092, 52.6186277442], [-84.79687499999999, 52.63129478593173], [-84.7265625, 52.645178203096236], [-84.65625, 52.658962273291166], [-84.5859375, 52.67080805579651], [-84.515625, 52.68082621044958], [-84.45958688666855, 52.688926510399995], [-84.4453125, 52.69099819083021]]}}, {"type": "Feature", "properties": {"level_in": 0.1}, "geometry": {"type": "LineString", "coordinates": [[-113.0625, 52.62350051867354], [-112.9921875, 52.64013927544894], [-112.94260775076464, 52.6186277442], [-112.9921875, 52.602262511485534], [-113.0625, 52.615834988633814], [-113.0698105915413, 52.6186277442], [-113.0625, 52.62350051867354]]}}, {"type": "Feature", "properties": {"level_in": 0.1}, "geometry": {"type": "LineString", "coordinates": [[-125.43749999999999, 52.56608657530098], [-125.3671875, 52.581887227233366], [-125.296875, 52.55466249895686], [-125.28887483873906, 52.5483289781], [-125.23660337119014, 52.4780302119], [-125.2265625, 52.467005566838836], [-125.15625, 52.44554859765926], [-125.0859375, 52.44478629824902], [-125.015625, 52.437414087585196], [-124.9453125, 52.42265627839386], [-124.90030017957073, 52.4077314458], [-124.88619100536285, 52.3374326796], [-124.91520362170093, 52.2671339134], [-124.875, 52.236486906968494], [-124.82344263375055, 52.1968351472], [-124.85429504753145, 52.126536380999994], [-124.875, 52.10508199173321], [-124.9453125, 52.07719467226827], [-125.015625, 52.07663179672104], [-125.0859375, 52.08190404957642], [-125.15625, 52.0881003582996], [-125.2265625, 52.09502695448155], [-125.296875, 52.09699499308439], [-125.3671875, 52.085841451387225], [-125.40558239588842, 52.0562376148], [-125.4375, 52.018027950466546], [-125.46490727019716, 51.9859388485], [-125.50781250000001, 51.981355631032955], [-125.578125, 51.98395741500633], [-125.62494546849808, 51.9859388485], [-125.5883519348371, 52.056237614800004], [-125.578125, 52.06480640145733], [-125.5078125, 52.07733219053589], [-125.4375, 52.10161160223822], [-125.41996706392797, 52.126536381], [-125.3671875, 52.14173258404115], [-125.296875, 52.147125831917016], [-125.2265625, 52.15149065581284], [-125.15625, 52.166525880912815], [-125.098120632127, 52.196835147200005], [-125.0859375, 52.21245149590512], [-125.015625, 52.25803690553752], [-124.9976150337919, 52.2671339134], [-125.015625, 52.27236333170023], [-125.0859375, 52.32985787167946], [-125.08943622696985, 52.3374326796], [-125.15625, 52.37243768019318], [-125.2265625, 52.38029235127729], [-125.296875, 52.39593526052114], [-125.31603611245177, 52.40773144580001], [-125.3671875, 52.435804807715165], [-125.4375, 52.44607042965081], [-125.5078125, 52.44972452499128], [-125.54582475685338, 52.4780302119], [-125.5078125, 52.506633846291166], [-125.47779877850095, 52.5483289781], [-125.43749999999999, 52.56608657530098]]}}, {"type": "Feature", "properties": {"level_in": 0.1}, "geometry": {"type": "LineString", "coordinates": [[-120.72656250000001, 52.56359916738468], [-120.65625, 52.57963675139295], [-120.5859375, 52.559303923525064], [-120.56384835656232, 52.5483289781], [-120.5859375, 52.52097517671274], [-120.65625, 52.49321504772688], [-120.7265625, 52.50855357676105], [-120.7493562017317, 52.5483289781], [-120.72656250000001, 52.56359916738468]]}}, {"type": "Feature", "properties": {"level_in": 0.1}, "geometry": {"type": "LineString", "coordinates": [[-111.5859375, 52.57250292888985], [-111.515625, 52.5604876424799], [-111.4453125, 52.556129354874585], [-111.43760403305055, 52.5483289781], [-111.44531249999999, 52.543921231088945], [-111.515625, 52.52533006351374], [-111.57467241856978, 52.478030211900005], [-111.5859375, 52.47262240221808], [-111.59399264081058, 52.4780302119], [-111.6454333531585, 52.5483289781], [-111.5859375, 52.57250292888985]]}}, {"type": "Feature", "properties": {"level_in": 0.1}, "geometry": {"type": "LineString", "coordinates": [[-110.95312499999999, 52.56886074826901], [-110.91883812066229, 52.5483289781], [-110.953125, 52.49477605026619], [-111.01273143254345, 52.5483289781], [-110.95312499999999, 52.56886074826901]]}}, {"type": "Feature", "properties": {"level_in": 0.1}, "geometry": {"type": "LineString", "coordinates": [[-125.78906250000001, 52.34889760310348], [-125.71875, 52.392377125364696], [-125.6484375, 52.40095749098138], [-125.578125, 52.40492302192502], [-125.5078125, 52.39260448517643], [-125.4375, 52.365067033117555], [-125.3992748073986, 52.3374326796], [-125.4375, 52.3045747670576], [-125.48333207883039, 52.2671339134], [-125.4375, 52.20283759492123], [-125.43315647117507, 52.19683514719999], [-125.4375, 52.16743854464911], [-125.5078125, 52.14271494025417], [-125.578125, 52.14716146736859], [-125.64843749999999, 52.16387064503161], [-125.71875, 52.189137823714596], [-125.75823397803651, 52.1968351472], [-125.7890625, 52.20004582536557], [-125.859375, 52.22798265183184], [-125.87645010946991, 52.2671339134], [-125.859375, 52.291136733004535], [-125.80196306114742, 52.3374326796], [-125.78906250000001, 52.34889760310348]]}}, {"type": "Feature", "properties": {"level_in": 0.1}, "geometry": {"type": "LineString", "coordinates": [[-111.515625, 52.27508209328037], [-111.4453125, 52.283597197930064], [-111.40981584313838, 52.2671339134], [-111.4453125, 52.24202043509317], [-111.515625, 52.25610902135319], [-111.52963476592521, 52.267133913399995], [-111.515625, 52.27508209328037]]}}, {"type": "Feature", "properties": {"level_in": 0.1}, "geometry": {"type": "LineString", "coordinates": [[-126.140625, 52.16592229393322], [-126.07031249999999, 52.144850380727625], [-126.03792002042829, 52.126536381], [-126.0703125, 52.1101930868106], [-126.140625, 52.100992453992035], [-126.18794794642653, 52.126536381], [-126.140625, 52.16592229393322]]}}, {"type": "Feature", "properties": {"level_in": 0.1}, "geometry": {"type": "LineString", "coordinates": [[-120.3046875, 52.059293628911746], [-120.30719983717242, 52.0562376148], [-120.35055395113878, 51.9859388485], [-120.3046875, 51.94337329737611], [-120.25978089894664, 51.9156400823], [-120.234375, 51.90976611576704], [-120.1640625, 51.89804048598714], [-120.12707528716297, 51.9156400823], [-120.09375, 51.94557542605315], [-120.02406063079707, 51.9859388485], [-120.0234375, 51.9875543569287], [-119.9824325023196, 52.0562376148], [-120.0234375, 52.06891000481659], [-120.09375, 52.093981931811456], [-120.1640625, 52.12277184242711], [-120.234375, 52.097239726107304], [-120.3046875, 52.05929362891174]]}}, {"type": "Feature", "properties": {"level_in": 0.1}, "geometry": {"type": "LineString", "coordinates": [[-125.859375, 51.9965748565229], [-125.7890625, 52.00243798024367], [-125.71875, 51.99268188511578], [-125.67054767955685, 51.9859388485], [-125.71875, 51.96869086398287], [-125.73533160266922, 51.9156400823], [-125.7890625, 51.89032070123375], [-125.84595930587152, 51.845341316], [-125.859375, 51.839474533710245], [-125.87961761847689, 51.845341316], [-125.9296875, 51.87330877540775], [-125.97634586394987, 51.9156400823], [-125.9296875, 51.966656893577394], [-125.88054317349884, 51.985938848500005], [-125.859375, 51.9965748565229]]}}, {"type": "Feature", "properties": {"level_in": 0.1}, "geometry": {"type": "LineString", "coordinates": [[-112.8515625, 51.99854043655792], [-112.89185998616526, 51.9859388485], [-112.8515625, 51.93575356066905], [-112.84406778072426, 51.9156400823], [-112.78125, 51.877048745771916], [-112.74820945126532, 51.845341316], [-112.71093750000001, 51.800131895048565], [-112.65277789308713, 51.7750425498], [-112.69316601473517, 51.7047437835], [-112.7109375, 51.69110462911891], [-112.78125, 51.664586184779864], [-112.8515625, 51.67531993167205], [-112.88848525715693, 51.7047437835], [-112.921875, 51.72234466576961], [-112.9921875, 51.706696135774955], [-112.99487759325204, 51.7047437835], [-112.9921875, 51.69977842664937], [-112.94329540227757, 51.63444501720001], [-112.921875, 51.60042383084249], [-112.90433406532856, 51.564146250899995], [-112.89276229623988, 51.49384748460001], [-112.8515625, 51.46560170783097], [-112.78125, 51.426741946177955], [-112.77556602685522, 51.4235487183], [-112.7109375, 51.37294247401373], [-112.64062500000001, 51.36992350686203], [-112.5703125, 51.38722540852182], [-112.54410866612844, 51.4235487183], [-112.5, 51.454242349008155], [-112.4296875, 51.46929364687398], [-112.359375, 51.47157491380121], [-112.29587700073243, 51.4938474846], [-112.2968623381494, 51.5641462509], [-112.2890625, 51.58070267388362], [-112.25228423341741, 51.63444501720001], [-112.21875, 51.693428881821866], [-112.21172558999477, 51.70474378350001], [-112.21875, 51.70907714840608], [-112.2890625, 51.738393751801], [-112.359375, 51.75688196399316], [-112.38840656331806, 51.7750425498], [-112.4296875, 51.80344800481767], [-112.47564397558259, 51.845341316], [-112.5, 51.84908209634837], [-112.5703125, 51.8542716341425], [-112.640625, 51.85950793569101], [-112.7109375, 51.894009397721476], [-112.73145143455338, 51.9156400823], [-112.7109375, 51.9606220698729], [-112.67665577995109, 51.9859388485], [-112.7109375, 51.99592932491592], [-112.78125, 52.007936565622494], [-112.8515625, 51.998540436557924]]}}, {"type": "Feature", "properties": {"level_in": 0.1}, "geometry": {"type": "LineString", "coordinates": [[-122.9765625, 51.93523798485805], [-122.93323764912704, 51.9156400823], [-122.9765625, 51.885365184460696], [-123.03482695257772, 51.9156400823], [-122.9765625, 51.93523798485805]]}}, {"type": "Feature", "properties": {"level_in": 0.1}, "geometry": {"type": "LineString", "coordinates": [[-121.5, 51.92128321787007], [-121.45990845889531, 51.9156400823], [-121.5, 51.90263633709302], [-121.51002288527617, 51.9156400823], [-121.5, 51.92128321787007]]}}, {"type": "Feature", "properties": {"level_in": 0.1}, "geometry": {"type": "LineString", "coordinates": [[-119.671875, 51.70724110010313], [-119.6872987042099, 51.7047437835], [-119.671875, 51.69485197163825], [-119.65538542742209, 51.7047437835], [-119.671875, 51.70724110010313]]}}, {"type": "Feature", "properties": {"level_in": 0.1}, "geometry": {"type": "LineString", "coordinates": [[-120.1640625, 51.65417718848414], [-120.1978194903254, 51.6344450172], [-120.234375, 51.5969558030753], [-120.25589715477872, 51.5641462509], [-120.234375, 51.53711717891917], [-120.16510735927132, 51.4938474846], [-120.1640625, 51.49347073978675], [-120.16382069868409, 51.4938474846], [-120.14892856213305, 51.5641462509], [-120.09375, 51.59128421534852], [-120.02699186162707, 51.6344450172], [-120.09375, 51.6673765229658], [-120.1640625, 51.65417718848414]]}}, {"type": "Feature", "properties": {"level_in": 0.1}, "geometry": {"type": "LineString", "coordinates": [[-120.16406249999999, 51.30756769667313], [-120.18760964114136, 51.2829511856], [-120.1640625, 51.253823976163474], [-120.13227473968675, 51.2126524193], [-120.12780495285008, 51.1423536529], [-120.09375, 51.112909061653696], [-120.0234375, 51.135684614647985], [-120.01552982928354, 51.1423536529], [-119.953125, 51.17953841709845], [-119.8828125, 51.20496417515755], [-119.8581764485306, 51.2126524193], [-119.8828125, 51.224326436521096], [-119.953125, 51.27223367742674], [-119.9685222454556, 51.2829511856], [-120.0234375, 51.295608815815655], [-120.09375, 51.30182582273038], [-120.1640625, 51.30756769667314]]}}, {"type": "Feature", "properties": {"level_in": 0.1}, "geometry": {"type": "LineString", "coordinates": [[-119.0390625, 51.29369768407369], [-119.04559854608823, 51.2829511856], [-119.0390625, 51.266673399503006], [-119.01316018137976, 51.2126524193], [-118.96875, 51.16851420923816], [-118.91813757570603, 51.1423536529], [-118.8984375, 51.11028458538735], [-118.88607338287399, 51.1423536529], [-118.87828346322303, 51.2126524193], [-118.89088972271365, 51.2829511856], [-118.8984375, 51.304476465852574], [-118.96875, 51.31480564287553], [-119.0390625, 51.29369768407369]]}}, {"type": "Feature", "properties": {"level_in": 0.1}, "geometry": {"type": "LineString", "coordinates": [[-120.1640625, 51.1076842117799], [-120.17422169149515, 51.0720548865], [-120.1640625, 51.057794271943834], [-120.13306182366892, 51.0720548865], [-120.1640625, 51.1076842117799]]}}, {"type": "Feature", "properties": {"level_in": 0.1}, "geometry": {"type": "LineString", "coordinates": [[-120.3046875, 50.878853592968625], [-120.34627888784237, 50.8611585874], [-120.375, 50.84444766541615], [-120.4453125, 50.814995019296525], [-120.515625, 50.79808411447842], [-120.54978288017799, 50.7908598209], [-120.515625, 50.764483461280605], [-120.49410591414983, 50.7205610545], [-120.4453125, 50.69745733558101], [-120.375, 50.67619315407212], [-120.33548749792743, 50.6502622881], [-120.3046875, 50.64008822618439], [-120.2492875063437, 50.6502622881], [-120.234375, 50.658307409012146], [-120.1640625, 50.68986357986479], [-120.09728950720287, 50.720561054499996], [-120.1640625, 50.750801722378036], [-120.19346868244, 50.7908598209], [-120.23437499999999, 50.836593219601205], [-120.27321293816519, 50.8611585874], [-120.3046875, 50.878853592968625]]}}, {"type": "Feature", "properties": {"level_in": 0.1}, "geometry": {"type": "LineString", "coordinates": [[-120.8671875, 50.805453834604904], [-120.88724970230047, 50.790859820899996], [-120.8671875, 50.788463970390914], [-120.796875, 50.78232956402143], [-120.7265625, 50.78013340252929], [-120.65625, 50.789303113497844], [-120.6479901081631, 50.7908598209], [-120.65625, 50.79187559635164], [-120.7265625, 50.805467836901926], [-120.796875, 50.828223212370986], [-120.8671875, 50.805453834604904]]}}, {"type": "Feature", "properties": {"level_in": 0.1}, "geometry": {"type": "LineString", "coordinates": [[-117.9140625, 50.439596148164036], [-117.91451592526514, 50.4393659887], [-117.94053091831535, 50.3690672223], [-117.9140625, 50.31089868756827], [-117.84904313215354, 50.3690672223], [-117.91361957969445, 50.4393659887], [-117.9140625, 50.43959614816404]]}}, {"type": "Feature", "properties": {"level_in": 0.1}, "geometry": {"type": "LineString", "coordinates": [[-117.84375, 50.28601284837376], [-117.88907232321999, 50.2284696893], [-117.9140625, 50.20819249043221], [-117.93767729303873, 50.1581709228], [-117.984375, 50.111305903688184], [-118.00899978219113, 50.0878721563], [-118.02214609951258, 50.01757338979999], [-118.0546875, 49.974557723703754], [-118.08349707714615, 49.9472746232], [-118.125, 49.89371736074786], [-118.14349182136648, 49.8769758567], [-118.14655944907645, 49.80667709010001], [-118.125, 49.77939776032201], [-118.1005089551156, 49.80667709010001], [-118.0546875, 49.85551345836954], [-118.02003599443657, 49.8769758567], [-118.00054378844071, 49.9472746232], [-117.98437499999999, 49.95713680595683], [-117.9140625, 49.98003679350019], [-117.89423307219843, 50.0175733898], [-117.84375, 50.07560467888047], [-117.8235930509357, 50.0878721563], [-117.80842752775395, 50.1581709228], [-117.7734375, 50.18319362457798], [-117.73130595477707, 50.2284696893], [-117.7734375, 50.2599999319125], [-117.84374999999999, 50.28601284837376]]}}, {"type": "Feature", "properties": {"level_in": 0.1}, "geometry": {"type": "LineString", "coordinates": [[-115.80468749999999, 50.17815948449735], [-115.8281712967607, 50.1581709228], [-115.8235474904757, 50.0878721563], [-115.8046875, 50.05639326632246], [-115.7565233182281, 50.0878721563], [-115.7852723232387, 50.1581709228], [-115.8046875, 50.17815948449736]]}}, {"type": "Feature", "properties": {"level_in": 0.1}, "geometry": {"type": "LineString", "coordinates": [[-115.734375, 50.03773265107519], [-115.74354225087211, 50.0175733898], [-115.734375, 49.997095821406035], [-115.72951973121653, 50.0175733898], [-115.734375, 50.03773265107519]]}}, {"type": "Feature", "properties": {"level_in": 0.1}, "geometry": {"type": "LineString", "coordinates": [[-123.328125, 49.80879236030429], [-123.33005523006304, 49.8066770901], [-123.328125, 49.80380797374462], [-123.2578125, 49.76097729316814], [-123.23964755251157, 49.8066770901], [-123.2578125, 49.82793565786723], [-123.328125, 49.80879236030429]]}}, {"type": "Feature", "properties": {"level_in": 0.1}, "geometry": {"type": "LineString", "coordinates": [[-115.8046875, 49.87075393725982], [-115.82665197638147, 49.8066770901], [-115.87425255329802, 49.7363783236], [-115.87500000000001, 49.7356310228889], [-115.8955383989406, 49.666079557], [-115.89671487918599, 49.5957807904], [-115.875, 49.571838011209735], [-115.8046875, 49.54283040890023], [-115.77862298211906, 49.52548202380001], [-115.734375, 49.5038224159588], [-115.6640625, 49.52121861291715], [-115.65562793968287, 49.5254820238], [-115.65286891259896, 49.5957807904], [-115.6640625, 49.633507022295234], [-115.67509463386705, 49.66607955700001], [-115.6640625, 49.67594173975684], [-115.65008719273285, 49.7363783236], [-115.6640625, 49.757515436163736], [-115.7132337581101, 49.8066770901], [-115.734375, 49.84299061678797], [-115.8046875, 49.87075393725982]]}}, {"type": "Feature", "properties": {"level_in": 0.1}, "geometry": {"type": "LineString", "coordinates": [[-116.7890625, 49.685177924936724], [-116.82582373374736, 49.666079557], [-116.7890625, 49.657816211665335], [-116.78075724015683, 49.666079557], [-116.7890625, 49.685177924936724]]}}, {"type": "Feature", "properties": {"level_in": 0.1}, "geometry": {"type": "LineString", "coordinates": [[-73.3359375, 49.176248503591296], [-73.265625, 49.19928983486288], [-73.1953125, 49.21656273154738], [-73.125, 49.218888042205975], [-73.0546875, 49.21957882707576], [-72.984375, 49.213159673804526], [-72.9140625, 49.20521634139858], [-72.84375, 49.193991569366105], [-72.7734375, 49.181308105927286], [-72.76228652939241, 49.1739881908], [-72.703125, 49.10653645513597], [-72.70062788545346, 49.1036894241], [-72.6656880968929, 49.0333906575], [-72.6328125, 48.97130440990017], [-72.62842078690842, 48.9630918908], [-72.6328125, 48.94293386246422], [-72.64480500480457, 48.8927931242], [-72.703125, 48.84882269510535], [-72.75037037428832, 48.82249435749999], [-72.7734375, 48.81304702438422], [-72.84375, 48.793951909892826], [-72.9140625, 48.776405702540444], [-72.984375, 48.77888142079644], [-73.0546875, 48.79112978568115], [-73.125, 48.819339337801004], [-73.13094001755296, 48.8224943575], [-73.1953125, 48.85128694704629], [-73.24971052130009, 48.8927931242], [-73.265625, 48.90549303030839], [-73.32486557504257, 48.9630918908], [-73.3359375, 48.99242674745928], [-73.35283314702119, 49.0333906575], [-73.35119174313384, 49.1036894241], [-73.34116062080993, 49.1739881908], [-73.3359375, 49.176248503591296]]}}, {"type": "Feature", "properties": {"level_in": 0.1}, "geometry": {"type": "LineString", "coordinates": [[-124.5234375, 49.10863724222394], [-124.453125, 49.10999188565412], [-124.42391788928973, 49.1036894241], [-124.453125, 49.09446792843373], [-124.52343749999999, 49.100789494589534], [-124.52913521104963, 49.1036894241], [-124.5234375, 49.10863724222394]]}}, {"type": "Feature", "properties": {"level_in": 0.1}, "geometry": {"type": "LineString", "coordinates": [[-124.2421875, 49.05160440152278], [-124.171875, 49.05825363044079], [-124.11485837461368, 49.0333906575], [-124.1015625, 49.024969198906], [-124.04352168951199, 48.9630918908], [-124.03125, 48.9413650218626], [-124.00127140190028, 48.8927931242], [-124.03125, 48.87195000998311], [-124.1015625, 48.86442537009121], [-124.16875713754811, 48.8927931242], [-124.171875, 48.89527408472418], [-124.2421875, 48.95000035968084], [-124.25967119043177, 48.9630918908], [-124.31066504428026, 49.0333906575], [-124.2421875, 49.05160440152278]]}}, {"type": "Feature", "properties": {"level_in": 0.1}, "geometry": {"type": "LineString", "coordinates": [[-118.96875, 49.05298994593121], [-118.97651339224942, 49.0333906575], [-118.96875, 49.01890363103937], [-118.92131899667824, 48.9630918908], [-118.8984375, 48.94250256564631], [-118.828125, 48.918102168925316], [-118.768985909951, 48.8927931242], [-118.7578125, 48.876050788409074], [-118.74241051797674, 48.82249435749999], [-118.70618523061842, 48.7521955908], [-118.6875, 48.7452699810463], [-118.6171875, 48.749859997846414], [-118.61463826613566, 48.7521955908], [-118.570251799354, 48.8224943575], [-118.546875, 48.871760569522635], [-118.54045932444254, 48.8927931242], [-118.546875, 48.906047470199965], [-118.6171875, 48.91610820446741], [-118.6875, 48.94309121542933], [-118.69890281032042, 48.9630918908], [-118.7578125, 49.01206833295684], [-118.82812499999999, 49.02679582829273], [-118.86083075263369, 49.0333906575], [-118.8984375, 49.04194407618223], [-118.96875, 49.052989945931216]]}}, {"type": "Feature", "properties": {"level_in": 0.1}, "geometry": {"type": "LineString", "coordinates": [[-116.5078125, 49.05688048142942], [-116.54514547729153, 49.03339065750001], [-116.5078125, 49.01911469924064], [-116.44734681883114, 49.0333906575], [-116.5078125, 49.05688048142942]]}}, {"type": "Feature", "properties": {"level_in": 0.1}, "geometry": {"type": "LineString", "coordinates": [[-114.46875000000001, 48.97111798396044], [-114.47361820868183, 48.9630918908], [-114.46875, 48.95825822926697], [-114.3984375, 48.95165417149814], [-114.38119921409913, 48.9630918908], [-114.3984375, 48.96900795227093], [-114.46875, 48.97111798396044]]}}, {"type": "Feature", "properties": {"level_in": 0.1}, "geometry": {"type": "LineString", "coordinates": [[-116.296875, 48.91222962816575], [-116.36323345257237, 48.8927931242], [-116.36718750000001, 48.889254917780036], [-116.38127072586339, 48.82249435749999], [-116.3671875, 48.76812522636676], [-116.35680034468544, 48.7521955908], [-116.36718749999999, 48.74233340802914], [-116.40122405419302, 48.6818968241], [-116.39800384796769, 48.6115980574], [-116.3671875, 48.550500051190966], [-116.296875, 48.58621246893031], [-116.2265625, 48.60243027902079], [-116.18826034451419, 48.6115980574], [-116.15624999999999, 48.63236877977172], [-116.0859375, 48.66806436310132], [-116.06784293612269, 48.68189682410001], [-116.0859375, 48.68865399335726], [-116.12914097818313, 48.7521955908], [-116.15625, 48.783432251548], [-116.19531973697663, 48.8224943575], [-116.2265625, 48.85595263771103], [-116.2750572402631, 48.8927931242], [-116.296875, 48.91222962816575]]}}, {"type": "Feature", "properties": {"level_in": 0.1}, "geometry": {"type": "LineString", "coordinates": [[-117.42187499999999, 48.68532084316397], [-117.43084619447524, 48.6818968241], [-117.421875, 48.66252620276823], [-117.41334865859933, 48.6818968241], [-117.421875, 48.68532084316397]]}}, {"type": "Feature", "properties": {"level_in": 0.1}, "geometry": {"type": "LineString", "coordinates": [[-124.1015625, 48.630620305186106], [-124.03125, 48.660078349982136], [-123.9609375, 48.64700467846136], [-123.91342548594119, 48.6115980574], [-123.90583816501365, 48.5412992907], [-123.9609375, 48.52606891984918], [-124.0303656197714, 48.5412992907], [-124.03125, 48.54160048650107], [-124.1015625, 48.586530466824115], [-124.1221198862409, 48.6115980574], [-124.1015625, 48.630620305186106]]}}, {"type": "Feature", "properties": {"level_in": 0.1}, "geometry": {"type": "LineString", "coordinates": [[-118.7578125, 48.55615746572701], [-118.81171539059395, 48.5412992907], [-118.7578125, 48.52146780179421], [-118.75174328122728, 48.5412992907], [-118.7578125, 48.55615746572701]]}}, {"type": "Feature", "properties": {"level_in": 0.1}, "geometry": {"type": "LineString", "coordinates": [[-120.234375, 48.47810853554042], [-120.24154690059176, 48.471000524], [-120.234375, 48.45563516847685], [-120.19747935660223, 48.471000524], [-120.234375, 48.47810853554043]]}}, {"type": "Feature", "properties": {"level_in": 0.1}, "geometry": {"type": "LineString", "coordinates": [[-120.1640625, 48.438764620122214], [-120.18025218866833, 48.4007017573], [-120.1640625, 48.389578178205646], [-120.14183461944663, 48.4007017573], [-120.1640625, 48.43876462012222]]}}, {"type": "Feature", "properties": {"level_in": 0.1}, "geometry": {"type": "LineString", "coordinates": [[-118.125, 48.43316158830916], [-118.0546875, 48.447312326742434], [-118.00483616534532, 48.4007017573], [-117.984375, 48.37691648386971], [-117.9140625, 48.34299449531831], [-117.88260815709062, 48.330402990500005], [-117.84375, 48.28904270191214], [-117.82070189337844, 48.260104223800006], [-117.84375000000001, 48.24752086163585], [-117.9140625, 48.259846556875246], [-117.94261223038492, 48.189805457], [-117.9140625, 48.160864859221455], [-117.86263740236231, 48.1195066903], [-117.9140625, 48.077516726090835], [-117.984375, 48.069589260856574], [-118.0546875, 48.07856422715015], [-118.10593091259504, 48.1195066903], [-118.125, 48.1263091817298], [-118.16609734848879, 48.189805457], [-118.125, 48.2538264962577], [-118.0546875, 48.25381647373326], [-117.984375, 48.2439135137246], [-117.91464851970504, 48.2601042238], [-117.984375, 48.278376207898155], [-118.0546875, 48.27987275244418], [-118.07271939807958, 48.3304029905], [-118.125, 48.38599460211478], [-118.13971002829825, 48.4007017573], [-118.125, 48.43316158830916]]}}, {"type": "Feature", "properties": {"level_in": 0.1}, "geometry": {"type": "LineString", "coordinates": [[-123.9609375, 48.06371630202417], [-123.890625, 48.06706060214719], [-123.8203125, 48.065801827451324], [-123.77184495568164, 48.0492079235], [-123.75, 48.04594925495461], [-123.6796875, 48.0385828785225], [-123.609375, 48.03630534869583], [-123.5390625, 48.035071813808116], [-123.46875, 48.03496252512579], [-123.3984375, 48.03394503025157], [-123.328125, 48.033334634629696], [-123.2578125, 48.032629870059175], [-123.1875, 48.03222075723022], [-123.1171875, 48.017026325425704], [-123.07456470791143, 47.9789091567], [-123.046875, 47.962444116150024], [-122.9765625, 47.93472019559598], [-122.95079546106794, 47.908610389900005], [-122.97656250000001, 47.88284838373558], [-122.99333988064203, 47.8383116232], [-122.98357680572124, 47.7680128564], [-123.02955319567334, 47.6977140895], [-123.046875, 47.68039566840967], [-123.1171875, 47.65503888930121], [-123.14435157414137, 47.6274153227], [-123.1875, 47.56247926396285], [-123.19268707742997, 47.5571165559], [-123.2578125, 47.505236716036016], [-123.29402397379297, 47.4868177891], [-123.328125, 47.45830524472943], [-123.3984375, 47.42748265498508], [-123.43417034192535, 47.41651902219999], [-123.46875, 47.40024003343109], [-123.5390625, 47.40336838725564], [-123.57746601904547, 47.4165190222], [-123.609375, 47.43369260123054], [-123.66178973155274, 47.4868177891], [-123.6796875, 47.50950438657601], [-123.72932114889596, 47.5571165559], [-123.75, 47.5637369034553], [-123.8203125, 47.57520077044027], [-123.890625, 47.584181284993164], [-123.9609375, 47.59352804502382], [-124.03125, 47.625449600951676], [-124.03417460905955, 47.6274153227], [-124.03124999999999, 47.63531279806843], [-124.0016079481951, 47.6977140895], [-124.00059096598176, 47.7680128564], [-124.03125, 47.80799121218138], [-124.04952560505704, 47.8383116232], [-124.05131097508166, 47.9086103899], [-124.09921522010767, 47.9789091567], [-124.03125, 48.04405084822851], [-124.01691408605733, 48.0492079235], [-123.9609375, 48.06371630202417]]}}, {"type": "Feature", "properties": {"level_in": 0.1}, "geometry": {"type": "LineString", "coordinates": [[-119.0390625, 48.09051228087682], [-118.96875, 48.111735882194814], [-118.8984375, 48.10724758532439], [-118.828125, 48.06789327197348], [-118.81063334636212, 48.0492079235], [-118.828125, 48.04250036205243], [-118.8984375, 48.025741403899154], [-118.96875, 48.0185680894928], [-119.0390625, 48.017696996231564], [-119.106294890562, 48.04920792349999], [-119.0390625, 48.09051228087682]]}}, {"type": "Feature", "properties": {"level_in": 0.1}, "geometry": {"type": "LineString", "coordinates": [[-118.125, 48.00799383959588], [-118.0546875, 48.02223973564857], [-117.984375, 48.027085321147226], [-117.9140625, 48.010724229168574], [-117.84375000000001, 47.98266397527441], [-117.83287326723044, 47.9789091567], [-117.84375, 47.970142399260325], [-117.9140625, 47.94900490124504], [-117.984375, 47.94825159537619], [-118.0546875, 47.9498684503382], [-118.125, 47.95800043849833], [-118.14309021592362, 47.9789091567], [-118.125, 48.00799383959588]]}}, {"type": "Feature", "properties": {"level_in": 0.1}, "geometry": {"type": "LineString", "coordinates": [[-70.3125, 47.98580766720309], [-70.2421875, 48.0237607131415], [-70.171875, 48.031573665361904], [-70.1015625, 48.03424782032285], [-70.03125, 48.028958446152394], [-69.9609375, 48.02177148018501], [-69.890625, 48.018303374637384], [-69.8203125, 48.01706807548416], [-69.75, 48.00862247803168], [-69.6796875, 47.98921002259208], [-69.67363546154927, 47.9789091567], [-69.6796875, 47.95613881873899], [-69.69347706087183, 47.90861038989999], [-69.68947648013267, 47.8383116232], [-69.71440198362856, 47.7680128564], [-69.75, 47.734306909123205], [-69.79475435842745, 47.6977140895], [-69.8203125, 47.682701127250176], [-69.890625, 47.64683429280292], [-69.91795351136179, 47.6274153227], [-69.9609375, 47.59471113878871], [-70.01843986342625, 47.557116555899995], [-70.03125, 47.55001734906763], [-70.1015625, 47.52506620444362], [-70.14751291969463, 47.4868177891], [-70.171875, 47.46908967783039], [-70.2421875, 47.420175579280766], [-70.25408581721801, 47.416519022200006], [-70.3125, 47.39394062052103], [-70.3828125, 47.34875724918692], [-70.3891562210811, 47.3462202554], [-70.44980016933754, 47.2759214885], [-70.453125, 47.273505917130564], [-70.5234375, 47.221751432458234], [-70.53698512751653, 47.2056227217], [-70.59375, 47.16585645905309], [-70.6405120393498, 47.1353239548], [-70.6640625, 47.12758284996036], [-70.69966634399414, 47.1353239548], [-70.734375, 47.20110209944538], [-70.73631692910601, 47.20562272170001], [-70.75331848775265, 47.27592148850001], [-70.73685749786463, 47.3462202554], [-70.734375, 47.35020302149843], [-70.6640625, 47.40201733547616], [-70.59375, 47.39446084727189], [-70.5234375, 47.38745374048624], [-70.48981328209425, 47.4165190222], [-70.453125, 47.450727272647896], [-70.43226341643654, 47.4868177891], [-70.40873836908185, 47.55711655590001], [-70.39250983904243, 47.627415322699996], [-70.3828125, 47.677688010987296], [-70.37980800084254, 47.6977140895], [-70.3700423941446, 47.7680128564], [-70.34950345079963, 47.8383116232], [-70.35388827165504, 47.9086103899], [-70.32077982873886, 47.9789091567], [-70.3125, 47.98580766720309]]}}, {"type": "Feature", "properties": {"level_in": 0.1}, "geometry": {"type": "LineString", "coordinates": [[-118.546875, 47.92439201532701], [-118.4765625, 47.9199565084237], [-118.46239562424644, 47.9086103899], [-118.4765625, 47.87527025135934], [-118.546875, 47.88158706319406], [-118.5687495964426, 47.90861038989999], [-118.546875, 47.92439201532701]]}}, {"type": "Feature", "properties": {"level_in": 0.1}, "geometry": {"type": "LineString", "coordinates": [[-115.734375, 47.85074851355831], [-115.73717664836911, 47.8383116232], [-115.734375, 47.836673034076284], [-115.6640625, 47.817836962046215], [-115.60523577152051, 47.8383116232], [-115.6640625, 47.87861095561014], [-115.734375, 47.85074851355831]]}}, {"type": "Feature", "properties": {"level_in": 0.1}, "geometry": {"type": "LineString", "coordinates": [[-120.1640625, 47.6387193288922], [-120.09375, 47.66244507717954], [-120.0234375, 47.66991556983204], [-119.953125, 47.67803557136919], [-119.8828125, 47.66247264065031], [-119.86095431893875, 47.6274153227], [-119.8828125, 47.597463441096636], [-119.953125, 47.55944871237262], [-119.96278743309236, 47.5571165559], [-120.0234375, 47.54458528555135], [-120.09375, 47.54772622718065], [-120.1640625, 47.55652461846102], [-120.16811927198366, 47.5571165559], [-120.18379803329397, 47.6274153227], [-120.1640625, 47.6387193288922]]}}, {"type": "Feature", "properties": {"level_in": 0.1}, "geometry": {"type": "LineString", "coordinates": [[-115.453125, 47.615550436496015], [-115.47608025794472, 47.5571165559], [-115.453125, 47.53825891250003], [-115.3828125, 47.54367897905579], [-115.33577180637303, 47.5571165559], [-115.3828125, 47.62210553261716], [-115.453125, 47.61555043649601]]}}, {"type": "Feature", "properties": {"level_in": 0.1}, "geometry": {"type": "LineString", "coordinates": [[-117.0703125, 47.54074505836377], [-117.0, 47.55339190818611], [-116.9296875, 47.55662060191716], [-116.85937499999999, 47.51231959485297], [-116.82030076814897, 47.4868177891], [-116.78906250000001, 47.427234646474474], [-116.77536202483816, 47.41651902219999], [-116.78906250000001, 47.41351287972901], [-116.859375, 47.392832890184046], [-116.92801948598787, 47.3462202554], [-116.9296875, 47.345204432265724], [-117.0, 47.34090737264575], [-117.02193405494563, 47.34622025539999], [-117.0703125, 47.37470826357213], [-117.08742609037785, 47.416519022200006], [-117.11646603204284, 47.4868177891], [-117.0703125, 47.54074505836377]]}}, {"type": "Feature", "properties": {"level_in": 0.1}, "geometry": {"type": "LineString", "coordinates": [[-121.078125, 47.287042256477285], [-121.10924593786886, 47.2759214885], [-121.078125, 47.253099143821814], [-121.0078125, 47.251435788721054], [-120.9375, 47.252650122834794], [-120.8671875, 47.24292197833654], [-120.79807106110736, 47.2759214885], [-120.8671875, 47.29073973995556], [-120.9375, 47.295038566422136], [-121.0078125, 47.29783948323413], [-121.078125, 47.287042256477285]]}}, {"type": "Feature", "properties": {"level_in": 0.1}, "geometry": {"type": "LineString", "coordinates": [[-120.796875, 47.26363890858223], [-120.80161685602286, 47.2056227217], [-120.796875, 47.197999221859405], [-120.7265625, 47.19006888195706], [-120.65625, 47.20351051621889], [-120.65185205353663, 47.2056227217], [-120.65625, 47.208272967807495], [-120.7265625, 47.23166761685904], [-120.796875, 47.26363890858223]]}}, {"type": "Feature", "properties": {"level_in": 0.1}, "geometry": {"type": "LineString", "coordinates": [[-120.93749999999999, 47.1480833139071], [-120.97308915527343, 47.1353239548], [-120.9375, 47.118239117209946], [-120.8671875, 47.12696041400208], [-120.8563817460623, 47.1353239548], [-120.8671875, 47.142173986084906], [-120.9375, 47.1480833139071]]}}, {"type": "Feature", "properties": {"level_in": 0.1}, "geometry": {"type": "LineString", "coordinates": [[-114.5390625, 47.15588616120859], [-114.46875, 47.163186522142965], [-114.42825116262611, 47.1353239548], [-114.46875, 47.11402100790448], [-114.5390625, 47.12561967844879], [-114.56938177461905, 47.1353239548], [-114.5390625, 47.15588616120859]]}}, {"type": "Feature", "properties": {"level_in": 0.1}, "geometry": {"type": "LineString", "coordinates": [[-111.5859375, 46.9460816681086], [-111.54724278788348, 46.9244276541], [-111.515625, 46.89711317551328], [-111.48164248436197, 46.8541288872], [-111.515625, 46.8009000088926], [-111.5859375, 46.8014471546723], [-111.62957959155088, 46.8541288872], [-111.6442520641165, 46.9244276541], [-111.5859375, 46.9460816681086]]}}, {"type": "Feature", "properties": {"level_in": 0.1}, "geometry": {"type": "LineString", "coordinates": [[-112.8515625, 46.786602761983715], [-112.78125, 46.792284139405744], [-112.7109375, 46.791285024266465], [-112.640625, 46.78728707961155], [-112.59483052392497, 46.7838301203], [-112.64062500000001, 46.7801043560219], [-112.7109375, 46.77064985108141], [-112.78125, 46.741125235306704], [-112.8515625, 46.76907158565599], [-112.86250533085234, 46.7838301203], [-112.8515625, 46.786602761983715]]}}, {"type": "Feature", "properties": {"level_in": 0.1}, "geometry": {"type": "LineString", "coordinates": [[-95.5546875, 46.78926587849699], [-95.57714393743717, 46.7838301203], [-95.5546875, 46.77680430996123], [-95.54445981911738, 46.7838301203], [-95.5546875, 46.78926587849699]]}}, {"type": "Feature", "properties": {"level_in": 0.1}, "geometry": {"type": "LineString", "coordinates": [[-110.7421875, 46.7293942288038], [-110.7041896428305, 46.7135313534], [-110.7172605012812, 46.6432325865], [-110.7421875, 46.604150162052974], [-110.75575187544378, 46.6432325865], [-110.79297398233223, 46.7135313534], [-110.7421875, 46.7293942288038]]}}, {"type": "Feature", "properties": {"level_in": 0.1}, "geometry": {"type": "LineString", "coordinates": [[-110.671875, 46.596079162188246], [-110.66137533427873, 46.5729338195], [-110.671875, 46.56156657955445], [-110.70900423971264, 46.5729338195], [-110.671875, 46.596079162188246]]}}, {"type": "Feature", "properties": {"level_in": 0.1}, "geometry": {"type": "LineString", "coordinates": [[-123.3984375, 46.4570249017898], [-123.328125, 46.487082778038214], [-123.2578125, 46.482260032046575], [-123.1875, 46.45581323096854], [-123.15540857466195, 46.4323362857], [-123.1875, 46.399729417926494], [-123.24694884794671, 46.3620375187], [-123.2578125, 46.358417008878405], [-123.26648859033537, 46.3620375187], [-123.328125, 46.37881033734908], [-123.39843750000001, 46.41681177623456], [-123.41852813160729, 46.4323362857], [-123.3984375, 46.4570249017898]]}}, {"type": "Feature", "properties": {"level_in": 0.1}, "geometry": {"type": "LineString", "coordinates": [[-111.8671875, 46.43518816930535], [-111.796875, 46.455234409127385], [-111.7265625, 46.43354555359377], [-111.72535299587169, 46.4323362857], [-111.69890811514023, 46.362037518700006], [-111.67436159809101, 46.2917387517], [-111.7265625, 46.254905909564634], [-111.796875, 46.222674489028314], [-111.8671875, 46.22710802988797], [-111.9375, 46.25666005103676], [-111.97553877429765, 46.2917387517], [-111.9901149410907, 46.3620375187], [-111.9375, 46.40721192264337], [-111.8746295830863, 46.4323362857], [-111.8671875, 46.43518816930535]]}}, {"type": "Feature", "properties": {"level_in": 0.1}, "geometry": {"type": "LineString", "coordinates": [[-113.484375, 46.317364704200045], [-113.5441621167301, 46.2917387517], [-113.484375, 46.24343852344419], [-113.4140625, 46.25019074274469], [-113.3564201309432, 46.291738751699995], [-113.4140625, 46.32888514481688], [-113.484375, 46.317364704200045]]}}, {"type": "Feature", "properties": {"level_in": 0.1}, "geometry": {"type": "LineString", "coordinates": [[-111.02343749999999, 46.29935918063172], [-110.98300416907657, 46.2917387517], [-111.0234375, 46.28664284600733], [-111.03949335528718, 46.291738751699995], [-111.02343749999999, 46.29935918063172]]}}, {"type": "Feature", "properties": {"level_in": 0.1}, "geometry": {"type": "LineString", "coordinates": [[-114.8203125, 46.227977899547], [-114.87075244259945, 46.2214399848], [-114.890625, 46.204913697542175], [-114.9609375, 46.16366332164885], [-114.97425585949509, 46.1511412178], [-114.9609375, 46.133740866797034], [-114.890625, 46.12498823984305], [-114.8203125, 46.14398259815899], [-114.80693516196374, 46.1511412178], [-114.80274242233901, 46.2214399848], [-114.8203125, 46.227977899547]]}}, {"type": "Feature", "properties": {"level_in": 0.1}, "geometry": {"type": "LineString", "coordinates": [[-123.6796875, 45.81732317299008], [-123.609375, 45.86608975538641], [-123.5390625, 45.86772597030671], [-123.46875, 45.86706836821029], [-123.3984375, 45.85197834992187], [-123.32812499999999, 45.82104012869504], [-123.29705393431021, 45.7996473828], [-123.25980048544693, 45.7293486158], [-123.26419082729362, 45.6590498488], [-123.28180290666825, 45.5887510817], [-123.27781133870404, 45.5184523147], [-123.25781249999999, 45.47022136417442], [-123.23574037253496, 45.4481535477], [-123.2578125, 45.399863093456446], [-123.26277947676459, 45.3778547806], [-123.28564943508752, 45.3075560136], [-123.328125, 45.28632237914508], [-123.35710505521979, 45.2372572465], [-123.3984375, 45.19593287445694], [-123.46875, 45.171945525272896], [-123.50026309670005, 45.1669584794], [-123.5390625, 45.130457126989285], [-123.57805960033215, 45.0966597123], [-123.5390625, 45.08100948230189], [-123.50384541325985, 45.0263609453], [-123.46875, 44.9942565992895], [-123.43054811761087, 44.9560621782], [-123.3984375, 44.888517971083346], [-123.39568240191196, 44.8857634111], [-123.3984375, 44.8807531484023], [-123.41650560447242, 44.815464644], [-123.46200475158805, 44.7451658768], [-123.46875, 44.73402931804337], [-123.5390625, 44.702884451577745], [-123.609375, 44.70100950012677], [-123.67968750000001, 44.74281797898443], [-123.68215187775682, 44.7451658768], [-123.75, 44.758817785265165], [-123.8203125, 44.77825752467432], [-123.85752688770248, 44.815464644], [-123.890625, 44.84488521899155], [-123.93151117768411, 44.8857634111], [-123.95011735956489, 44.9560621782], [-123.890625, 44.99440999850467], [-123.86617733496166, 45.0263609453], [-123.8203125, 45.088728846451865], [-123.8001156818481, 45.096659712299996], [-123.81108478132889, 45.166958479399995], [-123.8203125, 45.17408889082665], [-123.87033268938188, 45.2372572465], [-123.85579967365629, 45.3075560136], [-123.8203125, 45.35237974350807], [-123.80446925907759, 45.3778547806], [-123.75, 45.44346807213331], [-123.74560070066258, 45.4481535477], [-123.74760101609439, 45.5184523147], [-123.75, 45.52556283580967], [-123.78428547069993, 45.588751081699996], [-123.7713916205797, 45.6590498488], [-123.77498455080868, 45.72934861579999], [-123.75, 45.7704615502097], [-123.7174442519823, 45.7996473828], [-123.6796875, 45.81732317299008]]}}, {"type": "Feature", "properties": {"level_in": 0.1}, "geometry": {"type": "LineString", "coordinates": [[-97.1015625, 45.665872558547534], [-97.09251019523832, 45.6590498488], [-97.1015625, 45.64706399695054], [-97.12268458721351, 45.6590498488], [-97.1015625, 45.665872558547534]]}}, {"type": "Feature", "properties": {"level_in": 0.1}, "geometry": {"type": "LineString", "coordinates": [[-117.63281250000001, 45.590806064788424], [-117.64107745708617, 45.5887510817], [-117.6328125, 45.58466259673798], [-117.56369954096002, 45.5184523147], [-117.5625, 45.51831402984486], [-117.4921875, 45.51284098556695], [-117.421875, 45.50209477413291], [-117.3515625, 45.504598162358775], [-117.32811718901569, 45.5184523147], [-117.3515625, 45.53116593213404], [-117.421875, 45.55554125577753], [-117.4921875, 45.56072106756157], [-117.54234476156674, 45.5887510817], [-117.5625, 45.592641526726595], [-117.6328125, 45.59080606478842]]}}, {"type": "Feature", "properties": {"level_in": 0.1}, "geometry": {"type": "LineString", "coordinates": [[-110.390625, 45.60552424853867], [-110.33785161595863, 45.5887510817], [-110.390625, 45.5439628810327], [-110.42539040421181, 45.588751081699996], [-110.390625, 45.60552424853867]]}}, {"type": "Feature", "properties": {"level_in": 0.1}, "geometry": {"type": "LineString", "coordinates": [[-117.984375, 45.52539348634911], [-117.9979984530054, 45.5184523147], [-118.0546875, 45.491739334375836], [-118.125, 45.471456391005965], [-118.1953125, 45.45199784239043], [-118.265625, 45.44882904977181], [-118.3359375, 45.457450606487775], [-118.34972216634463, 45.4481535477], [-118.40625000000001, 45.42074630704224], [-118.4765625, 45.39706459086332], [-118.50913912802858, 45.3778547806], [-118.47656249999999, 45.33163805803942], [-118.45629114308761, 45.307556013600006], [-118.47656249999999, 45.29249549113197], [-118.53925507636127, 45.23725724649999], [-118.52116350767032, 45.16695847940001], [-118.4765625, 45.12759895572427], [-118.40625, 45.09942096574718], [-118.3359375, 45.114585806191634], [-118.265625, 45.13336150327279], [-118.2159670569066, 45.1669584794], [-118.19658447279356, 45.2372572465], [-118.265625, 45.28173400160689], [-118.30903938193102, 45.3075560136], [-118.265625, 45.370799780431526], [-118.26224216739699, 45.3778547806], [-118.1953125, 45.43801211755532], [-118.125, 45.38888543261238], [-118.11688696304074, 45.3778547806], [-118.11520918049007, 45.30755601359999], [-118.0546875, 45.241117501569924], [-118.05158421398367, 45.2372572465], [-117.984375, 45.20994176245491], [-117.91822360848023, 45.1669584794], [-117.9140625, 45.16410385605696], [-117.85070465997491, 45.1669584794], [-117.89016942557153, 45.2372572465], [-117.89901596938775, 45.3075560136], [-117.89571364589247, 45.3778547806], [-117.84375, 45.44712610424771], [-117.84322639073983, 45.4481535477], [-117.84375, 45.45222526832187], [-117.87666681668688, 45.5184523147], [-117.9140625, 45.52458957959926], [-117.984375, 45.52539348634911]]}}, {"type": "Feature", "properties": {"level_in": 0.1}, "geometry": {"type": "LineString", "coordinates": [[-112.640625, 45.548686666501965], [-112.6966271937049, 45.5184523147], [-112.7109375, 45.50272845618188], [-112.74994589328642, 45.4481535477], [-112.75992698456986, 45.3778547806], [-112.78125, 45.35034988451184], [-112.83891891782235, 45.30755601359999], [-112.8515625, 45.26680159157916], [-112.86180369514179, 45.2372572465], [-112.8515625, 45.23066129965992], [-112.78125, 45.18177897355867], [-112.75407378662217, 45.16695847940001], [-112.7109375, 45.15830253486923], [-112.6711516011427, 45.1669584794], [-112.640625, 45.1801025587842], [-112.5703125, 45.215895392880476], [-112.55238228527924, 45.2372572465], [-112.5, 45.302871825416624], [-112.49489881298001, 45.3075560136], [-112.4296875, 45.36605290558223], [-112.359375, 45.3741513902726], [-112.2890625, 45.36362761696329], [-112.21875, 45.365476991648634], [-112.18707793127518, 45.3778547806], [-112.21875, 45.42007595335459], [-112.23098941730206, 45.4481535477], [-112.28434482359269, 45.5184523147], [-112.2890625, 45.522549925482885], [-112.359375, 45.55407997730212], [-112.4296875, 45.5329732490351], [-112.5, 45.52843164918485], [-112.5703125, 45.539099077443645], [-112.640625, 45.548686666501965]]}}, {"type": "Feature", "properties": {"level_in": 0.1}, "geometry": {"type": "LineString", "coordinates": [[-115.9453125, 45.448650335312834], [-115.95328998295547, 45.4481535477], [-116.015625, 45.428798629060026], [-116.0859375, 45.41027251764608], [-116.15625, 45.3934623799736], [-116.21278745051139, 45.3778547806], [-116.15625, 45.36842783029929], [-116.0859375, 45.3693090046117], [-116.015625, 45.37195939165584], [-115.9453125, 45.37387384615135], [-115.875, 45.37686430382295], [-115.8569433406764, 45.3778547806], [-115.875, 45.386479569919786], [-115.94271397161874, 45.4481535477], [-115.9453125, 45.448650335312834]]}}, {"type": "Feature", "properties": {"level_in": 0.1}, "geometry": {"type": "LineString", "coordinates": [[-115.45312499999999, 45.45401282850884], [-115.48006352869217, 45.4481535477], [-115.5234375, 45.4331599363061], [-115.59375, 45.401153809545605], [-115.63417818521322, 45.3778547806], [-115.59846169174143, 45.3075560136], [-115.59375, 45.304824608596306], [-115.56330006371539, 45.3075560136], [-115.5234375, 45.318948884608886], [-115.453125, 45.35981124373572], [-115.44662541899288, 45.3778547806], [-115.3828125, 45.43962265880641], [-115.37534210659328, 45.4481535477], [-115.3828125, 45.456378722416126], [-115.453125, 45.45401282850884]]}}, {"type": "Feature", "properties": {"level_in": 0.1}, "geometry": {"type": "LineString", "coordinates": [[-113.9765625, 45.47082430126106], [-114.03537197497613, 45.4481535477], [-113.9765625, 45.40586324534497], [-113.94994290826936, 45.4481535477], [-113.9765625, 45.47082430126106]]}}, {"type": "Feature", "properties": {"level_in": 0.1}, "geometry": {"type": "LineString", "coordinates": [[-79.6640625, 45.38942647022632], [-79.59375, 45.38382893207062], [-79.5234375, 45.41186296844805], [-79.453125, 45.42978472501563], [-79.3828125, 45.38511523125213], [-79.37414640185402, 45.3778547806], [-79.3828125, 45.34985016137742], [-79.44861631369304, 45.3075560136], [-79.453125, 45.30304820789518], [-79.5234375, 45.29106639080699], [-79.59375, 45.289772814244806], [-79.61342888498376, 45.3075560136], [-79.6640625, 45.36488890251937], [-79.69315381536711, 45.3778547806], [-79.6640625, 45.38942647022632]]}}, {"type": "Feature", "properties": {"level_in": 0.1}, "geometry": {"type": "LineString", "coordinates": [[-74.390625, 45.38161801074394], [-74.40063553736957, 45.3778547806], [-74.390625, 45.374208239925096], [-74.3203125, 45.36346445935367], [-74.26453915648642, 45.3778547806], [-74.3203125, 45.38499237848628], [-74.390625, 45.38161801074394]]}}, {"type": "Feature", "properties": {"level_in": 0.1}, "geometry": {"type": "LineString", "coordinates": [[-113.90625, 45.3306900606926], [-113.92475689312461, 45.307556013600006], [-113.90625, 45.26563676238601], [-113.88012130234868, 45.3075560136], [-113.90625, 45.3306900606926]]}}, {"type": "Feature", "properties": {"level_in": 0.1}, "geometry": {"type": "LineString", "coordinates": [[-119.32031249999999, 45.24304841875689], [-119.25000000000001, 45.26792542583174], [-119.1796875, 45.27488284935848], [-119.109375, 45.255980163249454], [-119.05329960615825, 45.23725724649999], [-119.04843908848643, 45.1669584794], [-119.109375, 45.10264330555269], [-119.11657606452484, 45.0966597123], [-119.1796875, 45.056332162185825], [-119.25, 45.04540352416336], [-119.3203125, 45.04954656259061], [-119.390625, 45.04993190014118], [-119.4609375, 45.04061158127129], [-119.47628801935046, 45.0966597123], [-119.48923580907419, 45.1669584794], [-119.4609375, 45.18735327619018], [-119.390625, 45.21946095605878], [-119.33336502019034, 45.2372572465], [-119.32031249999999, 45.24304841875689]]}}, {"type": "Feature", "properties": {"level_in": 0.1}, "geometry": {"type": "LineString", "coordinates": [[-113.8359375, 45.26531924297054], [-113.87981192920114, 45.2372572465], [-113.90625, 45.221287966257655], [-113.9765625, 45.167377898446894], [-113.9768601032425, 45.1669584794], [-113.9765625, 45.16582655341081], [-113.93499168248965, 45.0966597123], [-113.90625000000001, 45.03353177016761], [-113.89622880698151, 45.0263609453], [-113.8359375, 44.99651138291814], [-113.76909132304473, 44.9560621782], [-113.765625, 44.95445534528982], [-113.6953125, 44.91460910986882], [-113.64079867031235, 44.8857634111], [-113.625, 44.88220331425029], [-113.5546875, 44.86878967555029], [-113.54523287901013, 44.8857634111], [-113.5546875, 44.8996285033175], [-113.625, 44.92375277404287], [-113.63529412415564, 44.9560621782], [-113.69531249999999, 45.00075181891333], [-113.70847531767224, 45.026360945300006], [-113.7271003215467, 45.0966597123], [-113.7114696740535, 45.16695847940001], [-113.765625, 45.22609699492309], [-113.79522320676239, 45.23725724649999], [-113.8359375, 45.26531924297054]]}}, {"type": "Feature", "properties": {"level_in": 0.1}, "geometry": {"type": "LineString", "coordinates": [[-110.109375, 45.24631487201225], [-110.0390625, 45.24715388835479], [-109.9915600913163, 45.2372572465], [-109.96875, 45.22502331734998], [-109.8984375, 45.21252667534622], [-109.828125, 45.167145008968596], [-109.82788201732266, 45.1669584794], [-109.82812499999999, 45.166568381439326], [-109.8984375, 45.13108966458814], [-109.96875, 45.14690184764822], [-110.00135249720489, 45.166958479399995], [-110.0390625, 45.21792376346945], [-110.109375, 45.206945982400875], [-110.13337610077227, 45.2372572465], [-110.109375, 45.24631487201225]]}}, {"type": "Feature", "properties": {"level_in": 0.1}, "geometry": {"type": "LineString", "coordinates": [[-110.60156250000001, 45.17796535508013], [-110.53125, 45.22789913829104], [-110.4609375, 45.23380183349731], [-110.390625, 45.22283067261805], [-110.3203125, 45.20720124578959], [-110.25, 45.20218394506728], [-110.1796875, 45.199799156823566], [-110.14018220593792, 45.1669584794], [-110.17612333529306, 45.096659712299996], [-110.109375, 45.041138884859116], [-110.04840409294317, 45.0263609453], [-110.109375, 44.991751954576], [-110.1796875, 45.0252662754281], [-110.18646145420405, 45.0263609453], [-110.25, 45.04392501331073], [-110.3203125, 45.05773372485142], [-110.390625, 45.067681854057255], [-110.4609375, 45.07925493293429], [-110.49607141768523, 45.09665971230001], [-110.53125, 45.11034264352624], [-110.6015625, 45.15756627421347], [-110.61410192888708, 45.1669584794], [-110.60156250000001, 45.17796535508013]]}}, {"type": "Feature", "properties": {"level_in": 0.1}, "geometry": {"type": "LineString", "coordinates": [[-79.5234375, 45.19462923389359], [-79.453125, 45.204812445172834], [-79.43406375990733, 45.1669584794], [-79.3828125, 45.148290186249554], [-79.3125, 45.13213260067955], [-79.2421875, 45.10357816762907], [-79.22319648122232, 45.09665971230001], [-79.171875, 45.06343645515162], [-79.1289208143543, 45.0263609453], [-79.1015625, 45.000916327532494], [-79.052098261192, 44.9560621782], [-79.1015625, 44.89384511845876], [-79.11000908018659, 44.8857634111], [-79.171875, 44.84308906975672], [-79.2421875, 44.82441199318281], [-79.3125, 44.821420965356644], [-79.3828125, 44.833714967348186], [-79.453125, 44.868053167646394], [-79.47674327576028, 44.8857634111], [-79.5234375, 44.910773289870335], [-79.57828449078258, 44.9560621782], [-79.59375, 44.97416699087722], [-79.62840652593903, 45.0263609453], [-79.62378462332774, 45.0966597123], [-79.59375, 45.113905954449585], [-79.53844499643127, 45.16695847940001], [-79.5234375, 45.19462923389359]]}}, {"type": "Feature", "properties": {"level_in": 0.1}, "geometry": {"type": "LineString", "coordinates": [[-118.1953125, 45.11339065939965], [-118.20278541359644, 45.0966597123], [-118.1953125, 45.094752726721936], [-118.125, 45.085460979730435], [-118.12097702209387, 45.0966597123], [-118.125, 45.10627622102659], [-118.1953125, 45.11339065939965]]}}, {"type": "Feature", "properties": {"level_in": 0.1}, "geometry": {"type": "LineString", "coordinates": [[-109.7578125, 45.09903788066528], [-109.74650988988769, 45.0966597123], [-109.7578125, 45.094029603087165], [-109.7615627935269, 45.0966597123], [-109.7578125, 45.09903788066528]]}}, {"type": "Feature", "properties": {"level_in": 0.1}, "geometry": {"type": "LineString", "coordinates": [[-119.8125, 45.06795183171039], [-119.7421875, 45.076032794229675], [-119.671875, 45.06987087331578], [-119.6015625, 45.060244441210756], [-119.53125, 45.04954845985499], [-119.46980303051096, 45.0263609453], [-119.53125, 45.01182633292384], [-119.6015625, 44.999736365293515], [-119.671875, 44.98876602198506], [-119.7421875, 44.97994097649433], [-119.8125, 44.98464853677524], [-119.86784441989775, 45.0263609453], [-119.8125, 45.06795183171039]]}}, {"type": "Feature", "properties": {"level_in": 0.1}, "geometry": {"type": "LineString", "coordinates": [[-113.13281250000001, 45.0267939160254], [-113.13326094836087, 45.0263609453], [-113.1328125, 45.02606391513417], [-113.0625, 44.99491094132744], [-113.040355258076, 45.0263609453], [-113.0625, 45.06161260090133], [-113.1328125, 45.0267939160254]]}}, {"type": "Feature", "properties": {"level_in": 0.1}, "geometry": {"type": "LineString", "coordinates": [[-111.65625000000001, 45.0442466434968], [-111.68046893292518, 45.0263609453], [-111.65625, 45.01466645160449], [-111.62492642050185, 45.0263609453], [-111.65625, 45.0442466434968]]}}, {"type": "Feature", "properties": {"level_in": 0.1}, "geometry": {"type": "LineString", "coordinates": [[-76.640625, 45.03540436878082], [-76.5703125, 45.03620689415541], [-76.55831298541109, 45.0263609453], [-76.5703125, 45.020126609335485], [-76.64062499999999, 45.02170221233819], [-76.6705243473273, 45.0263609453], [-76.640625, 45.03540436878082]]}}, {"type": "Feature", "properties": {"level_in": 0.1}, "geometry": {"type": "LineString", "coordinates": [[-110.03906249999999, 44.974992276936845], [-110.0344018677742, 44.9560621782], [-110.0390625, 44.95548415937072], [-110.04271239398231, 44.9560621782], [-110.03906249999999, 44.974992276936845]]}}, {"type": "Feature", "properties": {"level_in": 0.1}, "geometry": {"type": "LineString", "coordinates": [[-109.828125, 44.96320149804005], [-109.78575676687277, 44.9560621782], [-109.80387034769106, 44.8857634111], [-109.828125, 44.87906656408013], [-109.8984375, 44.87156953677826], [-109.96205950954246, 44.8857634111], [-109.8984375, 44.95337990128084], [-109.89012735364919, 44.9560621782], [-109.828125, 44.96320149804005]]}}, {"type": "Feature", "properties": {"level_in": 0.1}, "geometry": {"type": "LineString", "coordinates": [[-109.6171875, 44.9873914426465], [-109.546875, 45.00860502411156], [-109.4765625, 44.96984110028674], [-109.46501395666412, 44.9560621782], [-109.4765625, 44.94567151529471], [-109.546875, 44.920399873631524], [-109.6171875, 44.93917161769694], [-109.65635673235991, 44.9560621782], [-109.6171875, 44.9873914426465]]}}, {"type": "Feature", "properties": {"level_in": 0.1}, "geometry": {"type": "LineString", "coordinates": [[-111.72656249999999, 44.74564062285844], [-111.73615484531696, 44.7451658768], [-111.796875, 44.70640035079538], [-111.81535337447312, 44.6748671097], [-111.796875, 44.660820996749926], [-111.7265625, 44.647347601673374], [-111.65625, 44.64513447151093], [-111.5859375, 44.658952780512315], [-111.55074175913504, 44.6748671097], [-111.5859375, 44.71446909908895], [-111.62285393292518, 44.7451658768], [-111.65625, 44.74949860952938], [-111.7265625, 44.74564062285844]]}}, {"type": "Feature", "properties": {"level_in": 0.1}, "geometry": {"type": "LineString", "coordinates": [[-110.4609375, 44.74793032559267], [-110.390625, 44.77948989448272], [-110.3203125, 44.806895322298494], [-110.25, 44.7808361958115], [-110.20774472071008, 44.7451658768], [-110.2194039767634, 44.6748671097], [-110.25, 44.661797136025726], [-110.31752850300914, 44.6748671097], [-110.3203125, 44.676602916616254], [-110.390625, 44.708912403090125], [-110.4609375, 44.74053875225208], [-110.46513867171414, 44.7451658768], [-110.4609375, 44.74793032559267]]}}, {"type": "Feature", "properties": {"level_in": 0.1}, "geometry": {"type": "LineString", "coordinates": [[-119.8828125, 44.68567068488835], [-119.8125, 44.69448860702179], [-119.75917131729965, 44.6748671097], [-119.74423139281772, 44.60456834259999], [-119.8125, 44.57983097223068], [-119.8828125, 44.54484661080172], [-119.91016334983786, 44.5342695755], [-119.8828125, 44.523823932047755], [-119.82628325905688, 44.4639708083], [-119.8125, 44.46007269648606], [-119.7421875, 44.44363654443723], [-119.67831152263882, 44.3936720412], [-119.671875, 44.386325002585195], [-119.60980317857172, 44.323373274], [-119.6015625, 44.27074267509715], [-119.58737628501581, 44.25307450689999], [-119.6015625, 44.24796351490699], [-119.671875, 44.225952867434174], [-119.7421875, 44.208767042150726], [-119.8125, 44.20363416232796], [-119.8828125, 44.2336850343591], [-119.9024075108902, 44.2530745069], [-119.953125, 44.2718849890375], [-120.0234375, 44.26783387772843], [-120.09375, 44.259145801285484], [-120.10115187976002, 44.2530745069], [-120.1640625, 44.209195317704925], [-120.234375, 44.18845011558608], [-120.25935573095407, 44.1827757397], [-120.3046875, 44.12393025614485], [-120.375, 44.144059440775706], [-120.42069091936236, 44.1827757397], [-120.4453125, 44.21698161031716], [-120.46694731096838, 44.253074506900006], [-120.515625, 44.27647110341119], [-120.56979533899232, 44.323373274], [-120.5308091110978, 44.3936720412], [-120.5859375, 44.445013252521605], [-120.65625, 44.45243110623272], [-120.7265625, 44.43685331865477], [-120.79687500000001, 44.43475589704154], [-120.8671875, 44.46350002689666], [-120.86805046251094, 44.4639708083], [-120.8671875, 44.468235001090704], [-120.85355865570405, 44.5342695755], [-120.8671875, 44.54094362309096], [-120.9375, 44.59289921321989], [-120.94345320213414, 44.6045683426], [-120.9375, 44.60977201159226], [-120.8671875, 44.63798837407175], [-120.796875, 44.62967611775492], [-120.72656250000001, 44.621095149766155], [-120.65625000000001, 44.63602167584869], [-120.5859375, 44.64471529733794], [-120.52261850454606, 44.6045683426], [-120.515625, 44.60173046635897], [-120.4453125, 44.54929725098256], [-120.42523543272151, 44.5342695755], [-120.375, 44.51785240196099], [-120.3046875, 44.51570903233047], [-120.234375, 44.50772416983684], [-120.1640625, 44.50894326260338], [-120.09375, 44.51989976211276], [-120.03772860458199, 44.5342695755], [-120.09333589671067, 44.6045683426], [-120.0234375, 44.6477852931751], [-119.953125, 44.66820161190169], [-119.9325939125725, 44.6748671097], [-119.8828125, 44.68567068488835]]}}, {"type": "Feature", "properties": {"level_in": 0.1}, "geometry": {"type": "LineString", "coordinates": [[-114.1875, 44.67746719127185], [-114.19151091854876, 44.6748671097], [-114.2459201520287, 44.6045683426], [-114.22962171425394, 44.5342695755], [-114.1875, 44.507989241723166], [-114.1171875, 44.50685297733407], [-114.046875, 44.5161286343706], [-113.9765625, 44.51639714881861], [-113.90625, 44.51286170931349], [-113.87413192770956, 44.5342695755], [-113.90625, 44.54939227054849], [-113.9765625, 44.59697078228029], [-113.98215207090225, 44.6045683426], [-114.01635737049588, 44.6748671097], [-114.046875, 44.7326022144365], [-114.1171875, 44.71747953938298], [-114.1875, 44.67746719127185]]}}, {"type": "Feature", "properties": {"level_in": 0.1}, "geometry": {"type": "LineString", "coordinates": [[-123.609375, 44.6305575401382], [-123.5390625, 44.65374728211171], [-123.46875, 44.63298402157705], [-123.44929820786463, 44.604568342600004], [-123.46875, 44.561792051087295], [-123.4847839678417, 44.5342695755], [-123.51248403219915, 44.4639708083], [-123.5390625, 44.39804567670236], [-123.5484535050377, 44.3936720412], [-123.5390625, 44.38113235066387], [-123.4888056213768, 44.323373274], [-123.5063404766377, 44.2530745069], [-123.5390625, 44.21203591784956], [-123.56660370421685, 44.1827757397], [-123.609375, 44.163866717962485], [-123.66714817692926, 44.1827757397], [-123.63210769135839, 44.2530745069], [-123.6689660935197, 44.323373274], [-123.6796875, 44.33649185157202], [-123.72740438326063, 44.3936720412], [-123.75, 44.40408909687304], [-123.809976712486, 44.4639708083], [-123.8203125, 44.5000386786683], [-123.82708115705874, 44.5342695755], [-123.8203125, 44.54187643982342], [-123.75, 44.587433555176496], [-123.6796875, 44.601106458490726], [-123.66482224476133, 44.6045683426], [-123.609375, 44.6305575401382]]}}, {"type": "Feature", "properties": {"level_in": 0.1}, "geometry": {"type": "LineString", "coordinates": [[-112.1484375, 44.6182815099582], [-112.20527340347391, 44.60456834259999], [-112.1484375, 44.597644702081304], [-112.078125, 44.600326417761806], [-112.01490155829777, 44.604568342600004], [-112.078125, 44.61316140829917], [-112.1484375, 44.6182815099582]]}}, {"type": "Feature", "properties": {"level_in": 0.1}, "geometry": {"type": "LineString", "coordinates": [[-110.6015625, 44.633935225581794], [-110.56435719098468, 44.6045683426], [-110.6015625, 44.59614903258026], [-110.6642041209214, 44.60456834259999], [-110.6015625, 44.633935225581794]]}}, {"type": "Feature", "properties": {"level_in": 0.1}, "geometry": {"type": "LineString", "coordinates": [[-79.6640625, 44.61589823001007], [-79.59375, 44.642481689532794], [-79.5234375, 44.65551768908453], [-79.453125, 44.66333570178931], [-79.3828125, 44.65106825976247], [-79.32748527705243, 44.60456834259999], [-79.3125, 44.59898199369039], [-79.2421875, 44.53865257421299], [-79.2372892131434, 44.534269575500005], [-79.2421875, 44.52923085277863], [-79.27158340381364, 44.4639708083], [-79.3125, 44.4031471180536], [-79.32163961272444, 44.3936720412], [-79.3828125, 44.373075605520086], [-79.453125, 44.35577290319007], [-79.5234375, 44.34670452503434], [-79.59375, 44.348017373651054], [-79.6640625, 44.349976719485355], [-79.734375, 44.36131431304368], [-79.8046875, 44.386011235562805], [-79.8220517111087, 44.3936720412], [-79.875, 44.44424505641959], [-79.89346081929516, 44.4639708083], [-79.88559728917244, 44.534269575500005], [-79.875, 44.538245030609886], [-79.8046875, 44.57548385741923], [-79.734375, 44.59089931297146], [-79.68600774653761, 44.604568342600004], [-79.6640625, 44.61589823001007]]}}, {"type": "Feature", "properties": {"level_in": 0.1}, "geometry": {"type": "LineString", "coordinates": [[-118.0546875, 44.55152541649236], [-117.984375, 44.54571239692686], [-117.91406249999999, 44.53768496491248], [-117.90780658927505, 44.5342695755], [-117.9140625, 44.528824059818696], [-117.984375, 44.49967344256093], [-118.0546875, 44.50049632071935], [-118.07899585479319, 44.5342695755], [-118.0546875, 44.55152541649236]]}}, {"type": "Feature", "properties": {"level_in": 0.1}, "geometry": {"type": "LineString", "coordinates": [[-111.09375, 44.5451061743852], [-111.0234375, 44.55625542640211], [-110.9666535512439, 44.5342695755], [-110.953125, 44.49036770302671], [-110.94563595259596, 44.4639708083], [-110.8828125, 44.40039549501921], [-110.87748710640122, 44.3936720412], [-110.85453835298796, 44.323373274000005], [-110.8125, 44.28643099078903], [-110.7421875, 44.27207843837057], [-110.69750535764926, 44.2530745069], [-110.72219797911202, 44.1827757397], [-110.7421875, 44.16671987960337], [-110.7879235113522, 44.1827757397], [-110.8125, 44.196487623478255], [-110.8828125, 44.21908150011681], [-110.953125, 44.21725924323596], [-111.0234375, 44.22015435056498], [-111.09102040327679, 44.2530745069], [-111.09375, 44.256943099657434], [-111.14713167752313, 44.323373274], [-111.11883007461097, 44.39367204119999], [-111.1640625, 44.443829125380304], [-111.18410400835783, 44.4639708083], [-111.1640625, 44.50072222368131], [-111.1245101456686, 44.53426957549999], [-111.09375, 44.5451061743852]]}}, {"type": "Feature", "properties": {"level_in": 0.1}, "geometry": {"type": "LineString", "coordinates": [[-118.546875, 44.473543681673554], [-118.4765625, 44.49876764862856], [-118.40625, 44.48599624228714], [-118.36913996954893, 44.4639708083], [-118.3359375, 44.458672153810014], [-118.265625, 44.451216753941715], [-118.1953125, 44.42816179362347], [-118.16244033023813, 44.39367204119999], [-118.1377596756365, 44.323373274], [-118.1953125, 44.31237738958335], [-118.2419847603802, 44.2530745069], [-118.265625, 44.21693521346583], [-118.3359375, 44.18414095609532], [-118.34029841083802, 44.1827757397], [-118.40625, 44.16205214703371], [-118.4765625, 44.12527830300781], [-118.5386159038095, 44.1124769726], [-118.546875, 44.097400809805634], [-118.5930193616671, 44.042178205400006], [-118.6171875, 44.035929727466204], [-118.6875, 44.0298494305435], [-118.75781250000001, 44.041123222468535], [-118.75953691980743, 44.0421782054], [-118.76309077028743, 44.1124769726], [-118.828125, 44.11727332624763], [-118.8984375, 44.128286917916874], [-118.95869953182738, 44.1124769726], [-118.96875, 44.094297114098254], [-118.99842649117957, 44.0421782054], [-118.96875, 44.02948256996918], [-118.8984375, 43.99857756974692], [-118.87204525769519, 43.9718794382], [-118.828125, 43.93665433721546], [-118.7578125, 43.908848186419284], [-118.74850895996511, 43.901580671], [-118.7578125, 43.87457984014813], [-118.80300179887925, 43.8312819038], [-118.828125, 43.82105675875511], [-118.8984375, 43.81010107125683], [-118.96875, 43.80956850945771], [-119.0390625, 43.81819306909992], [-119.109375, 43.825134606287364], [-119.14507245630872, 43.8312819038], [-119.109375, 43.85812872237833], [-119.0390625, 43.88321503506057], [-119.02744115811274, 43.901580671], [-119.0390625, 43.92111666053155], [-119.10720477821353, 43.9718794382], [-119.109375, 43.972585668106035], [-119.11023404645091, 43.9718794382], [-119.1796875, 43.92558617917983], [-119.25, 43.92969181710967], [-119.3203125, 43.94628163164017], [-119.390625, 43.90664073759109], [-119.39264942239674, 43.901580671], [-119.390625, 43.86815361237477], [-119.38575697520227, 43.8312819038], [-119.390625, 43.822464746300206], [-119.40218647680675, 43.7609831366], [-119.4609375, 43.701432263590384], [-119.53125, 43.70230006814199], [-119.6015625, 43.702484168527235], [-119.65899269457623, 43.6906843694], [-119.67187499999999, 43.68578110990003], [-119.74218750000001, 43.65999064164785], [-119.8125, 43.631641108979586], [-119.8828125, 43.63884750539877], [-119.94637112060076, 43.6906843694], [-119.95312500000001, 43.7300993153941], [-119.96828910868744, 43.76098313659999], [-119.953125, 43.771227154624015], [-119.88596275188338, 43.8312819038], [-119.8828125, 43.83590475744502], [-119.86085723118741, 43.901580671], [-119.8828125, 43.929614456753114], [-119.92185980244466, 43.9718794382], [-119.8828125, 44.006909329168025], [-119.81704572367266, 44.0421782054], [-119.8125, 44.04450002406412], [-119.7421875, 44.06995053862955], [-119.671875, 44.08396776437449], [-119.6015625, 44.089493436021186], [-119.53125, 44.09587804646234], [-119.4609375, 44.100574885278014], [-119.43772638687258, 44.1124769726], [-119.39822000990829, 44.1827757397], [-119.390625, 44.20476917919416], [-119.37808762027917, 44.2530745069], [-119.34148297902108, 44.323373274], [-119.3203125, 44.368618749588364], [-119.25, 44.36816362307785], [-119.1796875, 44.3700786285584], [-119.109375, 44.35343940542452], [-119.05240901415367, 44.323373274], [-119.0390625, 44.304350036928014], [-118.96875, 44.278434381641844], [-118.8984375, 44.29567502552443], [-118.86115212580147, 44.32337327399999], [-118.828125, 44.38159723329219], [-118.7936561134234, 44.3936720412], [-118.7578125, 44.399699107800714], [-118.6875, 44.40781696786698], [-118.6171875, 44.439880894072544], [-118.55987804157202, 44.4639708083], [-118.546875, 44.473543681673554]]}}, {"type": "Feature", "properties": {"level_in": 0.1}, "geometry": {"type": "LineString", "coordinates": [[-110.109375, 44.4010128383727], [-110.08273319677767, 44.3936720412], [-110.109375, 44.32893026227308], [-110.11862562866841, 44.3936720412], [-110.109375, 44.4010128383727]]}}, {"type": "Feature", "properties": {"level_in": 0.1}, "geometry": {"type": "LineString", "coordinates": [[-110.0390625, 44.32544989252966], [-110.03797035539071, 44.32337327399999], [-110.0390625, 44.32270301093059], [-110.0649101030229, 44.323373274], [-110.0390625, 44.32544989252966]]}}, {"type": "Feature", "properties": {"level_in": 0.1}, "geometry": {"type": "LineString", "coordinates": [[-110.1796875, 44.25588929314516], [-110.17182013986604, 44.2530745069], [-110.1796875, 44.2483136130093], [-110.18979126904672, 44.2530745069], [-110.1796875, 44.25588929314516]]}}, {"type": "Feature", "properties": {"level_in": 0.1}, "geometry": {"type": "LineString", "coordinates": [[-72.703125, 44.265461923314156], [-72.77031610443451, 44.2530745069], [-72.7734375, 44.24995372097719], [-72.7851228997728, 44.1827757397], [-72.7734375, 44.178709090004546], [-72.703125, 44.13967893196477], [-72.6775637175372, 44.1124769726], [-72.63338899209697, 44.04217820539999], [-72.6328125, 44.04075472238587], [-72.5625, 43.98445988404355], [-72.55085044396989, 43.9718794382], [-72.5625, 43.961927302021735], [-72.59580658843541, 43.901580671], [-72.56864580448124, 43.8312819038], [-72.5625, 43.82758448015439], [-72.4921875, 43.8037024003129], [-72.421875, 43.76649587749729], [-72.35156250000001, 43.765025556535335], [-72.28125, 43.77560897990669], [-72.2109375, 43.799052906342666], [-72.15977035800849, 43.8312819038], [-72.140625, 43.837341812881405], [-72.0703125, 43.85805374028192], [-72.0, 43.86995127083492], [-71.9296875, 43.88084549150375], [-71.859375, 43.88529216813612], [-71.7890625, 43.88200228039412], [-71.71875, 43.878860228840345], [-71.66418134128952, 43.90158067099999], [-71.71411508698026, 43.9718794382], [-71.71875, 43.98034393231265], [-71.76442950220735, 44.0421782054], [-71.7890625, 44.08897176175687], [-71.80843871280625, 44.1124769726], [-71.859375, 44.17661950181685], [-71.87285606583919, 44.18277573969999], [-71.9296875, 44.19880197735107], [-72.0, 44.18920457676285], [-72.0280020142803, 44.1827757397], [-72.0703125, 44.179138099922525], [-72.140625, 44.17488484186367], [-72.2109375, 44.17972337270481], [-72.22950281818163, 44.182775739700006], [-72.28125, 44.22031045672361], [-72.34392345629729, 44.2530745069], [-72.3515625, 44.261444435106675], [-72.421875, 44.30417824321129], [-72.4921875, 44.30295577495339], [-72.5625, 44.2929284766596], [-72.6328125, 44.27651384349148], [-72.703125, 44.265461923314156]]}}, {"type": "Feature", "properties": {"level_in": 0.1}, "geometry": {"type": "LineString", "coordinates": [[-120.5859375, 44.19137335370232], [-120.52870284388862, 44.1827757397], [-120.58593749999999, 44.153565437371256], [-120.60128393076647, 44.18277573969999], [-120.5859375, 44.19137335370232]]}}, {"type": "Feature", "properties": {"level_in": 0.1}, "geometry": {"type": "LineString", "coordinates": [[-109.96875000000001, 44.19733104079559], [-109.8984375, 44.22983854010327], [-109.828125, 44.188262057094185], [-109.81959059368954, 44.1827757397], [-109.82280552240007, 44.1124769726], [-109.82769305132892, 44.0421782054], [-109.82812499999999, 44.041556671048475], [-109.84389601932422, 43.9718794382], [-109.828125, 43.963140256883584], [-109.7578125, 43.94283281854135], [-109.69751365604374, 43.901580671], [-109.6875, 43.891597494829064], [-109.6171875, 43.832925477043005], [-109.61456754349089, 43.8312819038], [-109.546875, 43.79508572513156], [-109.49595931639313, 43.7609831366], [-109.546875, 43.74444994312411], [-109.6171875, 43.73349115185698], [-109.6875, 43.72756691543132], [-109.7578125, 43.735828386643526], [-109.828125, 43.754955573780094], [-109.85235817190426, 43.76098313659999], [-109.8984375, 43.771798265737225], [-109.96875, 43.795285387716135], [-110.02771233623513, 43.8312819038], [-110.03793434031891, 43.901580671], [-110.0390625, 43.904086850640155], [-110.06983397354969, 43.901580671], [-110.10937499999999, 43.89629740969139], [-110.1796875, 43.877527525681955], [-110.19765899760067, 43.901580671], [-110.1796875, 43.919027344037694], [-110.109375, 43.9270577528327], [-110.10395196593502, 43.9718794382], [-110.10609986062435, 44.0421782054], [-110.0390625, 44.0749717563431], [-109.96875, 44.09856678946075], [-109.91929085332141, 44.1124769726], [-109.96874999999999, 44.16401167309513], [-109.9787034934942, 44.1827757397], [-109.96875000000001, 44.19733104079559]]}}, {"type": "Feature", "properties": {"level_in": 0.1}, "geometry": {"type": "LineString", "coordinates": [[-122.625, 44.13299368012366], [-122.6714691822188, 44.1124769726], [-122.625, 44.07097581966961], [-122.60287012257584, 44.0421782054], [-122.5546875, 43.99846032337339], [-122.49876785089053, 43.9718794382], [-122.484375, 43.964406156885765], [-122.48026632437919, 43.9718794382], [-122.45888630236712, 44.0421782054], [-122.44234705943308, 44.1124769726], [-122.484375, 44.127444610571914], [-122.5546875, 44.13526397515822], [-122.625, 44.13299368012366]]}}, {"type": "Feature", "properties": {"level_in": 0.1}, "geometry": {"type": "LineString", "coordinates": [[-120.5859375, 44.10230065781656], [-120.515625, 44.10591317272029], [-120.4453125, 44.10299216269466], [-120.38198630982802, 44.0421782054], [-120.375, 44.02544344025727], [-120.31761245241204, 44.0421782054], [-120.3046875, 44.06769170871703], [-120.234375, 44.088857962600805], [-120.1685158523592, 44.0421782054], [-120.1640625, 44.038314268622024], [-120.10288833585683, 43.9718794382], [-120.09375, 43.962775002403774], [-120.04106259166664, 43.901580671000005], [-120.03009548239882, 43.8312819038], [-120.09375, 43.7993554960301], [-120.14102283595213, 43.8312819038], [-120.1640625, 43.84468896059031], [-120.21194830845589, 43.901580671], [-120.234375, 43.92151427549287], [-120.3046875, 43.93435308894074], [-120.375, 43.937305120056195], [-120.4453125, 43.971816760358415], [-120.44539435196299, 43.9718794382], [-120.515625, 43.98036051646222], [-120.5859375, 43.99865369842385], [-120.65535078252267, 44.0421782054], [-120.5859375, 44.10230065781656]]}}, {"type": "Feature", "properties": {"level_in": 0.1}, "geometry": {"type": "LineString", "coordinates": [[-93.09375, 43.99032220753409], [-93.13679145866922, 43.9718794382], [-93.1640625, 43.94461372320176], [-93.18392782652062, 43.901580671], [-93.19255353276614, 43.8312819038], [-93.1818727739934, 43.7609831366], [-93.1640625, 43.71795008439824], [-93.15070526202823, 43.6906843694], [-93.09375, 43.63002638710041], [-93.08469769523832, 43.6203856022], [-93.0234375, 43.56267101115303], [-93.0130485277836, 43.550086835], [-92.96942532633636, 43.4797880678], [-92.953125, 43.44311949666294], [-92.94031097886699, 43.4094893005], [-92.90971076474557, 43.3391905333], [-92.8828125, 43.29335014570024], [-92.86743568190549, 43.2688917661], [-92.8144496870339, 43.1985929988], [-92.8125, 43.19676365000563], [-92.74798722747195, 43.1282942316], [-92.7421875, 43.12412649182509], [-92.671875, 43.07769896392443], [-92.64302800152926, 43.0579954643], [-92.6015625, 43.030490075399186], [-92.53610108082673, 42.987696697], [-92.53125, 42.98418808803854], [-92.4609375, 42.94653948539653], [-92.40628638670756, 42.9173979298], [-92.390625, 42.90546777639162], [-92.3203125, 42.86386361965873], [-92.29072239036323, 42.8470991625], [-92.25, 42.81633713752947], [-92.19766174670318, 42.7768003952], [-92.1796875, 42.76407114232529], [-92.109375, 42.72885423744497], [-92.0390625, 42.721793930166825], [-91.98208053542638, 42.7768003952], [-92.00062778260971, 42.8470991625], [-92.00170375777904, 42.9173979298], [-91.96875, 42.96421773987652], [-91.95362501912902, 42.987696697], [-91.8984375, 43.040203615138864], [-91.86940300809155, 43.0579954643], [-91.84747238806398, 43.12829423160001], [-91.86832749620524, 43.1985929988], [-91.84468465747773, 43.2688917661], [-91.82812500000001, 43.28426558093383], [-91.7578125, 43.329059017526845], [-91.71930515482126, 43.3391905333], [-91.6875, 43.34773861763312], [-91.6171875, 43.360918855854635], [-91.546875, 43.38776022065731], [-91.49537644959148, 43.4094893005], [-91.48793592744295, 43.4797880678], [-91.546875, 43.50714723791319], [-91.6171875, 43.53727531658542], [-91.6875, 43.53311979715088], [-91.7578125, 43.525154973475814], [-91.828125, 43.54535430297226], [-91.84024261789149, 43.550086835], [-91.828125, 43.58794703252755], [-91.82049089320992, 43.6203856022], [-91.7578125, 43.65912463857918], [-91.70180847143939, 43.6906843694], [-91.72989365984827, 43.7609831366], [-91.7578125, 43.76702287110973], [-91.828125, 43.78737457331262], [-91.8984375, 43.813432642650724], [-91.93075321581571, 43.8312819038], [-91.96875, 43.84659395366185], [-92.0390625, 43.884302384940554], [-92.10937500000001, 43.90086759289597], [-92.11234290534054, 43.901580671000005], [-92.1796875, 43.918689487093246], [-92.25, 43.91357083353725], [-92.3203125, 43.90234026474245], [-92.34462364507888, 43.901580671], [-92.390625, 43.89902547593451], [-92.4609375, 43.888659464872475], [-92.48963180577948, 43.8312819038], [-92.50126415825918, 43.76098313659999], [-92.53125, 43.710722565493725], [-92.55071951939023, 43.6906843694], [-92.6015625, 43.67289284714541], [-92.67187500000001, 43.67654909309028], [-92.73137253116086, 43.6906843694], [-92.7421875, 43.69609079767874], [-92.79086626168532, 43.7609831366], [-92.79605879864447, 43.8312819038], [-92.78657769182607, 43.901580671], [-92.8125, 43.93737118754083], [-92.86825510835884, 43.97187943819999], [-92.8828125, 43.975449406352794], [-92.953125, 43.990657505811384], [-93.0234375, 43.99960464398322], [-93.09375, 43.99032220753409]]}}, {"type": "Feature", "properties": {"level_in": 0.1}, "geometry": {"type": "LineString", "coordinates": [[-123.04687500000001, 43.90609147351975], [-122.9765625, 43.919754567017065], [-122.95838505372893, 43.901580671], [-122.9765625, 43.88293971313291], [-123.046875, 43.896786890567405], [-123.05138668370091, 43.901580671000005], [-123.04687500000001, 43.90609147351975]]}}, {"type": "Feature", "properties": {"level_in": 0.1}, "geometry": {"type": "LineString", "coordinates": [[-110.8828125, 43.94558155466941], [-110.82022415928813, 43.901580671], [-110.8125, 43.89833209998806], [-110.76583194251712, 43.8312819038], [-110.8125, 43.77949411137868], [-110.86407993259917, 43.7609831366], [-110.82690539853402, 43.6906843694], [-110.8828125, 43.650212368242855], [-110.953125, 43.67465935769357], [-110.96666293296687, 43.6906843694], [-110.9697681189903, 43.7609831366], [-110.98446254218047, 43.8312819038], [-110.953125, 43.86008191321983], [-110.91094776823915, 43.90158067099999], [-110.8828125, 43.94558155466941]]}}, {"type": "Feature", "properties": {"level_in": 0.1}, "geometry": {"type": "LineString", "coordinates": [[-76.0078125, 43.83981121285015], [-75.9375, 43.86816781674044], [-75.8671875, 43.8764365529772], [-75.796875, 43.870310807495386], [-75.7265625, 43.83177515833456], [-75.72608651044925, 43.8312819038], [-75.68658535124138, 43.7609831366], [-75.65625, 43.699538558320185], [-75.65177567460304, 43.6906843694], [-75.64517056958273, 43.6203856022], [-75.64208044904643, 43.550086835], [-75.65625, 43.5142405794947], [-75.67822401654797, 43.4797880678], [-75.7265625, 43.42094036330698], [-75.76261918594236, 43.4094893005], [-75.796875, 43.40168570092038], [-75.8671875, 43.4062657657229], [-75.87462506511233, 43.4094893005], [-75.9375, 43.423601323426695], [-76.0078125, 43.47581697125487], [-76.0110255672832, 43.4797880678], [-76.06605557597835, 43.550086835], [-76.078125, 43.57534058481222], [-76.0906292090786, 43.6203856022], [-76.10054653169038, 43.6906843694], [-76.08353376579491, 43.7609831366], [-76.078125, 43.76735027837721], [-76.01818601873671, 43.831281903800004], [-76.0078125, 43.83981121285015]]}}, {"type": "Feature", "properties": {"level_in": 0.1}, "geometry": {"type": "LineString", "coordinates": [[-121.5703125, 43.76372509245696], [-121.5893012746308, 43.7609831366], [-121.640625, 43.73817704714021], [-121.65693163924487, 43.6906843694], [-121.66732717093296, 43.6203856022], [-121.640625, 43.60076803073794], [-121.5703125, 43.56387461389477], [-121.5, 43.57717016273233], [-121.48134930967841, 43.6203856022], [-121.5, 43.64002400916057], [-121.56998165179687, 43.6906843694], [-121.56512091942672, 43.7609831366], [-121.5703125, 43.76372509245696]]}}, {"type": "Feature", "properties": {"level_in": 0.1}, "geometry": {"type": "LineString", "coordinates": [[-120.515625, 43.782942608778065], [-120.4453125, 43.78998345584172], [-120.4093834866384, 43.7609831366], [-120.4453125, 43.72891591108627], [-120.515625, 43.71568633272252], [-120.56862013734175, 43.7609831366], [-120.515625, 43.782942608778065]]}}, {"type": "Feature", "properties": {"level_in": 0.1}, "geometry": {"type": "LineString", "coordinates": [[-110.109375, 43.78773756290231], [-110.07384169434998, 43.7609831366], [-110.0390625, 43.7237705643503], [-109.96875, 43.71439474525221], [-109.94358305800348, 43.6906843694], [-109.96875, 43.678477047582646], [-110.0390625, 43.671440355316854], [-110.109375, 43.673377491531376], [-110.1796875, 43.671688556388624], [-110.25, 43.6760257411822], [-110.28173194953419, 43.6906843694], [-110.25, 43.717605505125604], [-110.1796875, 43.752838028698285], [-110.16679305727581, 43.760983136600004], [-110.109375, 43.78773756290231]]}}, {"type": "Feature", "properties": {"level_in": 0.1}, "geometry": {"type": "LineString", "coordinates": [[-120.375, 43.6155261535277], [-120.3046875, 43.610059795795074], [-120.25846077465377, 43.550086835], [-120.234375, 43.49096889839933], [-120.1640625, 43.49907715656648], [-120.09375, 43.507690102889256], [-120.0234375, 43.51469847828696], [-119.953125, 43.51274030753876], [-119.8828125, 43.48777821298303], [-119.86919971439337, 43.4797880678], [-119.8828125, 43.424843485130125], [-119.91736622756551, 43.4094893005], [-119.953125, 43.3826754777088], [-119.96695071177945, 43.3391905333], [-120.0234375, 43.30873396846026], [-120.08267016592092, 43.3391905333], [-120.09375, 43.348629497970734], [-120.13625956953615, 43.4094893005], [-120.1640625, 43.43006115006578], [-120.234375, 43.473043112281275], [-120.2522356382656, 43.4797880678], [-120.3046875, 43.49556596154993], [-120.375, 43.51247993232903], [-120.42883198758902, 43.550086835], [-120.375, 43.6155261535277]]}}, {"type": "Feature", "properties": {"level_in": 0.1}, "geometry": {"type": "LineString", "coordinates": [[-115.3125, 43.557035884096656], [-115.33847986371839, 43.550086835], [-115.3125, 43.53847262755391], [-115.2421875, 43.54881216646036], [-115.23336864150713, 43.550086835], [-115.2421875, 43.55256764178559], [-115.3125, 43.557035884096656]]}}, {"type": "Feature", "properties": {"level_in": 0.1}, "geometry": {"type": "LineString", "coordinates": [[-70.2421875, 43.58983871404496], [-70.226077988631, 43.550086835], [-70.2421875, 43.52449316037566], [-70.2685072644987, 43.550086835], [-70.2421875, 43.58983871404496]]}}, {"type": "Feature", "properties": {"level_in": 0.1}, "geometry": {"type": "LineString", "coordinates": [[-121.359375, 43.49213485037857], [-121.37857252921413, 43.4797880678], [-121.359375, 43.47085619656134], [-121.30850808788789, 43.4797880678], [-121.359375, 43.49213485037857]]}}, {"type": "Feature", "properties": {"level_in": 0.1}, "geometry": {"type": "LineString", "coordinates": [[-110.53125, 43.48679452868321], [-110.4609375, 43.505774863353274], [-110.390625, 43.50443142097989], [-110.35881967753943, 43.4797880678], [-110.3203125, 43.41841733377555], [-110.31334796406692, 43.4094893005], [-110.31207598776227, 43.3391905333], [-110.3203125, 43.33834691114826], [-110.326726777641, 43.3391905333], [-110.390625, 43.35312698892528], [-110.4609375, 43.37856420644545], [-110.51559531766412, 43.4094893005], [-110.53125, 43.44855770780814], [-110.53773873114235, 43.4797880678], [-110.53125, 43.48679452868321]]}}, {"type": "Feature", "properties": {"level_in": 0.1}, "geometry": {"type": "LineString", "coordinates": [[-78.25781249999999, 43.4138374833704], [-78.24578153035677, 43.4094893005], [-78.2578125, 43.4082348539997], [-78.30930514365912, 43.4094893005], [-78.25781249999999, 43.4138374833704]]}}, {"type": "Feature", "properties": {"level_in": 0.1}, "geometry": {"type": "LineString", "coordinates": [[-118.54687499999999, 43.34649088425694], [-118.53534587674915, 43.3391905333], [-118.546875, 43.31601481576345], [-118.57017854725531, 43.3391905333], [-118.54687499999999, 43.34649088425694]]}}, {"type": "Feature", "properties": {"level_in": 0.1}, "geometry": {"type": "LineString", "coordinates": [[-79.9453125, 43.349449730150816], [-79.875, 43.37296688184484], [-79.8046875, 43.37477383117865], [-79.734375, 43.36014518986621], [-79.7186405729447, 43.3391905333], [-79.66546763222429, 43.2688917661], [-79.734375, 43.23236229034197], [-79.8046875, 43.216402751377316], [-79.875, 43.20884045281084], [-79.9453125, 43.20909886303172], [-80.015625, 43.25163522002218], [-80.03480765460387, 43.2688917661], [-80.015625, 43.29261951898114], [-79.96533782084305, 43.3391905333], [-79.9453125, 43.349449730150816]]}}, {"type": "Feature", "properties": {"level_in": 0.1}, "geometry": {"type": "LineString", "coordinates": [[-77.625, 43.354887569532394], [-77.5546875, 43.344797806194656], [-77.54453794324819, 43.3391905333], [-77.5546875, 43.33321568010189], [-77.625, 43.31671750883696], [-77.65418709188471, 43.3391905333], [-77.625, 43.354887569532394]]}}, {"type": "Feature", "properties": {"level_in": 0.1}, "geometry": {"type": "LineString", "coordinates": [[-74.4609375, 43.34884480906646], [-74.390625, 43.348783484629095], [-74.35956129117531, 43.3391905333], [-74.3203125, 43.330809245712345], [-74.25, 43.309878943689945], [-74.1796875, 43.2804060587747], [-74.16057097021188, 43.2688917661], [-74.109375, 43.23655689514521], [-74.07844420467801, 43.19859299880001], [-74.0645253516568, 43.1282942316], [-74.109375, 43.08233735199612], [-74.1796875, 43.070630645836346], [-74.25, 43.07290669885007], [-74.3203125, 43.076775065207954], [-74.390625, 43.090216536678625], [-74.4609375, 43.12205701229204], [-74.47319548247033, 43.1282942316], [-74.52534295486393, 43.1985929988], [-74.53125, 43.268639597216726], [-74.5312930372405, 43.2688917661], [-74.53125, 43.269184827261604], [-74.50059061486714, 43.3391905333], [-74.4609375, 43.34884480906646]]}}, {"type": "Feature", "properties": {"level_in": 0.1}, "geometry": {"type": "LineString", "coordinates": [[-123.890625, 43.29988925936257], [-123.8203125, 43.32779469040801], [-123.75, 43.320965293590646], [-123.6796875, 43.294062754925335], [-123.64123563744678, 43.2688917661], [-123.6685624586497, 43.1985929988], [-123.6796875, 43.18487797316954], [-123.75, 43.14991556397747], [-123.8203125, 43.134535564299746], [-123.890625, 43.13599203151712], [-123.95008579381799, 43.1985929988], [-123.93326391501219, 43.2688917661], [-123.890625, 43.29988925936257]]}}, {"type": "Feature", "properties": {"level_in": 0.1}, "geometry": {"type": "LineString", "coordinates": [[-118.8984375, 43.27377073063346], [-118.84377079238591, 43.2688917661], [-118.8984375, 43.262541689028666], [-118.9160990510488, 43.2688917661], [-118.8984375, 43.27377073063346]]}}, {"type": "Feature", "properties": {"level_in": 0.1}, "geometry": {"type": "LineString", "coordinates": [[-109.7578125, 43.226999309144645], [-109.68749999999999, 43.206894558470744], [-109.67513393767632, 43.1985929988], [-109.681795065978, 43.1282942316], [-109.6875, 43.12319881972009], [-109.7193525207739, 43.1282942316], [-109.7578125, 43.13187120830805], [-109.79785339677282, 43.1985929988], [-109.7578125, 43.226999309144645]]}}, {"type": "Feature", "properties": {"level_in": 0.1}, "geometry": {"type": "LineString", "coordinates": [[-117.07031249999999, 43.141939746595455], [-117.0, 43.17799188441187], [-116.9296875, 43.180290924586906], [-116.859375, 43.17579672933809], [-116.7890625, 43.15931947330014], [-116.74164142782254, 43.1282942316], [-116.71875, 43.11821166316314], [-116.6496628809403, 43.0579954643], [-116.6484375, 43.05667306463296], [-116.578125, 42.98903216181051], [-116.57739042582129, 42.987696697], [-116.57812500000001, 42.98613120010143], [-116.63874973134799, 42.9173979298], [-116.59455990864522, 42.8470991625], [-116.6484375, 42.78470984507749], [-116.67663095702083, 42.7768003952], [-116.6484375, 42.76121412768149], [-116.578125, 42.752585352955016], [-116.5078125, 42.76066102075546], [-116.4375, 42.741182665708266], [-116.3816678065544, 42.7065016279], [-116.3671875, 42.69284054836159], [-116.3205356010821, 42.6362028606], [-116.296875, 42.614495814139005], [-116.2344384013199, 42.5659040933], [-116.2265625, 42.557637519404764], [-116.15625, 42.512148510056], [-116.09621793428927, 42.495605326], [-116.0859375, 42.48581249901565], [-116.0530924021201, 42.4253065587], [-116.015625, 42.37687748367953], [-116.00173311381766, 42.3550077914], [-115.9453125, 42.29759089715807], [-115.9353466713686, 42.2847090241], [-115.89856512084961, 42.2144102568], [-115.875, 42.17835983511205], [-115.84496653529793, 42.14411148939999], [-115.83773320598803, 42.0738127221], [-115.82219142111263, 42.0035139548], [-115.875, 41.94980537274395], [-115.9453125, 41.93549122503255], [-115.96199082737743, 41.9332151874], [-116.015625, 41.91024733035475], [-116.0859375, 41.90934177001999], [-116.15625000000001, 41.91567270135182], [-116.2265625, 41.906802949358394], [-116.296875, 41.89793978749139], [-116.3671875, 41.90123388362774], [-116.4375, 41.91812498749662], [-116.46036565925498, 41.9332151874], [-116.5078125, 41.950251912137034], [-116.578125, 41.98759562596789], [-116.63132132623647, 42.0035139548], [-116.6484375, 42.01487794287114], [-116.67712620257964, 42.0738127221], [-116.71875, 42.1017334320961], [-116.74784884755303, 42.1441114894], [-116.71875, 42.18319900989712], [-116.6715351515081, 42.2144102568], [-116.71875, 42.27284541692013], [-116.7890625, 42.277116668522694], [-116.859375, 42.27319900177323], [-116.90056174114642, 42.2847090241], [-116.9296875, 42.3009316316442], [-116.99564136625604, 42.3550077914], [-117.0, 42.357814297078484], [-117.04541499673412, 42.4253065587], [-117.0, 42.469658619753574], [-116.95940504147302, 42.495605326], [-116.9296875, 42.54029777449108], [-116.89563445176637, 42.5659040933], [-116.91792606872883, 42.6362028606], [-116.90765251551672, 42.7065016279], [-116.91835396443173, 42.7768003952], [-116.859375, 42.823450187917544], [-116.84309959472782, 42.8470991625], [-116.859375, 42.85467895981734], [-116.9296875, 42.86482960599662], [-117.0, 42.864761918239964], [-117.0703125, 42.87827068479352], [-117.140625, 42.89914218506574], [-117.21093749999999, 42.90217155671367], [-117.28125, 42.914270656966615], [-117.28744114013782, 42.9173979298], [-117.3515625, 42.948241551747785], [-117.40594556449695, 42.987696697], [-117.3515625, 43.01965473191943], [-117.28125, 43.03665100240747], [-117.2109375, 43.01321684618772], [-117.17407280502692, 43.0579954643], [-117.140625, 43.11042885781785], [-117.09255141432035, 43.1282942316], [-117.07031249999999, 43.141939746595455]]}}, {"type": "Feature", "properties": {"level_in": 0.1}, "geometry": {"type": "LineString", "coordinates": [[-123.89062499999999, 43.077765870855835], [-123.8203125, 43.10125635372374], [-123.75, 43.092185003697864], [-123.7301643490309, 43.0579954643], [-123.75, 43.03677980910464], [-123.8203125, 43.04274563958953], [-123.89062499999999, 43.052605495473], [-123.89415108201335, 43.0579954643], [-123.89062499999999, 43.077765870855835]]}}, {"type": "Feature", "properties": {"level_in": 0.1}, "geometry": {"type": "LineString", "coordinates": [[-120.5859375, 43.07645346120118], [-120.515625, 43.08831512005523], [-120.4453125, 43.09569612507424], [-120.375, 43.09690404645127], [-120.3046875, 43.08665148425324], [-120.234375, 43.07487838746297], [-120.1640625, 43.0716420021438], [-120.09375, 43.062108684829674], [-120.08361844767433, 43.0579954643], [-120.09375, 43.05643527733194], [-120.1640625, 43.04723046592562], [-120.23437499999999, 43.03764016827023], [-120.3046875, 42.994226737630186], [-120.31393434409193, 42.987696697], [-120.375, 42.92089675327844], [-120.3786874960538, 42.9173979298], [-120.4453125, 42.86884339224115], [-120.48013594648734, 42.9173979298], [-120.515625, 42.957961442561654], [-120.54691105498202, 42.987696697], [-120.5859375, 43.02107946846277], [-120.65058900980875, 43.0579954643], [-120.5859375, 43.07645346120118]]}}, {"type": "Feature", "properties": {"level_in": 0.1}, "geometry": {"type": "LineString", "coordinates": [[-78.1875, 43.093619008223484], [-78.1171875, 43.104209026645535], [-78.046875, 43.075308552523225], [-78.03711761278785, 43.0579954643], [-78.02933071014897, 42.987696697], [-78.03100898294485, 42.9173979298], [-78.046875, 42.884951069403385], [-78.05335675494433, 42.8470991625], [-78.04793910890376, 42.7768003952], [-78.06193286222742, 42.70650162790001], [-78.1171875, 42.674199585540926], [-78.16825557216768, 42.6362028606], [-78.1875, 42.62461707919236], [-78.2578125, 42.60818588347388], [-78.328125, 42.59744217650942], [-78.37547311839626, 42.6362028606], [-78.3984375, 42.68856000444212], [-78.407668886229, 42.706501627899996], [-78.45714786701728, 42.7768003952], [-78.41651565266936, 42.8470991625], [-78.3984375, 42.900739960756425], [-78.39433830861822, 42.9173979298], [-78.328125, 42.956743436110735], [-78.2578125, 42.97686452638075], [-78.22027733377476, 42.987696697000004], [-78.2486709452361, 43.0579954643], [-78.1875, 43.093619008223484]]}}, {"type": "Feature", "properties": {"level_in": 0.1}, "geometry": {"type": "LineString", "coordinates": [[-75.796875, 43.079472544659424], [-75.7265625, 43.07395308455911], [-75.65625, 43.06481776298242], [-75.62880270256363, 43.0579954643], [-75.5859375, 43.04990699255546], [-75.515625, 43.040121522668485], [-75.4453125, 43.0400838978713], [-75.375, 43.03680068196752], [-75.3046875, 43.02909005852533], [-75.234375, 43.00839443705463], [-75.19105272144424, 42.987696697], [-75.1640625, 42.96288991262059], [-75.13721939657876, 42.9173979298], [-75.1334421549298, 42.8470991625], [-75.1640625, 42.786356371973035], [-75.17010408097711, 42.7768003952], [-75.2316704736391, 42.7065016279], [-75.234375, 42.703177446608585], [-75.29732029219917, 42.6362028606], [-75.3046875, 42.62786696609252], [-75.375, 42.570834324435054], [-75.38124268146599, 42.5659040933], [-75.4453125, 42.50538763849339], [-75.46153800718344, 42.495605326], [-75.515625, 42.48140582311123], [-75.5859375, 42.471514233488136], [-75.65625, 42.47377109190724], [-75.7265625, 42.481383924419944], [-75.76629394788964, 42.495605326], [-75.796875, 42.50450354471735], [-75.8671875, 42.53168798261794], [-75.92364506387035, 42.565904093300006], [-75.9375, 42.573386640937535], [-76.0078125, 42.60223782794256], [-76.07316832036847, 42.6362028606], [-76.078125, 42.641949227928095], [-76.1484375, 42.68549564628637], [-76.17260644494661, 42.7065016279], [-76.20000893845345, 42.7768003952], [-76.18934647469823, 42.8470991625], [-76.1484375, 42.909995773404425], [-76.14440405992043, 42.9173979298], [-76.078125, 42.96175434163439], [-76.03810109704003, 42.987696697], [-76.0078125, 43.00163579094541], [-75.9375, 43.03155838609117], [-75.8671875, 43.053183049157354], [-75.84799500313669, 43.0579954643], [-75.796875, 43.079472544659424]]}}, {"type": "Feature", "properties": {"level_in": 0.1}, "geometry": {"type": "LineString", "coordinates": [[-123.18750000000001, 42.92527306309354], [-123.1927161084529, 42.9173979298], [-123.1875, 42.9156465936327], [-123.1171875, 42.90515108779766], [-123.046875, 42.907281939319404], [-122.9765625, 42.907165618470266], [-122.9550188448545, 42.9173979298], [-122.9765625, 42.945957193037614], [-123.04687500000001, 42.96170524664006], [-123.1171875, 42.96178388611192], [-123.1875, 42.92527306309354]]}}, {"type": "Feature", "properties": {"level_in": 0.1}, "geometry": {"type": "LineString", "coordinates": [[-121.78125, 42.95284764393989], [-121.79256021901736, 42.9173979298], [-121.78125, 42.89898628893516], [-121.7109375, 42.87185548239247], [-121.67842454066918, 42.8470991625], [-121.640625, 42.81257299255145], [-121.60637398704498, 42.8470991625], [-121.61834033526165, 42.9173979298], [-121.640625, 42.93985524134455], [-121.71093750000001, 42.9674946193193], [-121.78125, 42.95284764393989]]}}, {"type": "Feature", "properties": {"level_in": 0.1}, "geometry": {"type": "LineString", "coordinates": [[-118.6171875, 42.940914150796914], [-118.546875, 42.948501902439475], [-118.49666894211029, 42.9173979298], [-118.4765625, 42.90304315899384], [-118.42563391350794, 42.8470991625], [-118.41551764348796, 42.7768003952], [-118.4765625, 42.713590827573235], [-118.48418596556198, 42.7065016279], [-118.53247932230568, 42.6362028606], [-118.546875, 42.604412559114294], [-118.55546302421685, 42.56590409329999], [-118.6171875, 42.51638544925469], [-118.6875, 42.5043679572047], [-118.7578125, 42.4971308714594], [-118.828125, 42.50119227379608], [-118.8984375, 42.51469212090379], [-118.96875, 42.56201948151581], [-118.97262690639455, 42.5659040933], [-119.01267562734829, 42.6362028606], [-119.0390625, 42.6752615076619], [-119.10237720878646, 42.7065016279], [-119.0390625, 42.72043303274976], [-118.96875, 42.76882722965369], [-118.96338390390773, 42.7768003952], [-118.8984375, 42.82098657739804], [-118.828125, 42.841159067245925], [-118.80908816810361, 42.8470991625], [-118.7578125, 42.871649714671314], [-118.6875, 42.90277552389555], [-118.65837394880904, 42.9173979298], [-118.6171875, 42.940914150796914]]}}, {"type": "Feature", "properties": {"level_in": 0.1}, "geometry": {"type": "LineString", "coordinates": [[-118.26562499999999, 42.85144821425856], [-118.1953125, 42.870547666008434], [-118.125, 42.8860338996371], [-118.0546875, 42.900057666677036], [-117.984375, 42.902821788278274], [-117.9140625, 42.87885567805909], [-117.88855228454591, 42.8470991625], [-117.9140625, 42.83410351724774], [-117.984375, 42.80556766190401], [-118.0546875, 42.80685069957272], [-118.125, 42.7979424262089], [-118.15377225000373, 42.7768003952], [-118.19531250000001, 42.74617392994307], [-118.265625, 42.75406669844757], [-118.30462540789927, 42.7768003952], [-118.28984270572975, 42.8470991625], [-118.26562499999999, 42.85144821425856]]}}, {"type": "Feature", "properties": {"level_in": 0.1}, "geometry": {"type": "LineString", "coordinates": [[-84.796875, 42.79398303832754], [-84.7265625, 42.80177721829665], [-84.65625, 42.802118077088856], [-84.5859375, 42.77716183765522], [-84.58572690996137, 42.77680039519999], [-84.5859375, 42.776545259547795], [-84.63245993074844, 42.7065016279], [-84.65625, 42.6596626240986], [-84.70246770312811, 42.6362028606], [-84.7265625, 42.631234284387716], [-84.73502130598605, 42.63620286060001], [-84.796875, 42.67657168328363], [-84.8671875, 42.700823254079886], [-84.88022237661903, 42.7065016279], [-84.8671875, 42.72208930622669], [-84.82731876814285, 42.7768003952], [-84.796875, 42.79398303832754]]}}, {"type": "Feature", "properties": {"level_in": 0.1}, "geometry": {"type": "LineString", "coordinates": [[-121.8515625, 42.64099844276438], [-121.8670242195133, 42.6362028606], [-121.8515625, 42.63420287633372], [-121.8505875398623, 42.6362028606], [-121.8515625, 42.64099844276438]]}}, {"type": "Feature", "properties": {"level_in": 0.1}, "geometry": {"type": "LineString", "coordinates": [[-121.921875, 42.61312659772787], [-121.95682302861334, 42.5659040933], [-121.92843598767158, 42.495605326], [-121.921875, 42.48455739878566], [-121.91250596312474, 42.495605326], [-121.9095483702215, 42.5659040933], [-121.921875, 42.61312659772787]]}}, {"type": "Feature", "properties": {"level_in": 0.1}, "geometry": {"type": "LineString", "coordinates": [[-113.0625, 42.57056775769771], [-113.0145674977847, 42.5659040933], [-113.0625, 42.55085241046503], [-113.10686307132559, 42.5659040933], [-113.0625, 42.57056775769771]]}}, {"type": "Feature", "properties": {"level_in": 0.1}, "geometry": {"type": "LineString", "coordinates": [[-91.6171875, 42.506037594163196], [-91.6663779127865, 42.495605326], [-91.65664485218676, 42.4253065587], [-91.61718749999999, 42.36931346825884], [-91.60519930670827, 42.3550077914], [-91.57695886715202, 42.2847090241], [-91.58246564951463, 42.21441025680001], [-91.55071149160639, 42.1441114894], [-91.546875, 42.14113879363447], [-91.4765625, 42.10768278830126], [-91.40624999999999, 42.089868226437936], [-91.3359375, 42.081189127759785], [-91.265625, 42.09989963792401], [-91.1953125, 42.1408705507349], [-91.125, 42.11533084678451], [-91.0546875, 42.10261969072478], [-91.02347385433461, 42.0738127221], [-90.984375, 42.036285115627386], [-90.95611848438674, 42.0035139548], [-90.9140625, 41.962178876340964], [-90.89528017896978, 41.9332151874], [-90.84375, 41.86324009949522], [-90.84347191331209, 41.8629164201], [-90.7734375, 41.822158062456516], [-90.703125, 41.823563718056064], [-90.6328125, 41.83002734754339], [-90.5625, 41.854089114215476], [-90.54224518606911, 41.8629164201], [-90.4921875, 41.93190129640013], [-90.49123409764968, 41.9332151874], [-90.47979782180741, 42.0035139548], [-90.4921875, 42.03448210072651], [-90.50851659364102, 42.07381272210001], [-90.5625, 42.13102393319693], [-90.57613552066539, 42.1441114894], [-90.6328125, 42.1648745905335], [-90.703125, 42.195758143807616], [-90.73549823111486, 42.2144102568], [-90.7734375, 42.22770595754944], [-90.84375, 42.248670592192695], [-90.90738583643238, 42.2847090241], [-90.9140625, 42.2881974373877], [-90.984375, 42.31150510800521], [-91.05399287813319, 42.3550077914], [-91.0546875, 42.35528244703432], [-91.125, 42.37795104549481], [-91.1953125, 42.41406668276026], [-91.22137365336047, 42.4253065587], [-91.265625, 42.436494378458676], [-91.3359375, 42.460022073489085], [-91.40625, 42.477804714616624], [-91.45966221087065, 42.495605326], [-91.4765625, 42.498695063200856], [-91.546875, 42.50442581780142], [-91.6171875, 42.50603759416319]]}}, {"type": "Feature", "properties": {"level_in": 0.1}, "geometry": {"type": "LineString", "coordinates": [[-74.109375, 42.497779417435204], [-74.10533953429157, 42.495605326], [-74.0390625, 42.45237783389905], [-74.00957376794445, 42.4253065587], [-73.96875, 42.365998180851754], [-73.96502146674, 42.3550077914], [-73.94045851008468, 42.2847090241], [-73.94630882324797, 42.2144102568], [-73.95904208805905, 42.14411148939999], [-73.96875, 42.127385541070936], [-74.02494709228904, 42.0738127221], [-74.0390625, 42.06351701469614], [-74.10330690194759, 42.0035139548], [-74.109375, 41.979012958956126], [-74.11626721374355, 41.9332151874], [-74.15055206374844, 41.8629164201], [-74.1796875, 41.83324936806417], [-74.25, 41.81711417967189], [-74.3203125, 41.81607185654429], [-74.390625, 41.84027898526392], [-74.42406216945542, 41.8629164201], [-74.4609375, 41.89958809459303], [-74.48760757592855, 41.9332151874], [-74.49592481411284, 42.0035139548], [-74.4609375, 42.048370528150585], [-74.43189281238281, 42.0738127221], [-74.390625, 42.100309303138886], [-74.3203125, 42.127683429504714], [-74.29193937942944, 42.1441114894], [-74.2589205202264, 42.2144102568], [-74.26751241868504, 42.2847090241], [-74.28619205010942, 42.3550077914], [-74.28697431123595, 42.4253065587], [-74.25, 42.46354837682614], [-74.1796875, 42.48983003987699], [-74.12980856815784, 42.495605326], [-74.109375, 42.497779417435204]]}}, {"type": "Feature", "properties": {"level_in": 0.1}, "geometry": {"type": "LineString", "coordinates": [[-114.1875, 42.4285819367466], [-114.17975095796177, 42.4253065587], [-114.1171875, 42.39959379737087], [-114.04745657658253, 42.3550077914], [-114.046875, 42.35454615887833], [-113.98598711043276, 42.2847090241], [-113.98761438961091, 42.2144102568], [-114.046875, 42.1645111575013], [-114.06323052569489, 42.1441114894], [-114.1171875, 42.08453240703816], [-114.13139960601157, 42.0738127221], [-114.13030481838692, 42.0035139548], [-114.18266691551366, 41.9332151874], [-114.1875, 41.928898288954706], [-114.21767152112261, 41.8629164201], [-114.2578125, 41.820959049732465], [-114.27250191656489, 41.7926176527], [-114.2578125, 41.773058857489374], [-114.1875, 41.777760661736124], [-114.12164364780749, 41.7926176527], [-114.11718750000001, 41.795710862794785], [-114.046875, 41.85215262091717], [-114.02657574123995, 41.8629164201], [-113.9765625, 41.929518556509876], [-113.96784795448623, 41.9332151874], [-113.90625, 41.973388461325776], [-113.85890069540474, 42.0035139548], [-113.85682643385937, 42.0738127221], [-113.8359375, 42.09847608792662], [-113.765625, 42.13862994781057], [-113.7592105102519, 42.1441114894], [-113.765625, 42.15064930334546], [-113.8359375, 42.21129388317792], [-113.84253910888954, 42.2144102568], [-113.83593750000001, 42.215800172723846], [-113.7935589730154, 42.2847090241], [-113.80249643801491, 42.3550077914], [-113.765625, 42.378337553062124], [-113.6953125, 42.40946935010933], [-113.63976991051604, 42.4253065587], [-113.625, 42.43285952963103], [-113.5546875, 42.44584620424979], [-113.48437499999999, 42.42740315958869], [-113.48163754132383, 42.4253065587], [-113.44366425670103, 42.3550077914], [-113.44431778558749, 42.2847090241], [-113.46630130131007, 42.214410256799994], [-113.484375, 42.18135006119825], [-113.50629897941144, 42.1441114894], [-113.5546875, 42.1022638293331], [-113.59247182349812, 42.0738127221], [-113.58071033867546, 42.0035139548], [-113.5546875, 41.99614184593522], [-113.484375, 41.989703560854636], [-113.4140625, 41.98631231665388], [-113.34375, 41.952548803102644], [-113.3358852363042, 41.9332151874], [-113.34375, 41.924714174203196], [-113.4140625, 41.88771478746874], [-113.484375, 41.88229179508357], [-113.5546875, 41.874013161403425], [-113.62245718546515, 41.86291642010001], [-113.625, 41.86179597328206], [-113.6953125, 41.83607702257849], [-113.765625, 41.81750719894312], [-113.82667826059031, 41.7926176527], [-113.76725969068838, 41.7223188853], [-113.8359375, 41.683518048459774], [-113.90625, 41.669197387601315], [-113.9326225583044, 41.652020118], [-113.9765625, 41.623634202898245], [-114.04121874481699, 41.5817213506], [-114.046875, 41.53595652390804], [-114.04975876867316, 41.5114225832], [-114.07680616762187, 41.4411238158], [-114.10209026083989, 41.3708250484], [-114.1171875, 41.32215654367407], [-114.13718655120738, 41.3005262811], [-114.16171317336483, 41.2302275137], [-114.1875, 41.17053226360357], [-114.2578125, 41.169339791450525], [-114.328125, 41.20983813472264], [-114.37492105606621, 41.2302275137], [-114.3984375, 41.23247445202448], [-114.43399079843003, 41.2302275137], [-114.3984375, 41.2031506896221], [-114.38108269351322, 41.1599287463], [-114.36926204040151, 41.0896299788], [-114.3984375, 41.067091193805915], [-114.42779606720401, 41.0193312114], [-114.46875, 40.98203062034406], [-114.5390625, 40.96760460767681], [-114.609375, 40.979150110525495], [-114.6796875, 40.99343485132921], [-114.69712698004905, 40.949032444], [-114.75, 40.90032748017993], [-114.78783905090332, 40.8787336766], [-114.8203125, 40.868502107518374], [-114.890625, 40.84119409852568], [-114.93940554446414, 40.8084349092], [-114.9219089768201, 40.7381361417], [-114.9609375, 40.67670719907589], [-115.02067265140965, 40.6678373743], [-115.03124999999999, 40.66528341510167], [-115.1015625, 40.648088844731014], [-115.16293760121947, 40.5975386068], [-115.171875, 40.591462362041895], [-115.2421875, 40.538736196610365], [-115.25901335530256, 40.5272398394], [-115.3125, 40.47569752870503], [-115.33209185042503, 40.4569410719], [-115.36421282602109, 40.3866423045], [-115.37544854816076, 40.31634353700001], [-115.3828125, 40.267034052128665], [-115.3861856422053, 40.2460447695], [-115.42109568289547, 40.1757460021], [-115.453125, 40.11283455861437], [-115.45707604562975, 40.1054472346], [-115.50948426326393, 40.0351484671], [-115.5234375, 40.0179518535961], [-115.57539853496048, 39.9648496996], [-115.59375, 39.939587129689116], [-115.64578474477572, 39.8945509321], [-115.6640625, 39.87611784445292], [-115.734375, 39.841032135120585], [-115.8046875, 39.84000910148481], [-115.875, 39.82913355762424], [-115.90009297968497, 39.8242521646], [-115.9453125, 39.813911419764196], [-116.015625, 39.780323451325486], [-116.0690164824574, 39.7539533971], [-116.0859375, 39.73828683346768], [-116.15625, 39.69088703569391], [-116.1700056463623, 39.6836546296], [-116.2265625, 39.630459687650216], [-116.27275185346829, 39.61335586210001], [-116.24731967102458, 39.5430570946], [-116.26367820592529, 39.472758327099996], [-116.296875, 39.42850457974066], [-116.31219423602207, 39.4024595596], [-116.3671875, 39.34519965986321], [-116.37741487661424, 39.332160791999996], [-116.4375, 39.27250265446977], [-116.44847134426284, 39.2618620245], [-116.48130989796721, 39.191563257], [-116.5078125, 39.16212167822317], [-116.54178005000435, 39.1212644894], [-116.578125, 39.08232221291693], [-116.60032125106768, 39.0509657219], [-116.6484375, 39.009212609213364], [-116.69796089943043, 38.9806669543], [-116.71875, 38.95548683505304], [-116.7890625, 38.96985160212675], [-116.8003100149799, 38.98066695429999], [-116.859375, 39.036156826143994], [-116.87471578149376, 39.0509657219], [-116.9296875, 39.11645114704465], [-116.93675847868192, 39.1212644894], [-117.0, 39.16887232745946], [-117.0703125, 39.165385217248115], [-117.140625, 39.15915135114906], [-117.2109375, 39.16189479069061], [-117.25050317890862, 39.191563257], [-117.28125, 39.22927199332108], [-117.29420793435112, 39.2618620245], [-117.28125, 39.30797999353313], [-117.27576426721541, 39.332160792], [-117.24823017910003, 39.4024595596], [-117.2109375, 39.46551361634875], [-117.20295134344295, 39.4727583271], [-117.140625, 39.51969368021604], [-117.104885738393, 39.5430570946], [-117.0703125, 39.562218953000595], [-117.0, 39.60837862797594], [-116.99355761624278, 39.6133558621], [-116.9296875, 39.66786196444687], [-116.91327365288964, 39.6836546296], [-116.859375, 39.72566910142925], [-116.81168643612662, 39.7539533971], [-116.7890625, 39.76479836847439], [-116.71875, 39.810243438230586], [-116.68638656009772, 39.8242521646], [-116.648732388076, 39.8945509321], [-116.67639444745211, 39.9648496996], [-116.66579569599969, 40.0351484671], [-116.6484375, 40.07979628882189], [-116.63862786783886, 40.1054472346], [-116.578125, 40.15092699218184], [-116.55132576327051, 40.1757460021], [-116.53645995996213, 40.2460447695], [-116.53038418945312, 40.316343537], [-116.5078125, 40.33211993091677], [-116.4375, 40.3729760410995], [-116.40348984534154, 40.3866423045], [-116.3671875, 40.43644276197791], [-116.3617656074548, 40.4569410719], [-116.34609476032267, 40.5272398394], [-116.31701034764076, 40.5975386068], [-116.296875, 40.63178686419654], [-116.25288913134887, 40.66783737429999], [-116.2265625, 40.707923303933214], [-116.19329136002192, 40.7381361417], [-116.19025775697759, 40.8084349092], [-116.2265625, 40.83652829830234], [-116.26697686247404, 40.8787336766], [-116.29607311336125, 40.949032444], [-116.2265625, 40.98952947911201], [-116.160594958873, 41.01933121140001], [-116.17782359963024, 41.0896299788], [-116.2265625, 41.1264199634778], [-116.296875, 41.127650404713485], [-116.3671875, 41.13598906529285], [-116.39185198922395, 41.1599287463], [-116.3671875, 41.200170903597154], [-116.35615104450653, 41.2302275137], [-116.296875, 41.2646241463715], [-116.2265625, 41.281552610957924], [-116.18026308414153, 41.3005262811], [-116.15625, 41.31672333475795], [-116.0859375, 41.3382769610236], [-116.015625, 41.350150637070975], [-115.9453125, 41.35191332733757], [-115.875, 41.334237621671086], [-115.8046875, 41.30590711782486], [-115.76328832470892, 41.3005262811], [-115.734375, 41.29943065589187], [-115.72929563502704, 41.3005262811], [-115.70922249165915, 41.3708250484], [-115.72854172591869, 41.4411238158], [-115.734375, 41.448196439057014], [-115.8046875, 41.48428757799943], [-115.875, 41.46779464016632], [-115.9453125, 41.46401394337006], [-116.015625, 41.48878325855914], [-116.0474039851223, 41.5114225832], [-116.05385269652555, 41.5817213506], [-116.015625, 41.63313667229548], [-115.9453125, 41.644244265439184], [-115.875, 41.64839627854544], [-115.86751452085429, 41.652020118], [-115.8046875, 41.6862827089852], [-115.75458345485816, 41.7223188853], [-115.734375, 41.746511123734045], [-115.7094299498857, 41.7926176527], [-115.6640625, 41.8519002779981], [-115.6555103949551, 41.8629164201], [-115.59562000633439, 41.9332151874], [-115.59374999999999, 41.93452636434282], [-115.5234375, 41.97489261178255], [-115.453125, 41.99591850674491], [-115.42563133202529, 42.0035139548], [-115.3828125, 42.02564367340748], [-115.3125, 42.05565222815212], [-115.28661381610415, 42.0738127221], [-115.3125, 42.12585326327534], [-115.3247183229445, 42.1441114894], [-115.3828125, 42.179213728458976], [-115.453125, 42.213420446909154], [-115.45420693239251, 42.2144102568], [-115.453125, 42.21529847354818], [-115.3828125, 42.24718435282831], [-115.3125, 42.24212158877795], [-115.25223669105372, 42.2847090241], [-115.24218750000001, 42.28963468539527], [-115.171875, 42.321707821795584], [-115.1015625, 42.3458033204294], [-115.03125, 42.35419316672763], [-115.00386983906907, 42.3550077914], [-114.96093749999999, 42.357409129018016], [-114.93969263706774, 42.3550077914], [-114.890625, 42.352516363513544], [-114.8203125, 42.34682334881147], [-114.7507311371219, 42.3550077914], [-114.75, 42.355233809125295], [-114.6796875, 42.38184245542516], [-114.609375, 42.39836497273886], [-114.5390625, 42.40207982537581], [-114.46875, 42.40201183074446], [-114.3984375, 42.40705033609075], [-114.328125, 42.41178167751407], [-114.2578125, 42.41864589064767], [-114.20677991082894, 42.4253065587], [-114.1875, 42.4285819367466]]}}, {"type": "Feature", "properties": {"level_in": 0.1}, "geometry": {"type": "LineString", "coordinates": [[-116.6484375, 42.368792964797166], [-116.70690499638292, 42.3550077914], [-116.6484375, 42.32521403438068], [-116.62077921141164, 42.3550077914], [-116.6484375, 42.368792964797166]]}}, {"type": "Feature", "properties": {"level_in": 0.1}, "geometry": {"type": "LineString", "coordinates": [[-112.9921875, 42.386648071903196], [-112.921875, 42.37461897380684], [-112.90390878366185, 42.3550077914], [-112.8515625, 42.28958771765742], [-112.84811804348627, 42.2847090241], [-112.8515625, 42.27867082033915], [-112.921875, 42.24189714267097], [-112.9921875, 42.262033066433006], [-113.01851597969717, 42.2847090241], [-113.03045637478075, 42.3550077914], [-112.9921875, 42.386648071903196]]}}, {"type": "Feature", "properties": {"level_in": 0.1}, "geometry": {"type": "LineString", "coordinates": [[-121.78125, 42.161610874730435], [-121.79281148363368, 42.1441114894], [-121.8515625, 42.11329266984179], [-121.921875, 42.07804891391013], [-121.92714025078476, 42.0738127221], [-121.921875, 42.06617214143873], [-121.8515625, 42.03811322162325], [-121.78125, 42.04594949125282], [-121.7109375, 42.05653930695722], [-121.640625, 42.06740145701919], [-121.63058258657078, 42.0738127221], [-121.59000380859186, 42.1441114894], [-121.640625, 42.16880680196194], [-121.7109375, 42.20256313887781], [-121.78125, 42.161610874730435]]}}, {"type": "Feature", "properties": {"level_in": 0.1}, "geometry": {"type": "LineString", "coordinates": [[-122.2734375, 42.07556751968389], [-122.30640974404608, 42.0738127221], [-122.2734375, 42.053056480687985], [-122.25892971723826, 42.0738127221], [-122.2734375, 42.07556751968388]]}}, {"type": "Feature", "properties": {"level_in": 0.1}, "geometry": {"type": "LineString", "coordinates": [[-117.5625, 42.089413931788286], [-117.4921875, 42.119906151151234], [-117.421875, 42.12908248822339], [-117.3515625, 42.11542844726989], [-117.28125, 42.096070029556415], [-117.2109375, 42.09360699675402], [-117.140625, 42.08003221196733], [-117.12430036306549, 42.0738127221], [-117.140625, 42.063533948317584], [-117.2109375, 42.022402604408455], [-117.2258852869929, 42.0035139548], [-117.2109375, 41.98065709338685], [-117.19248426411858, 41.9332151874], [-117.14062499999999, 41.89384587210918], [-117.0703125, 41.88886316778752], [-117.0, 41.87530759155453], [-116.98582376689266, 41.8629164201], [-117.0, 41.85095499948649], [-117.0686689330288, 41.7926176527], [-117.0703125, 41.78974197193027], [-117.1008771313073, 41.7223188853], [-117.140625, 41.67332664460979], [-117.2109375, 41.65278396507624], [-117.2169379357566, 41.652020118], [-117.28125000000001, 41.637948177290156], [-117.3515625, 41.61850610965155], [-117.421875, 41.596286802867034], [-117.44632466376432, 41.5817213506], [-117.4921875, 41.54961705844299], [-117.53527285208884, 41.5114225832], [-117.5625, 41.46376509323295], [-117.61036787110054, 41.4411238158], [-117.6328125, 41.43615363058649], [-117.703125, 41.43260523280897], [-117.71675739414995, 41.4411238158], [-117.7734375, 41.509437182003516], [-117.77559468189237, 41.5114225832], [-117.7734375, 41.524136120815314], [-117.76814234167689, 41.5817213506], [-117.74292774377487, 41.652020118], [-117.71059597448505, 41.7223188853], [-117.703125, 41.729866889499405], [-117.6328125, 41.7899748606805], [-117.63003246874743, 41.7926176527], [-117.60142365289036, 41.8629164201], [-117.5625, 41.92870609851221], [-117.55911476647509, 41.9332151874], [-117.5625, 41.93687733150478], [-117.6328125, 41.96065366871231], [-117.703125, 41.99141745405104], [-117.71842356216371, 42.0035139548], [-117.703125, 42.01900152543115], [-117.6328125, 42.060547434903654], [-117.59505006409375, 42.0738127221], [-117.5625, 42.089413931788286]]}}, {"type": "Feature", "properties": {"level_in": 0.1}, "geometry": {"type": "LineString", "coordinates": [[-116.92968750000001, 42.087789022206515], [-116.859375, 42.08700020575779], [-116.83364224397678, 42.0738127221], [-116.859375, 42.03568890997886], [-116.9296875, 42.052304112871994], [-116.96758732447773, 42.0738127221], [-116.92968750000001, 42.087789022206515]]}}, {"type": "Feature", "properties": {"level_in": 0.1}, "geometry": {"type": "LineString", "coordinates": [[-122.484375, 42.0338007267552], [-122.49228168420188, 42.0035139548], [-122.5546875, 41.96166347205339], [-122.625, 41.93634129532329], [-122.63414292326807, 41.9332151874], [-122.625, 41.91444880388191], [-122.5546875, 41.91075431190524], [-122.484375, 41.91768138998642], [-122.42572025276428, 41.9332151874], [-122.4140625, 41.9811849984606], [-122.37402595128967, 42.0035139548], [-122.4140625, 42.01445514501541], [-122.484375, 42.0338007267552]]}}, {"type": "Feature", "properties": {"level_in": 0.1}, "geometry": {"type": "LineString", "coordinates": [[-118.4765625, 42.01311425243258], [-118.40625000000001, 42.01013075816989], [-118.39317443930557, 42.0035139548], [-118.40625, 41.991103639868925], [-118.4765625, 41.99564326555125], [-118.53375186034975, 42.0035139548], [-118.4765625, 42.01311425243258]]}}, {"type": "Feature", "properties": {"level_in": 0.1}, "geometry": {"type": "LineString", "coordinates": [[-121.640625, 41.942960649133674], [-121.66164109889445, 41.9332151874], [-121.7109375, 41.89351195653343], [-121.78125, 41.863209063751675], [-121.78198305277952, 41.8629164201], [-121.78125, 41.86237128062849], [-121.7109375, 41.84337641206231], [-121.640625, 41.8324647639366], [-121.5703125, 41.81005474070685], [-121.5, 41.83929268552674], [-121.43793398052901, 41.86291642009999], [-121.42968750000001, 41.89182435531352], [-121.359375, 41.93045745025044], [-121.33538999039088, 41.9332151874], [-121.359375, 41.941700533782885], [-121.4296875, 41.94095804645968], [-121.5, 41.93931184961544], [-121.5703125, 41.93993540001078], [-121.640625, 41.942960649133674]]}}, {"type": "Feature", "properties": {"level_in": 0.1}, "geometry": {"type": "LineString", "coordinates": [[-91.6875, 41.86588911586553], [-91.7073219578896, 41.8629164201], [-91.72993505220437, 41.7926176527], [-91.75152528455028, 41.7223188853], [-91.75781250000001, 41.7130156148237], [-91.78893868531034, 41.652020118], [-91.78425392711128, 41.5817213506], [-91.7578125, 41.54109981648989], [-91.74314978487178, 41.5114225832], [-91.70419351108198, 41.4411238158], [-91.6875, 41.390071407430014], [-91.66766653030375, 41.3708250484], [-91.63683407604007, 41.3005262811], [-91.6171875, 41.27760976011151], [-91.58164391521677, 41.2302275137], [-91.546875, 41.20201474449503], [-91.4765625, 41.21761087849729], [-91.44930518830765, 41.2302275137], [-91.41204688695943, 41.30052628109999], [-91.44351159940615, 41.3708250484], [-91.44746141550596, 41.4411238158], [-91.40625, 41.46515914136339], [-91.3359375, 41.46051339267806], [-91.265625, 41.45379459293941], [-91.22530106727942, 41.4411238158], [-91.1953125, 41.42934492046946], [-91.18531634096163, 41.4411238158], [-91.125, 41.50331294075882], [-91.11320182557095, 41.5114225832], [-91.0546875, 41.57577594431307], [-91.05335119667404, 41.5817213506], [-91.0546875, 41.58511872080562], [-91.125, 41.61380449514222], [-91.17277878116086, 41.652020118], [-91.1953125, 41.666249179390604], [-91.26190840210188, 41.7223188853], [-91.265625, 41.725621881510065], [-91.3359375, 41.76353201910209], [-91.40625, 41.78534947172863], [-91.4320976030229, 41.7926176527], [-91.4765625, 41.80641432966928], [-91.546875, 41.82826556488067], [-91.6171875, 41.845145865270155], [-91.67050983065442, 41.8629164201], [-91.6875, 41.86588911586553]]}}, {"type": "Feature", "properties": {"level_in": 0.1}, "geometry": {"type": "LineString", "coordinates": [[-123.3984375, 41.80666718311686], [-123.42219276896276, 41.7926176527], [-123.46875, 41.743888363220734], [-123.48131981362633, 41.7223188853], [-123.46875, 41.69375670623157], [-123.3984375, 41.71266595022083], [-123.36942570894905, 41.7223188853], [-123.328125, 41.74645555693583], [-123.2578125, 41.78031141859804], [-123.19672289367074, 41.7926176527], [-123.2578125, 41.81052697218249], [-123.328125, 41.811940676007026], [-123.3984375, 41.806667183116865]]}}, {"type": "Feature", "properties": {"level_in": 0.1}, "geometry": {"type": "LineString", "coordinates": [[-118.1953125, 41.798939340511595], [-118.125, 41.80891677159192], [-118.0546875, 41.8130158893292], [-118.02678864305199, 41.7926176527], [-118.0546875, 41.767938302828654], [-118.125, 41.7635413433686], [-118.1953125, 41.76130326038961], [-118.21455224406176, 41.7926176527], [-118.1953125, 41.798939340511595]]}}, {"type": "Feature", "properties": {"level_in": 0.1}, "geometry": {"type": "LineString", "coordinates": [[-118.4765625, 41.73221855005851], [-118.40625, 41.74881619183562], [-118.3359375, 41.75029022638681], [-118.265625, 41.737200688361696], [-118.24002330481568, 41.7223188853], [-118.265625, 41.71854726788874], [-118.3359375, 41.6734268291204], [-118.34504371433944, 41.652020118], [-118.40625, 41.63169345466467], [-118.4765625, 41.61395670131019], [-118.546875, 41.618859698198975], [-118.57662590474715, 41.652020118], [-118.546875, 41.716198807618454], [-118.52879154193317, 41.7223188853], [-118.4765625, 41.73221855005851]]}}, {"type": "Feature", "properties": {"level_in": 0.1}, "geometry": {"type": "LineString", "coordinates": [[-122.90625, 41.65652726726864], [-122.91278373132658, 41.652020118], [-122.90625, 41.620821281302995], [-122.88415547388414, 41.652020118], [-122.90625, 41.65652726726864]]}}, {"type": "Feature", "properties": {"level_in": 0.1}, "geometry": {"type": "LineString", "coordinates": [[-122.4140625, 41.69158457770722], [-122.44930382465384, 41.652020117999996], [-122.45179740466745, 41.581721350600006], [-122.4140625, 41.54734619385858], [-122.34375, 41.56196654570404], [-122.3047886939344, 41.5817213506], [-122.31518030414321, 41.652020118], [-122.34375, 41.67507895747224], [-122.41406249999999, 41.69158457770722]]}}, {"type": "Feature", "properties": {"level_in": 0.1}, "geometry": {"type": "LineString", "coordinates": [[-118.96875, 41.5999597299859], [-118.95204875935497, 41.5817213506], [-118.96875, 41.54186166756104], [-119.02690960691287, 41.5817213506], [-118.96875, 41.5999597299859]]}}, {"type": "Feature", "properties": {"level_in": 0.1}, "geometry": {"type": "LineString", "coordinates": [[-122.90625, 41.56768547861963], [-122.92469270260065, 41.5114225832], [-122.90625, 41.476288981734115], [-122.85996036571805, 41.4411238158], [-122.8359375, 41.42563587740253], [-122.765625, 41.41520142583133], [-122.71391589009049, 41.4411238158], [-122.765625, 41.492581696399874], [-122.78390678821823, 41.5114225832], [-122.8359375, 41.576892637738474], [-122.90625, 41.56768547861963]]}}, {"type": "Feature", "properties": {"level_in": 0.1}, "geometry": {"type": "LineString", "coordinates": [[-119.25, 41.479061197549015], [-119.1796875, 41.45175539546556], [-119.1599529632667, 41.4411238158], [-119.17968749999999, 41.42947431785798], [-119.25, 41.41301665759008], [-119.29372146535431, 41.4411238158], [-119.25, 41.479061197549015]]}}, {"type": "Feature", "properties": {"level_in": 0.1}, "geometry": {"type": "LineString", "coordinates": [[-117.0703125, 41.47098283646966], [-117.02473363705634, 41.4411238158], [-117.0703125, 41.41260330177336], [-117.1228367205973, 41.4411238158], [-117.0703125, 41.47098283646966]]}}, {"type": "Feature", "properties": {"level_in": 0.1}, "geometry": {"type": "LineString", "coordinates": [[-114.60937499999999, 41.45093926734346], [-114.61670944125194, 41.4411238158], [-114.609375, 41.42973586292365], [-114.60371646459762, 41.4411238158], [-114.609375, 41.450939267343465]]}}, {"type": "Feature", "properties": {"level_in": 0.1}, "geometry": {"type": "LineString", "coordinates": [[-123.46875, 41.37720632376888], [-123.48346622960896, 41.37082504840001], [-123.5390625, 41.331503290112025], [-123.5718980068575, 41.3005262811], [-123.5390625, 41.28332000343047], [-123.46875, 41.29057209687572], [-123.44353160913715, 41.3005262811], [-123.45689731992235, 41.3708250484], [-123.46875, 41.37720632376888]]}}, {"type": "Feature", "properties": {"level_in": 0.1}, "geometry": {"type": "LineString", "coordinates": [[-117.0, 41.320648137230314], [-116.9296875, 41.35290985112961], [-116.859375, 41.357819383790066], [-116.80888825134679, 41.3005262811], [-116.859375, 41.258326515788006], [-116.89481524058195, 41.2302275137], [-116.9296875, 41.191849500592156], [-116.97914574566228, 41.2302275137], [-117.0, 41.25857286338315], [-117.01981520799885, 41.3005262811], [-117.0, 41.320648137230314]]}}, {"type": "Feature", "properties": {"level_in": 0.1}, "geometry": {"type": "LineString", "coordinates": [[-92.953125, 41.253640557539555], [-92.8828125, 41.23557060154428], [-92.8657523805367, 41.2302275137], [-92.8125, 41.206764981183085], [-92.74968462491404, 41.1599287463], [-92.7421875, 41.15225876350986], [-92.67312175710623, 41.0896299788], [-92.671875, 41.0874202565258], [-92.64412951169679, 41.0193312114], [-92.65356805569158, 40.949032444], [-92.671875, 40.907042328041655], [-92.6993801841783, 40.8787336766], [-92.7421875, 40.85532801455908], [-92.8125, 40.840441256233206], [-92.8828125, 40.836263781649876], [-92.953125, 40.83578451494287], [-93.0234375, 40.86371184426847], [-93.05048204046906, 40.8787336766], [-93.0838390210552, 40.949032444], [-93.09375, 40.95378875959119], [-93.09758649160638, 40.949032444], [-93.15275175117031, 40.8787336766], [-93.1640625, 40.86742513685107], [-93.234375, 40.829677772588084], [-93.3046875, 40.81863687876391], [-93.375, 40.838685275491216], [-93.4453125, 40.859838998886886], [-93.4928447968719, 40.8787336766], [-93.515625, 40.89066383002536], [-93.5859375, 40.92249840857533], [-93.62349296823226, 40.949032444], [-93.65625, 40.991368623685865], [-93.68565234556861, 41.0193312114], [-93.67473183722699, 41.0896299788], [-93.65625, 41.10100118493675], [-93.5859375, 41.13136375185782], [-93.515625, 41.140286007367195], [-93.4453125, 41.13603803866635], [-93.375, 41.1189864013384], [-93.3046875, 41.10254448688735], [-93.25660732593968, 41.0896299788], [-93.234375, 41.08193568324498], [-93.16767765453433, 41.0896299788], [-93.1640625, 41.09005520472275], [-93.09375, 41.12128197440323], [-93.07028129756081, 41.1599287463], [-93.0234375, 41.21694480070431], [-93.00735528173564, 41.2302275137], [-92.953125, 41.253640557539555]]}}, {"type": "Feature", "properties": {"level_in": 0.1}, "geometry": {"type": "LineString", "coordinates": [[-119.8828125, 41.10036710337016], [-119.88983816242437, 41.0896299788], [-119.8828125, 41.08677218859407], [-119.8125, 41.04866388192127], [-119.78581293808003, 41.0896299788], [-119.8125, 41.13018640419966], [-119.8828125, 41.10036710337016]]}}, {"type": "Feature", "properties": {"level_in": 0.1}, "geometry": {"type": "LineString", "coordinates": [[-121.5703125, 41.042818753218604], [-121.6285570926473, 41.0193312114], [-121.60188113584468, 40.949032444], [-121.5703125, 40.94283283328495], [-121.51903199066889, 40.949032444], [-121.5, 40.964413931772256], [-121.4465921393142, 41.0193312114], [-121.50000000000001, 41.05870727409675], [-121.5703125, 41.042818753218604]]}}, {"type": "Feature", "properties": {"level_in": 0.1}, "geometry": {"type": "LineString", "coordinates": [[-117.5625, 40.83471064086827], [-117.4921875, 40.83100416279301], [-117.47115645581817, 40.8084349092], [-117.4921875, 40.779856501922175], [-117.5625, 40.79708029489599], [-117.61311501266876, 40.8084349092], [-117.5625, 40.83471064086827]]}}, {"type": "Feature", "properties": {"level_in": 0.1}, "geometry": {"type": "LineString", "coordinates": [[-114.6796875, 40.86054395144305], [-114.61357329926528, 40.8084349092], [-114.6796875, 40.77312276286092], [-114.73344158133636, 40.8084349092], [-114.6796875, 40.86054395144305]]}}, {"type": "Feature", "properties": {"level_in": 0.1}, "geometry": {"type": "LineString", "coordinates": [[-122.2734375, 40.70138367879173], [-122.203125, 40.67574084045142], [-122.19440362392277, 40.6678373743], [-122.203125, 40.66164881107063], [-122.2734375, 40.64673867703941], [-122.30612261137304, 40.6678373743], [-122.2734375, 40.70138367879173]]}}, {"type": "Feature", "properties": {"level_in": 0.1}, "geometry": {"type": "LineString", "coordinates": [[-123.46875, 40.64967856698861], [-123.48664517420444, 40.5975386068], [-123.46875, 40.54524394009095], [-123.42882522223036, 40.5272398394], [-123.3984375, 40.52523548487211], [-123.38810431180923, 40.5272398394], [-123.35004335631069, 40.5975386068], [-123.3984375, 40.61569202006795], [-123.46875, 40.649678566988605]]}}, {"type": "Feature", "properties": {"level_in": 0.1}, "geometry": {"type": "LineString", "coordinates": [[-114.890625, 40.66045395489829], [-114.8203125, 40.66473787723684], [-114.75, 40.663619969818335], [-114.71142816583291, 40.5975386068], [-114.75, 40.56336373844836], [-114.8203125, 40.542121696970966], [-114.890625, 40.547206327263126], [-114.94890476282328, 40.5975386068], [-114.890625, 40.66045395489829]]}}, {"type": "Feature", "properties": {"level_in": 0.1}, "geometry": {"type": "LineString", "coordinates": [[-120.09374999999999, 40.46414060455852], [-120.0234375, 40.49911207527043], [-119.953125, 40.499236667155316], [-119.89786856085036, 40.4569410719], [-119.953125, 40.40335128658348], [-120.0234375, 40.40191391505387], [-120.09375, 40.41462801463174], [-120.10730232739701, 40.45694107189999], [-120.09374999999999, 40.46414060455852]]}}, {"type": "Feature", "properties": {"level_in": 0.1}, "geometry": {"type": "LineString", "coordinates": [[-118.40624999999999, 40.47767654436042], [-118.33593750000001, 40.484588267499646], [-118.28907585618774, 40.4569410719], [-118.265625, 40.4456489340511], [-118.21316441239246, 40.3866423045], [-118.23278655631643, 40.316343537], [-118.2644790553714, 40.2460447695], [-118.265625, 40.24543750755218], [-118.3359375, 40.22820848524772], [-118.40625, 40.23779032095826], [-118.47656249999999, 40.23514715737363], [-118.546875, 40.222571006105355], [-118.6139018871763, 40.2460447695], [-118.6171875, 40.24765267681016], [-118.66431318409909, 40.316343537], [-118.6171875, 40.355128864765256], [-118.546875, 40.38049023844803], [-118.53644862734976, 40.3866423045], [-118.4765625, 40.42432551709997], [-118.44081587434059, 40.4569410719], [-118.40624999999999, 40.47767654436042]]}}, {"type": "Feature", "properties": {"level_in": 0.1}, "geometry": {"type": "LineString", "coordinates": [[-124.1015625, 40.42593605495047], [-124.0430938566024, 40.3866423045], [-124.1015625, 40.33797784343117], [-124.15761752746738, 40.3866423045], [-124.1015625, 40.42593605495047]]}}, {"type": "Feature", "properties": {"level_in": 0.1}, "geometry": {"type": "LineString", "coordinates": [[-120.3046875, 40.398792653688865], [-120.234375, 40.40095262703572], [-120.1640625, 40.4106046686187], [-120.11019841476343, 40.3866423045], [-120.1640625, 40.37000601167957], [-120.234375, 40.353429552500465], [-120.3046875, 40.37516430497594], [-120.3616385799782, 40.3866423045], [-120.3046875, 40.398792653688865]]}}, {"type": "Feature", "properties": {"level_in": 0.1}, "geometry": {"type": "LineString", "coordinates": [[-117.6328125, 40.44383535196375], [-117.56969060141773, 40.3866423045], [-117.6328125, 40.34440743391966], [-117.67896044251356, 40.3866423045], [-117.6328125, 40.44383535196375]]}}, {"type": "Feature", "properties": {"level_in": 0.1}, "geometry": {"type": "LineString", "coordinates": [[-124.03125, 40.29335537831827], [-123.9609375, 40.25209077874236], [-123.95298555405896, 40.2460447695], [-123.9609375, 40.23425221916125], [-124.03125, 40.22382509585904], [-124.07108290235834, 40.2460447695], [-124.03125, 40.29335537831827]]}}, {"type": "Feature", "properties": {"level_in": 0.1}, "geometry": {"type": "LineString", "coordinates": [[-114.609375, 39.89924614397367], [-114.59882165103099, 39.8945509321], [-114.609375, 39.851044002357305], [-114.61407112905898, 39.894550932099996], [-114.609375, 39.89924614397367]]}}, {"type": "Feature", "properties": {"level_in": 0.1}, "geometry": {"type": "LineString", "coordinates": [[-114.5390625, 39.837066618995266], [-114.53323661028647, 39.824252164600004], [-114.5390625, 39.81790742360855], [-114.5863205426405, 39.8242521646], [-114.5390625, 39.837066618995266]]}}, {"type": "Feature", "properties": {"level_in": 0.1}, "geometry": {"type": "LineString", "coordinates": [[-119.53125, 39.7620965925884], [-119.51988724749913, 39.7539533971], [-119.53125, 39.74846022713727], [-119.54404180882437, 39.7539533971], [-119.53125, 39.7620965925884]]}}, {"type": "Feature", "properties": {"level_in": 0.1}, "geometry": {"type": "LineString", "coordinates": [[-79.5234375, 39.627408283545826], [-79.453125, 39.61529495166719], [-79.44681045156533, 39.6133558621], [-79.40634723212654, 39.5430570946], [-79.38281249999999, 39.480229172421865], [-79.38092496612288, 39.4727583271], [-79.3828125, 39.47031011281702], [-79.453125, 39.407663942897045], [-79.4668653825956, 39.4024595596], [-79.453125, 39.387654853538734], [-79.4317928941595, 39.33216079200001], [-79.3828125, 39.311781628224686], [-79.3125, 39.27581006183116], [-79.28708968476947, 39.26186202449999], [-79.26565950059879, 39.191563257], [-79.29301129746764, 39.1212644894], [-79.3125, 39.08298668542942], [-79.33029289888822, 39.0509657219], [-79.3828125, 38.98336344448447], [-79.38569445543922, 38.9806669543], [-79.44109024897271, 38.9103681868], [-79.453125, 38.88442210272382], [-79.47010621748638, 38.8400694192], [-79.4960122097711, 38.7697706516], [-79.5234375, 38.722398088497755], [-79.53741516870615, 38.6994718841], [-79.59375, 38.63700966802903], [-79.60227893806604, 38.6291731165], [-79.6640625, 38.57206880288084], [-79.68293537186847, 38.5588743489], [-79.734375, 38.519209705387254], [-79.7766086662543, 38.4885755813], [-79.8046875, 38.452022590769644], [-79.85147431668629, 38.41827681369999], [-79.875, 38.40922174777665], [-79.9453125, 38.36496249597829], [-79.98257340644223, 38.3479780462], [-80.015625, 38.3321819477965], [-80.07801637016983, 38.27767927859999], [-80.0859375, 38.26979023382367], [-80.15625, 38.2187255507819], [-80.16912891855692, 38.207380511], [-80.2265625, 38.15503360453103], [-80.259400055785, 38.1370817434], [-80.296875, 38.11376609368058], [-80.3671875, 38.070999432608794], [-80.37551204511979, 38.0667829758], [-80.4375, 38.03187412857332], [-80.50732467222161, 37.99648420809999], [-80.5078125, 37.99604397282985], [-80.578125, 37.957200495708676], [-80.6484375, 37.92684927978674], [-80.65018041833582, 37.9261854405], [-80.71875, 37.876817265374214], [-80.78076899002666, 37.8558866729], [-80.7890625, 37.84900067330416], [-80.859375, 37.80253613596088], [-80.899744167889, 37.78558790529999], [-80.9296875, 37.780699128090774], [-81.0, 37.774251842603356], [-81.0703125, 37.76816972810249], [-81.13024264021567, 37.7855879053], [-81.07527874782654, 37.8558866729], [-81.0703125, 37.85675702301784], [-81.03243505643727, 37.9261854405], [-81.0, 37.96983423002965], [-80.97532312980167, 37.9964842081], [-80.9296875, 38.04640061039419], [-80.91868310531525, 38.0667829758], [-80.88905115169209, 38.1370817434], [-80.859375, 38.17413701392619], [-80.82597788136388, 38.207380511], [-80.84507505674074, 38.2776792786], [-80.8546461193556, 38.3479780462], [-80.81423329736654, 38.418276813700004], [-80.7890625, 38.46074423852504], [-80.76419858336037, 38.4885755813], [-80.71875, 38.50705648863846], [-80.6484375, 38.53356433609244], [-80.578125, 38.54736521122419], [-80.54376265275658, 38.5588743489], [-80.5078125, 38.59371953938215], [-80.4660389494255, 38.6291731165], [-80.4375, 38.64926061021797], [-80.41842870435252, 38.6994718841], [-80.41612850566635, 38.7697706516], [-80.3671875, 38.81894533541087], [-80.3405399062554, 38.8400694192], [-80.296875, 38.8923587229763], [-80.28063078640712, 38.9103681868], [-80.2265625, 38.94629852988615], [-80.15957118843534, 38.9806669543], [-80.15625, 38.983277585503366], [-80.0859375, 39.017397246175044], [-80.02698805488527, 39.0509657219], [-80.015625, 39.08547579821955], [-80.00254445875385, 39.1212644894], [-79.94993028111975, 39.191563257000006], [-79.94531250000001, 39.193969928389365], [-79.875, 39.22653117851602], [-79.8046875, 39.24799207789985], [-79.77809305735967, 39.2618620245], [-79.734375, 39.29315326901384], [-79.6640625, 39.32292908320794], [-79.63359712254413, 39.332160792], [-79.60407587634954, 39.4024595596], [-79.65221334135205, 39.4727583271], [-79.6475909272495, 39.5430570946], [-79.59375, 39.587517703555584], [-79.56699361042764, 39.6133558621], [-79.5234375, 39.627408283545826]]}}, {"type": "Feature", "properties": {"level_in": 0.1}, "geometry": {"type": "LineString", "coordinates": [[-119.6015625, 39.07653400747256], [-119.53125, 39.11450423983448], [-119.4609375, 39.10868433089498], [-119.40800860390759, 39.0509657219], [-119.4609375, 38.98109035983422], [-119.53125, 38.98675641719646], [-119.6015625, 39.02740467051456], [-119.6248667991616, 39.0509657219], [-119.6015625, 39.07653400747256]]}}, {"type": "Feature", "properties": {"level_in": 0.1}, "geometry": {"type": "LineString", "coordinates": [[-117.3515625, 38.91053761280252], [-117.28125, 38.97459452671385], [-117.2109375, 38.9624460988019], [-117.14600577098804, 38.9103681868], [-117.140625, 38.87340635680327], [-117.13198416670777, 38.8400694192], [-117.14062500000001, 38.83373018007546], [-117.2109375, 38.834051494763756], [-117.22486120206717, 38.8400694192], [-117.28125, 38.869194037586375], [-117.3515625, 38.91031050984672], [-117.35162482978855, 38.9103681868], [-117.3515625, 38.91053761280252]]}}, {"type": "Feature", "properties": {"level_in": 0.1}, "geometry": {"type": "LineString", "coordinates": [[-118.828125, 38.85946934688718], [-118.7578125, 38.8849623066131], [-118.6875, 38.882160658180666], [-118.6171875, 38.84550961789565], [-118.6117981216324, 38.8400694192], [-118.55840983743032, 38.7697706516], [-118.60814203473569, 38.6994718841], [-118.6171875, 38.668631463679354], [-118.6875, 38.637208732214084], [-118.7578125, 38.6864935735547], [-118.7658593539585, 38.69947188410001], [-118.81630939938506, 38.7697706516], [-118.828125, 38.82355884037547], [-118.8437259817516, 38.8400694192], [-118.828125, 38.85946934688718]]}}, {"type": "Feature", "properties": {"level_in": 0.1}, "geometry": {"type": "LineString", "coordinates": [[-116.578125, 38.872098533285], [-116.52480739183943, 38.8400694192], [-116.578125, 38.80169897316686], [-116.62587709644902, 38.8400694192], [-116.578125, 38.872098533285]]}}, {"type": "Feature", "properties": {"level_in": 0.1}, "geometry": {"type": "LineString", "coordinates": [[-122.765625, 38.77113795621549], [-122.76376172762733, 38.769770651600005], [-122.76562499999999, 38.76910703308047], [-122.76749307474509, 38.7697706516], [-122.765625, 38.77113795621549]]}}, {"type": "Feature", "properties": {"level_in": 0.1}, "geometry": {"type": "LineString", "coordinates": [[-118.8984375, 38.59478948383362], [-118.828125, 38.599471833545536], [-118.77391230805122, 38.5588743489], [-118.81489563679997, 38.4885755813], [-118.828125, 38.47942808890971], [-118.8984375, 38.48855241192734], [-118.898534768025, 38.4885755813], [-118.9528923956962, 38.5588743489], [-118.8984375, 38.59478948383362]]}}, {"type": "Feature", "properties": {"level_in": 0.1}, "geometry": {"type": "LineString", "coordinates": [[-118.6171875, 38.54599945593576], [-118.546875, 38.54400704844948], [-118.47656250000001, 38.50431560160225], [-118.45686688283115, 38.4885755813], [-118.4765625, 38.46818982811806], [-118.546875, 38.42590671690377], [-118.6171875, 38.44057803840176], [-118.6671461982928, 38.4885755813], [-118.6171875, 38.54599945593576]]}}, {"type": "Feature", "properties": {"level_in": 0.1}, "geometry": {"type": "LineString", "coordinates": [[-120.3046875, 37.94707738668071], [-120.25697132279855, 37.9261854405], [-120.3046875, 37.89528349927551], [-120.33751352630483, 37.9261854405], [-120.3046875, 37.94707738668071]]}}, {"type": "Feature", "properties": {"level_in": 0.1}, "geometry": {"type": "LineString", "coordinates": [[-81.4921875, 37.926665980394624], [-81.421875, 37.9275281467495], [-81.41835577547216, 37.9261854405], [-81.3515625, 37.879607625960915], [-81.29829182358759, 37.8558866729], [-81.3515625, 37.79582720605825], [-81.35769423139268, 37.7855879053], [-81.421875, 37.76083505026947], [-81.4921875, 37.73968310845933], [-81.5625, 37.72563916400155], [-81.6328125, 37.739971269078005], [-81.703125, 37.75797159661847], [-81.7734375, 37.78035084049661], [-81.78948189596413, 37.7855879053], [-81.79633925428942, 37.8558866729], [-81.77343749999999, 37.86423346432821], [-81.703125, 37.88519722024516], [-81.6328125, 37.90882599860424], [-81.5625, 37.92281257368022], [-81.4994571007832, 37.9261854405], [-81.4921875, 37.926665980394624]]}}, {"type": "Feature", "properties": {"level_in": 0.1}, "geometry": {"type": "LineString", "coordinates": [[-81.2109375, 37.75220743564243], [-81.140625, 37.77857414636005], [-81.1167270247723, 37.7152891377], [-81.13646771367395, 37.64499037], [-81.140625, 37.63541068015414], [-81.2109375, 37.58365985347584], [-81.24332002516346, 37.64499037], [-81.22178568297956, 37.7152891377], [-81.2109375, 37.75220743564243]]}}, {"type": "Feature", "properties": {"level_in": 0.1}, "geometry": {"type": "LineString", "coordinates": [[-121.7109375, 37.586996608211464], [-121.640625, 37.58969428750257], [-121.60956814526449, 37.5746916024], [-121.640625, 37.55495613582801], [-121.7109375, 37.56095874283262], [-121.72258172826074, 37.5746916024], [-121.7109375, 37.586996608211464]]}}, {"type": "Feature", "properties": {"level_in": 0.1}, "geometry": {"type": "LineString", "coordinates": [[-119.953125, 37.50535436451724], [-119.95266319962548, 37.5043928347], [-119.8828125, 37.45297520365018], [-119.86403305983376, 37.4340940671], [-119.8828125, 37.422230109088865], [-119.953125, 37.41877726077224], [-119.981310453523, 37.4340940671], [-119.95580589333943, 37.5043928347], [-119.953125, 37.50535436451724]]}}, {"type": "Feature", "properties": {"level_in": 0.1}, "geometry": {"type": "LineString", "coordinates": [[-121.57031250000001, 37.444460682329556], [-121.5548959700379, 37.4340940671], [-121.5703125, 37.394883092036494], [-121.59606319027228, 37.4340940671], [-121.57031250000001, 37.444460682329556]]}}, {"type": "Feature", "properties": {"level_in": 0.1}, "geometry": {"type": "LineString", "coordinates": [[-121.4296875, 37.16016675449806], [-121.42673799193494, 37.1528989965], [-121.4296875, 37.14935925945182], [-121.43263700806506, 37.1528989965], [-121.4296875, 37.16016675449806]]}}, {"type": "Feature", "properties": {"level_in": 0.1}, "geometry": {"type": "LineString", "coordinates": [[-81.5625, 36.75155137322773], [-81.4921875, 36.77015956776992], [-81.421875, 36.75164366451543], [-81.3853070002088, 36.7311063904], [-81.3882858746627, 36.6608076228], [-81.421875, 36.62752924325076], [-81.44883970203777, 36.5905088551], [-81.4921875, 36.54587405566498], [-81.52521612277904, 36.5202100874], [-81.56119600163977, 36.4499113197], [-81.53744326255809, 36.379612552], [-81.54249541734491, 36.3093137843], [-81.5625, 36.28906618734247], [-81.60720009301758, 36.2390150166], [-81.6328125, 36.22094756958509], [-81.703125, 36.1830888967346], [-81.72915238992357, 36.1687162488], [-81.7734375, 36.13914989787849], [-81.8380675122136, 36.0984174811], [-81.84375, 36.09432260124209], [-81.9140625, 36.04295137891721], [-81.9444739249025, 36.0281187134], [-81.984375, 36.00740727749389], [-82.0546875, 35.98748346740955], [-82.125, 35.98670293600392], [-82.1953125, 35.99330586260737], [-82.265625, 36.00125962698657], [-82.3359375, 35.964008489858], [-82.3388889054071, 35.9578199457], [-82.3359375, 35.953149346554056], [-82.28061815055496, 35.887521178], [-82.265625, 35.86452804674068], [-82.24286203628495, 35.8172224102], [-82.265625, 35.76367707206191], [-82.27401622268437, 35.7469236425], [-82.3359375, 35.705502388267846], [-82.40625, 35.72906114519846], [-82.42771421447296, 35.7469236425], [-82.4765625, 35.798280778524116], [-82.49053983109305, 35.8172224102], [-82.546875, 35.85220518417448], [-82.6171875, 35.85670787689925], [-82.6875, 35.85148732760873], [-82.7392813647376, 35.8172224102], [-82.7578125, 35.79645559788092], [-82.82030149348299, 35.7469236425], [-82.828125, 35.741628912386055], [-82.8984375, 35.710538409419996], [-82.96875, 35.68658075063483], [-82.98959297688852, 35.6766248748], [-83.0390625, 35.64480405021466], [-83.08069569484942, 35.606326107], [-83.109375, 35.58355581354038], [-83.1796875, 35.54933728453873], [-83.23812007128602, 35.5360273393], [-83.25000000000001, 35.53047520236844], [-83.3203125, 35.517317730156364], [-83.390625, 35.50761553390126], [-83.4609375, 35.49386983890159], [-83.53125, 35.47719199443176], [-83.6015625, 35.469618943770286], [-83.671875, 35.46657412467454], [-83.7421875, 35.476293580309544], [-83.8125, 35.49706583065566], [-83.8533078453832, 35.5360273393], [-83.8191944795329, 35.606326107], [-83.8125, 35.61162856706236], [-83.7421875, 35.64995975050144], [-83.671875, 35.675559394927646], [-83.6683721758443, 35.6766248748], [-83.6015625, 35.69919334677179], [-83.53125, 35.713810574221625], [-83.4609375, 35.737130459325215], [-83.43838912722546, 35.7469236425], [-83.390625, 35.77832905512034], [-83.3203125, 35.798346747522245], [-83.25, 35.812190707696566], [-83.22788593607075, 35.8172224102], [-83.1796875, 35.83799177863845], [-83.109375, 35.866663358494385], [-83.06893950075482, 35.887521178], [-83.0390625, 35.89862060509428], [-82.96875, 35.92127609257485], [-82.8984375, 35.950856784863376], [-82.87960750058107, 35.9578199457], [-82.828125, 35.985103502157656], [-82.78814296483759, 36.0281187134], [-82.7578125, 36.072815553017385], [-82.72734025067865, 36.0984174811], [-82.6875, 36.12359603446548], [-82.6171875, 36.164572582988896], [-82.60045394172042, 36.1687162488], [-82.546875, 36.178443518442336], [-82.4765625, 36.202918294720874], [-82.43355964587252, 36.2390150166], [-82.40625, 36.25590448619704], [-82.3359375, 36.28322348234043], [-82.28338121726537, 36.3093137843], [-82.265625, 36.32082646669117], [-82.1953125, 36.34973926495384], [-82.16594059316876, 36.379612552], [-82.125, 36.42239371970454], [-82.09557888680852, 36.4499113197], [-82.0546875, 36.4948211195576], [-82.01536786455983, 36.5202100874], [-81.984375, 36.53325515105267], [-81.9140625, 36.54598719155629], [-81.84375, 36.580251610635926], [-81.83108920407675, 36.5905088551], [-81.7734375, 36.63107373415209], [-81.74424618792371, 36.6608076228], [-81.703125, 36.69531330696722], [-81.6328125, 36.72729087805297], [-81.61722761002312, 36.7311063904], [-81.5625, 36.75155137322773]]}}, {"type": "Feature", "properties": {"level_in": 0.1}, "geometry": {"type": "LineString", "coordinates": [[-121.00781250000001, 36.60804811849678], [-120.93924109368918, 36.5905088551], [-121.0078125, 36.565205102902226], [-121.04945361920272, 36.5905088551], [-121.00781250000001, 36.60804811849678]]}}, {"type": "Feature", "properties": {"level_in": 0.1}, "geometry": {"type": "LineString", "coordinates": [[-120.796875, 36.45270039939285], [-120.76224726683321, 36.44991131969999], [-120.7265625, 36.445878940305356], [-120.65625, 36.43099635744815], [-120.5859375, 36.40451435038976], [-120.55893959774554, 36.379612552], [-120.55035591919693, 36.3093137843], [-120.5859375, 36.26901579819025], [-120.65625, 36.288681093952476], [-120.72259352179455, 36.3093137843], [-120.7265625, 36.311932699037456], [-120.73985984441298, 36.3093137843], [-120.796875, 36.30248721685023], [-120.81499519760698, 36.3093137843], [-120.796875, 36.36227017770678], [-120.79325147274379, 36.379612552], [-120.796875, 36.41330062582135], [-120.80075533031899, 36.4499113197], [-120.796875, 36.45270039939285]]}}, {"type": "Feature", "properties": {"level_in": 0.1}, "geometry": {"type": "LineString", "coordinates": [[-121.640625, 36.41013428266146], [-121.5703125, 36.43058609883695], [-121.52898902849483, 36.379612552], [-121.5, 36.36295781615046], [-121.4463454892185, 36.3093137843], [-121.4296875, 36.285241715917145], [-121.3824434770259, 36.2390150166], [-121.4296875, 36.18579546784218], [-121.5, 36.18110116465352], [-121.5703125, 36.219275000035786], [-121.58923511759525, 36.2390150166], [-121.62443589300175, 36.3093137843], [-121.640625, 36.35402534568249], [-121.67504375734697, 36.379612552], [-121.640625, 36.41013428266146]]}}, {"type": "Feature", "properties": {"level_in": 0.1}, "geometry": {"type": "LineString", "coordinates": [[-84.0234375, 35.40831450942173], [-83.953125, 35.40900678033109], [-83.91548396646391, 35.3954298038], [-83.8828125, 35.37145542403403], [-83.85808621381315, 35.325131036], [-83.85985947219524, 35.2548322682], [-83.8828125, 35.239404379775685], [-83.953125, 35.21978646395627], [-84.0234375, 35.20528247046868], [-84.09375, 35.224649130840575], [-84.15974111069673, 35.2548322682], [-84.15377666837374, 35.325131036], [-84.09375, 35.36390591193921], [-84.04448429539794, 35.3954298038], [-84.0234375, 35.40831450942173]]}}, {"type": "Feature", "properties": {"level_in": 0.1}, "geometry": {"type": "LineString", "coordinates": [[-83.7421875, 35.190523913637094], [-83.671875, 35.222169728124925], [-83.62848030575924, 35.1845335005], [-83.671875, 35.145485908643366], [-83.7421875, 35.180715576553986], [-83.7505419614796, 35.1845335005], [-83.7421875, 35.190523913637094]]}}, {"type": "Feature", "properties": {"level_in": 0.25}, "geometry": {"type": "LineString", "coordinates": [[-117.96986055128365, 54.9384870199], [-117.9140625, 54.89766712779664], [-117.88763911121985, 54.86818825420001], [-117.84375000000001, 54.80826177707013], [-117.83166166654013, 54.7978894884], [-117.79787350089568, 54.7275907227], [-117.84375, 54.68254226818631], [-117.9140625, 54.66703011973399], [-117.984375, 54.666878553909214], [-118.0546875, 54.66721185549229], [-118.125, 54.666304153950854], [-118.1953125, 54.665418496182674], [-118.22126283697924, 54.65729195690001], [-118.21896443638494, 54.58699319120001], [-118.1953125, 54.58037546688784], [-118.125, 54.57354224720611], [-118.0546875, 54.56581221437934], [-117.984375, 54.54771118529642], [-117.9287257412268, 54.5166944254], [-117.9140625, 54.5143361268336], [-117.84375, 54.503742458334656], [-117.7734375, 54.493274040933315], [-117.703125, 54.49403156267065], [-117.6328125, 54.5066783384711], [-117.57130638160899, 54.5166944254], [-117.5625, 54.52174243673426], [-117.4921875, 54.55107339774321], [-117.421875, 54.560849499501686], [-117.3515625, 54.561851676896566], [-117.28125, 54.562060627740024], [-117.2109375, 54.564619938857305], [-117.140625, 54.56739183200416], [-117.0703125, 54.57184054832737], [-117.0, 54.578415104971285], [-116.9296875, 54.58415637425703], [-116.88205234891069, 54.5869931912], [-116.859375, 54.58854042309633], [-116.7890625, 54.59350873910702], [-116.71875000000001, 54.59711410482977], [-116.6484375, 54.59919318150235], [-116.578125, 54.600141129434995], [-116.5078125, 54.588926903296844], [-116.49810590562079, 54.58699319120001], [-116.4375, 54.57261719868224], [-116.3671875, 54.55504539543104], [-116.29687500000001, 54.524573325234584], [-116.28417094157953, 54.5166944254], [-116.2265625, 54.493032444892336], [-116.15625, 54.4472270513113], [-116.15505295469832, 54.4463956596], [-116.0859375, 54.38376046541857], [-116.07531996528633, 54.376096893799996], [-116.015625, 54.33826944063847], [-115.95494305749811, 54.3057981279], [-115.9453125, 54.302790812711216], [-115.875, 54.28031076470312], [-115.8046875, 54.26240142219277], [-115.734375, 54.259759100439084], [-115.66406249999999, 54.26218020572719], [-115.59375, 54.28142719823702], [-115.5582498033937, 54.305798127900005], [-115.59375, 54.36266359586047], [-115.5991359576832, 54.37609689380001], [-115.65799990987342, 54.4463956596], [-115.6640625, 54.49121820788638], [-115.66813092498562, 54.5166944254], [-115.66406249999999, 54.51992141194063], [-115.59375, 54.5410933452207], [-115.5234375, 54.54873475133831], [-115.453125, 54.55333598935577], [-115.3828125, 54.550633624358895], [-115.3125, 54.548203921411286], [-115.2421875, 54.54680255260633], [-115.171875, 54.54274221503578], [-115.1015625, 54.52594999284914], [-115.08608034101367, 54.5166944254], [-115.07044016532119, 54.4463956596], [-115.07805988783035, 54.3760968938], [-115.0742268198207, 54.30579812789999], [-115.03125, 54.29846204644162], [-114.9609375, 54.28628130919108], [-114.890625, 54.257649009259254], [-114.85145995228199, 54.2354993621], [-114.8203125, 54.20026871032579], [-114.79400626943504, 54.16520059620001], [-114.80294967357862, 54.0949018304], [-114.79462770325271, 54.0246030645], [-114.75, 54.00119032646781], [-114.6796875, 53.966008990518766], [-114.6574142225141, 53.95430429859999], [-114.609375, 53.93267423373942], [-114.5390625, 53.89816296925289], [-114.50981705347047, 53.8840055327], [-114.46875, 53.858311380263245], [-114.3984375, 53.82006705174534], [-114.3866072783299, 53.8137067668], [-114.328125, 53.77812491172777], [-114.2578125, 53.74382030838157], [-114.25685449033608, 53.7434080008], [-114.1875, 53.70873752911821], [-114.1171875, 53.675730968239876], [-114.11164694507835, 53.6731092349], [-114.046875, 53.617344344903316], [-114.02749272166201, 53.6028104689], [-114.03755006286319, 53.532511703], [-114.046875, 53.50204098810219], [-114.05821715732952, 53.462212937], [-114.04687500000001, 53.39940739793519], [-114.0454629546082, 53.391914171], [-113.9765625, 53.37323751899127], [-113.90625, 53.35295141994431], [-113.83639704621164, 53.321615405], [-113.8359375, 53.32133676664095], [-113.765625, 53.26838913387197], [-113.74833483043564, 53.251316638999995], [-113.6953125, 53.20143527077917], [-113.67205225488063, 53.1810178729], [-113.6953125, 53.15967621450988], [-113.74234371813625, 53.11071910690001], [-113.7427943240572, 53.040420340800004], [-113.765625, 52.99782709968986], [-113.77711201109341, 52.970121574800004], [-113.83296335229372, 52.8998228087], [-113.8359375, 52.86860004910262], [-113.83871114866487, 52.8295240426], [-113.8359375, 52.82609908684455], [-113.79187292626844, 52.75922527649999], [-113.80237949320286, 52.6889265104], [-113.8359375, 52.62704885498371], [-113.84104982187522, 52.6186277442], [-113.8359375, 52.59924328120262], [-113.82375246507185, 52.5483289781], [-113.7908363642097, 52.47803021189999], [-113.765625, 52.441763804454794], [-113.72793209110966, 52.4077314458], [-113.72252525403825, 52.3374326796], [-113.6953125, 52.310677600886876], [-113.66297480647964, 52.2671339134], [-113.63130527790821, 52.1968351472], [-113.625, 52.19124998017078], [-113.57303669246761, 52.126536381], [-113.5786545121372, 52.0562376148], [-113.5546875, 52.04550449257024], [-113.484375, 52.00842290454355], [-113.45075365529439, 51.9859388485], [-113.4140625, 51.94979169495784], [-113.37479642762295, 51.9156400823], [-113.4140625, 51.859780373518255], [-113.4427934436815, 51.845341316], [-113.43651983325745, 51.7750425498], [-113.41784690931065, 51.7047437835], [-113.4140625, 51.69836559584107], [-113.36167587945513, 51.6344450172], [-113.34375, 51.62037996224414], [-113.29634019025409, 51.5641462509], [-113.2734375, 51.535712181420344], [-113.20447038868187, 51.4938474846], [-113.203125, 51.48535398365401], [-113.19634253120725, 51.4235487183], [-113.18135964492839, 51.353249952], [-113.13397335760146, 51.2829511856], [-113.15212612824499, 51.2126524193], [-113.1328125, 51.17538562585797], [-113.11301465266973, 51.1423536529], [-113.0918639252163, 51.0720548865], [-113.0851391580041, 51.0017561202], [-113.1328125, 50.96112449371982], [-113.17426394041276, 50.9314573538], [-113.17275235731235, 50.8611585874], [-113.1328125, 50.829257582490456], [-113.08299700259118, 50.7908598209], [-113.0625, 50.76841505537975], [-113.02457055084561, 50.7205610545], [-113.04543168881327, 50.6502622881], [-113.0625, 50.63356828581307], [-113.1328125, 50.580059834439346], [-113.1330526108661, 50.5799635216], [-113.16835402066732, 50.509664755200006], [-113.13866423682452, 50.4393659887], [-113.1328125, 50.430915132828105], [-113.08189118013702, 50.3690672223], [-113.0625, 50.35215483511682], [-112.9921875, 50.31074759387882], [-112.96118388465364, 50.2987684558], [-112.921875, 50.284328229032155], [-112.8515625, 50.26158416215333], [-112.78137767762509, 50.2284696893], [-112.78125, 50.22839883358174], [-112.71093750000001, 50.177414782755804], [-112.68594938014371, 50.1581709228], [-112.640625, 50.12373112521469], [-112.5934329241864, 50.08787215630001], [-112.57031249999999, 50.04490672783045], [-112.5, 50.020459500131736], [-112.48891887242351, 50.0175733898], [-112.49999999999999, 50.015588146867394], [-112.5703125, 50.00614308165136], [-112.6217156298502, 49.9472746232], [-112.5703125, 49.88500993245978], [-112.55439427323702, 49.8769758567], [-112.5703125, 49.86986484498244], [-112.63093298858539, 49.8066770901], [-112.63771211827486, 49.73637832359999], [-112.640625, 49.731675207203324], [-112.7109375, 49.7123775558538], [-112.78125, 49.715447722711176], [-112.81204283537546, 49.7363783236], [-112.8515625, 49.79517950715528], [-112.8740314006408, 49.8066770901], [-112.921875, 49.82199349131334], [-112.9921875, 49.83935707043348], [-113.06250000000001, 49.85156216870359], [-113.1328125, 49.864099768821646], [-113.203125, 49.84126171933587], [-113.2404370936482, 49.8066770901], [-113.203125, 49.76715183461568], [-113.19405314580764, 49.7363783236], [-113.203125, 49.70972910856121], [-113.21992990238172, 49.666079557], [-113.203125, 49.610369060608164], [-113.19597063383446, 49.5957807904], [-113.203125, 49.592767989907884], [-113.2734375, 49.56646942497238], [-113.34375, 49.55042731391362], [-113.4140625, 49.53753327493902], [-113.484375, 49.53607774751211], [-113.5546875, 49.58907257016604], [-113.5563160304544, 49.5957807904], [-113.625, 49.66127213361141], [-113.63029900961006, 49.666079557], [-113.62499999999999, 49.67100090105978], [-113.5546875, 49.708171920372024], [-113.51942255130552, 49.7363783236], [-113.5546875, 49.74366629706191], [-113.625, 49.753201051116505], [-113.6953125, 49.77160838564353], [-113.765625, 49.79710645031986], [-113.80809018644632, 49.8066770901], [-113.8359375, 49.83113630592493], [-113.90625000000001, 49.856923134356805], [-113.96246930425227, 49.8769758567], [-113.9765625, 49.883666289120264], [-114.046875, 49.93169552872169], [-114.1047087330708, 49.9472746232], [-114.1171875, 49.948822997569], [-114.11993705703651, 49.9472746232], [-114.1875, 49.88247081773657], [-114.19406322065993, 49.8769758567], [-114.2578125, 49.82628170752755], [-114.26979030601714, 49.8066770901], [-114.25808938336786, 49.7363783236], [-114.328125, 49.68997033250635], [-114.3984375, 49.67947819311335], [-114.46785402060465, 49.666079557], [-114.46874999999999, 49.665376072023875], [-114.51051532655563, 49.5957807904], [-114.46875, 49.57833267049574], [-114.40696216980602, 49.5254820238], [-114.3984375, 49.48734947798637], [-114.38630540627318, 49.4551832573], [-114.328125, 49.388438050598744], [-114.31766343340372, 49.3848844907], [-114.2578125, 49.377214635109894], [-114.1875, 49.3695208364835], [-114.1171875, 49.350014293129945], [-114.05496614968465, 49.314585724], [-114.046875, 49.307759307413036], [-113.99564465754901, 49.2442869574], [-113.9765625, 49.21859649887532], [-113.94194370013007, 49.1739881908], [-113.97288737585984, 49.1036894241], [-113.90625, 49.054013344630945], [-113.88089749090182, 49.0333906575], [-113.8359375, 49.01032440768675], [-113.765625, 48.98850375929111], [-113.69531249999999, 48.97339048115886], [-113.67526658190283, 48.96309189080001], [-113.64522810541669, 48.8927931242], [-113.63975767775743, 48.8224943575], [-113.625, 48.802242682156326], [-113.57055425376714, 48.7521955908], [-113.5546875, 48.73850547317482], [-113.50164719592861, 48.6818968241], [-113.48437499999999, 48.62625286915339], [-113.47882700288523, 48.611598057399995], [-113.484375, 48.576164054386105], [-113.49599885824463, 48.5412992907], [-113.5546875, 48.52615921629443], [-113.625, 48.52339586806832], [-113.65255496136479, 48.5412992907], [-113.6953125, 48.57983087912663], [-113.7244102337524, 48.6115980574], [-113.765625, 48.66130775537208], [-113.79195851897133, 48.6818968241], [-113.8359375, 48.71853054384332], [-113.89271835797045, 48.7521955908], [-113.90625, 48.75706306991457], [-113.9765625, 48.797166924382296], [-114.01388664995363, 48.8224943575], [-114.046875, 48.8399598610857], [-114.1171875, 48.86507758081849], [-114.1810763056935, 48.8927931242], [-114.1875, 48.898473184794284], [-114.24760713275145, 48.9630918908], [-114.2578125, 49.00769681995891], [-114.26815989295343, 49.0333906575], [-114.32089982176534, 49.1036894241], [-114.328125, 49.10972476418538], [-114.3984375, 49.15575370462374], [-114.45542280925925, 49.1739881908], [-114.46875, 49.17862207067876], [-114.47591370384767, 49.1739881908], [-114.5390625, 49.115148365652864], [-114.54983153297394, 49.1036894241], [-114.59467676734626, 49.03339065749999], [-114.57841323269895, 48.9630918908], [-114.5390625, 48.91125054187239], [-114.52048313654223, 48.8927931242], [-114.48282428358802, 48.82249435749999], [-114.46875, 48.8029942060694], [-114.42556931528694, 48.7521955908], [-114.3984375, 48.72646757660783], [-114.34975465853847, 48.6818968241], [-114.3984375, 48.63867026872289], [-114.46875, 48.627200941441004], [-114.5390625, 48.63925705382391], [-114.609375, 48.65649374543857], [-114.66446719322668, 48.6818968241], [-114.6796875, 48.68987226723133], [-114.75, 48.74368068787157], [-114.7587157839539, 48.7521955908], [-114.8183116878135, 48.8224943575], [-114.8203125, 48.82476916581338], [-114.87733793316596, 48.8927931242], [-114.890625, 48.9089398231831], [-114.93189945150216, 48.9630918908], [-114.95448842313229, 49.0333906575], [-114.9609375, 49.070723748019105], [-114.96730531032348, 49.10368942409999], [-114.98804871199131, 49.1739881908], [-115.00649619649933, 49.2442869574], [-115.03124999999999, 49.287848873292276], [-115.04590831219114, 49.314585724], [-115.07602677332835, 49.3848844907], [-115.1015625, 49.39858205636367], [-115.171875, 49.4349234307789], [-115.22352055823121, 49.4551832573], [-115.2421875, 49.463202642354744], [-115.3125, 49.480360051634136], [-115.3828125, 49.49743393068098], [-115.453125, 49.51336089297076], [-115.47318225718278, 49.52548202380001], [-115.5234375, 49.54810910503461], [-115.56898202976689, 49.5957807904], [-115.59375, 49.616960078442766], [-115.6264732085674, 49.666079557], [-115.62912423183215, 49.7363783236], [-115.6640625, 49.78922110500933], [-115.68152189527527, 49.8066770901], [-115.68919042130875, 49.8769758567], [-115.6640625, 49.905910637299016], [-115.64580482546731, 49.9472746232], [-115.6406298472221, 50.01757338979999], [-115.60988518972461, 50.0878721563], [-115.59375, 50.12722845559389], [-115.57228650068842, 50.1581709228], [-115.54193724684217, 50.2284696893], [-115.59375, 50.26529810208446], [-115.6640625, 50.2929083950117], [-115.67326165363318, 50.2987684558], [-115.66843152866241, 50.3690672223], [-115.6640625, 50.37324547642452], [-115.65347316407576, 50.3690672223], [-115.59375, 50.34858478633559], [-115.5320947088394, 50.2987684558], [-115.5234375, 50.280258930734476], [-115.453125, 50.28020322487037], [-115.43523025833224, 50.2987684558], [-115.453125, 50.35325137730452], [-115.46509445542475, 50.3690672223], [-115.48403749607755, 50.4393659887], [-115.49976394877709, 50.509664755200006], [-115.5234375, 50.549956949632275], [-115.54835128463267, 50.57996352160001], [-115.59375, 50.597748664815725], [-115.6640625, 50.60000880051264], [-115.734375, 50.59066375648646], [-115.78849125677294, 50.5799635216], [-115.80468750000001, 50.56526519199247], [-115.81457279419715, 50.57996352160001], [-115.875, 50.616388640736105], [-115.91604888700004, 50.6502622881], [-115.9453125, 50.664256722177555], [-116.015625, 50.69611030337002], [-116.0859375, 50.71619881828987], [-116.11978462768003, 50.720561054499996], [-116.15625, 50.727396951934296], [-116.16503359474524, 50.7205610545], [-116.17160104523755, 50.6502622881], [-116.15625, 50.5981478473026], [-116.14745235406262, 50.5799635216], [-116.0859375, 50.520449468594784], [-116.05673992428007, 50.5096647552], [-116.015625, 50.49807570072484], [-115.9453125, 50.47037635941522], [-115.91272009674742, 50.43936598869999], [-115.875, 50.385532250174116], [-115.86050078633542, 50.3690672223], [-115.86328753370582, 50.2987684558], [-115.875, 50.294635101911524], [-115.91950312401615, 50.2284696893], [-115.91853541023006, 50.1581709228], [-115.88647394332031, 50.0878721563], [-115.875, 50.0680080450182], [-115.84522757687999, 50.0175733898], [-115.8046875, 49.95076416427095], [-115.80210971553296, 49.9472746232], [-115.8046875, 49.94488390862125], [-115.85040968506387, 49.8769758567], [-115.85959869095367, 49.8066770901], [-115.875, 49.78417350529819], [-115.92193563832089, 49.7363783236], [-115.92634599735149, 49.666079556999996], [-115.92928719796497, 49.5957807904], [-115.875, 49.53592384242433], [-115.85593581514586, 49.5254820238], [-115.8046875, 49.486059442844905], [-115.74946842168434, 49.45518325730001], [-115.734375, 49.445541950151146], [-115.6640625, 49.42744900267344], [-115.59375, 49.41216140226355], [-115.55150528625872, 49.3848844907], [-115.53418124706869, 49.314585724], [-115.5234375, 49.28667548018312], [-115.51086844668636, 49.24428695740001], [-115.48472008449279, 49.1739881908], [-115.453125, 49.120728192557415], [-115.43863774021423, 49.1036894241], [-115.3828125, 49.034654313224735], [-115.38203052317166, 49.0333906575], [-115.36051014798657, 48.9630918908], [-115.35302169864363, 48.8927931242], [-115.35460946964591, 48.82249435749999], [-115.32346500563766, 48.7521955908], [-115.3828125, 48.69151114108776], [-115.4065213947888, 48.6818968241], [-115.453125, 48.669428628502544], [-115.5234375, 48.64586225950018], [-115.55191096640351, 48.6115980574], [-115.58164644231312, 48.5412992907], [-115.59375, 48.53437794388948], [-115.62943574854043, 48.5412992907], [-115.6640625, 48.55151593881767], [-115.73377137650598, 48.6115980574], [-115.734375, 48.612136008031676], [-115.8046875, 48.66827530719763], [-115.83037880930908, 48.6818968241], [-115.875, 48.710005499820355], [-115.9453125, 48.71315353504859], [-116.015625, 48.715817332786614], [-116.0859375, 48.74845996120267], [-116.08847744545784, 48.7521955908], [-116.14721331193945, 48.8224943575], [-116.15625, 48.83115408131059], [-116.21366470403862, 48.8927931242], [-116.2265625, 48.90498931134282], [-116.29006887147658, 48.9630918908], [-116.296875, 48.97646289027349], [-116.33202428878197, 49.0333906575], [-116.3671875, 49.08568374257318], [-116.39850696979849, 49.1036894241], [-116.4375, 49.12557124344726], [-116.5078125, 49.146188738772274], [-116.578125, 49.148955867779286], [-116.609044202785, 49.1036894241], [-116.64426491950515, 49.0333906575], [-116.578125, 49.002293828142925], [-116.5078125, 48.96825472187512], [-116.49277309195483, 48.9630918908], [-116.45680844921793, 48.8927931242], [-116.4375, 48.854989286885136], [-116.41919992850382, 48.8224943575], [-116.39449981326936, 48.7521955908], [-116.4375, 48.69391953066507], [-116.4471137885838, 48.6818968241], [-116.44595664137819, 48.6115980574], [-116.4375, 48.57048656432539], [-116.42283457351101, 48.54129929070001], [-116.4375, 48.52844678545582], [-116.5078125, 48.4808794594657], [-116.51523447980477, 48.471000524], [-116.53115504229464, 48.4007017573], [-116.578125, 48.3406995618263], [-116.5928398775068, 48.3304029905], [-116.6484375, 48.28561479930289], [-116.71875, 48.296556719376284], [-116.7890625, 48.31499493055383], [-116.85859153050117, 48.3304029905], [-116.859375, 48.33065697763713], [-116.9296875, 48.35550683552012], [-117.0, 48.37765202569533], [-117.04061783237864, 48.4007017573], [-117.0, 48.41664375257369], [-116.9296875, 48.42419841041698], [-116.87589456479347, 48.47100052399999], [-116.859375, 48.510518148954745], [-116.84586677464144, 48.5412992907], [-116.83341527589343, 48.6115980574], [-116.859375, 48.666461454096066], [-116.88087121650372, 48.6818968241], [-116.9296875, 48.70536628999527], [-116.94564305672813, 48.6818968241], [-117.0, 48.6360621978885], [-117.05460455107422, 48.6115980574], [-117.06510592824156, 48.5412992907], [-117.0703125, 48.5335422554821], [-117.14062500000001, 48.510354636027145], [-117.2029152352033, 48.5412992907], [-117.2109375, 48.54429857403991], [-117.28125, 48.58978786440834], [-117.3032077982347, 48.6115980574], [-117.3271267491197, 48.6818968241], [-117.3515625, 48.72178341549107], [-117.39267889082565, 48.7521955908], [-117.421875, 48.788661361986705], [-117.47796873311678, 48.7521955908], [-117.49218749999999, 48.74382447499785], [-117.54986213736719, 48.6818968241], [-117.53851255879847, 48.6115980574], [-117.49630052638307, 48.5412992907], [-117.4921875, 48.53787706901969], [-117.4289981637535, 48.47100052399999], [-117.47214232794744, 48.4007017573], [-117.4921875, 48.38252274052338], [-117.5207736600897, 48.4007017573], [-117.5625, 48.43169395840911], [-117.5782338283301, 48.471000524], [-117.62678569333187, 48.5412992907], [-117.6328125, 48.543092604373214], [-117.703125, 48.60841312623998], [-117.70473543792221, 48.6115980574], [-117.7697047135079, 48.6818968241], [-117.7734375, 48.71078129305968], [-117.7826149168947, 48.7521955908], [-117.7734375, 48.75940192758266], [-117.703125, 48.79220717763923], [-117.6328125, 48.80616934703861], [-117.5625, 48.81835644239366], [-117.52563022114099, 48.822494357500005], [-117.4921875, 48.82850580072363], [-117.421875, 48.88174723643781], [-117.40546926152305, 48.8927931242], [-117.3515625, 48.94179674888427], [-117.3435333227845, 48.9630918908], [-117.28125, 48.998150362965234], [-117.24136824588598, 49.03339065750001], [-117.2109375, 49.09935290670568], [-117.20826573129536, 49.1036894241], [-117.2109375, 49.107667798543744], [-117.28125, 49.14601151370147], [-117.3515625, 49.15341715665075], [-117.421875, 49.15494365972003], [-117.4921875, 49.16285386691705], [-117.5625, 49.16431654964993], [-117.6328125, 49.14856932332428], [-117.67829118488365, 49.1036894241], [-117.70312500000001, 49.07657995828234], [-117.7734375, 49.04062809571135], [-117.78777164713038, 49.0333906575], [-117.84375, 49.00279611747316], [-117.9140625, 48.99356161623651], [-117.984375, 49.00339977338457], [-118.0546875, 49.013279981545544], [-118.0966849004246, 49.0333906575], [-118.125, 49.053728910230745], [-118.1742960703057, 49.1036894241], [-118.1953125, 49.14066641607078], [-118.21814795822064, 49.1739881908], [-118.265625, 49.20855531353811], [-118.3359375, 49.233473500430044], [-118.40625, 49.22604901580325], [-118.4765625, 49.20932749770141], [-118.53987799102624, 49.1739881908], [-118.546875, 49.15697200702043], [-118.61616472342081, 49.1036894241], [-118.61718749999999, 49.10327697331199], [-118.68749999999999, 49.09117498384654], [-118.7578125, 49.10327058646625], [-118.75870243258521, 49.1036894241], [-118.828125, 49.134770478858044], [-118.86721433261172, 49.1739881908], [-118.89591702361923, 49.2442869574], [-118.8984375, 49.24821802424775], [-118.96875, 49.301823248962364], [-118.99836698282411, 49.2442869574], [-118.96875, 49.1777267845403], [-118.96176233031326, 49.1739881908], [-118.96875, 49.169473555908944], [-119.0390625, 49.11802347965978], [-119.05036908308708, 49.1036894241], [-119.03906249999999, 49.060584245311894], [-119.02913678576257, 49.0333906575], [-118.99113754174662, 48.9630918908], [-118.96875, 48.92797391500915], [-118.92928677291154, 48.8927931242], [-118.8984375, 48.8716399350585], [-118.8414327307695, 48.8224943575], [-118.828125, 48.790272291129874], [-118.8130982232469, 48.7521955908], [-118.79595328606979, 48.6818968241], [-118.828125, 48.659799389029224], [-118.8984375, 48.62170047655247], [-118.91519696936243, 48.6115980574], [-118.92159202293502, 48.5412992907], [-118.8984375, 48.50158983879293], [-118.87531122197564, 48.471000524], [-118.85846141385684, 48.4007017573], [-118.8984375, 48.335939022869695], [-118.90660138295578, 48.3304029905], [-118.96875, 48.29732890810425], [-119.0390625, 48.27727853367313], [-119.109375, 48.27789041837714], [-119.1796875, 48.30319299512668], [-119.20837390882843, 48.3304029905], [-119.25, 48.358248642056026], [-119.29839480202179, 48.4007017573], [-119.3203125, 48.46965369736624], [-119.32086909502908, 48.471000524], [-119.3203125, 48.47194195950631], [-119.25953721849146, 48.5412992907], [-119.25, 48.54641651748848], [-119.1796875, 48.576773243042545], [-119.109375, 48.60045586831442], [-119.08129885019976, 48.6115980574], [-119.109375, 48.63580705711928], [-119.14573806814923, 48.6818968241], [-119.1796875, 48.71960085869328], [-119.20905070889721, 48.7521955908], [-119.25000000000001, 48.80569012775666], [-119.2685413416527, 48.82249435749999], [-119.26485076747812, 48.8927931242], [-119.30380217669556, 48.9630918908], [-119.3203125, 48.98033624400432], [-119.34398495139766, 49.03339065750001], [-119.390625, 49.08688566992794], [-119.40743203691355, 49.1036894241], [-119.4609375, 49.16129234950056], [-119.47363582151075, 49.1739881908], [-119.4609375, 49.23181690636014], [-119.45784709573363, 49.2442869574], [-119.4609375, 49.3007503732681], [-119.46219958062966, 49.314585724], [-119.49335113842145, 49.3848844907], [-119.47706333149105, 49.45518325729999], [-119.51884214674932, 49.5254820238], [-119.51295814301695, 49.5957807904], [-119.53125, 49.6534145236498], [-119.53629625192136, 49.666079557], [-119.53125, 49.69108247887037], [-119.51758547853828, 49.73637832359999], [-119.4609375, 49.773713810290246], [-119.39719603861764, 49.8066770901], [-119.390625, 49.81018062830803], [-119.3203125, 49.83373991659295], [-119.25, 49.85925825033475], [-119.22659034794519, 49.8769758567], [-119.2359577453909, 49.9472746232], [-119.25, 49.964259006062065], [-119.28833961631707, 50.0175733898], [-119.25, 50.087132322784036], [-119.24947537927669, 50.0878721563], [-119.1796875, 50.15357037789219], [-119.1711341740875, 50.1581709228], [-119.109375, 50.19073199449551], [-119.0390625, 50.222345122434376], [-119.01725660836762, 50.2284696893], [-118.96875, 50.26001636405802], [-118.8984375, 50.27912569251123], [-118.828125, 50.281413696914235], [-118.7578125, 50.28826638004961], [-118.70936152137696, 50.298768455799994], [-118.6875, 50.3176160138366], [-118.64819424837103, 50.3690672223], [-118.6875, 50.41088902657724], [-118.70582700838287, 50.43936598869999], [-118.6875, 50.47571246711843], [-118.66769063020239, 50.5096647552], [-118.6171875, 50.55356151074899], [-118.58390182191873, 50.5799635216], [-118.56033955564455, 50.6502622881], [-118.5971698010643, 50.7205610545], [-118.6171875, 50.73775754603025], [-118.65289269492061, 50.7205610545], [-118.6875, 50.69581955045618], [-118.7578125, 50.672394718379714], [-118.82152857157618, 50.6502622881], [-118.828125, 50.646555428807545], [-118.8984375, 50.639325052300215], [-118.91426214558342, 50.6502622881], [-118.96875, 50.683917580609844], [-119.01191857431803, 50.7205610545], [-119.01167258242563, 50.7908598209], [-118.96875, 50.820133025964324], [-118.92281689309468, 50.8611585874], [-118.8984375, 50.88252306121261], [-118.828125, 50.90871655963262], [-118.78174720248957, 50.9314573538], [-118.81382539176525, 51.0017561202], [-118.77336534887988, 51.0720548865], [-118.79340479091191, 51.1423536529], [-118.77925243327078, 51.2126524193], [-118.80956713030028, 51.2829511856], [-118.8176824998153, 51.353249952], [-118.828125, 51.3720875993678], [-118.8984375, 51.41902636881668], [-118.91541657291876, 51.423548718300005], [-118.96875, 51.44006187988241], [-119.0206389761474, 51.4235487183], [-119.0390625, 51.41460881386881], [-119.109375, 51.35973085124173], [-119.11381709415507, 51.353249952], [-119.10938230580837, 51.2829511856], [-119.109375, 51.28293072218091], [-119.08311571415805, 51.2126524193], [-119.0390625, 51.172167554944274], [-119.00909878028241, 51.1423536529], [-119.0390625, 51.0842241631573], [-119.0567256903674, 51.0720548865], [-119.10937500000001, 51.056910869492484], [-119.1796875, 51.04415273421545], [-119.25, 51.03539448471585], [-119.3203125, 51.02930521989509], [-119.390625, 51.030564820053144], [-119.4609375, 51.03904643912455], [-119.53125, 51.05063579046761], [-119.6015625, 51.05823648867719], [-119.671875, 51.067774821316625], [-119.72976495453781, 51.0017561202], [-119.7421875, 50.99324938740409], [-119.80157062676271, 50.9314573538], [-119.8125, 50.918534140733456], [-119.88181366520564, 50.8611585874], [-119.8828125, 50.86037532836572], [-119.953125, 50.811683985909035], [-120.0234375, 50.797653594831864], [-120.06319802566762, 50.7908598209], [-120.09375, 50.785528678208514], [-120.10316234798714, 50.7908598209], [-120.1640625, 50.86030598671615], [-120.16475590846811, 50.8611585874], [-120.1640625, 50.86265990644847], [-120.13844052320657, 50.9314573538], [-120.09375, 50.96837039984203], [-120.03473680202315, 51.0017561202], [-120.0234375, 51.00983596610004], [-119.953125, 51.04832208108198], [-119.89931828479563, 51.0720548865], [-119.8828125, 51.08445001539552], [-119.8125, 51.10383398718748], [-119.74218749999999, 51.09703533769232], [-119.671875, 51.083949080401595], [-119.6015625, 51.13752285001215], [-119.59906955194053, 51.1423536529], [-119.53125, 51.188043740541104], [-119.4898490248606, 51.2126524193], [-119.4609375, 51.236952750817025], [-119.43274797914303, 51.2829511856], [-119.390625, 51.313521196649084], [-119.33064271392428, 51.353249952], [-119.33410557122647, 51.4235487183], [-119.3203125, 51.44447738544147], [-119.26895758106252, 51.4938474846], [-119.25, 51.51332064748407], [-119.19268732057299, 51.5641462509], [-119.25, 51.599608807043666], [-119.32031249999999, 51.630667945625156], [-119.32591545366193, 51.6344450172], [-119.390625, 51.658162216824294], [-119.43368556800922, 51.7047437835], [-119.390625, 51.749995448718764], [-119.3203125, 51.75260890273333], [-119.25, 51.73821795105746], [-119.1796875, 51.72568429312985], [-119.11405156702442, 51.7750425498], [-119.1779384940854, 51.845341316], [-119.1796875, 51.845990382698325], [-119.25, 51.862818496196894], [-119.3203125, 51.85916802927734], [-119.34706818290425, 51.845341316], [-119.390625, 51.82829764582266], [-119.46093750000001, 51.81672853495858], [-119.53125, 51.81315568155809], [-119.6015625, 51.80638869415234], [-119.671875, 51.796588284303475], [-119.7421875, 51.783453794489745], [-119.76482677704115, 51.775042549800006], [-119.8125, 51.76272144197306], [-119.8828125, 51.74981989074276], [-119.953125, 51.75562737744655], [-120.0234375, 51.76629204303455], [-120.09375, 51.772106376089596], [-120.1640625, 51.77101018377195], [-120.234375, 51.76144809499543], [-120.2964319856306, 51.7047437835], [-120.3046875, 51.69888408071314], [-120.36269399626006, 51.6344450172], [-120.37500000000001, 51.61882359160197], [-120.4453125, 51.57069715428453], [-120.46011078744777, 51.5641462509], [-120.48185617825916, 51.4938474846], [-120.45362980854154, 51.4235487183], [-120.46529059308921, 51.353249952], [-120.4453125, 51.3401191731407], [-120.37805137475445, 51.2829511856], [-120.375, 51.282108346807256], [-120.3046875, 51.248357304240066], [-120.26512645705253, 51.2126524193], [-120.29757631915535, 51.14235365289999], [-120.2989568832728, 51.0720548865], [-120.3046875, 51.06595714076279], [-120.34854673670867, 51.0017561202], [-120.32167579100523, 50.9314573538], [-120.375, 50.90683931152255], [-120.44261297957425, 50.8611585874], [-120.44531249999999, 50.859730416822195], [-120.515625, 50.83900031601023], [-120.5859375, 50.82825951706846], [-120.65625, 50.83270851535387], [-120.72101433683066, 50.8611585874], [-120.7265625, 50.8708933565064], [-120.79687500000001, 50.922247645790115], [-120.84988357009898, 50.9314573538], [-120.8671875, 50.940297443604805], [-120.87528087223555, 50.9314573538], [-120.9375, 50.9088041399106], [-121.0078125, 50.8801196648222], [-121.03795176029574, 50.8611585874], [-121.078125, 50.82492972563601], [-121.1484375, 50.82082426703049], [-121.21875, 50.83152871494947], [-121.2890625, 50.82187915130422], [-121.32689917259074, 50.790859820899996], [-121.359375, 50.73577658770403], [-121.36509392106382, 50.7205610545], [-121.359375, 50.71655185807493], [-121.2890625, 50.71141889311033], [-121.26438960340577, 50.72056105450001], [-121.21875, 50.73929790132854], [-121.1484375, 50.76221364963191], [-121.078125, 50.77766299014851], [-121.0078125, 50.77516026403121], [-120.9375, 50.76327834473969], [-120.8671875, 50.749457189089156], [-120.796875, 50.74143719085157], [-120.72656249999999, 50.73664489148214], [-120.65625, 50.72672539796021], [-120.63858015827097, 50.720561054499996], [-120.5859375, 50.70742811587035], [-120.515625, 50.69112597607047], [-120.4453125, 50.662801757202516], [-120.4191436768498, 50.650262288099995], [-120.375, 50.62663111077816], [-120.3046875, 50.6065900365509], [-120.234375, 50.61032917484024], [-120.1640625, 50.6257582751258], [-120.09375, 50.62459243588064], [-120.0234375, 50.60348939366618], [-119.98506976486225, 50.5799635216], [-119.953125, 50.533176670063554], [-119.93277576925092, 50.5096647552], [-119.91150450723865, 50.4393659887], [-119.8828125, 50.40959023626044], [-119.8125, 50.40227567943668], [-119.7421875, 50.43724111574065], [-119.73386704392536, 50.4393659887], [-119.671875, 50.4554469226985], [-119.64330776399493, 50.4393659887], [-119.6015625, 50.42661165765341], [-119.55116177147033, 50.3690672223], [-119.53125000000001, 50.29935483977712], [-119.53108056707624, 50.2987684558], [-119.53125, 50.29862243417457], [-119.6015625, 50.24102362218037], [-119.6126913028504, 50.2284696893], [-119.6015625, 50.20484351400523], [-119.58083484015785, 50.1581709228], [-119.6015625, 50.119744370766945], [-119.62188141835203, 50.08787215630001], [-119.63151453458411, 50.0175733898], [-119.671875, 49.98118546214742], [-119.70547589705646, 49.9472746232], [-119.74218749999999, 49.91956154396253], [-119.79013995776137, 49.87697585669999], [-119.8125, 49.84984358942876], [-119.85465063356212, 49.8066770901], [-119.84631581882914, 49.7363783236], [-119.85083083231254, 49.666079557], [-119.8125, 49.62153431873405], [-119.78674144051784, 49.5957807904], [-119.7421875, 49.52872042572638], [-119.73894846542713, 49.52548202380001], [-119.7406304224669, 49.4551832573], [-119.671875, 49.38798355269467], [-119.66883572817831, 49.38488449070001], [-119.671875, 49.381577693729305], [-119.70473692569448, 49.314585724], [-119.7421875, 49.24447368645602], [-119.74228631379182, 49.2442869574], [-119.7421875, 49.244037148464265], [-119.71682256584705, 49.1739881908], [-119.68557997838016, 49.1036894241], [-119.671875, 49.07159977433335], [-119.65394253767693, 49.03339065750001], [-119.671875, 48.97227355967338], [-119.67496840198712, 48.9630918908], [-119.69923432576896, 48.8927931242], [-119.671875, 48.852273616706356], [-119.64208992323071, 48.822494357500005], [-119.671875, 48.75883595517145], [-119.67655081245621, 48.7521955908], [-119.67961229622553, 48.6818968241], [-119.671875, 48.61741123085924], [-119.67059417181865, 48.611598057399995], [-119.671875, 48.61027414275503], [-119.71273482469256, 48.54129929070001], [-119.69287645216679, 48.471000524000004], [-119.68259065859573, 48.4007017573], [-119.7421875, 48.346394292031896], [-119.77255995740535, 48.3304029905], [-119.8125, 48.31381827708598], [-119.88281250000001, 48.303673962383456], [-119.953125, 48.3138450924526], [-119.9928556765006, 48.3304029905], [-120.0234375, 48.344217913748075], [-120.05974049378383, 48.4007017573], [-120.09205631036099, 48.471000524], [-120.09375, 48.47327120694463], [-120.1640625, 48.513175326663784], [-120.234375, 48.51210137243538], [-120.27584527583439, 48.471000524000004], [-120.24056884684076, 48.4007017573], [-120.234375, 48.39537143316607], [-120.1640625, 48.33983520629142], [-120.13423904050735, 48.3304029905], [-120.09375, 48.31520767796761], [-120.0234375, 48.30055055736267], [-120.00633884335228, 48.2601042238], [-120.0234375, 48.191540131686], [-120.02358784643744, 48.189805457], [-120.04238521071947, 48.1195066903], [-120.08293260684749, 48.0492079235], [-120.09375, 48.04304837032154], [-120.1640625, 48.00483967315759], [-120.22263313636057, 47.9789091567], [-120.234375, 47.968651789222314], [-120.3046875, 47.92645543653921], [-120.323322710496, 47.9086103899], [-120.37394383488267, 47.8383116232], [-120.375, 47.837069750939264], [-120.4453125, 47.80011251554309], [-120.515625, 47.782749268797396], [-120.5859375, 47.787178511056204], [-120.65625, 47.80983584682197], [-120.71223516544147, 47.8383116232], [-120.7265625, 47.84570158499693], [-120.75856188040129, 47.8383116232], [-120.7802507264992, 47.768012856400006], [-120.75255275968246, 47.6977140895], [-120.74366689783238, 47.6274153227], [-120.7265625, 47.603007451524725], [-120.69468027682737, 47.55711655590001], [-120.69973623305327, 47.4868177891], [-120.65625, 47.42237927561462], [-120.64350233633422, 47.4165190222], [-120.5859375, 47.396258799076335], [-120.515625, 47.39559242007947], [-120.4453125, 47.384044944213336], [-120.38973651304745, 47.3462202554], [-120.375, 47.32692929914368], [-120.30468750000001, 47.29243746889251], [-120.27767095696885, 47.2759214885], [-120.26173598417012, 47.2056227217], [-120.3046875, 47.14783550029409], [-120.375, 47.13854253878777], [-120.4453125, 47.14463922692693], [-120.515625, 47.15591207035377], [-120.55101773993886, 47.1353239548], [-120.5859375, 47.12622117883152], [-120.65625, 47.12115414332597], [-120.69887951030614, 47.1353239548], [-120.65624999999999, 47.154273345054854], [-120.5859375, 47.163489015643925], [-120.55926255296592, 47.2056227217], [-120.5859375, 47.22681422854198], [-120.65625, 47.270052289179425], [-120.66536427376892, 47.2759214885], [-120.7265625, 47.3231915198377], [-120.796875, 47.34126280407434], [-120.8671875, 47.34042990662158], [-120.93749999999999, 47.33940646647014], [-121.0078125, 47.34027659794972], [-121.078125, 47.33959630261311], [-121.1484375, 47.31841479197159], [-121.21875, 47.291611910757084], [-121.25300465898488, 47.2759214885], [-121.2663373737334, 47.20562272170001], [-121.21875, 47.160704929405576], [-121.17946727589609, 47.1353239548], [-121.1484375, 47.110059385603996], [-121.078125, 47.07871752621676], [-121.0364596442221, 47.0650251879], [-121.078125, 47.04734335448171], [-121.1484375, 47.021693719971], [-121.16203905479236, 46.994726421], [-121.1484375, 46.96141898677095], [-121.13555129085636, 46.9244276541], [-121.10217158528039, 46.8541288872], [-121.078125, 46.79654628066791], [-121.07192613866353, 46.783830120299996], [-121.0635934687117, 46.7135313534], [-121.0658152322186, 46.6432325865], [-121.03672588424077, 46.5729338195], [-121.01619647123792, 46.5026350526], [-121.05367041437319, 46.4323362857], [-121.05064744456303, 46.3620375187], [-121.078125, 46.29626497307315], [-121.08135607579761, 46.2917387517], [-121.078125, 46.28872965261868], [-121.0078125, 46.24909103983324], [-120.94250071170384, 46.2214399848], [-120.9375, 46.22003617178663], [-120.8671875, 46.19863387842342], [-120.796875, 46.16994138745684], [-120.7691156594299, 46.1511412178], [-120.7265625, 46.120907399168374], [-120.68451188406124, 46.0808424508], [-120.65798304546513, 46.0105436838], [-120.7265625, 45.962863558320116], [-120.78421174441112, 45.9402449168], [-120.796875, 45.93685066852427], [-120.8671875, 45.93185337185033], [-120.9375, 45.929508285629446], [-120.9726384542123, 45.9402449168], [-121.0078125, 45.952125007931244], [-121.078125, 46.00566950491942], [-121.08253656873336, 46.0105436838], [-121.11733488657244, 46.0808424508], [-121.1484375, 46.12849551322267], [-121.21875, 46.10581116554291], [-121.25281712457311, 46.0808424508], [-121.2890625, 46.047142950777285], [-121.34719639814872, 46.0105436838], [-121.359375, 46.0012671460547], [-121.4296875, 45.943328248516266], [-121.43266378044379, 45.9402449168], [-121.47810797743102, 45.8699461498], [-121.5, 45.8538575504184], [-121.5703125, 45.806448789019754], [-121.58161338740862, 45.7996473828], [-121.640625, 45.770833822365056], [-121.7109375, 45.74432932948036], [-121.75616919884331, 45.729348615800006], [-121.7171381470171, 45.6590498488], [-121.7109375, 45.65584830706455], [-121.640625, 45.6120135918238], [-121.60686278161904, 45.5887510817], [-121.5703125, 45.55608638228654], [-121.52756406675199, 45.5184523147], [-121.5, 45.47811598142131], [-121.47734301226004, 45.4481535477], [-121.4296875, 45.38801130663979], [-121.42217350801523, 45.3778547806], [-121.4219722564981, 45.3075560136], [-121.4296875, 45.29899853345022], [-121.5, 45.24101329813718], [-121.50486270081146, 45.23725724649999], [-121.5703125, 45.184501279795285], [-121.6384074195909, 45.1669584794], [-121.640625, 45.163932428891734], [-121.7109375, 45.107974864888476], [-121.73024621266235, 45.09665971230001], [-121.759474683869, 45.0263609453], [-121.75334417546983, 44.9560621782], [-121.7109375, 44.93649158381629], [-121.67488553546178, 44.8857634111], [-121.640625, 44.81604038061869], [-121.64034893267346, 44.815464644], [-121.61751081370645, 44.7451658768], [-121.62291236464908, 44.6748671097], [-121.640625, 44.634328037600795], [-121.65265033068174, 44.6045683426], [-121.68526883196793, 44.53426957549999], [-121.7109375, 44.48359870696966], [-121.72048021855026, 44.4639708083], [-121.73481962189707, 44.3936720412], [-121.7109375, 44.344984640724974], [-121.69857110018943, 44.323373274], [-121.65073548489642, 44.2530745069], [-121.640625, 44.24133877327395], [-121.60038449404357, 44.1827757397], [-121.57031250000001, 44.13697823233046], [-121.55360266989408, 44.1124769726], [-121.51924672263956, 44.0421782054], [-121.51102441816624, 43.9718794382], [-121.5703125, 43.91917247395865], [-121.5905758680623, 43.901580671], [-121.640625, 43.84905011094807], [-121.7109375, 43.83502429558453], [-121.72333895596692, 43.8312819038], [-121.77243949431427, 43.7609831366], [-121.77001262150213, 43.6906843694], [-121.78125, 43.66946235351418], [-121.80648478688445, 43.6203856022], [-121.8515625, 43.560369902436534], [-121.85823426579816, 43.550086835], [-121.90659847362234, 43.4797880678], [-121.8836835173698, 43.4094893005], [-121.8515625, 43.367599677286975], [-121.80654596168289, 43.3391905333], [-121.78125, 43.32341319035916], [-121.7109375, 43.33440528629852], [-121.69776732056883, 43.3391905333], [-121.640625, 43.359048471232015], [-121.5703125, 43.39481985085402], [-121.5, 43.401798584563124], [-121.4296875, 43.401904442606565], [-121.359375, 43.37034472997915], [-121.32847144500012, 43.3391905333], [-121.30902827614608, 43.2688917661], [-121.33703118649898, 43.1985929988], [-121.359375, 43.19108090183632], [-121.4296875, 43.15277800422567], [-121.44039504207757, 43.128294231599995], [-121.4296875, 43.123789550490095], [-121.36567975450426, 43.0579954643], [-121.359375, 43.05433231936454], [-121.2890625, 43.043507464071126], [-121.21875, 43.027481807200836], [-121.14930145505853, 42.987696697], [-121.1484375, 42.985550206319616], [-121.078125, 42.95194562894833], [-121.0078125, 42.95501976490277], [-120.9375, 42.96900961037187], [-120.8671875, 42.95929378599345], [-120.85135098436548, 42.9173979298], [-120.84342460291134, 42.8470991625], [-120.79687499999999, 42.79105747899267], [-120.78540701156808, 42.7768003952], [-120.72687512919106, 42.7065016279], [-120.7265625, 42.70629593109804], [-120.66367054047944, 42.6362028606], [-120.65625, 42.620430368106696], [-120.61797201780809, 42.5659040933], [-120.5859375, 42.506019306936174], [-120.57495221845173, 42.495605326], [-120.515625, 42.45256495101293], [-120.44531249999999, 42.44333545685923], [-120.37500000000001, 42.44033890303546], [-120.3046875, 42.430151977491214], [-120.234375, 42.42797344886826], [-120.1640625, 42.44236752479192], [-120.0978169134231, 42.4253065587], [-120.09375, 42.42335291756233], [-120.04127691791918, 42.3550077914], [-120.03808792267047, 42.28470902410001], [-120.0234375, 42.25553528923519], [-120.00087664114915, 42.2144102568], [-119.99263118459703, 42.144111489400004], [-119.9785944599738, 42.0738127221], [-119.96516364699993, 42.0035139548], [-119.96888907558223, 41.933215187399995], [-120.0234375, 41.872804898231664], [-120.05073196109342, 41.8629164201], [-120.09375, 41.83214982308009], [-120.1640625, 41.79273012386914], [-120.16438607570947, 41.7926176527], [-120.17930702906372, 41.7223188853], [-120.1640625, 41.67340948372156], [-120.15803994613738, 41.65202011800001], [-120.1640625, 41.60425063116617], [-120.16548418710319, 41.5817213506], [-120.1640625, 41.573816325656274], [-120.14534071205789, 41.5114225832], [-120.10161587412563, 41.4411238158], [-120.09375, 41.42783682905406], [-120.0234375, 41.37987796633251], [-120.00522683974239, 41.3708250484], [-120.0234375, 41.32706928328428], [-120.03548131819174, 41.3005262811], [-120.0855871955073, 41.2302275137], [-120.09375, 41.209507353538385], [-120.10883359969534, 41.1599287463], [-120.10277473573626, 41.0896299788], [-120.09375, 41.05138043708079], [-120.08082949476585, 41.0193312114], [-120.05086913221191, 40.949032444], [-120.0234375, 40.89138350499424], [-119.95312499999999, 40.882399644117676], [-119.94946805083704, 40.8787336766], [-119.953125, 40.876164307583025], [-120.02343749999999, 40.873252440245196], [-120.09375, 40.85405373724529], [-120.13138236563765, 40.8084349092], [-120.1640625, 40.78088004515827], [-120.234375, 40.75297361996955], [-120.2423027569685, 40.7381361417], [-120.3046875, 40.68774568003296], [-120.34581053446317, 40.66783737430001], [-120.375, 40.65566093496761], [-120.4453125, 40.63545003909198], [-120.515625, 40.60670313576455], [-120.5305957415139, 40.5975386068], [-120.5859375, 40.570200538322155], [-120.65625, 40.529998061548014], [-120.66111123960685, 40.5272398394], [-120.66586438698141, 40.4569410719], [-120.66296635888293, 40.3866423045], [-120.65625, 40.376523423468235], [-120.60642437801363, 40.316343537], [-120.5859375, 40.289058988115706], [-120.54528498758458, 40.2460447695], [-120.515625, 40.220855302993755], [-120.47227103784066, 40.1757460021], [-120.4453125, 40.15359885429901], [-120.375, 40.110269294616955], [-120.36608026666636, 40.1054472346], [-120.3046875, 40.07344688949753], [-120.234375, 40.047859475246014], [-120.21250558778073, 40.0351484671], [-120.18641920872905, 39.9648496996], [-120.21325083552489, 39.8945509321], [-120.234375, 39.87348001095363], [-120.30356490532552, 39.8242521646], [-120.3046875, 39.82135387743338], [-120.35126774547527, 39.7539533971], [-120.3046875, 39.72161754767612], [-120.25948908067467, 39.6836546296], [-120.234375, 39.67770357086102], [-120.1640625, 39.669790813452956], [-120.09375, 39.63190070018735], [-120.0817726192318, 39.6133558621], [-120.09375, 39.54938788612096], [-120.09510197273684, 39.5430570946], [-120.09375, 39.54151585543767], [-120.02849802215304, 39.4727583271], [-120.0234375, 39.47015628041274], [-119.953125, 39.44396309058497], [-119.89401603511513, 39.4024595596], [-119.8828125, 39.39397788157432], [-119.83452443131547, 39.332160792], [-119.8828125, 39.270088257002776], [-119.89172993924615, 39.2618620245], [-119.88885872492851, 39.191563257], [-119.90499659565671, 39.1212644894], [-119.90786765121528, 39.0509657219], [-119.88426165818007, 38.9806669543], [-119.8828125, 38.97858773037823], [-119.8125, 38.93162591677081], [-119.77595029070353, 38.9103681868], [-119.8125, 38.86568824328554], [-119.82845545852973, 38.8400694192], [-119.8125, 38.81562427953193], [-119.77178328613716, 38.7697706516], [-119.7421875, 38.74468424169341], [-119.67667325260281, 38.6994718841], [-119.671875, 38.69738898064547], [-119.6015625, 38.65915156253024], [-119.55843901336442, 38.6291731165], [-119.53125, 38.611091278943995], [-119.47930755638777, 38.5588743489], [-119.4609375, 38.54397743024548], [-119.390625, 38.521029789742876], [-119.34587732779309, 38.4885755813], [-119.3203125, 38.476013655718404], [-119.25, 38.425096136406275], [-119.24506295653606, 38.4182768137], [-119.20026070780975, 38.3479780462], [-119.2458038431805, 38.2776792786], [-119.1796875, 38.24531901972966], [-119.109375, 38.24113199813115], [-119.0390625, 38.23582859827022], [-118.99392503297273, 38.207380511], [-119.0390625, 38.166399434920635], [-119.109375, 38.14062159557158], [-119.11746130563502, 38.1370817434], [-119.1487147363414, 38.0667829758], [-119.10937500000001, 38.02279741141973], [-119.0390625, 38.03254242209591], [-118.98021373376164, 37.9964842081], [-119.0390625, 37.93898836715172], [-119.109375, 37.966075714374526], [-119.1346443893714, 37.9261854405], [-119.109375, 37.88412323507869], [-119.07721109640161, 37.8558866729], [-119.0390625, 37.83169187145114], [-118.96875, 37.82285874726345], [-118.8984375, 37.8139022773761], [-118.86282292354407, 37.7855879053], [-118.86523849590094, 37.7152891377], [-118.8635546371929, 37.64499037], [-118.828125, 37.57885144056137], [-118.82579785642851, 37.5746916024], [-118.76140669127942, 37.5043928347], [-118.7578125, 37.49620315798626], [-118.73154021968998, 37.4340940671], [-118.72590307321607, 37.3637952995], [-118.6875, 37.30795686039789], [-118.6763037209482, 37.2934965318], [-118.6171875, 37.23493602294538], [-118.6012780375724, 37.2231977641], [-118.546875, 37.18531214125616], [-118.51178126932592, 37.1528989965], [-118.4765625, 37.10471796914207], [-118.46373627739652, 37.0826002288], [-118.46364730854334, 37.0123014612], [-118.4765625, 36.99493060777873], [-118.51352156032485, 36.9420026935], [-118.5027179497572, 36.8717039258], [-118.546875, 36.8272066722062], [-118.58488101215916, 36.8014051581], [-118.6171875, 36.77334909623144], [-118.67755146771218, 36.7311063904], [-118.65988011049289, 36.6608076228], [-118.66145504483296, 36.5905088551], [-118.6368996182768, 36.5202100874], [-118.6875, 36.46631903834313], [-118.7578125, 36.451198796185444], [-118.828125, 36.463371522169204], [-118.8984375, 36.520109484018434], [-118.89854516277047, 36.5202100874], [-118.8984375, 36.541173296758544], [-118.89755337479262, 36.5905088551], [-118.8984375, 36.59063922168957], [-118.96875, 36.61293761858792], [-119.0173317071553, 36.6608076228], [-119.0390625, 36.67541661818959], [-119.109375, 36.72277232795764], [-119.11771069044642, 36.7311063904], [-119.109375, 36.73944045285422], [-119.0390625, 36.76846024131703], [-119.01575176585557, 36.8014051581], [-119.0390625, 36.82623179126637], [-119.08454351715011, 36.8717039258], [-119.109375, 36.90001415738443], [-119.16121717345689, 36.9420026935], [-119.1796875, 36.95545988738402], [-119.25, 36.98513588230128], [-119.28503546253953, 37.01230146120001], [-119.3203125, 37.043266781051905], [-119.37006501712597, 37.0826002288], [-119.390625, 37.10098321983092], [-119.4572700737443, 37.1528989965], [-119.4609375, 37.15573049221548], [-119.52660577920831, 37.2231977641], [-119.53125, 37.22909791507289], [-119.58468903920878, 37.2934965318], [-119.6015625, 37.305031120569474], [-119.671875, 37.34185602129319], [-119.68657181758147, 37.3637952995], [-119.7021364576618, 37.4340940671], [-119.7421875, 37.47479744413135], [-119.76442504034054, 37.5043928347], [-119.80778538395128, 37.5746916024], [-119.8125, 37.5769232166487], [-119.8828125, 37.62598241236921], [-119.9049966848265, 37.64499037], [-119.93143290691754, 37.7152891377], [-119.953125, 37.74369664242592], [-119.99848892341859, 37.7855879053], [-120.0234375, 37.833587011048195], [-120.04719542558306, 37.8558866729], [-120.09375, 37.883778944112905], [-120.14484288184676, 37.9261854405], [-120.1640625, 37.96959514497523], [-120.17499584748249, 37.9964842081], [-120.234375, 38.0610159540138], [-120.24238740125301, 38.0667829758], [-120.3046875, 38.12949524586987], [-120.32096442887757, 38.1370817434], [-120.35491249826543, 38.207380511], [-120.375, 38.235918995056274], [-120.43959204325975, 38.27767927859999], [-120.43401483596197, 38.3479780462], [-120.4453125, 38.40438763377055], [-120.45089267015497, 38.4182768137], [-120.515625, 38.47990518645848], [-120.53654191674056, 38.4885755813], [-120.5859375, 38.50716168648171], [-120.63181957034286, 38.5588743489], [-120.65625, 38.58649557132068], [-120.68627428437142, 38.6291731165], [-120.70960978736477, 38.6994718841], [-120.67011488931054, 38.7697706516], [-120.69117325224057, 38.8400694192], [-120.71302490590595, 38.9103681868], [-120.72300963559435, 38.9806669543], [-120.69443957289855, 39.0509657219], [-120.7265625, 39.07996353310267], [-120.796875, 39.07083950532224], [-120.80982700935009, 39.0509657219], [-120.796875, 39.01944439261602], [-120.74146783028637, 38.9806669543], [-120.796875, 38.971853900753544], [-120.8238945425525, 38.9806669543], [-120.8671875, 39.00231875130066], [-120.90635803439835, 39.0509657219], [-120.91367689679444, 39.1212644894], [-120.9375, 39.13680140649882], [-120.98023918808005, 39.191563257], [-120.9375, 39.26103788424481], [-120.93716211194321, 39.2618620245], [-120.92288334321226, 39.332160792], [-120.9375, 39.37309183459751], [-121.0078125, 39.38099786785327], [-121.078125, 39.365546343798876], [-121.13643096050144, 39.4024595596], [-121.078125, 39.44427896196978], [-121.0078125, 39.423499147591485], [-120.98012904681288, 39.4727583271], [-121.0078125, 39.49267439112979], [-121.078125, 39.505760650242536], [-121.12732206891097, 39.5430570946], [-121.1484375, 39.547840236540814], [-121.21875, 39.55409583597616], [-121.2890625, 39.58181490936185], [-121.31482006896799, 39.6133558621], [-121.35931950566369, 39.6836546296], [-121.359375, 39.68368210380753], [-121.4296875, 39.69791332188209], [-121.5, 39.74131341726437], [-121.5125633925179, 39.75395339709999], [-121.5, 39.7742518735979], [-121.4296875, 39.821939720143675], [-121.42241201175008, 39.8242521646], [-121.4296875, 39.8262816065157], [-121.5, 39.84323405317805], [-121.5703125, 39.87239660902537], [-121.59618449227379, 39.8945509321], [-121.640625, 39.94220802352354], [-121.6590488368443, 39.964849699599995], [-121.68721427914323, 40.0351484671], [-121.66844508461139, 40.1054472346], [-121.6735039913991, 40.1757460021], [-121.70896153174559, 40.2460447695], [-121.7109375, 40.24722680991296], [-121.78125, 40.28034361340478], [-121.8515625, 40.29182713130197], [-121.921875, 40.313143591884966], [-121.92507557020774, 40.316343537], [-121.921875, 40.332041724818325], [-121.91418617102369, 40.3866423045], [-121.921875, 40.40981902053309], [-121.93960744705126, 40.456941071900005], [-121.9237611957158, 40.5272398394], [-121.98638061718624, 40.5975386068], [-121.93822744865061, 40.6678373743], [-121.97657385859695, 40.7381361417], [-121.9921875, 40.76350178610217], [-122.0625, 40.77845697387146], [-122.1328125, 40.788596805026856], [-122.1991175066456, 40.8084349092], [-122.203125, 40.80983095028665], [-122.2734375, 40.84329515880008], [-122.29469585076419, 40.8787336766], [-122.2734375, 40.94192684574911], [-122.26844768720073, 40.949032444], [-122.203125, 40.986171375648354], [-122.1328125, 40.99617408896435], [-122.0625, 40.999788950822364], [-121.9921875, 40.978929709470464], [-121.97756266958042, 40.949032444], [-121.921875, 40.893957402674936], [-121.89493011866219, 40.8787336766], [-121.8515625, 40.861371041733754], [-121.82167069492431, 40.8787336766], [-121.78125, 40.901907754052196], [-121.7109375, 40.915026727291355], [-121.640625, 40.914851070388096], [-121.5703125, 40.90297350687622], [-121.5, 40.893968618202045], [-121.4296875, 40.93153271327227], [-121.40402906296669, 40.949032444], [-121.359375, 40.99751501909306], [-121.33696842463121, 41.0193312114], [-121.35925949900357, 41.0896299788], [-121.359375, 41.089881809266316], [-121.41094321479108, 41.1599287463], [-121.4296875, 41.1853897596319], [-121.5, 41.22287601128751], [-121.5703125, 41.19409423724584], [-121.57602709478525, 41.1599287463], [-121.640625, 41.106453933719095], [-121.6536249768235, 41.0896299788], [-121.7109375, 41.051116997317834], [-121.78125, 41.03916491298348], [-121.8515625, 41.041093848617464], [-121.921875, 41.04820848807275], [-121.9921875, 41.072820532879], [-122.00314896818423, 41.089629978800005], [-121.99218750000001, 41.09940451375124], [-121.93815641981146, 41.1599287463], [-121.921875, 41.196494641308696], [-121.88956786339028, 41.2302275137], [-121.921875, 41.25187484777164], [-121.9921875, 41.25234852138628], [-122.0625, 41.23325663781819], [-122.10955970947215, 41.2302275137], [-122.1328125, 41.228244602340745], [-122.1491812430971, 41.2302275137], [-122.203125, 41.23242798263925], [-122.21596673505147, 41.2302275137], [-122.2734375, 41.19990692057971], [-122.34120086873733, 41.1599287463], [-122.34375, 41.15780538084524], [-122.4140625, 41.11274753746933], [-122.484375, 41.105289344091965], [-122.5546875, 41.098144201423445], [-122.58846072162174, 41.0896299788], [-122.625, 41.06240489245217], [-122.63939116915508, 41.0193312114], [-122.62500775669767, 40.949032444], [-122.6953125, 40.91244018631447], [-122.76562499999999, 40.924326326512755], [-122.8359375, 40.91570053009352], [-122.8999860419187, 40.8787336766], [-122.90625000000001, 40.871294718162225], [-122.9504782814516, 40.8084349092], [-122.9765625, 40.791605523288624], [-123.046875, 40.77862519769256], [-123.1171875, 40.778388675550936], [-123.1617638009327, 40.8084349092], [-123.1875, 40.87367609508786], [-123.19786232992327, 40.8787336766], [-123.2578125, 40.90574041675302], [-123.28143105244993, 40.8787336766], [-123.328125, 40.863203287574436], [-123.3984375, 40.84362144842146], [-123.46875, 40.86539575945258], [-123.48584368019351, 40.8787336766], [-123.5390625, 40.93845078493723], [-123.56356429829631, 40.949032444], [-123.57671032982586, 41.0193312114], [-123.58581609018711, 41.0896299788], [-123.57794471650296, 41.1599287463], [-123.56267618087139, 41.2302275137], [-123.5390625, 41.24017886247503], [-123.46875, 41.250859313641925], [-123.3984375, 41.26961869153656], [-123.36007093115671, 41.3005262811], [-123.37972722673206, 41.3708250484], [-123.3984375, 41.3843732394719], [-123.46874999999999, 41.42482396094828], [-123.48935765638757, 41.4411238158], [-123.5390625, 41.49320770885932], [-123.56461028591242, 41.4411238158], [-123.56532924569966, 41.3708250484], [-123.609375, 41.3284260408103], [-123.63113725508123, 41.3005262811], [-123.6796875, 41.25595346064071], [-123.75, 41.23831108744768], [-123.8203125, 41.247127630699495], [-123.890625, 41.29923709136133], [-123.89170410712903, 41.300526281100005], [-123.90449033413917, 41.3708250484], [-123.890625, 41.43885854840312], [-123.89003061164705, 41.4411238158], [-123.890625, 41.4445116939262], [-123.90040313197957, 41.5114225832], [-123.890625, 41.5739096078543], [-123.88954920846905, 41.5817213506], [-123.890625, 41.5843513472691], [-123.92035478373757, 41.652020118], [-123.94722771748245, 41.7223188853], [-123.890625, 41.774877802325676], [-123.87709897684344, 41.7926176527], [-123.890625, 41.85471378716487], [-123.89407682884118, 41.8629164201], [-123.890625, 41.869842741883495], [-123.84735583086558, 41.9332151874], [-123.890625, 41.94988881397499], [-123.9609375, 41.947124356470454], [-124.03125, 41.96717329902572], [-124.0697000134752, 42.0035139548], [-124.09200902046766, 42.0738127221], [-124.03608538533919, 42.14411148939999], [-124.03598263572914, 42.2144102568], [-124.1015625, 42.24258370760557], [-124.171875, 42.249115097387815], [-124.2421875, 42.278194875721276], [-124.25415218141882, 42.2847090241], [-124.25621063885792, 42.3550077914], [-124.2421875, 42.37777209723433], [-124.171875, 42.407894762299854], [-124.1015625, 42.393487755191366], [-124.05253255040304, 42.3550077914], [-124.03125, 42.31627020953642], [-123.96311514889813, 42.2847090241], [-123.9609375, 42.28431938418573], [-123.95997129482717, 42.2847090241], [-123.890625, 42.3127892665179], [-123.8203125, 42.31243604682959], [-123.80458590150306, 42.2847090241], [-123.75, 42.2250457061465], [-123.74483758060062, 42.2144102568], [-123.75, 42.20195539121973], [-123.7728058601564, 42.1441114894], [-123.76182401791475, 42.0738127221], [-123.75, 42.03175917924426], [-123.71776206596287, 42.0035139548], [-123.6796875, 41.993734160885076], [-123.65001436001711, 42.0035139548], [-123.609375, 42.019356385038236], [-123.5390625, 42.06789335838107], [-123.53445357180814, 42.0738127221], [-123.46875, 42.138970048134254], [-123.45968716391049, 42.1441114894], [-123.3984375, 42.18699461839604], [-123.328125, 42.171511394972036], [-123.29474558416497, 42.144111489400004], [-123.2578125, 42.12047275054316], [-123.1875, 42.08467419780609], [-123.1171875, 42.0922073351893], [-123.046875, 42.10657436848816], [-122.9765625, 42.12663485947809], [-122.90625, 42.136418912230575], [-122.8359375, 42.14332640522295], [-122.765625, 42.14047704892953], [-122.72367135018298, 42.1441114894], [-122.73283139424227, 42.2144102568], [-122.6953125, 42.26155290412156], [-122.65332548950461, 42.2847090241], [-122.625, 42.306423075618795], [-122.56351068572864, 42.3550077914], [-122.5546875, 42.39116904943085], [-122.54829309359512, 42.4253065587], [-122.5546875, 42.43431363501464], [-122.59398675043093, 42.495605326], [-122.5546875, 42.53717817687739], [-122.53250239628187, 42.5659040933], [-122.5546875, 42.593499068896904], [-122.5901800245112, 42.6362028606], [-122.625, 42.70037106906711], [-122.6953125, 42.70215531265684], [-122.75037660291744, 42.7065016279], [-122.765625, 42.71184308666498], [-122.8359375, 42.735061957939536], [-122.85085353337837, 42.7065016279], [-122.90625, 42.68641863285424], [-122.9765625, 42.6687876274554], [-123.046875, 42.65842795845201], [-123.1171875, 42.646004044452724], [-123.15066150651637, 42.6362028606], [-123.1875, 42.61164867145309], [-123.2295499197323, 42.5659040933], [-123.2578125, 42.558652439954855], [-123.27930384067452, 42.5659040933], [-123.28056910526277, 42.6362028606], [-123.25781250000001, 42.648179793864955], [-123.2205002530749, 42.70650162790001], [-123.20989226136768, 42.7768003952], [-123.18749999999999, 42.7959917451012], [-123.1171875, 42.83316398591436], [-123.05923791386084, 42.8470991625], [-123.046875, 42.84982514852398], [-123.02933918269092, 42.8470991625], [-122.9765625, 42.83922048819579], [-122.90625, 42.83155471716833], [-122.88935219644449, 42.8470991625], [-122.8359375, 42.90422449788283], [-122.83146273957064, 42.9173979298], [-122.82925191476511, 42.987696697], [-122.8359375, 42.992206236927565], [-122.90625, 43.02051705458459], [-122.9765625, 43.03774447668722], [-123.00576084152057, 43.05799546430001], [-123.046875, 43.07621065392503], [-123.11400812548281, 43.12829423160001], [-123.046875, 43.176102083342265], [-123.02311066189273, 43.1985929988], [-122.99202064427297, 43.2688917661], [-123.03691365653056, 43.3391905333], [-123.046875, 43.34524994353373], [-123.09357985116246, 43.4094893005], [-123.10759508373955, 43.4797880678], [-123.10844247003939, 43.550086835], [-123.046875, 43.59912228784936], [-122.9765625, 43.6202994611919], [-122.97611872285924, 43.6203856022], [-122.90624999999999, 43.63854033474156], [-122.8359375, 43.633757633666775], [-122.765625, 43.647945868701534], [-122.6953125, 43.6720279841813], [-122.625, 43.68381122777347], [-122.5546875, 43.682594048649975], [-122.484375, 43.65281123250048], [-122.43180517874606, 43.6203856022], [-122.4140625, 43.60085404380581], [-122.34961401863396, 43.6203856022], [-122.34375, 43.64391041978098], [-122.34155361434705, 43.6906843694], [-122.34375, 43.70162562496073], [-122.35934465141304, 43.7609831366], [-122.38972097410883, 43.8312819038], [-122.4140625, 43.86797132684469], [-122.46010838570649, 43.901580671], [-122.41933277106864, 43.9718794382], [-122.4140625, 43.97885966926938], [-122.34375, 44.027330765826584], [-122.31440751950771, 44.0421782054], [-122.2734375, 44.067603783576686], [-122.20913913591198, 44.0421782054], [-122.203125, 44.03624940625496], [-122.1328125, 43.983711761126465], [-122.11410597093793, 44.0421782054], [-122.1328125, 44.06270506700618], [-122.15643617755424, 44.1124769726], [-122.1328125, 44.1547355376634], [-122.10334013292788, 44.1827757397], [-122.1328125, 44.21456137727397], [-122.203125, 44.22238023573176], [-122.2734375, 44.21119218352678], [-122.3124792697285, 44.1827757397], [-122.34375, 44.15075983917081], [-122.4140625, 44.163301261380624], [-122.47174336029587, 44.1827757397], [-122.484375, 44.19496454365449], [-122.55393002332454, 44.2530745069], [-122.49869493495805, 44.323373274], [-122.48437499999999, 44.33811628643571], [-122.4405615019842, 44.393672041200006], [-122.484375, 44.42156304903063], [-122.5284795442075, 44.4639708083], [-122.5546875, 44.482675051520744], [-122.625, 44.511799576386274], [-122.66486657818172, 44.5342695755], [-122.67445912379105, 44.6045683426], [-122.6447648022434, 44.6748671097], [-122.625, 44.6983500252133], [-122.55788819049712, 44.7451658768], [-122.55857366569926, 44.815464644], [-122.62500000000001, 44.86816464072788], [-122.65434362253379, 44.8857634111], [-122.63019461545625, 44.9560621782], [-122.625, 44.962798621573256], [-122.56932105275745, 45.0263609453], [-122.5546875, 45.033711708235785], [-122.484375, 45.07879508456031], [-122.4334938966491, 45.0966597123], [-122.4140625, 45.11205698157535], [-122.34375, 45.15378096976883], [-122.31449420864146, 45.1669584794], [-122.33647264413406, 45.2372572465], [-122.2734375, 45.2682465694007], [-122.203125, 45.28551479749456], [-122.15181695886413, 45.3075560136], [-122.1328125, 45.36361409434056], [-122.13011937098231, 45.3778547806], [-122.1328125, 45.43310177135946], [-122.13356342686647, 45.4481535477], [-122.15420811678503, 45.5184523147], [-122.19040878397021, 45.5887510817], [-122.203125, 45.598504307844046], [-122.2734375, 45.65116353833822], [-122.28642643238486, 45.659049848799995], [-122.34375, 45.684592400214036], [-122.41036948553753, 45.729348615800006], [-122.4140625, 45.75455321681447], [-122.42558854194198, 45.7996473828], [-122.436026944985, 45.8699461498], [-122.45284504586354, 45.9402449168], [-122.484375, 45.95277230905403], [-122.5546875, 45.968071766430256], [-122.625, 45.99443354215941], [-122.64836913848507, 46.0105436838], [-122.6953125, 46.05366927139126], [-122.7153137438672, 46.0808424508], [-122.71014114032047, 46.1511412178], [-122.6953125, 46.181698040741644], [-122.6723597068843, 46.2214399848], [-122.625, 46.28340283727493], [-122.61830971467452, 46.2917387517], [-122.55941572139659, 46.3620375187], [-122.5546875, 46.36529457654787], [-122.484375, 46.41333475654386], [-122.43724200842648, 46.4323362857], [-122.4140625, 46.4529894101058], [-122.34375, 46.493428435275675], [-122.2734375, 46.50035174035121], [-122.24057389453353, 46.5026350526], [-122.2734375, 46.50439089954785], [-122.34375, 46.50808406608089], [-122.4140625, 46.52246107502734], [-122.484375, 46.54697826037162], [-122.5391879096687, 46.5729338195], [-122.5546875, 46.57957109662305], [-122.625, 46.62782241272207], [-122.64725916673333, 46.6432325865], [-122.6671715243413, 46.7135313534], [-122.625, 46.74504110535156], [-122.5546875, 46.77125647645583], [-122.51881654084465, 46.7838301203], [-122.484375, 46.79618368381533], [-122.4140625, 46.81008660556696], [-122.34375, 46.811043341975974], [-122.27343749999999, 46.81210326696202], [-122.203125, 46.818124286601545], [-122.13653283048743, 46.8541288872], [-122.1328125, 46.86361806847343], [-122.10779005330363, 46.9244276541], [-122.08598678178734, 46.994726421], [-122.0625, 47.01908334556586], [-122.00127507016059, 47.065025187900005], [-121.9921875, 47.072916645204025], [-121.921875, 47.11379682710544], [-121.87205491538981, 47.1353239548], [-121.85156250000001, 47.15340151845939], [-121.79290830941338, 47.2056227217], [-121.81154773218, 47.2759214885], [-121.8242076414877, 47.3462202554], [-121.78420866698723, 47.4165190222], [-121.78125, 47.419147562945945], [-121.72042363812677, 47.4868177891], [-121.7109375, 47.52621044038705], [-121.70003050408023, 47.5571165559], [-121.68857149019593, 47.6274153227], [-121.68582093287003, 47.6977140895], [-121.7109375, 47.73750339074414], [-121.74145292578237, 47.7680128564], [-121.7109375, 47.812598364797395], [-121.68378217890685, 47.8383116232], [-121.70947472276255, 47.9086103899], [-121.7109375, 47.910028065682674], [-121.74353670845991, 47.9789091567], [-121.78125, 48.01241054159083], [-121.81805457045354, 48.0492079235], [-121.8515625, 48.09320053040305], [-121.87787379893098, 48.1195066903], [-121.88688665302044, 48.189805457], [-121.89914971877093, 48.2601042238], [-121.921875, 48.26778496187781], [-121.99218750000001, 48.30619336754415], [-122.03392561240042, 48.3304029905], [-122.0625, 48.37145845663116], [-122.0768377519544, 48.4007017573], [-122.0625, 48.420839065714304], [-121.9921875, 48.4657649461671], [-121.98287891851881, 48.471000524], [-121.921875, 48.50637324617328], [-121.8515625, 48.50426592128285], [-121.78125, 48.49001269382417], [-121.75045898354034, 48.471000524000004], [-121.7109375, 48.45142691644609], [-121.640625, 48.40247525410146], [-121.6385948483177, 48.4007017573], [-121.5703125, 48.331764645585096], [-121.56608377425582, 48.33040299049999], [-121.5, 48.30072847049608], [-121.4915677336404, 48.3304029905], [-121.5, 48.35036765559205], [-121.53077144510848, 48.4007017573], [-121.54906295848477, 48.471000524], [-121.5703125, 48.50208607719863], [-121.61876422572121, 48.541299290699996], [-121.640625, 48.547345244969954], [-121.7109375, 48.55773015243342], [-121.78125, 48.56177918978501], [-121.8515625, 48.56670297606017], [-121.921875, 48.579038562357425], [-121.9921875, 48.60141769100679], [-122.01147538470995, 48.6115980574], [-122.0625, 48.628660432653746], [-122.1328125, 48.672387846592336], [-122.14232333514539, 48.6818968241], [-122.14850520392764, 48.7521955908], [-122.1328125, 48.75947855658189], [-122.08940690200956, 48.8224943575], [-122.0625, 48.86998390679143], [-122.0424031775857, 48.8927931242], [-122.01326845866778, 48.9630918908], [-121.9921875, 48.97293065398649], [-121.93460167151248, 49.0333906575], [-121.921875, 49.04907404596341], [-121.8515625, 49.09534149835883], [-121.83903247489059, 49.1036894241], [-121.78125, 49.12843726167148], [-121.73970111963969, 49.1739881908], [-121.7109375, 49.235267532725835], [-121.70414398885302, 49.2442869574], [-121.68863453045888, 49.314585724], [-121.7109375, 49.34714394860515], [-121.75593094620524, 49.3848844907], [-121.78125, 49.40024671753045], [-121.8515625, 49.43004849853183], [-121.90962169430088, 49.3848844907], [-121.921875, 49.374908228318816], [-121.9921875, 49.3250982549247], [-122.0047032051021, 49.314585724], [-122.0625, 49.27944038719215], [-122.1328125, 49.26438405515594], [-122.203125, 49.25900376002842], [-122.2734375, 49.275846522483995], [-122.34375, 49.29591737526402], [-122.4140625, 49.31064382779819], [-122.4753214597373, 49.314585724], [-122.484375, 49.315385861116674], [-122.5546875, 49.3194402028664], [-122.625, 49.33599998286697], [-122.6953125, 49.363589215164524], [-122.75917069280874, 49.3848844907], [-122.765625, 49.38784864986578], [-122.8359375, 49.39534468270388], [-122.90625, 49.39531800193123], [-122.9765625, 49.4017233377613], [-123.046875, 49.42397062033642], [-123.0909726359958, 49.4551832573], [-123.1171875, 49.50404453143663], [-123.12770953228693, 49.5254820238], [-123.15806391978973, 49.5957807904], [-123.1171875, 49.65265048880838], [-123.09795462069741, 49.666079557], [-123.11144631286622, 49.7363783236], [-123.1171875, 49.75434471983239], [-123.13301293189402, 49.8066770901], [-123.13639132980055, 49.8769758567], [-123.16751970069163, 49.9472746232], [-123.16699793608248, 50.0175733898], [-123.13888687518639, 50.0878721563], [-123.1875, 50.145919099914934], [-123.229786341799, 50.1581709228], [-123.2578125, 50.17895028107307], [-123.328125, 50.19131183931177], [-123.35126556785858, 50.2284696893], [-123.3780092322796, 50.2987684558], [-123.3984375, 50.32122162009763], [-123.41775862307955, 50.3690672223], [-123.4038466088613, 50.4393659887], [-123.3984375, 50.45014720528447], [-123.328125, 50.480968015120155], [-123.2578125, 50.468172696090846], [-123.18749999999999, 50.47264708435909], [-123.15563045683483, 50.5096647552], [-123.1171875, 50.53147014584447], [-123.046875, 50.55054565081717], [-122.9765625, 50.56110036866139], [-122.94103222729663, 50.5799635216], [-122.9765625, 50.61284656333768], [-123.00003117663702, 50.65026228810001], [-123.046875, 50.678530798244054], [-123.10495641387743, 50.720561054499996], [-123.1171875, 50.735673374057136], [-123.1875, 50.77948277548806], [-123.1974654752756, 50.7908598209], [-123.2578125, 50.83068109932632], [-123.2865704653472, 50.8611585874], [-123.2578125, 50.917598417381356], [-123.21882661039442, 50.9314573538], [-123.2578125, 50.9475170577792], [-123.31047985875179, 51.0017561202], [-123.328125, 51.01088113887988], [-123.35029692433343, 51.0017561202], [-123.3984375, 50.9601585910156], [-123.46875, 50.962702034310155], [-123.5390625, 50.981208465144235], [-123.609375, 51.00048063149456], [-123.61405270843379, 51.0017561202], [-123.6796875, 51.012189101733476], [-123.75, 51.02268353597821], [-123.82031250000001, 51.04737271078503], [-123.86221245784569, 51.0720548865], [-123.890625, 51.08742907321833], [-123.9609375, 51.1218827842452], [-123.98732038421821, 51.1423536529], [-123.9609375, 51.179350249185916], [-123.92906217901304, 51.2126524193], [-123.890625, 51.24023135844287], [-123.8203125, 51.27039348600511], [-123.78235192862232, 51.2829511856], [-123.8203125, 51.31889979016255], [-123.85827884710787, 51.353249952], [-123.86303860310217, 51.4235487183], [-123.8203125, 51.435151872451996], [-123.75, 51.45538858453001], [-123.6796875, 51.47703235345064], [-123.63650048574839, 51.4938474846], [-123.609375, 51.512717823733084], [-123.5390625, 51.503446541408884], [-123.52447880689382, 51.4938474846], [-123.46875, 51.47503675081229], [-123.3984375, 51.476053603878505], [-123.328125, 51.483787529525024], [-123.2578125, 51.489420808024825], [-123.19991390709312, 51.4938474846], [-123.18749999999999, 51.49503972114332], [-123.1171875, 51.50135466971033], [-123.04687499999999, 51.51016545381351], [-122.9765625, 51.52080461009818], [-122.90625, 51.52243461457361], [-122.83593750000001, 51.51047484076392], [-122.794837700112, 51.4938474846], [-122.765625, 51.48571715754818], [-122.6953125, 51.464863651910406], [-122.625, 51.45222739849487], [-122.5546875, 51.44127263804669], [-122.484375, 51.43423798643916], [-122.4140625, 51.43030122447793], [-122.34375, 51.42790274934924], [-122.2734375, 51.425811488191364], [-122.203125, 51.43990393596444], [-122.1328125, 51.48237596804563], [-122.11385585220299, 51.4938474846], [-122.0625, 51.5400716914084], [-122.01915732271857, 51.564146250899995], [-121.9921875, 51.57729968969669], [-121.921875, 51.58706545996546], [-121.8515625, 51.594889693685815], [-121.78125, 51.588576142930066], [-121.7109375, 51.576984238584906], [-121.64062499999999, 51.58426098006784], [-121.5703125, 51.598239486850204], [-121.5, 51.59205816978758], [-121.43476454717815, 51.5641462509], [-121.4296875, 51.53650992795117], [-121.41636829649717, 51.4938474846], [-121.359375, 51.479744608368065], [-121.2890625, 51.46524520359941], [-121.21875, 51.458927850279196], [-121.1484375, 51.45320206736666], [-121.078125, 51.44854241696618], [-121.0078125, 51.43959494050913], [-120.96702034366956, 51.4235487183], [-120.9375, 51.41962072348448], [-120.9105954148979, 51.4235487183], [-120.86718750000001, 51.428999518292095], [-120.796875, 51.43737804421955], [-120.7265625, 51.45908986347455], [-120.67592550419378, 51.4938474846], [-120.65625, 51.52045043885097], [-120.63199694204887, 51.5641462509], [-120.65625, 51.623334172214165], [-120.66130137156549, 51.6344450172], [-120.7265625, 51.70178027431115], [-120.72981813705408, 51.7047437835], [-120.7265625, 51.70618407936755], [-120.65625, 51.730076979687766], [-120.5859375, 51.737429718861115], [-120.515625, 51.75272743374095], [-120.47565246287027, 51.77504254979999], [-120.4453125, 51.788761868027045], [-120.375, 51.80772078076309], [-120.3046875, 51.8031885186672], [-120.234375, 51.79074375131462], [-120.1640625, 51.784473188349025], [-120.09375, 51.78432979525048], [-120.0475809695317, 51.845341316], [-120.02343750000001, 51.8628758036659], [-119.95548007596186, 51.91564008230001], [-119.953125, 51.917203412602696], [-119.88286909702745, 51.9859388485], [-119.8828125, 51.98598106762567], [-119.8125, 52.00589624913037], [-119.7421875, 52.030113151078346], [-119.671875, 52.03440586561797], [-119.62514149127611, 51.9859388485], [-119.6015625, 51.96882530633171], [-119.53125, 51.955844586372436], [-119.4609375, 51.98032360687958], [-119.45170272498746, 51.9859388485], [-119.390625, 52.001205291277515], [-119.3203125, 51.99742400254607], [-119.25, 51.993017941579225], [-119.1796875, 52.011085292545026], [-119.109375, 52.037956680732194], [-119.07372595406825, 52.0562376148], [-119.0390625, 52.122628134818235], [-119.03762051079346, 52.126536381], [-119.0390625, 52.12933279913178], [-119.07348798436203, 52.196835147200005], [-119.0402646415187, 52.2671339134], [-119.03906249999999, 52.27518924161197], [-119.02054342201689, 52.3374326796], [-119.0390625, 52.38539077157153], [-119.04966987081487, 52.40773144580001], [-119.109375, 52.43572636023862], [-119.1588143295437, 52.4780302119], [-119.109375, 52.508573708687166], [-119.0390625, 52.49802454773774], [-118.96875, 52.479365924679826], [-118.89843750000001, 52.484886385977454], [-118.828125, 52.51814870738914], [-118.7578125, 52.50859319821184], [-118.72089460410186, 52.4780302119], [-118.6875, 52.45607177769147], [-118.62898690479373, 52.4077314458], [-118.6171875, 52.39779917947068], [-118.54687499999999, 52.33928019090477], [-118.54408455240896, 52.337432679600006], [-118.54687499999999, 52.32435028832711], [-118.55299470149431, 52.2671339134], [-118.6171875, 52.21469855823466], [-118.64359808860182, 52.1968351472], [-118.64494422010745, 52.126536381], [-118.68734238384914, 52.0562376148], [-118.6390950954196, 51.9859388485], [-118.6875, 51.97313067609421], [-118.75534304849543, 51.9156400823], [-118.7578125, 51.90128032563749], [-118.76733822312734, 51.845341316], [-118.7578125, 51.836508845047895], [-118.71443921196766, 51.7750425498], [-118.6875, 51.727016495975924], [-118.67461049440548, 51.7047437835], [-118.6875, 51.683673698545235], [-118.71211915465256, 51.6344450172], [-118.6875, 51.587352275565856], [-118.66507702302312, 51.5641462509], [-118.6171875, 51.54231917211714], [-118.546875, 51.532316865624225], [-118.4765625, 51.54209265158578], [-118.43331512778116, 51.564146250899995], [-118.40625, 51.580910163520045], [-118.35624185513703, 51.634445017199994], [-118.36946590291919, 51.70474378349999], [-118.40625, 51.7312428155893], [-118.44736085929311, 51.7750425498], [-118.4765625, 51.824093950639], [-118.49095068814496, 51.845341315999995], [-118.4799789672229, 51.9156400823], [-118.48909296155955, 51.9859388485], [-118.4765625, 51.989243202787534], [-118.40625, 52.004300758950706], [-118.3359375, 52.01593420020885], [-118.265625, 52.02598364521248], [-118.1953125, 52.028369970960526], [-118.125, 52.02657623352164], [-118.0546875, 52.01061124697313], [-117.984375, 52.01207572795665], [-117.9140625, 52.02406498956243], [-117.84375, 52.052636081969396], [-117.83877548370376, 52.0562376148], [-117.84375, 52.062091431961136], [-117.89665823387841, 52.126536381], [-117.9140625, 52.155750048249736], [-117.9399827826819, 52.1968351472], [-117.93377949043253, 52.2671339134], [-117.9140625, 52.292421658082205], [-117.85269465587712, 52.3374326796], [-117.9140625, 52.374916293016156], [-117.94877989659935, 52.40773144580001], [-117.95351499706513, 52.4780302119], [-117.984375, 52.493265138275426], [-118.0546875, 52.49064752728114], [-118.125, 52.48619991706666], [-118.19021334316935, 52.4780302119], [-118.19531250000001, 52.47633082495673], [-118.265625, 52.44691395624031], [-118.29578974703794, 52.4780302119], [-118.33593749999999, 52.51786367340068], [-118.36290865655351, 52.5483289781], [-118.40625, 52.561802248872056], [-118.4765625, 52.58098427990876], [-118.546875, 52.59532072481893], [-118.6171875, 52.617992002816464], [-118.61882426677563, 52.6186277442], [-118.6875, 52.63397020440949], [-118.7578125, 52.642773707781146], [-118.828125, 52.65846634003596], [-118.8984375, 52.68234472647154], [-118.91422068075057, 52.6889265104], [-118.92397244078649, 52.75922527649999], [-118.96875000000001, 52.81131203996645], [-118.98087428050547, 52.8295240426], [-119.03476805045608, 52.8998228087], [-119.0390625, 52.924504490777366], [-119.04944941951837, 52.9701215748], [-119.06192093115015, 53.0404203408], [-119.0390625, 53.06886750856924], [-118.96875, 53.101990596177075], [-118.94537323046293, 53.11071910690001], [-118.96875, 53.12060734929461], [-119.01883922855566, 53.1810178729], [-119.03366200939251, 53.251316639], [-119.03858378646031, 53.321615405], [-119.0390625, 53.334743301727904], [-119.04217141909335, 53.391914171], [-119.03906250000001, 53.399157525580264], [-119.01362826168156, 53.462212937], [-119.0390625, 53.51886028559703], [-119.0502588474246, 53.53251170299999], [-119.109375, 53.56246335179753], [-119.1796875, 53.58664965276645], [-119.25, 53.59917233064829], [-119.27582415823838, 53.6028104689], [-119.3203125, 53.60872834576014], [-119.390625, 53.610195592199545], [-119.44831093611211, 53.602810468899996], [-119.46093749999999, 53.602398816504866], [-119.46186461910213, 53.6028104689], [-119.4609375, 53.605893080778735], [-119.43568985238494, 53.6731092349], [-119.45627754974994, 53.7434080008], [-119.4609375, 53.747918426276975], [-119.53125, 53.80770524107931], [-119.53960375471358, 53.81370676680001], [-119.6015625, 53.84006703760082], [-119.671875, 53.874457111164425], [-119.69405256436703, 53.8840055327], [-119.7421875, 53.902854702152375], [-119.81249999999999, 53.92941322810507], [-119.88274574738841, 53.9543042986], [-119.8828125, 53.954332766286164], [-119.953125, 53.98941750970697], [-120.0166401240745, 54.0246030645], [-120.0234375, 54.02864470280268], [-120.09375, 54.06689793118619], [-120.1640625, 54.091459597987765], [-120.17582253307663, 54.0949018304], [-120.234375, 54.14452231602112], [-120.24977673576564, 54.1652005962], [-120.3046875, 54.198423364300844], [-120.35126644831853, 54.2354993621], [-120.375, 54.24554893598682], [-120.4453125, 54.28136259653561], [-120.47100615366239, 54.305798127900005], [-120.515625, 54.33621412487771], [-120.55922512911079, 54.37609689380001], [-120.5859375, 54.39187199687318], [-120.65624999999999, 54.44222269793526], [-120.66187596683946, 54.4463956596], [-120.7265625, 54.47538254764957], [-120.796875, 54.49728837762267], [-120.8671875, 54.50878685765367], [-120.92723469454258, 54.5166944254], [-120.9375, 54.5176727964895], [-121.0078125, 54.51982285911394], [-121.078125, 54.52296407022562], [-121.1484375, 54.53629341087829], [-121.21875, 54.56207995487431], [-121.2890625, 54.584050007314], [-121.2989430366014, 54.5869931912], [-121.359375, 54.607714540885716], [-121.4296875, 54.64820362444685], [-121.44887215441433, 54.6572919569], [-121.5, 54.68426667952136], [-121.55142924181746, 54.7275907227], [-121.5703125, 54.75630752735694], [-121.59379575551372, 54.7978894884], [-121.5703125, 54.836335087972735], [-121.54637426964496, 54.8681882542], [-121.5703125, 54.90027563301655], [-121.58444966873266, 54.9384870199]]}}, {"type": "Feature", "properties": {"level_in": 0.25}, "geometry": {"type": "LineString", "coordinates": [[-115.5110475570679, 54.938487019899995], [-115.453125, 54.89361689924644], [-115.4014691147153, 54.8681882542], [-115.3828125, 54.83227422697073], [-115.3125, 54.81910460015263], [-115.2421875, 54.8074865368932], [-115.17187499999999, 54.80003453502587], [-115.15985357345345, 54.7978894884], [-115.171875, 54.77796313483546], [-115.2421875, 54.768263752206], [-115.3125, 54.77764753312093], [-115.3828125, 54.79045796219709], [-115.453125, 54.797384762114156], [-115.45586953704066, 54.7978894884], [-115.5234375, 54.81431550970418], [-115.59375, 54.844549941159016], [-115.62642922206373, 54.86818825420001], [-115.6387431438154, 54.93848701990001]]}}, {"type": "Feature", "properties": {"level_in": 0.25}, "geometry": {"type": "LineString", "coordinates": [[-118.7578125, 53.060853492553456], [-118.7645814848309, 53.0404203408], [-118.7578125, 53.0348281131713], [-118.6875, 52.97125936092612], [-118.6854445255031, 52.9701215748], [-118.6171875, 52.9517811059097], [-118.57734518104068, 52.9701215748], [-118.6171875, 52.995712920306474], [-118.65152311427448, 53.0404203408], [-118.6875, 53.05995307115691], [-118.7578125, 53.060853492553456]]}}, {"type": "Feature", "properties": {"level_in": 0.25}, "geometry": {"type": "LineString", "coordinates": [[-119.671875, 52.92068599298315], [-119.6015625, 52.93199827297308], [-119.53125, 52.90200795695708], [-119.52688519404249, 52.8998228087], [-119.4609375, 52.85230284611698], [-119.4263648135215, 52.8295240426], [-119.390625, 52.789680339729316], [-119.35022483330779, 52.7592252765], [-119.3203125, 52.72931878586591], [-119.25, 52.71391584767146], [-119.22412102115146, 52.68892651040001], [-119.25, 52.63576736757064], [-119.3203125, 52.65077327095379], [-119.390625, 52.65939763620236], [-119.4609375, 52.67233415843528], [-119.49282194824218, 52.688926510399995], [-119.53125, 52.70627038376322], [-119.6015625, 52.74982747586006], [-119.61338167452762, 52.7592252765], [-119.671875, 52.80427553573135], [-119.7048408543291, 52.8295240426], [-119.69919082453887, 52.89982280870001], [-119.671875, 52.92068599298315]]}}, {"type": "Feature", "properties": {"level_in": 0.25}, "geometry": {"type": "LineString", "coordinates": [[-117.84375, 52.771703108881574], [-117.86183039802975, 52.7592252765], [-117.84375, 52.71744760952305], [-117.82616508981336, 52.6889265104], [-117.7734375, 52.65227545295218], [-117.703125, 52.62972338888863], [-117.69121797007314, 52.6186277442], [-117.703125, 52.60190309551952], [-117.73158313544207, 52.5483289781], [-117.703125, 52.52955513646285], [-117.6328125, 52.483938576976065], [-117.62004279190185, 52.47803021189999], [-117.5625, 52.44957375944385], [-117.4921875, 52.437750687571764], [-117.421875, 52.43788703654514], [-117.3814864039563, 52.4780302119], [-117.38775376276362, 52.5483289781], [-117.41345497885118, 52.6186277442], [-117.421875, 52.63655074781797], [-117.4791072910766, 52.6889265104], [-117.4921875, 52.69304388169462], [-117.5625, 52.718315411642735], [-117.6328125, 52.74643575413271], [-117.66994757922699, 52.7592252765], [-117.703125, 52.7663257606238], [-117.7734375, 52.77857149377682], [-117.84375, 52.771703108881574]]}}, {"type": "Feature", "properties": {"level_in": 0.25}, "geometry": {"type": "LineString", "coordinates": [[-119.671875, 52.496320401208585], [-119.6015625, 52.51723877930763], [-119.53125, 52.51459969240467], [-119.4609375, 52.49777889047041], [-119.42462995666497, 52.4780302119], [-119.41607686365178, 52.4077314458], [-119.40766874751732, 52.3374326796], [-119.4609375, 52.27306451849065], [-119.53125, 52.29446760677645], [-119.57913659445126, 52.3374326796], [-119.6015625, 52.34713487064645], [-119.671875, 52.36828157887204], [-119.7421875, 52.38188217987347], [-119.80424449546837, 52.4077314458], [-119.7421875, 52.44979852920024], [-119.70442807435083, 52.4780302119], [-119.671875, 52.496320401208585]]}}, {"type": "Feature", "properties": {"level_in": 0.25}, "geometry": {"type": "LineString", "coordinates": [[-120.5859375, 52.14759221538621], [-120.515625, 52.180213166352495], [-120.4453125, 52.18226181701041], [-120.39404908175212, 52.126536380999994], [-120.4453125, 52.07939509623327], [-120.515625, 52.06914910199328], [-120.5859375, 52.085121295353076], [-120.60625196233244, 52.126536381], [-120.5859375, 52.14759221538621]]}}, {"type": "Feature", "properties": {"level_in": 0.25}, "geometry": {"type": "LineString", "coordinates": [[-85.9921875, 51.923036164786], [-85.921875, 51.93570684009852], [-85.8515625, 51.94749912073771], [-85.78125, 51.956818565988286], [-85.7109375, 51.96776153454866], [-85.640625, 51.97138765116064], [-85.5703125, 51.97572229210249], [-85.5, 51.97349023400333], [-85.4296875, 51.964748665908246], [-85.359375, 51.94963741924498], [-85.28906249999999, 51.91902107252888], [-85.28229920968339, 51.9156400823], [-85.21875, 51.88066558507413], [-85.17178538542888, 51.845341316], [-85.1484375, 51.8292560388668], [-85.078125, 51.7818814625777], [-85.06803147437618, 51.77504254979999], [-85.0078125, 51.733555158782266], [-84.9644045851021, 51.7047437835], [-84.9375, 51.68626513835163], [-84.8671875, 51.63785441698434], [-84.86211502387448, 51.634445017199994], [-84.796875, 51.59521051127257], [-84.74937667502994, 51.564146250899995], [-84.7265625, 51.551506474413955], [-84.65625, 51.51033991054354], [-84.62738266058844, 51.4938474846], [-84.5859375, 51.47488121942649], [-84.515625, 51.44436355481486], [-84.46113612839609, 51.4235487183], [-84.4453125, 51.418483637717316], [-84.375, 51.39923601425106], [-84.3046875, 51.38055676377519], [-84.234375, 51.36217930442389], [-84.20145754962354, 51.353249952], [-84.1640625, 51.34035762091207], [-84.09375, 51.31194347429282], [-84.0308113027522, 51.2829511856], [-84.0234375, 51.27633110836274], [-83.95330575676415, 51.2126524193], [-83.953125, 51.21225031349492], [-83.91772731625682, 51.1423536529], [-83.89797100215576, 51.0720548865], [-83.8828125, 51.05318192895533], [-83.8125, 51.03878381989854], [-83.7421875, 51.03487890703444], [-83.671875, 51.04773951599946], [-83.6015625, 51.0632755844186], [-83.5617266678444, 51.0720548865], [-83.53125, 51.07859571300098], [-83.4609375, 51.10168076685065], [-83.390625, 51.11792129229406], [-83.3203125, 51.13774759906864], [-83.302542858864, 51.1423536529], [-83.25, 51.15564506024481], [-83.1796875, 51.17372097935596], [-83.109375, 51.192308635786574], [-83.0390625, 51.20797170162028], [-83.022058832284, 51.2126524193], [-82.96875, 51.228439878336864], [-82.8984375, 51.24691278058302], [-82.828125, 51.26605821772114], [-82.76562156138426, 51.28295118559999], [-82.7578125, 51.28529521152198], [-82.6875, 51.305529567625726], [-82.6171875, 51.326655990673444], [-82.546875, 51.344980329477245], [-82.51475979793256, 51.353249952], [-82.4765625, 51.364237110526304], [-82.40625, 51.38308729077011], [-82.3359375, 51.399883670367885], [-82.265625, 51.415477916464006], [-82.22636976330293, 51.4235487183], [-82.1953125, 51.431128133567185], [-82.125, 51.447217485440575], [-82.0546875, 51.46233141638582], [-81.984375, 51.47661820182444], [-81.9140625, 51.490535804693884], [-81.89696854347903, 51.4938474846], [-81.84375, 51.506134736597474], [-81.7734375, 51.52298749201641], [-81.703125, 51.53941837214049], [-81.6328125, 51.55577864654931], [-81.59722565284274, 51.564146250899995], [-81.5625, 51.57400674109988], [-81.4921875, 51.593901271170125], [-81.421875, 51.61370123573546], [-81.3515625, 51.63357397408075], [-81.34836552871475, 51.6344450172], [-81.28125, 51.654913935391825], [-81.2109375, 51.67472989418248], [-81.140625, 51.692896975413554], [-81.07503753458684, 51.7047437835], [-81.07031250000001, 51.70556587092481], [-80.99999999999999, 51.717189186972], [-80.9296875, 51.72289013961014], [-80.859375, 51.726350165289674], [-80.7890625, 51.72792992270932], [-80.71875, 51.72627616769384], [-80.6484375, 51.724513677521536], [-80.578125, 51.720531242536865], [-80.5078125, 51.71613680065603], [-80.4375, 51.711014774360635], [-80.36718750000001, 51.705599425547554], [-80.357021511329, 51.70474378350001], [-80.296875, 51.70018183972398], [-80.2265625, 51.694733775997705], [-80.15625, 51.68923050893298], [-80.0859375, 51.684264285955855], [-80.015625, 51.67926403254711], [-79.9453125, 51.67691726441015], [-79.875, 51.675002315144575], [-79.8046875, 51.67505748351729], [-79.734375, 51.67637206012134], [-79.6640625, 51.677751920282404], [-79.59375, 51.679432142422904], [-79.5234375, 51.6808709705947], [-79.453125, 51.68030783676936], [-79.3828125, 51.67947887452058], [-79.3125, 51.67667226056058], [-79.2421875, 51.672607181865615], [-79.171875, 51.66779045584137], [-79.1015625, 51.6612267298443], [-79.03125, 51.65436361095716], [-78.9609375, 51.64555679096714], [-78.890625, 51.63649315005441], [-78.87840611700328, 51.634445017199994], [-78.8203125, 51.626657953106736], [-78.75, 51.61633587802114], [-78.6796875, 51.603955405955936], [-78.609375, 51.589397367888964], [-78.53906250000001, 51.57359063683416], [-78.50127761585358, 51.5641462509], [-78.46875, 51.55666582173506], [-78.3984375, 51.540297364887635], [-78.328125, 51.52432274840486], [-78.2578125, 51.507903744358536], [-78.1875, 51.494305350130226], [-78.18511120342743, 51.4938474846], [-78.1171875, 51.481284073758594], [-78.046875, 51.47198106116382], [-77.9765625, 51.46390259235566], [-77.90625, 51.457797050275104], [-77.8359375, 51.45332810516486], [-77.765625, 51.44918402937162], [-77.6953125, 51.44583503312719], [-77.625, 51.44245943514083], [-77.5546875, 51.437856514321744], [-77.484375, 51.433210491242576], [-77.4140625, 51.42646258408863], [-77.38694208886271, 51.4235487183], [-77.34375, 51.41870568624653], [-77.2734375, 51.40968200590259], [-77.203125, 51.3995563134266], [-77.1328125, 51.38927900253664], [-77.0625, 51.378362711289924], [-76.9921875, 51.36766770792435], [-76.921875, 51.35815736420899], [-76.88450448457039, 51.353249952], [-76.8515625, 51.34852184097382], [-76.78125, 51.33775008514719], [-76.7109375, 51.327594751575006], [-76.640625, 51.316674988588886], [-76.5703125, 51.305757672280464], [-76.5, 51.29444634616354], [-76.43272594499675, 51.2829511856], [-76.4296875, 51.28228164062842], [-76.359375, 51.267161623473825], [-76.2890625, 51.25261981711141], [-76.21875, 51.238732576934645], [-76.1484375, 51.22632418862793], [-76.078125, 51.21383264907586], [-76.07209842759714, 51.21265241929999], [-76.0078125, 51.19321701534541], [-75.9375, 51.17301101991774], [-75.8671875, 51.15004632787715], [-75.84276154116158, 51.1423536529], [-75.796875, 51.11607828728364], [-75.7265625, 51.078301825992625], [-75.71336597602846, 51.0720548865], [-75.65625, 51.010719971106724], [-75.64594907773908, 51.0017561202], [-75.65625, 50.964521483604685], [-75.67082340270514, 50.9314573538], [-75.7265625, 50.906735831945866], [-75.796875, 50.87631711547684], [-75.82595532281124, 50.8611585874], [-75.8562080316252, 50.790859820899996], [-75.86380584924966, 50.7205610545], [-75.8671875, 50.71904150705488], [-75.9375, 50.694870378163266], [-76.0078125, 50.69590762221577], [-76.078125, 50.69858079206803], [-76.1484375, 50.70454207479915], [-76.21875, 50.71072041096121], [-76.2890625, 50.70748459480089], [-76.359375, 50.69318792161003], [-76.4296875, 50.677117046446305], [-76.5, 50.65691752370872], [-76.52218844130576, 50.6502622881], [-76.5703125, 50.63745360374972], [-76.640625, 50.61767391542995], [-76.7109375, 50.59683886409829], [-76.76604129921688, 50.5799635216], [-76.78125, 50.574544289137386], [-76.8515625, 50.55351467322503], [-76.921875, 50.52593173790548], [-76.96925363378323, 50.50966475519999], [-76.9921875, 50.50202161819314], [-77.0625, 50.48845488038249], [-77.1328125, 50.47076977473702], [-77.203125, 50.45138238914625], [-77.24585841113654, 50.4393659887], [-77.2734375, 50.433280251608046], [-77.34375, 50.421960341204745], [-77.4140625, 50.414818194209715], [-77.484375, 50.408648544506306], [-77.5546875, 50.39880382548981], [-77.625, 50.38934067903771], [-77.6953125, 50.37646933485638], [-77.73278889988393, 50.3690672223], [-77.765625, 50.35428732016651], [-77.8359375, 50.316336849370515], [-77.86748689393986, 50.2987684558], [-77.90625, 50.265975307163664], [-77.9474614448931, 50.2284696893], [-77.96420382775322, 50.1581709228], [-77.93800554004474, 50.0878721563], [-77.90625, 50.07411085328099], [-77.8359375, 50.02611324388105], [-77.82547695617197, 50.01757338979999], [-77.765625, 49.9897378610046], [-77.69536703349556, 49.9472746232], [-77.765625, 49.878658529866954], [-77.77020397947692, 49.8769758567], [-77.8359375, 49.85583094868967], [-77.90625, 49.83489475501786], [-77.9765625, 49.80949699713935], [-77.98602585425844, 49.8066770901], [-78.046875, 49.78566054496599], [-78.1171875, 49.760322006972515], [-78.18676729726505, 49.7363783236], [-78.1875, 49.73529413431006], [-78.21954997983471, 49.666079557], [-78.18749999999999, 49.60428079222111], [-78.18481021390342, 49.595780790400006], [-78.16491884599952, 49.5254820238], [-78.13492513803632, 49.4551832573], [-78.1171875, 49.41063669687455], [-78.10813475321942, 49.3848844907], [-78.06303849010463, 49.314585724], [-78.046875, 49.280162926380925], [-78.02776847304129, 49.2442869574], [-77.9765625, 49.18036111678704], [-77.96331282719888, 49.1739881908], [-77.90625, 49.143943234170195], [-77.83593749999999, 49.1077299792497], [-77.82846978930527, 49.10368942409999], [-77.765625, 49.06948479709525], [-77.70272710220961, 49.0333906575], [-77.6953125, 49.028659898376674], [-77.625, 48.98067616741864], [-77.60336431133457, 48.9630918908], [-77.5546875, 48.908341281802116], [-77.54159175923964, 48.8927931242], [-77.52679808205099, 48.8224943575], [-77.5546875, 48.773601884675784], [-77.57374796269139, 48.7521955908], [-77.625, 48.69967248149154], [-77.65660732475791, 48.6818968241], [-77.6953125, 48.668603740255385], [-77.765625, 48.6758181105523], [-77.81142718944304, 48.6818968241], [-77.8359375, 48.68470277737565], [-77.90625, 48.70186213836316], [-77.9765625, 48.72130771750601], [-78.046875, 48.69892935353128], [-78.07963623315194, 48.6818968241], [-78.11360430834404, 48.61159805740001], [-78.08984795692916, 48.5412992907], [-78.06646987164908, 48.471000524], [-78.04687500000001, 48.40397851917265], [-78.04540981085428, 48.4007017573], [-78.01786719789783, 48.3304029905], [-78.02600366673863, 48.260104223800006], [-78.046875, 48.23317209521373], [-78.1080217893464, 48.189805457], [-78.1171875, 48.13702153720992], [-78.12004998148564, 48.1195066903], [-78.1171875, 48.11154533879066], [-78.09140385811864, 48.0492079235], [-78.06175649218511, 47.9789091567], [-78.046875, 47.94123258168338], [-78.02335210753718, 47.90861038989999], [-77.99049420918334, 47.8383116232], [-77.9765625, 47.79947948059157], [-77.9627144239826, 47.768012856400006], [-77.90625, 47.71760799601345], [-77.87692693319966, 47.6977140895], [-77.8359375, 47.68001754728057], [-77.765625, 47.65982506535559], [-77.6953125, 47.64333094513908], [-77.625, 47.6472866129137], [-77.5546875, 47.653950326280466], [-77.484375, 47.67848784340506], [-77.43759942808529, 47.6977140895], [-77.4140625, 47.706421057794344], [-77.34375, 47.73201842860001], [-77.2734375, 47.75790451725269], [-77.24247463406829, 47.7680128564], [-77.203125, 47.780452985633765], [-77.1328125, 47.790266069834956], [-77.0625, 47.799076113830125], [-76.9921875, 47.78781844635247], [-76.921875, 47.771534170146204], [-76.91486084788261, 47.7680128564], [-76.8515625, 47.73359928210439], [-76.78499323755061, 47.6977140895], [-76.78125, 47.69548004068735], [-76.7109375, 47.63728738978826], [-76.69734473272466, 47.6274153227], [-76.640625, 47.5914765063889], [-76.5801097796265, 47.5571165559], [-76.5703125, 47.55168779871526], [-76.5, 47.520336670157704], [-76.4296875, 47.49188039235105], [-76.41922593340371, 47.4868177891], [-76.359375, 47.44641665646981], [-76.31745676118737, 47.4165190222], [-76.2890625, 47.390877667861844], [-76.24612754997854, 47.3462202554], [-76.21875, 47.31774428289245], [-76.17725372507029, 47.2759214885], [-76.1484375, 47.24963443180062], [-76.09599591833081, 47.205622721699996], [-76.078125, 47.19115264469996], [-76.01259421677895, 47.1353239548], [-76.0078125, 47.131941059345486], [-75.95252335865969, 47.065025187900005], [-75.9375, 47.04443429018662], [-75.90321983545996, 46.994726421], [-75.89018543161419, 46.9244276541], [-75.86773165305048, 46.8541288872], [-75.8671875, 46.852976788066094], [-75.819442383506, 46.7838301203], [-75.8671875, 46.74975783769877], [-75.9375, 46.72910923050533], [-75.98292238699139, 46.7135313534], [-76.0078125, 46.66290271460661], [-76.0178220340163, 46.6432325865], [-76.05482853566387, 46.5729338195], [-76.05949420029692, 46.5026350526], [-76.05464096180583, 46.4323362857], [-76.04333211186514, 46.3620375187], [-76.0078125, 46.322297059746504], [-75.97148139799747, 46.2917387517], [-75.9375, 46.26172775502933], [-75.88255139920851, 46.2214399848], [-75.8671875, 46.19327822125942], [-75.84471004752592, 46.1511412178], [-75.796875, 46.130041713355666], [-75.7265625, 46.11772072590738], [-75.65625, 46.10586078375144], [-75.5859375, 46.095263674075326], [-75.51614394631643, 46.0808424508], [-75.515625, 46.08046839866933], [-75.4453125, 46.039230646352124], [-75.41598237141326, 46.01054368380001], [-75.375, 45.97639830268839], [-75.31201080920619, 45.9402449168], [-75.375, 45.90474881539633], [-75.4453125, 45.874900696749584], [-75.4601789461543, 45.8699461498], [-75.515625, 45.852622609926236], [-75.5859375, 45.82429090358304], [-75.62057826025165, 45.7996473828], [-75.65625, 45.7883687138508], [-75.7265625, 45.751304127908455], [-75.76901807684168, 45.729348615800006], [-75.796875, 45.715872103600155], [-75.8671875, 45.678068694427395], [-75.90210231625682, 45.6590498488], [-75.9375, 45.64694652432931], [-76.0078125, 45.62127127094904], [-76.078125, 45.59730072878228], [-76.1068269201015, 45.5887510817], [-76.1484375, 45.577239161805615], [-76.20723583122981, 45.5184523147], [-76.21875, 45.510699819821824], [-76.2890625, 45.47528646176881], [-76.359375, 45.47132320889213], [-76.4296875, 45.47401038560741], [-76.5, 45.464130798945774], [-76.5703125, 45.45172654640267], [-76.59362938229094, 45.4481535477], [-76.640625, 45.440630778031704], [-76.7109375, 45.43111994674321], [-76.78125, 45.42277449155569], [-76.8515625, 45.4109624180345], [-76.921875, 45.38811217158855], [-76.94178582485686, 45.3778547806], [-76.9921875, 45.35042374681456], [-77.04966463746563, 45.30755601359999], [-77.0625, 45.30547348762685], [-77.08297019952374, 45.30755601359999], [-77.1328125, 45.320999219800214], [-77.203125, 45.33141772056255], [-77.2734375, 45.3505309296586], [-77.34375, 45.36918897885226], [-77.38532450764907, 45.3778547806], [-77.4140625, 45.38408718641506], [-77.484375, 45.38473604038955], [-77.49789613793828, 45.3778547806], [-77.5546875, 45.341213953822745], [-77.59967650343806, 45.3075560136], [-77.625, 45.283488681042506], [-77.6488839563716, 45.2372572465], [-77.6953125, 45.19715947968544], [-77.72540231989872, 45.1669584794], [-77.73710505544884, 45.0966597123], [-77.73386675655965, 45.0263609453], [-77.765625, 44.995731770501266], [-77.82172434259337, 44.9560621782], [-77.8359375, 44.94597196767302], [-77.90625, 44.90323330542164], [-77.94388902907608, 44.8857634111], [-77.9765625, 44.85892067817362], [-78.046875, 44.81813436539249], [-78.06442859347399, 44.815464644], [-78.1171875, 44.807171706666466], [-78.1875, 44.81076154741733], [-78.19254406449365, 44.815464644], [-78.25035731397855, 44.8857634111], [-78.2578125, 44.89183785220328], [-78.30933682933652, 44.9560621782], [-78.328125, 44.97970229616817], [-78.35675222383773, 45.0263609453], [-78.3984375, 45.090206788260176], [-78.40278655598144, 45.0966597123], [-78.4452630960503, 45.1669584794], [-78.46875, 45.21773106584861], [-78.47966555656322, 45.2372572465], [-78.51763285901612, 45.3075560136], [-78.5390625, 45.344468375166855], [-78.55924081028982, 45.3778547806], [-78.60542838478293, 45.4481535477], [-78.609375, 45.45478974356894], [-78.64890515527996, 45.5184523147], [-78.67968749999999, 45.576234325842286], [-78.6871153995162, 45.58875108170001], [-78.74529082655339, 45.6590498488], [-78.75, 45.66563639653308], [-78.80336408488706, 45.7293486158], [-78.8203125, 45.74395198216016], [-78.88003055252103, 45.7996473828], [-78.890625, 45.80939718355057], [-78.96093749999999, 45.867551221816164], [-78.96397865988526, 45.8699461498], [-79.01489496754263, 45.9402449168], [-79.03125, 45.96389566369711], [-79.06912615153655, 46.0105436838], [-79.1015625, 46.06713721644964], [-79.1098604670317, 46.0808424508], [-79.10649213603246, 46.1511412178], [-79.14201341796212, 46.2214399848], [-79.171875, 46.233932826331966], [-79.2421875, 46.25867642444858], [-79.3125, 46.28163298115689], [-79.3828125, 46.28871929229775], [-79.453125, 46.25546292913696], [-79.5234375, 46.22458937498264], [-79.52763919150426, 46.2214399848], [-79.59375, 46.19282358974239], [-79.6640625, 46.1767867391274], [-79.734375, 46.165950809329196], [-79.8046875, 46.15846759174], [-79.875, 46.151441701107416], [-79.87747499510127, 46.1511412178], [-79.9453125, 46.110241519901614], [-79.9748289194325, 46.0808424508], [-79.9941577142582, 46.0105436838], [-80.015625, 45.969645508786755], [-80.02822063296051, 45.9402449168], [-80.0859375, 45.88831864839557], [-80.10954342889536, 45.8699461498], [-80.15625, 45.823248701132215], [-80.18854289174183, 45.7996473828], [-80.2265625, 45.770073577831376], [-80.296875, 45.74651550824743], [-80.36589702160207, 45.7293486158], [-80.3671875, 45.72890982209408], [-80.4375, 45.68012227879471], [-80.45403173349091, 45.6590498488], [-80.460265533688, 45.5887510817], [-80.44412048563468, 45.5184523147], [-80.4375, 45.49032076780951], [-80.41583186679814, 45.4481535477], [-80.4375, 45.426489646552284], [-80.4878377116876, 45.3778547806], [-80.5078125, 45.324373360251506], [-80.5198418022658, 45.3075560136], [-80.578125, 45.282052460022385], [-80.63480652048769, 45.23725724650001], [-80.6484375, 45.223204511483026], [-80.70038084304863, 45.1669584794], [-80.71875, 45.14046806406098], [-80.7847796260697, 45.096659712299996], [-80.7890625, 45.09579368153469], [-80.80529227448733, 45.0966597123], [-80.859375, 45.100588492182766], [-80.9296875, 45.10245090702567], [-81.0, 45.10212454234485], [-81.03335203538153, 45.0966597123], [-81.0703125, 45.08922776400733], [-81.140625, 45.06437499667429], [-81.2109375, 45.04788428270871], [-81.28125, 45.03906056299071], [-81.3515625, 45.035648259179496], [-81.421875, 45.03573253291152], [-81.4921875, 45.03719611777448], [-81.5625, 45.042290082801976], [-81.6328125, 45.04773158292949], [-81.703125, 45.051542925819966], [-81.7734375, 45.0509829966301], [-81.84375, 45.04047047851549], [-81.9140625, 45.02753867704694], [-81.91906608595869, 45.0263609453], [-81.984375, 45.00898112717479], [-82.0546875, 44.99259416366378], [-82.125, 44.973376139460434], [-82.18658827786686, 44.9560621782], [-82.1953125, 44.951369803959565], [-82.265625, 44.89920661731934], [-82.28200378081895, 44.8857634111], [-82.27621918876909, 44.815464644], [-82.2809031391837, 44.7451658768], [-82.3359375, 44.68776582233589], [-82.36367513504376, 44.6748671097], [-82.40625, 44.662294710795294], [-82.4765625, 44.65946131275873], [-82.546875, 44.65556763285606], [-82.6171875, 44.65019291667103], [-82.6875, 44.64207561923005], [-82.7578125, 44.63030132040312], [-82.828125, 44.61899750775074], [-82.8984375, 44.60697566226635], [-82.90688534164312, 44.6045683426], [-82.96875, 44.5678801105351], [-83.01870084314933, 44.534269575500005], [-83.0390625, 44.50574733940178], [-83.067803689947, 44.4639708083], [-83.10401218825419, 44.3936720412], [-83.109375, 44.37896638216617], [-83.12820326738135, 44.323373274], [-83.14801229211108, 44.2530745069], [-83.109375, 44.196111977221456], [-83.0982514395491, 44.1827757397], [-83.0390625, 44.14454016241919], [-82.99095833082738, 44.1124769726], [-83.0390625, 44.077715389544046], [-83.08142189323766, 44.0421782054], [-83.109375, 44.02689715502244], [-83.1796875, 44.00498402617157], [-83.25, 43.977305775635784], [-83.26319180772552, 43.9718794382], [-83.3203125, 43.95059151746604], [-83.390625, 43.924910449447516], [-83.4603434071585, 43.90158067099999], [-83.4609375, 43.90132960859686], [-83.53125, 43.88016169445819], [-83.6015625, 43.86764230328351], [-83.66067242192835, 43.901580671], [-83.6015625, 43.96708249297296], [-83.59683925230276, 43.9718794382], [-83.53299372617427, 44.0421782054], [-83.57525887843049, 44.1124769726], [-83.6015625, 44.12813082481546], [-83.671875, 44.158240625332155], [-83.7421875, 44.16584269119508], [-83.8125, 44.16784186577769], [-83.8828125, 44.15930294924979], [-83.953125, 44.144061683016645], [-84.0234375, 44.13072846530042], [-84.09375, 44.11879905690213], [-84.1640625, 44.119090319667535], [-84.234375, 44.12195297893885], [-84.27605772152786, 44.1124769726], [-84.3046875, 44.09942871096773], [-84.375, 44.06159105265395], [-84.41238551908567, 44.0421782054], [-84.4453125, 44.02894030591169], [-84.515625, 44.007914278970055], [-84.5859375, 43.989397147956886], [-84.63387828350723, 43.971879438200006], [-84.65625, 43.96233982561735], [-84.7265625, 43.94525800109854], [-84.796875, 43.917030491564745], [-84.83266655787236, 43.90158067099999], [-84.8671875, 43.89174016137639], [-84.9375, 43.86878033712455], [-85.0078125, 43.87400553012043], [-85.07233128757248, 43.901580671], [-85.078125, 43.9028453269493], [-85.1484375, 43.90881142637464], [-85.21875, 43.91224322728152], [-85.2890625, 43.904865131778266], [-85.3132154963537, 43.901580671], [-85.359375, 43.889705702857384], [-85.4296875, 43.87201483185097], [-85.5, 43.85748759344121], [-85.5703125, 43.89795743396748], [-85.57533026675897, 43.901580671], [-85.640625, 43.967159424676645], [-85.7109375, 43.92456016435416], [-85.78125, 43.91049209741658], [-85.79829837729143, 43.901580671], [-85.84729354241891, 43.8312819038], [-85.8515625, 43.823472959249365], [-85.89539254970296, 43.7609831366], [-85.921875, 43.732246710589095], [-85.95628218301309, 43.6906843694], [-85.9921875, 43.65488717963666], [-86.0282182729655, 43.6203856022], [-86.0625, 43.5938400269996], [-86.1104087363302, 43.550086835], [-86.1328125, 43.51730524593714], [-86.16008493859755, 43.4797880678], [-86.1516964610037, 43.4094893005], [-86.14145601440987, 43.3391905333], [-86.1328125, 43.29807066837923], [-86.1265191358979, 43.2688917661], [-86.1328125, 43.209885590015865], [-86.13400282059058, 43.1985929988], [-86.1328125, 43.19089348319389], [-86.11826196227975, 43.128294231599995], [-86.09271767328772, 43.0579954643], [-86.10686744728356, 42.987696697], [-86.11079943986084, 42.9173979298], [-86.12544177348114, 42.84709916250001], [-86.0625, 42.78257938742741], [-86.05840513161587, 42.7768003952], [-86.06210712536307, 42.7065016279], [-86.0625, 42.70385233869742], [-86.08077673865058, 42.6362028606], [-86.1297744018654, 42.5659040933], [-86.1328125, 42.56225549174092], [-86.15889139762004, 42.495605326], [-86.15500905446957, 42.4253065587], [-86.1328125, 42.36905179982553], [-86.11831626257498, 42.3550077914], [-86.0923163571276, 42.2847090241], [-86.10504562715138, 42.2144102568], [-86.1328125, 42.18473928193573], [-86.17064573207807, 42.1441114894], [-86.203125, 42.11720536255062], [-86.2734375, 42.08350614199302], [-86.33259870499212, 42.0738127221], [-86.34375, 42.072397420552136], [-86.34768103239672, 42.0738127221], [-86.4140625, 42.09260135490288], [-86.484375, 42.109340556108705], [-86.52761217418703, 42.1441114894], [-86.54671371940026, 42.2144102568], [-86.5546875, 42.28227372065436], [-86.55519495425733, 42.2847090241], [-86.55730191788957, 42.3550077914], [-86.5546875, 42.378760350176606], [-86.54988585111042, 42.4253065587], [-86.5546875, 42.434535506449194], [-86.625, 42.42741333736515], [-86.62676316578111, 42.4253065587], [-86.6953125, 42.417310733426746], [-86.70410544330812, 42.4253065587], [-86.6953125, 42.47008326062176], [-86.66673751732625, 42.495605326], [-86.6953125, 42.5161875700348], [-86.71832017575036, 42.565904093300006], [-86.765625, 42.600726139455546], [-86.82977755044713, 42.6362028606], [-86.8359375, 42.640410872734364], [-86.90625, 42.63866969310831], [-86.91998698754666, 42.6362028606], [-86.90625, 42.62883810460601], [-86.89084826423438, 42.5659040933], [-86.8848307400035, 42.495605326], [-86.90625, 42.482203484899394], [-86.9765625, 42.46898935142552], [-87.046875, 42.49036625081051], [-87.07003986202423, 42.495605326], [-87.1171875, 42.52262141090581], [-87.14603309229861, 42.495605326], [-87.1875, 42.47110223703467], [-87.2578125, 42.44924456233589], [-87.328125, 42.43756035826637], [-87.3984375, 42.43206564637226], [-87.46875, 42.43228691504311], [-87.48023701109342, 42.4253065587], [-87.5390625, 42.39698869897384], [-87.609375, 42.36080206868185], [-87.61504184171748, 42.3550077914], [-87.65412514036997, 42.2847090241], [-87.6796875, 42.235839199635436], [-87.68907242371017, 42.2144102568], [-87.75, 42.15641167580526], [-87.77367165732872, 42.1441114894], [-87.8203125, 42.1217355374806], [-87.890625, 42.0873976476848], [-87.9491072783299, 42.0738127221], [-87.9609375, 42.070523990101904], [-88.03125, 42.05110912555322], [-88.07756784631937, 42.0035139548], [-88.1015625, 41.98041580429651], [-88.15156033752356, 41.9332151874], [-88.171875, 41.924771791869034], [-88.2421875, 41.92945153885148], [-88.3125, 41.932674948897706], [-88.3828125, 41.915741843026844], [-88.453125, 41.89842722412408], [-88.5234375, 41.88807217492736], [-88.59375, 41.87802164230548], [-88.6640625, 41.86800367274354], [-88.68852519542251, 41.8629164201], [-88.734375, 41.84949453556079], [-88.8046875, 41.82271289774204], [-88.85770506160132, 41.7926176527], [-88.875, 41.78206023710893], [-88.9453125, 41.73263455530458], [-88.95983921497165, 41.7223188853], [-89.015625, 41.69148127803089], [-89.0698000708123, 41.652020118], [-89.0859375, 41.64335980604657], [-89.15625, 41.607334568962614], [-89.19719657363514, 41.5817213506], [-89.2265625, 41.56655821708184], [-89.296875, 41.55782277870072], [-89.3671875, 41.551635368961], [-89.4375, 41.55710718409598], [-89.50781249999999, 41.562732446233795], [-89.578125, 41.56614297002433], [-89.61671251782938, 41.5817213506], [-89.6484375, 41.628514407469396], [-89.65739804173067, 41.652020118], [-89.6484375, 41.675760914987954], [-89.62927410004924, 41.7223188853], [-89.59322939738803, 41.7926176527], [-89.578125, 41.84693790380416], [-89.57467091286834, 41.8629164201], [-89.578125, 41.87778526764476], [-89.59390261496235, 41.9332151874], [-89.62865167313728, 42.0035139548], [-89.6484375, 42.03876644256948], [-89.66749077624164, 42.0738127221], [-89.71550904995267, 42.1441114894], [-89.71875, 42.14924944423383], [-89.75742677214316, 42.2144102568], [-89.77789252200543, 42.28470902410001], [-89.77931043852699, 42.3550077914], [-89.77860645340448, 42.4253065587], [-89.78081845153469, 42.495605326], [-89.71875, 42.56256088574579], [-89.71549188155575, 42.5659040933], [-89.6484375, 42.608245951965614], [-89.59318380796958, 42.636202860599994], [-89.578125, 42.661295945445055], [-89.56099827463306, 42.7065016279], [-89.578125, 42.72191267176363], [-89.64714022257903, 42.7768003952], [-89.6484375, 42.777596812494224], [-89.71875, 42.82788268027747], [-89.75406926935105, 42.8470991625], [-89.7890625, 42.875925989428055], [-89.84073059946422, 42.9173979298], [-89.859375, 42.959898931525004], [-89.89694695062106, 42.987696697], [-89.8613433068984, 43.0579954643], [-89.85937499999999, 43.05883522410884], [-89.7890625, 43.1135470084416], [-89.77513183144517, 43.1282942316], [-89.71875, 43.17834541197384], [-89.70403960697588, 43.198592998799995], [-89.71118692312508, 43.2688917661], [-89.71875, 43.27621828426263], [-89.7890625, 43.33807284987645], [-89.7902884769297, 43.33919053329999], [-89.859375, 43.379091385128746], [-89.92318970621052, 43.4094893005], [-89.9296875, 43.41300128175894], [-90.0, 43.45115933525095], [-90.05327064330446, 43.4797880678], [-90.0703125, 43.494122054113454], [-90.140625, 43.54847054367901], [-90.14267149094545, 43.550086834999995], [-90.2109375, 43.61448069937797], [-90.21731694354189, 43.6203856022], [-90.28125, 43.681956137518036], [-90.2899799369341, 43.6906843694], [-90.3515625, 43.74707221039027], [-90.36907247285357, 43.7609831366], [-90.421875, 43.79607878358732], [-90.4921875, 43.828794954472784], [-90.49756453383777, 43.831281903800004], [-90.5625, 43.86625641842684], [-90.61274155570544, 43.901580671], [-90.6328125, 43.92128611784316], [-90.68041382560071, 43.9718794382], [-90.703125, 43.99375205739503], [-90.75340771571045, 44.0421782054], [-90.7734375, 44.05836348449908], [-90.83794456568927, 44.1124769726], [-90.84375, 44.118329051065494], [-90.90847561954348, 44.1827757397], [-90.9140625, 44.18996595887904], [-90.96900105437238, 44.25307450689999], [-90.984375, 44.26934961676157], [-91.04998795200646, 44.323373274], [-91.0546875, 44.32663513107977], [-91.125, 44.374709424872194], [-91.15454619546509, 44.3936720412], [-91.1953125, 44.41447576119283], [-91.26562499999999, 44.44533134720341], [-91.3313418547687, 44.463970808300004], [-91.3359375, 44.4649947084178], [-91.40625, 44.474113395797254], [-91.4765625, 44.471982244861806], [-91.546875, 44.46644110484924], [-91.56373449336984, 44.4639708083], [-91.6171875, 44.45633618139113], [-91.6875, 44.454567671352464], [-91.7578125, 44.4599087547809], [-91.78104369132724, 44.4639708083], [-91.828125, 44.47252935453827], [-91.8984375, 44.4928429793822], [-91.96875, 44.512579212088795], [-92.03747492208196, 44.5342695755], [-92.0390625, 44.53495324716694], [-92.109375, 44.56399474184889], [-92.1796875, 44.594544484962036], [-92.20219300299738, 44.6045683426], [-92.25, 44.632353142552184], [-92.3203125, 44.668686486925914], [-92.3360095127331, 44.6748671097], [-92.390625, 44.69732552513449], [-92.4609375, 44.71615542199275], [-92.53125, 44.73306941150886], [-92.57533612901429, 44.7451658768], [-92.6015625, 44.75616674997114], [-92.671875, 44.791566725207424], [-92.7113971075805, 44.815464644], [-92.7421875, 44.84624902267544], [-92.8125, 44.87970579898961], [-92.8828125, 44.88304046636766], [-92.95312500000001, 44.8753687208275], [-93.0234375, 44.85022676759469], [-93.09375, 44.81877617753431], [-93.09923733962114, 44.815464644], [-93.14393926176247, 44.7451658768], [-93.1640625, 44.72452172159494], [-93.22175336942621, 44.6748671097], [-93.234375, 44.66807744442699], [-93.3046875, 44.61806378194898], [-93.375, 44.606629993370944], [-93.44416056800863, 44.6748671097], [-93.4242737326694, 44.7451658768], [-93.39771889860228, 44.815464644], [-93.4453125, 44.84859305498097], [-93.515625, 44.8738418014718], [-93.5859375, 44.884588722759084], [-93.60372889854291, 44.8857634111], [-93.65625, 44.889402821431894], [-93.7265625, 44.889302379900116], [-93.796875, 44.89370202580981], [-93.8671875, 44.895871750276065], [-93.9375, 44.89239215668277], [-94.0078125, 44.88767300235894], [-94.01569515740483, 44.8857634111], [-94.078125, 44.852735259609844], [-94.13793047028581, 44.815464644], [-94.1484375, 44.80908825653406], [-94.21875, 44.755542078401994], [-94.23218979443135, 44.7451658768], [-94.26944646969994, 44.6748671097], [-94.2890625, 44.64812321477409], [-94.359375, 44.622669729039785], [-94.41336080578647, 44.6045683426], [-94.4296875, 44.60054238371216], [-94.4449072680461, 44.604568342600004], [-94.5, 44.62414560165243], [-94.5703125, 44.64537575375478], [-94.640625, 44.646896090410195], [-94.7109375, 44.64766536340734], [-94.78125, 44.67336973628925], [-94.78497752693791, 44.674867109699996], [-94.8515625, 44.71647457835401], [-94.87531166248502, 44.7451658768], [-94.91587798651115, 44.815464644], [-94.921875, 44.83499952928087], [-94.93461980577622, 44.8857634111], [-94.957104891844, 44.9560621782], [-94.98019318127733, 45.0263609453], [-94.9921875, 45.06168515760094], [-95.00336211309839, 45.09665971230001], [-95.03055001249268, 45.1669584794], [-95.05410330789243, 45.2372572465], [-95.0625, 45.256162159152645], [-95.08494636602815, 45.3075560136], [-95.11923930838151, 45.3778547806], [-95.1328125, 45.4117268539177], [-95.14589934996758, 45.4481535477], [-95.16085555858274, 45.5184523147], [-95.16715635181107, 45.5887510817], [-95.1658195682715, 45.6590498488], [-95.1541812457832, 45.7293486158], [-95.13625159341345, 45.7996473828], [-95.1328125, 45.81296024388094], [-95.1192583184959, 45.8699461498], [-95.100963893906, 45.9402449168], [-95.07562778019125, 46.01054368380001], [-95.0625, 46.037738362380125], [-95.03971429470784, 46.0808424508], [-94.9921875, 46.14427949753909], [-94.98696732897409, 46.1511412178], [-94.921875, 46.21910742499675], [-94.91958809001851, 46.2214399848], [-94.8515625, 46.28401130802602], [-94.84329222317966, 46.2917387517], [-94.84912119922886, 46.3620375187], [-94.81179087469872, 46.4323362857], [-94.80088613912574, 46.5026350526], [-94.81003280930275, 46.5729338195], [-94.78125, 46.63787347659861], [-94.7109375, 46.64095541014948], [-94.640625, 46.64181086239251], [-94.63755689712202, 46.6432325865], [-94.640625, 46.65597732794818], [-94.65405688759733, 46.7135313534], [-94.640625, 46.741803476960236], [-94.6099072074447, 46.7838301203], [-94.64062499999999, 46.852273420110265], [-94.64136874950769, 46.8541288872], [-94.640625, 46.85520526425991], [-94.6083267579049, 46.9244276541], [-94.58834175040234, 46.99472642100001], [-94.5703125, 47.00439476725274], [-94.5, 47.02025783466651], [-94.4296875, 47.01953878218885], [-94.359375, 47.03427397328343], [-94.2890625, 47.06153490774483], [-94.28272945267375, 47.0650251879], [-94.26847951943608, 47.1353239548], [-94.21875, 47.16696384797472], [-94.17688670654297, 47.2056227217], [-94.21875, 47.25245615985902], [-94.25334524601064, 47.2759214885], [-94.21875000000001, 47.28420552041328], [-94.1484375, 47.29402223850854], [-94.078125, 47.30820228663396], [-94.0078125, 47.3390500005529], [-93.99856284034128, 47.3462202554], [-93.95022783682529, 47.4165190222], [-93.9375, 47.441792978358535], [-93.91623822813591, 47.4868177891], [-93.88785549626255, 47.55711655590001], [-93.8671875, 47.60664439209416], [-93.85925521402088, 47.6274153227], [-93.8365497952827, 47.6977140895], [-93.8117290184926, 47.7680128564], [-93.796875, 47.79872349876063], [-93.77795307932351, 47.8383116232], [-93.73313279980127, 47.9086103899], [-93.7265625, 47.91832111464387], [-93.68949347795339, 47.9789091567], [-93.65625, 48.03730683260023], [-93.64945711309718, 48.0492079235], [-93.61053196524055, 48.1195066903], [-93.5859375, 48.15987290682135], [-93.56813202038163, 48.189805457], [-93.52949664704718, 48.2601042238], [-93.515625, 48.283888502787406], [-93.488424691129, 48.3304029905], [-93.4453125, 48.39235445071253], [-93.43959435010906, 48.4007017573], [-93.38156473507182, 48.471000524], [-93.375, 48.47813294766939], [-93.31162508527581, 48.5412992907], [-93.3046875, 48.547946511858925], [-93.234375, 48.6115524929418], [-93.2343217304695, 48.6115980574], [-93.1640625, 48.66987866409361], [-93.14897470299394, 48.6818968241], [-93.09375, 48.727645506809104], [-93.06215362334648, 48.7521955908], [-93.0234375, 48.783253780864754], [-92.97063931387125, 48.8224943575], [-92.953125, 48.83574584579409], [-92.8828125, 48.88525092815492], [-92.8712809938126, 48.8927931242], [-92.8125, 48.934613447463235], [-92.77004020210937, 48.9630918908], [-92.7421875, 48.98213124503604], [-92.671875, 49.02609084125227], [-92.65989348749031, 49.03339065750001], [-92.6015625, 49.07142517384735], [-92.54883626403566, 49.1036894241], [-92.53125, 49.11597056377461], [-92.4609375, 49.16483900219376], [-92.44771384510966, 49.1739881908], [-92.390625, 49.217272085961426], [-92.35439685203487, 49.2442869574], [-92.3203125, 49.27080828923388], [-92.27142527388689, 49.314585724], [-92.25, 49.33385536001256], [-92.19563738389093, 49.3848844907], [-92.1796875, 49.398935942677205], [-92.11554258243032, 49.4551832573], [-92.109375, 49.4600888535424], [-92.0390625, 49.51195409795433], [-92.01736827266953, 49.525482023799995], [-91.96875, 49.55644633734191], [-91.90092705921347, 49.5957807904], [-91.8984375, 49.59734727251827], [-91.828125, 49.639186598025034], [-91.78145383809454, 49.666079557], [-91.7578125, 49.67980703384933], [-91.6875, 49.71840835371633], [-91.65195847933269, 49.73637832360001], [-91.6171875, 49.753130640652145], [-91.546875, 49.786497089849014], [-91.5019493586579, 49.8066770901], [-91.4765625, 49.818333954037755], [-91.40625, 49.85061934106871], [-91.34212695186451, 49.8769758567], [-91.3359375, 49.879446698691154], [-91.265625, 49.90669935189046], [-91.1953125, 49.930062416520386], [-91.14011040378801, 49.9472746232], [-91.125, 49.95203450519182], [-91.0546875, 49.9728919832622], [-90.984375, 49.99320263794091], [-90.9140625, 50.01408814969747], [-90.90282137951948, 50.0175733898], [-90.84375, 50.03868313787774], [-90.7734375, 50.06418437068937], [-90.71118190192759, 50.0878721563], [-90.70312499999999, 50.09162067616842], [-90.6328125, 50.12545010657789], [-90.57396367733372, 50.1581709228], [-90.5625, 50.16539230029199], [-90.4921875, 50.209205889033626], [-90.46295396314707, 50.2284696893], [-90.421875, 50.25341331735321], [-90.3515625, 50.29251740525539], [-90.34079178520092, 50.2987684558], [-90.28125, 50.32997591704274], [-90.2109375, 50.366120190836476], [-90.20504228082002, 50.3690672223], [-90.140625, 50.399760096659065], [-90.0703125, 50.43185699430759], [-90.05166809946422, 50.4393659887], [-90.0, 50.46047355853937], [-89.9296875, 50.48838597713403], [-89.86478503529635, 50.5096647552], [-89.859375, 50.51161584907916], [-89.7890625, 50.53974058282954], [-89.71875, 50.56485161264007], [-89.67844379860526, 50.57996352159999], [-89.6484375, 50.59318051557512], [-89.578125, 50.62494842331087], [-89.51531859446098, 50.650262288099995], [-89.5078125, 50.653647238622895], [-89.4375, 50.69221764976558], [-89.3730161612045, 50.7205610545], [-89.3671875, 50.72341453161802], [-89.296875, 50.7635914377645], [-89.2395302357497, 50.7908598209], [-89.2265625, 50.79816151948071], [-89.15625, 50.83833829141403], [-89.11144584677686, 50.8611585874], [-89.0859375, 50.87686788894863], [-89.015625, 50.916456663147464], [-88.98981879740523, 50.9314573538], [-88.9453125, 50.95956958827873], [-88.875, 50.9956406183999], [-88.86399697781833, 51.0017561202], [-88.8046875, 51.036263923783636], [-88.734375, 51.06948104338021], [-88.72860431177709, 51.0720548865], [-88.6640625, 51.10145807579525], [-88.59375, 51.128521352537035], [-88.55462292067159, 51.1423536529], [-88.5234375, 51.15402311800484], [-88.453125, 51.18058619263057], [-88.3828125, 51.20329763876436], [-88.35529302509072, 51.2126524193], [-88.31250000000001, 51.22842126783324], [-88.2421875, 51.251785636911535], [-88.171875, 51.27416741072402], [-88.14318491876473, 51.2829511856], [-88.1015625, 51.296539531736684], [-88.03125, 51.31916800767481], [-87.9609375, 51.3425223112684], [-87.92618592888083, 51.353249952], [-87.890625, 51.36525052974893], [-87.8203125, 51.39126096375034], [-87.75, 51.41558997135384], [-87.72812201343805, 51.4235487183], [-87.6796875, 51.44319763686552], [-87.609375, 51.471860609494065], [-87.5527441200684, 51.4938474846], [-87.5390625, 51.49944341446053], [-87.46875, 51.52805437270833], [-87.3984375, 51.55441024229914], [-87.37172408970298, 51.5641462509], [-87.328125, 51.580562061896046], [-87.2578125, 51.60593864712576], [-87.1875, 51.63019189930332], [-87.17482929704498, 51.6344450172], [-87.1171875, 51.653793380071335], [-87.046875, 51.67619350746469], [-86.9765625, 51.69636109663341], [-86.94646144340311, 51.7047437835], [-86.90625, 51.716150394431665], [-86.8359375, 51.735412024244326], [-86.765625, 51.754076142060455], [-86.6953125, 51.77183249432858], [-86.68176648660831, 51.7750425498], [-86.625, 51.788901424395874], [-86.5546875, 51.80578146347034], [-86.484375, 51.82061760590162], [-86.4140625, 51.835709770709244], [-86.36753737338319, 51.845341316], [-86.34375, 51.850560462456535], [-86.2734375, 51.86599759228649], [-86.203125, 51.881364184804525], [-86.1328125, 51.89523639907973], [-86.0625, 51.9103568256788], [-86.03275455906075, 51.9156400823], [-85.9921875, 51.923036164786]]}}, {"type": "Feature", "properties": {"level_in": 0.25}, "geometry": {"type": "LineString", "coordinates": [[-117.42187500000001, 51.799664500363164], [-117.4668374801187, 51.775042549800006], [-117.421875, 51.74752836171369], [-117.3995907080429, 51.7750425498], [-117.421875, 51.79966450036316]]}}, {"type": "Feature", "properties": {"level_in": 0.25}, "geometry": {"type": "LineString", "coordinates": [[-124.59374999999999, 51.7100604222534], [-124.57749596934498, 51.7047437835], [-124.56606580571778, 51.63444501720001], [-124.59375, 51.62295865472269], [-124.66406250000001, 51.60239804568826], [-124.734375, 51.61229214858088], [-124.76767512813737, 51.6344450172], [-124.734375, 51.661693890068804], [-124.6640625, 51.68669128990431], [-124.61811015544697, 51.70474378350001], [-124.59374999999999, 51.7100604222534]]}}, {"type": "Feature", "properties": {"level_in": 0.25}, "geometry": {"type": "LineString", "coordinates": [[-119.953125, 51.587504982628715], [-119.8828125, 51.60602161615819], [-119.8125, 51.60662135211804], [-119.7421875, 51.60628710165017], [-119.67187500000001, 51.59421630147882], [-119.60426883166541, 51.5641462509], [-119.6015625, 51.54966624945428], [-119.58702731874098, 51.4938474846], [-119.60156250000001, 51.47544653511694], [-119.64615169202075, 51.423548718300005], [-119.671875, 51.39807192117743], [-119.72193499898505, 51.353249952], [-119.7421875, 51.34392609023392], [-119.8125, 51.32967064733121], [-119.8828125, 51.32523222598921], [-119.953125, 51.346483368253715], [-119.97034574372937, 51.353249952], [-120.0234375, 51.39250657992005], [-120.05592980235579, 51.4235487183], [-120.07922755621571, 51.4938474846], [-120.0234375, 51.53837573654704], [-119.98655540969821, 51.5641462509], [-119.953125, 51.587504982628715]]}}, {"type": "Feature", "properties": {"level_in": 0.25}, "geometry": {"type": "LineString", "coordinates": [[-117.07031250000001, 51.50724484184706], [-117.07664490751876, 51.4938474846], [-117.0703125, 51.49192342236958], [-117.06231471679688, 51.4938474846], [-117.0703125, 51.507244841847054]]}}, {"type": "Feature", "properties": {"level_in": 0.25}, "geometry": {"type": "LineString", "coordinates": [[-124.3828125, 51.33003311746528], [-124.37979725842752, 51.2829511856], [-124.3828125, 51.28146347156865], [-124.38624832248954, 51.2829511856], [-124.3828125, 51.33003311746528]]}}, {"type": "Feature", "properties": {"level_in": 0.25}, "geometry": {"type": "LineString", "coordinates": [[-116.578125, 51.003114042345864], [-116.57835297001812, 51.0017561202], [-116.578125, 51.001591546983114], [-116.5078125, 50.99060818669233], [-116.4375, 51.00156268143898], [-116.43728649046282, 51.0017561202], [-116.4375, 51.001887128033815], [-116.5078125, 51.02101271241765], [-116.578125, 51.003114042345864]]}}, {"type": "Feature", "properties": {"level_in": 0.25}, "geometry": {"type": "LineString", "coordinates": [[-123.046875, 50.93169998818094], [-123.04749210502443, 50.9314573538], [-123.06482055258172, 50.8611585874], [-123.046875, 50.82839986008807], [-123.00840088214338, 50.8611585874], [-122.9765625, 50.8786662904281], [-122.90625, 50.8980019273982], [-122.8359375, 50.92881193426229], [-122.82825326088575, 50.9314573538], [-122.8359375, 50.93616107194506], [-122.90625, 50.955335342060124], [-122.9765625, 50.95710484685876], [-123.046875, 50.93169998818094]]}}, {"type": "Feature", "properties": {"level_in": 0.25}, "geometry": {"type": "LineString", "coordinates": [[-117.84375, 50.73923076305772], [-117.88625155496784, 50.7205610545], [-117.9140625, 50.697698179748784], [-117.93371042022943, 50.6502622881], [-117.9140625, 50.61452247198574], [-117.86585592298438, 50.57996352159999], [-117.84375, 50.54984071332527], [-117.83041748644412, 50.5799635216], [-117.7734375, 50.62190868883147], [-117.74132172856272, 50.6502622881], [-117.7734375, 50.71344646818869], [-117.78495184676946, 50.7205610545], [-117.84375, 50.73923076305772]]}}, {"type": "Feature", "properties": {"level_in": 0.25}, "geometry": {"type": "LineString", "coordinates": [[-122.5546875, 50.66757175769374], [-122.57932659773817, 50.65026228810001], [-122.5546875, 50.62652583627005], [-122.53142334903781, 50.6502622881], [-122.5546875, 50.66757175769374]]}}, {"type": "Feature", "properties": {"level_in": 0.25}, "geometry": {"type": "LineString", "coordinates": [[-119.6015625, 50.69857833373386], [-119.53125, 50.719608457255106], [-119.4609375, 50.70047017962027], [-119.43020684553684, 50.650262288099995], [-119.4609375, 50.60713700989176], [-119.53125, 50.58110847853186], [-119.53711972650785, 50.5799635216], [-119.6015625, 50.53539049374004], [-119.65541368638068, 50.57996352160001], [-119.6414479382588, 50.6502622881], [-119.6015625, 50.69857833373386]]}}, {"type": "Feature", "properties": {"level_in": 0.25}, "geometry": {"type": "LineString", "coordinates": [[-122.8359375, 50.545532187919235], [-122.89395325079182, 50.509664755200006], [-122.90625, 50.50363534420222], [-122.9765625, 50.469933077698734], [-123.02787602172737, 50.43936598869999], [-123.02544952996521, 50.3690672223], [-122.9765625, 50.3351159528253], [-122.90625, 50.33179210558631], [-122.83593749999999, 50.32106367247423], [-122.765625, 50.308779684115436], [-122.6953125, 50.35541385737681], [-122.6841986365111, 50.3690672223], [-122.64500062409668, 50.439365988700004], [-122.6663931322272, 50.5096647552], [-122.6953125, 50.56363706560097], [-122.76562499999999, 50.56160659049125], [-122.8359375, 50.545532187919235]]}}, {"type": "Feature", "properties": {"level_in": 0.25}, "geometry": {"type": "LineString", "coordinates": [[-117.984375, 50.44415246843676], [-117.98827806367646, 50.4393659887], [-118.02618523473274, 50.3690672223], [-118.03404013984562, 50.2987684558], [-117.984375, 50.233737597473], [-117.97867241703545, 50.2284696893], [-117.984375, 50.21408837258069], [-118.00377227624236, 50.1581709228], [-118.0546875, 50.10959718431256], [-118.07128252399625, 50.0878721563], [-118.08942411285399, 50.0175733898], [-118.125, 49.98393924674306], [-118.15389292050065, 49.9472746232], [-118.1953125, 49.908069483281636], [-118.21882761361469, 49.8769758567], [-118.19659618727924, 49.8066770901], [-118.20783105855567, 49.7363783236], [-118.2276766643975, 49.666079557], [-118.20893878482751, 49.5957807904], [-118.265625, 49.54517798347034], [-118.27910985115226, 49.5254820238], [-118.265625, 49.494735405589125], [-118.20741841146767, 49.45518325729999], [-118.1953125, 49.450668676132814], [-118.18466262641013, 49.4551832573], [-118.125, 49.518000275944715], [-118.12104615679239, 49.5254820238], [-118.09840385353405, 49.5957807904], [-118.12156911149309, 49.666079557], [-118.06367018382907, 49.7363783236], [-118.0546875, 49.75008311110563], [-118.04366887481596, 49.8066770901], [-117.984375, 49.85036529196375], [-117.95876735335099, 49.8769758567], [-117.9140625, 49.9280299327189], [-117.89578455998387, 49.9472746232], [-117.86448893049608, 50.0175733898], [-117.84375, 50.04141320022411], [-117.7734375, 50.08360586229069], [-117.76740990518753, 50.0878721563], [-117.703125, 50.14836804973643], [-117.68417906461842, 50.1581709228], [-117.6328125, 50.225438675285375], [-117.62970688017592, 50.2284696893], [-117.6328125, 50.23128592798225], [-117.70312499999999, 50.2980064551241], [-117.70424853343249, 50.2987684558], [-117.7734375, 50.36275738999352], [-117.77673197433332, 50.3690672223], [-117.83794822063314, 50.4393659887], [-117.84375, 50.45759237812945], [-117.9140625, 50.47891969882713], [-117.984375, 50.44415246843676]]}}, {"type": "Feature", "properties": {"level_in": 0.25}, "geometry": {"type": "LineString", "coordinates": [[-117.0, 50.449557315018026], [-117.01213687708737, 50.4393659887], [-117.0116408097565, 50.3690672223], [-117.0, 50.34698633089053], [-116.94853213712307, 50.2987684558], [-116.9296875, 50.285780006182705], [-116.89475934750587, 50.2987684558], [-116.87916162412833, 50.3690672223], [-116.9296875, 50.43488812794217], [-116.94508925254935, 50.4393659887], [-117.0, 50.449557315018026]]}}, {"type": "Feature", "properties": {"level_in": 0.25}, "geometry": {"type": "LineString", "coordinates": [[-120.375, 50.32239217060112], [-120.41294753437384, 50.2987684558], [-120.4453125, 50.27555535445657], [-120.515625, 50.2369490546582], [-120.525898334618, 50.2284696893], [-120.5859375, 50.15830635179137], [-120.58609681461887, 50.1581709228], [-120.5859375, 50.158026900581326], [-120.51562500000001, 50.11856413509029], [-120.4453125, 50.12757530413755], [-120.375, 50.14348524894066], [-120.33112130818233, 50.1581709228], [-120.30468749999999, 50.173171700678765], [-120.234375, 50.18158709538796], [-120.1921912957444, 50.1581709228], [-120.1640625, 50.15187800735594], [-120.09375, 50.146059847960274], [-120.03786339447635, 50.1581709228], [-120.0234375, 50.165356464153135], [-119.953125, 50.195435586907834], [-119.89860114059881, 50.2284696893], [-119.91528515979022, 50.2987684558], [-119.953125, 50.322184388934865], [-120.0234375, 50.32379235106299], [-120.09375, 50.30979517142649], [-120.12101491241111, 50.2987684558], [-120.1640625, 50.27860861412904], [-120.234375, 50.27967253336723], [-120.26283024712535, 50.2987684558], [-120.3046875, 50.31477036948593], [-120.375, 50.32239217060111]]}}, {"type": "Feature", "properties": {"level_in": 0.25}, "geometry": {"type": "LineString", "coordinates": [[-118.4765625, 50.299793896035204], [-118.4846363747616, 50.2987684558], [-118.4765625, 50.29730768723221], [-118.4754725518775, 50.2987684558], [-118.4765625, 50.299793896035204]]}}, {"type": "Feature", "properties": {"level_in": 0.25}, "geometry": {"type": "LineString", "coordinates": [[-123.46875, 50.05312702634171], [-123.43462957078751, 50.0175733898], [-123.3984375, 49.98361029933358], [-123.38524298723881, 49.9472746232], [-123.3984375, 49.90653100574423], [-123.40740872774192, 49.8769758567], [-123.46875, 49.808719014269826], [-123.47187579196304, 49.8066770901], [-123.4928731800434, 49.7363783236], [-123.5390625, 49.70765153432179], [-123.57856342643582, 49.7363783236], [-123.609375, 49.75374898942343], [-123.66035456986705, 49.8066770901], [-123.6796875, 49.83682833964235], [-123.69677016936257, 49.8769758567], [-123.69951754872022, 49.9472746232], [-123.6796875, 49.9667089747086], [-123.609375, 50.00321556469988], [-123.5390625, 50.01538079820253], [-123.52378848967027, 50.01757338979999], [-123.46875, 50.05312702634171]]}}, {"type": "Feature", "properties": {"level_in": 0.25}, "geometry": {"type": "LineString", "coordinates": [[-117.3515625, 50.04887704572763], [-117.3828987411045, 50.0175733898], [-117.3515625, 50.000687952493166], [-117.32090015843403, 50.0175733898], [-117.3515625, 50.04887704572762]]}}, {"type": "Feature", "properties": {"level_in": 0.25}, "geometry": {"type": "LineString", "coordinates": [[-116.859375, 50.072130017350965], [-116.87723171812809, 50.01757338979999], [-116.859375, 49.99341867844281], [-116.82712745957363, 50.0175733898], [-116.859375, 50.072130017350965]]}}, {"type": "Feature", "properties": {"level_in": 0.25}, "geometry": {"type": "LineString", "coordinates": [[-112.28906249999999, 49.879113080093845], [-112.21875, 49.88682243041729], [-112.19845671151728, 49.8769758567], [-112.21875, 49.86109185594537], [-112.28906249999999, 49.874866791329104], [-112.29710819849048, 49.8769758567], [-112.28906249999999, 49.879113080093845]]}}, {"type": "Feature", "properties": {"level_in": 0.25}, "geometry": {"type": "LineString", "coordinates": [[-116.859375, 49.81993736158353], [-116.8732939591188, 49.8066770901], [-116.88360282711886, 49.73637832360001], [-116.9296875, 49.68955696418037], [-116.96133831688584, 49.666079557], [-116.95243840666623, 49.5957807904], [-116.9296875, 49.57870743497559], [-116.859375, 49.54577282842014], [-116.79615018091995, 49.5957807904], [-116.7890625, 49.60103318903602], [-116.72368619465203, 49.666079557], [-116.75893351279723, 49.7363783236], [-116.7890625, 49.76797979165755], [-116.84068167525692, 49.806677090099996], [-116.859375, 49.81993736158353]]}}, {"type": "Feature", "properties": {"level_in": 0.25}, "geometry": {"type": "LineString", "coordinates": [[-120.515625, 49.53803049654928], [-120.5442200835191, 49.5254820238], [-120.53806494772263, 49.4551832573], [-120.515625, 49.44046228971909], [-120.4453125, 49.4277237665799], [-120.375, 49.43313358224856], [-120.34731324023505, 49.4551832573], [-120.36738656477887, 49.5254820238], [-120.375, 49.532682750777774], [-120.4453125, 49.555760134561346], [-120.515625, 49.53803049654928]]}}, {"type": "Feature", "properties": {"level_in": 0.25}, "geometry": {"type": "LineString", "coordinates": [[-119.0390625, 49.57261888337305], [-119.08032538380908, 49.5254820238], [-119.0390625, 49.466257312182805], [-119.02287035976627, 49.45518325729999], [-118.96875, 49.42038947605767], [-118.9461322330577, 49.4551832573], [-118.9187371829335, 49.525482023799995], [-118.96875, 49.57085403696325], [-119.03906249999999, 49.57261888337305]]}}, {"type": "Feature", "properties": {"level_in": 0.25}, "geometry": {"type": "LineString", "coordinates": [[-112.71093749999999, 49.455446409573476], [-112.640625, 49.482566520453304], [-112.57322750532084, 49.4551832573], [-112.5703125, 49.42815795212887], [-112.5677934928972, 49.3848844907], [-112.53676875920385, 49.314585724], [-112.5306604719697, 49.2442869574], [-112.5, 49.199837935204656], [-112.49031655793482, 49.1739881908], [-112.45231311102256, 49.1036894241], [-112.4296875, 49.047719400122865], [-112.42632150104215, 49.0333906575], [-112.4296875, 49.0192081448721], [-112.44316902343508, 48.9630918908], [-112.4594755451937, 48.8927931242], [-112.46219812501016, 48.8224943575], [-112.5, 48.766717040760625], [-112.50816785795682, 48.7521955908], [-112.56759139575169, 48.6818968241], [-112.56816986496025, 48.6115980574], [-112.55072780817792, 48.5412992907], [-112.5634923578835, 48.471000524], [-112.5703125, 48.46512623889751], [-112.63374755276277, 48.4007017573], [-112.640625, 48.3820380560514], [-112.66083683537948, 48.330402990500005], [-112.6989862873435, 48.2601042238], [-112.7109375, 48.20463882697402], [-112.7177566569009, 48.189805457], [-112.75479683391407, 48.1195066903], [-112.77952094876463, 48.0492079235], [-112.74473284111568, 47.9789091567], [-112.73265138564727, 47.9086103899], [-112.75039159097898, 47.8383116232], [-112.78125, 47.78799764072031], [-112.80374248829881, 47.768012856400006], [-112.8515625, 47.70295231875754], [-112.85547803694729, 47.6977140895], [-112.91847128197425, 47.6274153227], [-112.8515625, 47.574872712289334], [-112.83574249464851, 47.55711655590001], [-112.78988107646626, 47.4868177891], [-112.7976792317241, 47.4165190222], [-112.81517429966519, 47.3462202554], [-112.78125, 47.33345884297313], [-112.71093749999999, 47.291911193242726], [-112.68918463348484, 47.2759214885], [-112.67632746407664, 47.20562272170001], [-112.69249086322603, 47.13532395480001], [-112.7109375, 47.1247850789907], [-112.78125, 47.108765896112956], [-112.8515625, 47.102213263699326], [-112.921875, 47.11639613742848], [-112.9921875, 47.12722052614452], [-113.02228544878236, 47.1353239548], [-113.0625, 47.15292954373027], [-113.1328125, 47.17654507306263], [-113.203125, 47.18954654471974], [-113.26131245965269, 47.2056227217], [-113.2734375, 47.20843626991079], [-113.34375, 47.23249761421958], [-113.4033554538737, 47.2759214885], [-113.4140625, 47.31558538110666], [-113.42587315348266, 47.346220255400006], [-113.47310716013183, 47.4165190222], [-113.484375, 47.43790073908178], [-113.50170041470201, 47.4868177891], [-113.49011946515827, 47.5571165559], [-113.53013860614705, 47.6274153227], [-113.484375, 47.63949662360331], [-113.4140625, 47.64994066307115], [-113.3928918551266, 47.6274153227], [-113.34375, 47.58723312955483], [-113.30983004964332, 47.55711655590001], [-113.2734375, 47.531158656525555], [-113.23269060006504, 47.4868177891], [-113.203125, 47.465477334310215], [-113.1328125, 47.470181495448344], [-113.0625, 47.48418863944569], [-113.06011069820796, 47.4868177891], [-113.0625, 47.49323690862237], [-113.12046049660418, 47.55711655590001], [-113.1328125, 47.56620991096261], [-113.1893888305163, 47.6274153227], [-113.203125, 47.642275386993205], [-113.2734375, 47.68205600399854], [-113.33300578552674, 47.69771408950001], [-113.2734375, 47.73741851173229], [-113.2481753008133, 47.7680128564], [-113.2734375, 47.78812968655569], [-113.29374469365328, 47.8383116232], [-113.2734375, 47.88237171440136], [-113.25370378251657, 47.9086103899], [-113.2734375, 47.955026558052566], [-113.28379179272179, 47.978909156700006], [-113.2734375, 48.00811872758257], [-113.25531430728564, 48.0492079235], [-113.23182328137486, 48.1195066903], [-113.20393355765265, 48.189805457000006], [-113.2497936918521, 48.2601042238], [-113.203125, 48.27383799137908], [-113.1328125, 48.270946353522845], [-113.0625, 48.26491980009763], [-112.9921875, 48.28825925130534], [-112.93615013824484, 48.3304029905], [-112.921875, 48.35585367457576], [-112.90266982666428, 48.4007017573], [-112.87553238970017, 48.471000524], [-112.86644323055033, 48.5412992907], [-112.85297442046758, 48.6115980574], [-112.87865024324086, 48.6818968241], [-112.85255559388776, 48.7521955908], [-112.8515625, 48.75383203788556], [-112.8268940737673, 48.8224943575], [-112.84050967166874, 48.8927931242], [-112.83701100809657, 48.9630918908], [-112.78125, 49.015125333301135], [-112.76346418708759, 49.0333906575], [-112.78125000000001, 49.08440757674421], [-112.78818899640596, 49.10368942409999], [-112.80094109810953, 49.1739881908], [-112.80676844667678, 49.2442869574], [-112.8515625, 49.29001019854997], [-112.86875972539828, 49.314585724], [-112.8515625, 49.32674614907504], [-112.79106175144656, 49.3848844907], [-112.78125, 49.405563176833105], [-112.71137125974924, 49.4551832573], [-112.71093749999999, 49.455446409573476]]}}, {"type": "Feature", "properties": {"level_in": 0.25}, "geometry": {"type": "LineString", "coordinates": [[-115.6640625, 48.92703458411009], [-115.68826839610124, 48.8927931242], [-115.734375, 48.83790395544911], [-115.75512757766565, 48.8224943575], [-115.734375, 48.79151888295617], [-115.6640625, 48.79895006234456], [-115.59375, 48.81857065489431], [-115.58752869655092, 48.8224943575], [-115.59375, 48.84412402468355], [-115.6115570547093, 48.892793124200004], [-115.6640625, 48.92703458411009]]}}, {"type": "Feature", "properties": {"level_in": 0.25}, "geometry": {"type": "LineString", "coordinates": [[-118.40625, 48.87264162005615], [-118.36192775961234, 48.8224943575], [-118.3359375, 48.81599805952565], [-118.27733395735535, 48.7521955908], [-118.27623605362376, 48.6818968241], [-118.2873232795935, 48.6115980574], [-118.3359375, 48.550118027641204], [-118.34394868922213, 48.5412992907], [-118.34764773667925, 48.47100052399999], [-118.37282557700938, 48.4007017573], [-118.38598632260036, 48.3304029905], [-118.3925413499528, 48.2601042238], [-118.40625, 48.223875171452946], [-118.4765625, 48.20910172450279], [-118.546875, 48.21261487980145], [-118.6171875, 48.22365624219681], [-118.67271642784235, 48.2601042238], [-118.6875, 48.298072949562524], [-118.70302715171346, 48.3304029905], [-118.6875, 48.37052413908792], [-118.68296429503182, 48.4007017573], [-118.6875, 48.43342522059422], [-118.69705291459736, 48.471000524], [-118.6875, 48.49324364315303], [-118.66603024692839, 48.5412992907], [-118.66399695345162, 48.6115980574], [-118.65999506023851, 48.6818968241], [-118.6171875, 48.704866594505795], [-118.56552923483287, 48.7521955908], [-118.546875, 48.773617555015804], [-118.4765625, 48.81017342322004], [-118.42522705374233, 48.8224943575], [-118.40625, 48.87264162005615]]}}, {"type": "Feature", "properties": {"level_in": 0.25}, "geometry": {"type": "LineString", "coordinates": [[-115.1015625, 48.68467500934744], [-115.09660273226923, 48.681896824099994], [-115.08964396432044, 48.6115980574], [-115.1015625, 48.548128449684164], [-115.12559565697508, 48.5412992907], [-115.17187500000001, 48.53972784624452], [-115.17350625609107, 48.5412992907], [-115.2421875, 48.59603349598487], [-115.266592830719, 48.6115980574], [-115.2421875, 48.64295559368611], [-115.171875, 48.669614335959764], [-115.13060865151854, 48.6818968241], [-115.1015625, 48.68467500934744]]}}, {"type": "Feature", "properties": {"level_in": 0.25}, "geometry": {"type": "LineString", "coordinates": [[-116.2265625, 48.566780519281124], [-116.15625, 48.57322543621538], [-116.0859375, 48.569045997329575], [-116.0446805756339, 48.5412992907], [-116.0357562329248, 48.471000524], [-116.015625, 48.44414465108196], [-115.98391524917143, 48.4007017573], [-115.9453125, 48.34883875579558], [-115.91317165349263, 48.3304029905], [-115.875, 48.305567932505596], [-115.8046875, 48.28386217006784], [-115.734375, 48.26863747626077], [-115.71663518555371, 48.2601042238], [-115.6640625, 48.22470010215093], [-115.6289457627544, 48.189805457000006], [-115.59375, 48.15180381064509], [-115.56607780186454, 48.1195066903], [-115.56001765156651, 48.0492079235], [-115.59375, 48.009205126605636], [-115.6640625, 48.01541572212282], [-115.734375, 48.02521444005402], [-115.78562068790961, 48.0492079235], [-115.8046875, 48.059726081757596], [-115.875, 48.10698151440451], [-115.89743440818276, 48.11950669029999], [-115.9453125, 48.135029926302494], [-116.015625, 48.12209164640361], [-116.02904451142054, 48.1195066903], [-116.0859375, 48.09573960427984], [-116.11511652864228, 48.1195066903], [-116.15625, 48.12846623096278], [-116.22656250000001, 48.171220047076886], [-116.24220319376758, 48.189805457], [-116.26632792288271, 48.2601042238], [-116.29660069926416, 48.3304029905], [-116.296875, 48.331082004738256], [-116.32979541160233, 48.4007017573], [-116.32536066878356, 48.471000524], [-116.296875, 48.517696795518], [-116.2843243876668, 48.5412992907], [-116.2265625, 48.566780519281124]]}}, {"type": "Feature", "properties": {"level_in": 0.25}, "geometry": {"type": "LineString", "coordinates": [[-113.2734375, 48.402824503621744], [-113.26721474228151, 48.4007017573], [-113.2734375, 48.38984715566536], [-113.2810157065054, 48.4007017573], [-113.2734375, 48.402824503621744]]}}, {"type": "Feature", "properties": {"level_in": 0.25}, "geometry": {"type": "LineString", "coordinates": [[-123.9609375, 47.99345415657082], [-123.890625, 48.00616376452469], [-123.8203125, 48.00753513981344], [-123.75, 48.00518745327561], [-123.6796875, 48.00405511607125], [-123.609375, 48.005611489003485], [-123.5390625, 48.00827326268467], [-123.46875, 48.01006016627705], [-123.3984375, 48.00919191818524], [-123.328125, 48.008537812384475], [-123.2578125, 48.00776278989793], [-123.1875, 48.006740007825556], [-123.12854312393422, 47.9789091567], [-123.1171875, 47.97243783998839], [-123.046875, 47.93034710769205], [-123.01000805388063, 47.9086103899], [-123.01850595160508, 47.8383116232], [-123.046875, 47.78719869645745], [-123.07346567079793, 47.7680128564], [-123.11459645602372, 47.69771408950001], [-123.1171875, 47.696474239203035], [-123.18509768535341, 47.62741532270001], [-123.1875, 47.62379996844566], [-123.25199950661404, 47.5571165559], [-123.2578125, 47.55248584251508], [-123.328125, 47.51544056636751], [-123.38695430575676, 47.4868177891], [-123.3984375, 47.48029363760769], [-123.46621525333913, 47.4868177891], [-123.46875, 47.48719128858021], [-123.5390625, 47.51172824562938], [-123.56955949110466, 47.5571165559], [-123.609375, 47.57782363851889], [-123.67968750000001, 47.596877249518364], [-123.75, 47.62131148447331], [-123.76972207666125, 47.6274153227], [-123.8203125, 47.68300239398378], [-123.83122924950969, 47.6977140895], [-123.87009935037855, 47.7680128564], [-123.890625, 47.78898551874552], [-123.93671897071246, 47.8383116232], [-123.94572283352284, 47.90861038989999], [-123.9609375, 47.938852689225975], [-123.98409392761522, 47.9789091567], [-123.9609375, 47.99345415657082]]}}, {"type": "Feature", "properties": {"level_in": 0.25}, "geometry": {"type": "LineString", "coordinates": [[-116.296875, 47.98095188545287], [-116.2265625, 48.00631152515297], [-116.15625, 48.018652776871846], [-116.094255793474, 47.9789091567], [-116.0859375, 47.967320553113524], [-116.015625, 47.926414815632434], [-115.96341708494282, 47.9086103899], [-115.95463797101343, 47.8383116232], [-115.9453125, 47.83462764484411], [-115.875, 47.785222592168026], [-115.85299018323188, 47.7680128564], [-115.8046875, 47.705130989204136], [-115.79453793062368, 47.697714089499996], [-115.734375, 47.660637024532804], [-115.69967338408459, 47.6274153227], [-115.6640625, 47.59302098588792], [-115.6381710747022, 47.5571165559], [-115.59375, 47.49998880287109], [-115.58097879544727, 47.4868177891], [-115.54101394537147, 47.4165190222], [-115.5234375, 47.3998953925892], [-115.45821327772443, 47.3462202554], [-115.453125, 47.33168784665472], [-115.43337054116454, 47.2759214885], [-115.3828125, 47.21789309573196], [-115.37241948281984, 47.2056227217], [-115.3828125, 47.19104211888107], [-115.453125, 47.16573386321946], [-115.49819667143169, 47.1353239548], [-115.5234375, 47.08434740947879], [-115.5285773886384, 47.0650251879], [-115.5234375, 47.02833752063506], [-115.51711416673281, 46.99472642100001], [-115.49817204510524, 46.9244276541], [-115.5234375, 46.89372395843624], [-115.59375, 46.89797213859208], [-115.6640625, 46.90374879070485], [-115.72855134053573, 46.9244276541], [-115.734375, 46.92612205504434], [-115.8046875, 46.94124395980415], [-115.85666522104692, 46.9244276541], [-115.875, 46.917756420685905], [-115.9453125, 46.89194583375348], [-116.015625, 46.86988408172913], [-116.0809888081871, 46.85412888719999], [-116.0859375, 46.85206778413732], [-116.1270330870934, 46.8541288872], [-116.15625, 46.85514840033286], [-116.2265625, 46.866635809761576], [-116.296875, 46.90490931968921], [-116.3671875, 46.91988429261428], [-116.38452983807318, 46.9244276541], [-116.4375, 46.9744389496182], [-116.45442160978361, 46.994726421], [-116.4375, 47.04765520533755], [-116.3671875, 47.02375441142597], [-116.296875, 47.06086369156658], [-116.29420203807064, 47.0650251879], [-116.25548184735769, 47.1353239548], [-116.2265625, 47.15078214533318], [-116.15625, 47.183806152125854], [-116.0859375, 47.20108284940659], [-116.06640985544607, 47.2056227217], [-116.015625, 47.254112782358774], [-115.9453125, 47.252006817669475], [-115.875, 47.24508024023691], [-115.81853235052698, 47.27592148850001], [-115.875, 47.30797888162878], [-115.9453125, 47.32246160968073], [-116.015625, 47.31132523137373], [-116.0859375, 47.29620815691206], [-116.14344759579593, 47.2759214885], [-116.15625000000001, 47.273727589070354], [-116.16211343348957, 47.275921488499996], [-116.2265625, 47.31938960799141], [-116.2563378163729, 47.3462202554], [-116.296875, 47.36217946506183], [-116.36533215066075, 47.4165190222], [-116.296875, 47.462056587664854], [-116.22947888081787, 47.4868177891], [-116.2265625, 47.487715590732705], [-116.15625, 47.504183367818655], [-116.0859375, 47.498801876816145], [-116.015625, 47.495804111891694], [-115.9453125, 47.52166460302545], [-115.89049744024865, 47.55711655590001], [-115.875, 47.58243095084332], [-115.85468174518508, 47.6274153227], [-115.875, 47.6911431608338], [-115.87969263649619, 47.697714089499996], [-115.9453125, 47.72968909837792], [-116.015625, 47.733192525834816], [-116.0859375, 47.755717500489716], [-116.10288741435717, 47.7680128564], [-116.15625000000001, 47.82771945990093], [-116.19262210688876, 47.8383116232], [-116.2265625, 47.84941313027029], [-116.25507705403172, 47.8383116232], [-116.296875, 47.791948607579315], [-116.3101474068402, 47.7680128564], [-116.3671875, 47.74666608148018], [-116.4375, 47.726547479429364], [-116.5078125, 47.74518469400146], [-116.53614536194844, 47.768012856400006], [-116.51606612688849, 47.8383116232], [-116.5078125, 47.845623788393546], [-116.4375, 47.87949206452305], [-116.4018392692684, 47.9086103899], [-116.3671875, 47.92800125056837], [-116.30220659233237, 47.9789091567], [-116.296875, 47.98095188545287]]}}, {"type": "Feature", "properties": {"level_in": 0.25}, "geometry": {"type": "LineString", "coordinates": [[-117.0, 47.929321730883004], [-116.98921073732787, 47.9086103899], [-117.0, 47.88350574275318], [-117.01353946766008, 47.90861038989999], [-117.0, 47.929321730883004]]}}, {"type": "Feature", "properties": {"level_in": 0.25}, "geometry": {"type": "LineString", "coordinates": [[-115.3828125, 47.867268754802254], [-115.3125, 47.86502355296348], [-115.27228063515051, 47.8383116232], [-115.2421875, 47.7899756467484], [-115.22712849160268, 47.7680128564], [-115.2421875, 47.74878157740103], [-115.3125, 47.739062240862175], [-115.36540716561929, 47.7680128564], [-115.3828125, 47.80045803705959], [-115.40051651318268, 47.8383116232], [-115.3828125, 47.867268754802254]]}}, {"type": "Feature", "properties": {"level_in": 0.25}, "geometry": {"type": "LineString", "coordinates": [[-120.5859375, 47.63796796201642], [-120.515625, 47.643014677475094], [-120.49265075869376, 47.6274153227], [-120.515625, 47.61126813334426], [-120.5859375, 47.61612125625285], [-120.60338570749383, 47.6274153227], [-120.5859375, 47.63796796201642]]}}, {"type": "Feature", "properties": {"level_in": 0.25}, "geometry": {"type": "LineString", "coordinates": [[-113.8359375, 47.37229629123972], [-113.78878898359552, 47.3462202554], [-113.765625, 47.31708242449845], [-113.74728027518861, 47.2759214885], [-113.7542004491304, 47.2056227217], [-113.765625, 47.186316073401386], [-113.8359375, 47.19387213327333], [-113.84963401544736, 47.2056227217], [-113.87449111093743, 47.2759214885], [-113.8750591988458, 47.3462202554], [-113.8359375, 47.37229629123972]]}}, {"type": "Feature", "properties": {"level_in": 0.25}, "geometry": {"type": "LineString", "coordinates": [[-116.5078125, 47.06884244350533], [-116.46656384223397, 47.0650251879], [-116.5078125, 47.055982673755864], [-116.51394251250983, 47.0650251879], [-116.5078125, 47.06884244350533]]}}, {"type": "Feature", "properties": {"level_in": 0.25}, "geometry": {"type": "LineString", "coordinates": [[-113.8359375, 47.10035014620297], [-113.79049362364296, 47.0650251879], [-113.8359375, 47.03372196800072], [-113.8831091199049, 47.0650251879], [-113.8359375, 47.10035014620297]]}}, {"type": "Feature", "properties": {"level_in": 0.25}, "geometry": {"type": "LineString", "coordinates": [[-120.9375, 47.02730692910924], [-120.8671875, 47.034210534922806], [-120.796875, 47.02080916306619], [-120.76438632475744, 46.994726421], [-120.796875, 46.92862865591042], [-120.8671875, 46.952918972136644], [-120.9375, 46.977868167032256], [-120.99500167571708, 46.994726420999996], [-120.9375, 47.02730692910924]]}}, {"type": "Feature", "properties": {"level_in": 0.25}, "geometry": {"type": "LineString", "coordinates": [[-115.171875, 47.00251736157236], [-115.1015625, 46.99712283088334], [-115.09897558810906, 46.994726421], [-115.1015625, 46.99260187233282], [-115.171875, 46.99049822337932], [-115.17833742502808, 46.994726421], [-115.171875, 47.00251736157236]]}}, {"type": "Feature", "properties": {"level_in": 0.25}, "geometry": {"type": "LineString", "coordinates": [[-115.3125, 46.71381608317148], [-115.28853728154101, 46.7135313534], [-115.2421875, 46.71236029104936], [-115.171875, 46.64452556886743], [-115.17093124820116, 46.6432325865], [-115.171875, 46.63609889120341], [-115.20215840470323, 46.5729338195], [-115.2421875, 46.56118000339922], [-115.3125, 46.548640492795215], [-115.3828125, 46.55405571186406], [-115.453125, 46.555813092778926], [-115.48404849934262, 46.5026350526], [-115.48457090985474, 46.4323362857], [-115.5234375, 46.41398850902499], [-115.59375, 46.36701106340467], [-115.60975673518239, 46.3620375187], [-115.6640625, 46.35780052001424], [-115.67703727457834, 46.3620375187], [-115.73106878889416, 46.4323362857], [-115.67586492636605, 46.5026350526], [-115.6640625, 46.51577333030924], [-115.59375, 46.55754470133304], [-115.5234375, 46.56653678692456], [-115.50348990974598, 46.5729338195], [-115.453125, 46.58247714521282], [-115.39181086573697, 46.6432325865], [-115.3828125, 46.67274543647062], [-115.31457084677686, 46.71353135340001], [-115.3125, 46.71381608317148]]}}, {"type": "Feature", "properties": {"level_in": 0.25}, "geometry": {"type": "LineString", "coordinates": [[-114.8203125, 46.643528812723446], [-114.82008658340416, 46.6432325865], [-114.8203125, 46.64318876324759], [-114.82037598939915, 46.6432325865], [-114.8203125, 46.643528812723446]]}}, {"type": "Feature", "properties": {"level_in": 0.25}, "geometry": {"type": "LineString", "coordinates": [[-114.328125, 46.646568537254886], [-114.32280440832864, 46.643232586500005], [-114.2578125, 46.59900408492835], [-114.23769555974202, 46.57293381950001], [-114.25218231835291, 46.5026350526], [-114.2578125, 46.49736093112387], [-114.30099676060385, 46.4323362857], [-114.2578125, 46.3749154427097], [-114.24507392790358, 46.3620375187], [-114.25781250000001, 46.35050305189711], [-114.328125, 46.30868856338426], [-114.36572972219156, 46.2917387517], [-114.33959589340144, 46.2214399848], [-114.328125, 46.21402611968985], [-114.27283374794061, 46.1511412178], [-114.32198970757126, 46.080842450800006], [-114.30990734120388, 46.0105436838], [-114.28092917742481, 45.9402449168], [-114.2578125, 45.87638415216727], [-114.25219892915473, 45.8699461498], [-114.25610173837177, 45.79964738280001], [-114.1875, 45.766440835525785], [-114.1171875, 45.77174877789145], [-114.046875, 45.77513626500948], [-113.9765625, 45.782977115983826], [-113.90625, 45.79939546383961], [-113.90554495846216, 45.7996473828], [-113.84340084804865, 45.86994614980001], [-113.84539403440674, 45.9402449168], [-113.88624227497743, 46.0105436838], [-113.90625, 46.035485153639236], [-113.92882591552736, 46.0808424508], [-113.96316617562101, 46.1511412178], [-113.93824886169168, 46.2214399848], [-113.92088012701461, 46.29173875170001], [-113.90625000000001, 46.31284114996913], [-113.87465352696275, 46.3620375187], [-113.85863277953247, 46.4323362857], [-113.8359375, 46.47513566560929], [-113.80644369445852, 46.5026350526], [-113.765625, 46.542854971832966], [-113.74526623421715, 46.5729338195], [-113.6953125, 46.629483011459804], [-113.625, 46.6354609250614], [-113.5546875, 46.62393714945529], [-113.48437500000001, 46.57832475977658], [-113.47937058557937, 46.5729338195], [-113.41969755147966, 46.5026350526], [-113.462951204165, 46.4323362857], [-113.484375, 46.42078689600248], [-113.5546875, 46.39497650000992], [-113.625, 46.36565744144231], [-113.62873624180364, 46.3620375187], [-113.625, 46.34957934516073], [-113.61507884929061, 46.2917387517], [-113.60882185880405, 46.22143998480001], [-113.60138612139761, 46.1511412178], [-113.55468750000001, 46.089549255691914], [-113.484375, 46.08850260815151], [-113.4140625, 46.1020802934781], [-113.34375, 46.11707185879602], [-113.2734375, 46.103606909774456], [-113.25667179721654, 46.080842450800006], [-113.2305339671982, 46.0105436838], [-113.2734375, 45.98764107524542], [-113.34375, 45.9445849452459], [-113.3492754074119, 45.9402449168], [-113.40828814055409, 45.8699461498], [-113.4140625, 45.86433342059025], [-113.484375, 45.82266433850634], [-113.5546875, 45.80319122602237], [-113.5674092976458, 45.7996473828], [-113.625, 45.7709201017559], [-113.6953125, 45.7668430321682], [-113.765625, 45.7487493733933], [-113.79729132181896, 45.7293486158], [-113.8359375, 45.68914799913313], [-113.85913240712638, 45.6590498488], [-113.90625, 45.604830771141835], [-113.93724600567928, 45.5887510817], [-113.9765625, 45.580292610719006], [-114.046875, 45.56809712448737], [-114.1171875, 45.55358403132439], [-114.1875, 45.52141999049951], [-114.19111231151244, 45.5184523147], [-114.21921959829459, 45.4481535477], [-114.2578125, 45.41539711066246], [-114.328125, 45.412848212359954], [-114.3984375, 45.40676318446949], [-114.46875, 45.39367805583564], [-114.5390625, 45.38143527736386], [-114.56793372597136, 45.3778547806], [-114.59432783917717, 45.30755601359999], [-114.5390625, 45.290476951252366], [-114.46875, 45.24576856806858], [-114.4527517961923, 45.23725724649999], [-114.3984375, 45.20653646572797], [-114.328125, 45.21396046332352], [-114.2988500135326, 45.2372572465], [-114.2578125, 45.29091120522602], [-114.2452252973763, 45.3075560136], [-114.1875, 45.348775203476684], [-114.1171875, 45.32968346254485], [-114.046875, 45.30914591848215], [-114.04490389445094, 45.307556013600006], [-113.98555338581775, 45.2372572465], [-114.03246257712824, 45.1669584794], [-114.03817663190907, 45.0966597123], [-114.00837132092752, 45.0263609453], [-113.9765625, 44.96879419036725], [-113.9669507929942, 44.9560621782], [-113.915869439226, 44.8857634111], [-113.9765625, 44.84903295229688], [-114.046875, 44.8412700705084], [-114.11488707869088, 44.815464644], [-114.1171875, 44.81436217820434], [-114.1875, 44.76295876194281], [-114.19815566242487, 44.7451658768], [-114.2578125, 44.697346549982676], [-114.30710966158372, 44.6748671097], [-114.328125, 44.62862889914271], [-114.34163189345703, 44.6045683426], [-114.35668339293828, 44.5342695755], [-114.328125, 44.509819278793884], [-114.25781249999999, 44.464091742158686], [-114.25762257555999, 44.4639708083], [-114.2578125, 44.46308119963715], [-114.27457499960619, 44.3936720412], [-114.29264053521517, 44.323373274], [-114.328125, 44.30089270042801], [-114.3984375, 44.264632264166586], [-114.42202969739262, 44.2530745069], [-114.40719295583415, 44.1827757397], [-114.3984375, 44.176682662180156], [-114.328125, 44.159604653147625], [-114.2578125, 44.150819243361695], [-114.1875, 44.1461184574956], [-114.1171875, 44.14272227348444], [-114.06528779266006, 44.1827757397], [-114.11716421868472, 44.2530745069], [-114.1171875, 44.25309235844949], [-114.16749368125713, 44.323373274], [-114.1171875, 44.38437818961462], [-114.10287161677269, 44.393672041200006], [-114.046875, 44.42691816483555], [-113.9765625, 44.436018403036115], [-113.90625, 44.40840327889339], [-113.87189069340508, 44.3936720412], [-113.8359375, 44.374412321178696], [-113.765625, 44.34299175717573], [-113.73359332167809, 44.323373274], [-113.6953125, 44.29435281461754], [-113.625, 44.27970251445086], [-113.60273805426812, 44.323373274], [-113.625, 44.34587956638315], [-113.64662103361616, 44.39367204119999], [-113.69278972798506, 44.4639708083], [-113.6953125, 44.47092908533323], [-113.723888495865, 44.5342695755], [-113.765625, 44.570047224890665], [-113.8359375, 44.59629103802473], [-113.84926194502226, 44.604568342600004], [-113.90625000000001, 44.674001514803834], [-113.90677317974372, 44.6748671097], [-113.92117958652122, 44.7451658768], [-113.90705840234786, 44.815464644], [-113.90625, 44.819883048991265], [-113.8359375, 44.84555243403797], [-113.765625, 44.828243721062016], [-113.74405300596875, 44.815464644], [-113.6953125, 44.779045623441775], [-113.6551063608222, 44.7451658768], [-113.625, 44.72027673467493], [-113.56216315617502, 44.6748671097], [-113.5546875, 44.670805740582495], [-113.484375, 44.63283613874006], [-113.42725480166075, 44.6045683426], [-113.4140625, 44.598288235537176], [-113.34375, 44.59001942739652], [-113.2734375, 44.588833721700915], [-113.2447150710701, 44.6045683426], [-113.27160151841295, 44.6748671097], [-113.2734375, 44.67644133035248], [-113.34373264575306, 44.7451658768], [-113.34375, 44.74521249780031], [-113.37095732683656, 44.815464644], [-113.37494044578614, 44.8857634111], [-113.34375, 44.91489758331085], [-113.2734375, 44.91507423634613], [-113.21641891567381, 44.8857634111], [-113.203125, 44.88241876953069], [-113.1328125, 44.86098994061691], [-113.0625, 44.86236472988583], [-112.9921875, 44.87772925606886], [-112.9723245307194, 44.8857634111], [-112.93695301482197, 44.9560621782], [-112.93649087925832, 45.0263609453], [-112.921875, 45.04679279439803], [-112.8515625, 45.08802774776315], [-112.83086304823895, 45.0966597123], [-112.78125, 45.106397644083124], [-112.7109375, 45.108857318968546], [-112.640625, 45.11392067104412], [-112.5703125, 45.118313994523156], [-112.50453033511636, 45.1669584794], [-112.5, 45.17269220693737], [-112.44723601399639, 45.2372572465], [-112.42968749999999, 45.253383975279334], [-112.37016360937528, 45.3075560136], [-112.359375, 45.31285745487283], [-112.3288524458672, 45.3075560136], [-112.2890625, 45.295088843848106], [-112.21875, 45.26307661849071], [-112.16345207908509, 45.2372572465], [-112.1661699012561, 45.1669584794], [-112.21875, 45.12566941495685], [-112.2890625, 45.10120175664478], [-112.30136336125706, 45.0966597123], [-112.359375, 45.07269772278295], [-112.42296577744875, 45.0263609453], [-112.4296875, 44.997819944488825], [-112.44459076007901, 44.9560621782], [-112.4296875, 44.89774520162706], [-112.359375, 44.933574490770745], [-112.2890625, 44.939870411816464], [-112.21875, 44.942162215327144], [-112.15520644319584, 44.9560621782], [-112.14843750000001, 44.95975295974627], [-112.078125, 44.99206458330221], [-112.0078125, 45.017011075787664], [-111.99513667020615, 45.0263609453], [-112.0078125, 45.03837847088907], [-112.0716398023002, 45.0966597123], [-112.0078125, 45.15876266889647], [-112.00120930275078, 45.1669584794], [-111.97748254571022, 45.2372572465], [-111.9375, 45.25813576497876], [-111.8671875, 45.25051848968562], [-111.82029576107013, 45.2372572465], [-111.796875, 45.21644813099904], [-111.77511995957278, 45.1669584794], [-111.796875, 45.130685652118444], [-111.83951061289872, 45.0966597123], [-111.83362169669047, 45.0263609453], [-111.796875, 45.013753944361405], [-111.7265625, 44.98130456291801], [-111.67553379119843, 44.9560621782], [-111.65625, 44.935538918714485], [-111.63021136420565, 44.8857634111], [-111.65625, 44.829672681562656], [-111.66525641584597, 44.815464644], [-111.7265625, 44.78935930453837], [-111.796875, 44.77179421886254], [-111.8671875, 44.75649935323867], [-111.91376240939653, 44.7451658768], [-111.9375, 44.729255220288394], [-112.0078125, 44.71332625368444], [-112.078125, 44.7037852770561], [-112.1484375, 44.702484881097305], [-112.21875, 44.70322751240329], [-112.2890625, 44.71112258253011], [-112.359375, 44.719764343099214], [-112.4296875, 44.704362967066345], [-112.5, 44.69591105488857], [-112.5703125, 44.71574203007678], [-112.640625, 44.74507773148792], [-112.7109375, 44.73164671241125], [-112.78125, 44.714225542337644], [-112.83349695581592, 44.6748671097], [-112.8515625, 44.64527151657059], [-112.87000191009645, 44.6045683426], [-112.85519635619451, 44.5342695755], [-112.89338371870086, 44.4639708083], [-112.921875, 44.411046536557606], [-112.96543864678898, 44.39367204119999], [-112.9921875, 44.390036491968054], [-113.0625, 44.378511368679426], [-113.1328125, 44.36081508073731], [-113.16824190809893, 44.323373274], [-113.203125, 44.311016629252634], [-113.2734375, 44.292845028018405], [-113.34375, 44.279755369305505], [-113.4140625, 44.272534384223675], [-113.484375, 44.27223181903122], [-113.5546875, 44.268338772963055], [-113.5895211014539, 44.2530745069], [-113.5546875, 44.24316997049276], [-113.48437499999999, 44.19606606565067], [-113.47474975966615, 44.1827757397], [-113.4140625, 44.12288718408993], [-113.40600664894205, 44.11247697259999], [-113.41268320878945, 44.0421782054], [-113.41406250000001, 44.037974144556976], [-113.44430061559697, 43.9718794382], [-113.484375, 43.95690646481173], [-113.5546875, 43.947377961612176], [-113.625, 43.935957393244905], [-113.6953125, 43.94246958752606], [-113.7240067374157, 43.9718794382], [-113.765625, 43.99047982252077], [-113.81381190713685, 44.0421782054], [-113.8359375, 44.06395344179714], [-113.90625, 44.1047605793855], [-113.93609761293511, 44.11247697260001], [-113.9765625, 44.132032779909146], [-114.046875, 44.112621875497126], [-114.04694316692677, 44.1124769726], [-114.046875, 44.11211142268825], [-114.04435644662381, 44.0421782054], [-113.97656250000001, 43.98673775590695], [-113.96083823514273, 43.97187943819999], [-113.90625, 43.94073007288797], [-113.8359375, 43.93230428208395], [-113.765625, 43.93015564616961], [-113.73632393009166, 43.90158067099999], [-113.6953125, 43.854663289044076], [-113.68690648794492, 43.8312819038], [-113.65765944457216, 43.7609831366], [-113.6463731151005, 43.6906843694], [-113.65643178611717, 43.6203856022], [-113.64978349538237, 43.550086835], [-113.6953125, 43.51694112577498], [-113.765625, 43.50412209720058], [-113.8359375, 43.50177406400892], [-113.90625, 43.50089585147452], [-113.97008721472831, 43.4797880678], [-113.97656250000001, 43.47698110402218], [-114.046875, 43.446726253952164], [-114.1171875, 43.45358437340839], [-114.17743847590482, 43.4797880678], [-114.1875, 43.499907196890966], [-114.21041813206269, 43.550086835], [-114.25781249999999, 43.61939640758842], [-114.25839144315545, 43.6203856022], [-114.328125, 43.68691004544315], [-114.33373499853477, 43.6906843694], [-114.3984375, 43.7014883087696], [-114.46875, 43.692314797279664], [-114.47238723244007, 43.6906843694], [-114.46875, 43.66410981935671], [-114.46335828451855, 43.6203856022], [-114.3984375, 43.55014864727298], [-114.39825181524449, 43.55008683500001], [-114.328125, 43.489694400604165], [-114.26814445401199, 43.4797880678], [-114.328125, 43.47753723238136], [-114.3984375, 43.47408863510207], [-114.46875, 43.471743180381225], [-114.53866066385224, 43.4797880678], [-114.5390625, 43.47988045055026], [-114.609375, 43.49630961003333], [-114.6796875, 43.53089403277471], [-114.70911649836025, 43.550086835], [-114.75, 43.584328102470394], [-114.8203125, 43.60054733021727], [-114.890625, 43.578578438711375], [-114.93760680680154, 43.550086835], [-114.9609375, 43.531324513316974], [-115.03125, 43.51053200921111], [-115.06259874929071, 43.550086835], [-115.03125, 43.59803539381107], [-115.00001423805867, 43.6203856022], [-115.03125, 43.63399582451326], [-115.08932297227695, 43.6906843694], [-115.1015625, 43.6980483105546], [-115.171875, 43.72004659039864], [-115.2421875, 43.7288924409027], [-115.3125, 43.758114387564255], [-115.3140405888664, 43.7609831366], [-115.32007805595808, 43.8312819038], [-115.37122662784965, 43.901580671], [-115.3828125, 43.93111120683305], [-115.41482063109336, 43.971879438200006], [-115.4421955481779, 44.04217820539999], [-115.42895149099542, 44.1124769726], [-115.453125, 44.12705610738247], [-115.5234375, 44.15093923719472], [-115.59375, 44.16815090680692], [-115.61599476892388, 44.1827757397], [-115.6640625, 44.202422634087874], [-115.73261855524225, 44.2530745069], [-115.734375, 44.255058083189326], [-115.79025385036063, 44.323373274], [-115.77633015934637, 44.3936720412], [-115.79287639092402, 44.4639708083], [-115.8046875, 44.48905359510211], [-115.84285573902346, 44.5342695755], [-115.86113464410852, 44.604568342600004], [-115.87121767971466, 44.6748671097], [-115.875, 44.68662862358663], [-115.90342214392884, 44.7451658768], [-115.9453125, 44.79557521104762], [-115.97163749082412, 44.815464644], [-116.015625, 44.838706480297404], [-116.0859375, 44.86349739557046], [-116.09105805657518, 44.8857634111], [-116.15625000000001, 44.95574421646044], [-116.15648122419536, 44.9560621782], [-116.2265625, 45.001337813462875], [-116.26796085521363, 45.0263609453], [-116.296875, 45.04694539988573], [-116.3671875, 45.03575072309427], [-116.42161289618473, 45.026360945300006], [-116.43750000000001, 45.014096322931806], [-116.4718088147122, 44.9560621782], [-116.5078125, 44.93160357018019], [-116.56334886981921, 44.9560621782], [-116.578125, 44.96233472901932], [-116.64818336667084, 45.0263609453], [-116.6484375, 45.02835376067532], [-116.65478872221011, 45.0966597123], [-116.69351430972236, 45.1669584794], [-116.71875, 45.210100647772194], [-116.73141002239839, 45.23725724650001], [-116.71875, 45.274815644113886], [-116.68631772193794, 45.3075560136], [-116.6484375, 45.33339389987515], [-116.578125, 45.35421936903499], [-116.5078125, 45.32933939177188], [-116.48132098642611, 45.3075560136], [-116.4375, 45.30066708070052], [-116.3671875, 45.29502198329473], [-116.296875, 45.28869339488719], [-116.2265625, 45.2923654978072], [-116.15625, 45.29861539138604], [-116.13309427412602, 45.3075560136], [-116.0859375, 45.33126391789458], [-116.015625, 45.34672589565265], [-115.9453125, 45.34953264099019], [-115.875, 45.35293784102569], [-115.8046875, 45.349820915623], [-115.734375, 45.34068559331992], [-115.6758030138597, 45.3075560136], [-115.6640625, 45.29729284166622], [-115.59374999999999, 45.25998923187412], [-115.5234375, 45.2597302458857], [-115.453125, 45.27199056941167], [-115.40399362728687, 45.3075560136], [-115.3828125, 45.34757693649916], [-115.36284890492993, 45.3778547806], [-115.3125, 45.43602581632508], [-115.30113307505097, 45.4481535477], [-115.25057969430391, 45.5184523147], [-115.3125, 45.53354153954863], [-115.37119667743337, 45.5887510817], [-115.3125, 45.62204365183118], [-115.2421875, 45.64241792656296], [-115.22157320613748, 45.6590498488], [-115.1907503219445, 45.72934861579999], [-115.171875, 45.73257798373231], [-115.12733858284636, 45.7996473828], [-115.15427488433336, 45.8699461498], [-115.171875, 45.884477172452165], [-115.22102595105704, 45.9402449168], [-115.171875, 45.998494723510674], [-115.1015625, 46.003123638211335], [-115.03125, 45.99528716071161], [-114.9609375, 45.97209929654341], [-114.91072033531913, 45.9402449168], [-114.9609375, 45.87262421294801], [-114.96237474304424, 45.8699461498], [-114.9609375, 45.86727888521596], [-114.89383393948833, 45.7996473828], [-114.890625, 45.7975837169275], [-114.8203125, 45.78200172908252], [-114.75, 45.74703886740812], [-114.73570681166771, 45.7996473828], [-114.73881382093415, 45.8699461498], [-114.6796875, 45.91250878486219], [-114.65046967534053, 45.9402449168], [-114.609375, 45.99303716513106], [-114.59106520681442, 46.0105436838], [-114.57489054789647, 46.0808424508], [-114.59636111503654, 46.1511412178], [-114.609375, 46.19106681767586], [-114.62108047849549, 46.2214399848], [-114.609375, 46.250746329340785], [-114.58403118622218, 46.2917387517], [-114.5390625, 46.331028487263396], [-114.51500230565495, 46.3620375187], [-114.49254891863555, 46.4323362857], [-114.4757570080586, 46.5026350526], [-114.46875, 46.51122838609599], [-114.41202942017527, 46.572933819499994], [-114.3984375, 46.59747336206227], [-114.33900522365053, 46.6432325865], [-114.328125, 46.646568537254886]]}}, {"type": "Feature", "properties": {"level_in": 0.25}, "geometry": {"type": "LineString", "coordinates": [[-114.890625, 46.36570868967232], [-114.88466066283755, 46.3620375187], [-114.890625, 46.352527287893444], [-114.95108524464831, 46.36203751869999], [-114.890625, 46.36570868967232]]}}, {"type": "Feature", "properties": {"level_in": 0.25}, "geometry": {"type": "LineString", "coordinates": [[-113.13281249999999, 46.38614663178413], [-113.0625, 46.40464374195914], [-112.9921875, 46.39209262359017], [-112.921875, 46.38332204934748], [-112.88190652587113, 46.3620375187], [-112.8993320532091, 46.2917387517], [-112.92187499999999, 46.27226265617654], [-112.9921875, 46.24233232368486], [-113.0625, 46.23329061229288], [-113.12638058836704, 46.2214399848], [-113.1328125, 46.21198468350489], [-113.203125, 46.21990896990939], [-113.2047039813523, 46.2214399848], [-113.21422597099287, 46.2917387517], [-113.203125, 46.31912150935483], [-113.16052953785936, 46.3620375187], [-113.13281249999999, 46.38614663178413]]}}, {"type": "Feature", "properties": {"level_in": 0.25}, "geometry": {"type": "LineString", "coordinates": [[-117.5625, 46.246454220049856], [-117.4921875, 46.25763487989842], [-117.421875, 46.24657749088567], [-117.39392598494229, 46.2214399848], [-117.421875, 46.18687892511069], [-117.4921875, 46.1530160592553], [-117.49670932286658, 46.1511412178], [-117.56250000000001, 46.14139031908762], [-117.6328125, 46.133640238057765], [-117.703125, 46.126695778326166], [-117.7734375, 46.130661873171135], [-117.78460051850203, 46.151141217799996], [-117.7734375, 46.15499376662077], [-117.703125, 46.16412267154226], [-117.6328125, 46.18812256971142], [-117.60915728120847, 46.2214399848], [-117.5625, 46.246454220049856]]}}, {"type": "Feature", "properties": {"level_in": 0.25}, "geometry": {"type": "LineString", "coordinates": [[-116.578125, 46.25075612654435], [-116.50784379841497, 46.2214399848], [-116.578125, 46.192729738097185], [-116.62540843723596, 46.2214399848], [-116.578125, 46.25075612654435]]}}, {"type": "Feature", "properties": {"level_in": 0.25}, "geometry": {"type": "LineString", "coordinates": [[-115.6640625, 46.090467069719544], [-115.59375, 46.100932221819676], [-115.5234375, 46.09828308344092], [-115.453125, 46.10173792456692], [-115.3828125, 46.12272283489125], [-115.3125, 46.13577080515088], [-115.2421875, 46.119932351124135], [-115.2306720938544, 46.0808424508], [-115.24218750000001, 46.060371431259], [-115.3125, 46.014327644517344], [-115.3182868439118, 46.0105436838], [-115.3828125, 45.97687969896687], [-115.453125, 45.94993083675545], [-115.48814834087648, 45.9402449168], [-115.5234375, 45.912074338579856], [-115.59375, 45.89934292572482], [-115.6640625, 45.895857679803086], [-115.71443344755784, 45.9402449168], [-115.734375, 45.95685529594161], [-115.75951971332141, 46.0105436838], [-115.734375, 46.05260598987195], [-115.69892770338951, 46.0808424508], [-115.6640625, 46.090467069719544]]}}, {"type": "Feature", "properties": {"level_in": 0.25}, "geometry": {"type": "LineString", "coordinates": [[-117.84375, 46.01468358045403], [-117.83639124720678, 46.0105436838], [-117.84374999999999, 45.9994170045366], [-117.85032286739845, 46.0105436838], [-117.84375, 46.01468358045403]]}}, {"type": "Feature", "properties": {"level_in": 0.25}, "geometry": {"type": "LineString", "coordinates": [[-112.4296875, 46.07015806182764], [-112.359375, 46.04746597533081], [-112.2890625, 46.012348730337806], [-112.28460686725131, 46.0105436838], [-112.2890625, 46.00958381801513], [-112.35266119238133, 45.9402449168], [-112.359375, 45.93343757479372], [-112.4296875, 45.928434558480774], [-112.44164444248449, 45.9402449168], [-112.48000289340581, 46.0105436838], [-112.4296875, 46.07015806182764]]}}, {"type": "Feature", "properties": {"level_in": 0.25}, "geometry": {"type": "LineString", "coordinates": [[-117.984375, 45.9090004143753], [-117.9140625, 45.93717202694085], [-117.85957693669468, 45.8699461498], [-117.9140625, 45.82258316083288], [-117.93849107740243, 45.7996473828], [-117.984375, 45.73997500552738], [-118.0546875, 45.75150394786034], [-118.08919922989936, 45.7996473828], [-118.0546875, 45.84075156725255], [-118.01224458467068, 45.8699461498], [-117.984375, 45.9090004143753]]}}, {"type": "Feature", "properties": {"level_in": 0.25}, "geometry": {"type": "LineString", "coordinates": [[-123.5390625, 45.80834989816981], [-123.49924534007664, 45.7996473828], [-123.46875, 45.796693295703776], [-123.3984375, 45.78119901098101], [-123.3325461416109, 45.7293486158], [-123.33011970696015, 45.6590498488], [-123.328125, 45.64556152301554], [-123.31778851667057, 45.5887510817], [-123.30780959676011, 45.5184523147], [-123.29242591579425, 45.4481535477], [-123.29850876662388, 45.3778547806], [-123.328125, 45.340026157271666], [-123.3512945218243, 45.3075560136], [-123.3984375, 45.2395667312747], [-123.40120350268415, 45.2372572465], [-123.46875, 45.20162101266256], [-123.5390625, 45.183575806476085], [-123.609375, 45.17631128305519], [-123.6796875, 45.177747560827946], [-123.75, 45.2007559138822], [-123.789641808658, 45.2372572465], [-123.79982046508243, 45.3075560136], [-123.76049560703068, 45.3778547806], [-123.75, 45.39049771600219], [-123.6958656312307, 45.4481535477], [-123.70854322004351, 45.5184523147], [-123.72147158910491, 45.5887510817], [-123.72315665668778, 45.6590498488], [-123.71354707251894, 45.729348615800006], [-123.67968750000001, 45.76208131062596], [-123.609375, 45.79193483494262], [-123.56669400731954, 45.7996473828], [-123.5390625, 45.80834989816981]]}}, {"type": "Feature", "properties": {"level_in": 0.25}, "geometry": {"type": "LineString", "coordinates": [[-115.6640625, 45.824569677366256], [-115.59375, 45.85437239593334], [-115.5234375, 45.859101060279755], [-115.453125, 45.86259116672576], [-115.3828125, 45.86154303312793], [-115.3125, 45.83876997066638], [-115.24600040023437, 45.7996473828], [-115.3125, 45.75148032126377], [-115.3828125, 45.74499850941349], [-115.453125, 45.73473806840303], [-115.48139100049725, 45.7293486158], [-115.453125, 45.7127988163807], [-115.40432365931845, 45.6590498488], [-115.453125, 45.616439807777525], [-115.5234375, 45.5901098067957], [-115.52654944848615, 45.5887510817], [-115.5234375, 45.580851279863026], [-115.49982484959499, 45.5184523147], [-115.52343749999999, 45.51011385688619], [-115.59375, 45.49576939101119], [-115.6640625, 45.493987401518325], [-115.734375, 45.48792521598334], [-115.8046875, 45.47528068698715], [-115.875, 45.479646425692735], [-115.9453125, 45.49238263520732], [-116.015625, 45.49784668719031], [-116.0859375, 45.49787326680938], [-116.15625000000001, 45.50507035831342], [-116.18157038555829, 45.5184523147], [-116.22596006957588, 45.5887510817], [-116.16285405839672, 45.6590498488], [-116.15625, 45.672132351787525], [-116.11346229470473, 45.7293486158], [-116.0859375, 45.75151513132125], [-116.015625, 45.78156235380098], [-115.9453125, 45.78750571868799], [-115.875, 45.788883972911904], [-115.8046875, 45.778021133883954], [-115.734375, 45.764056114653904], [-115.67821866833845, 45.7996473828], [-115.6640625, 45.824569677366256]]}}, {"type": "Feature", "properties": {"level_in": 0.25}, "geometry": {"type": "LineString", "coordinates": [[-112.5, 45.824635832499], [-112.42968749999999, 45.804165307846056], [-112.42554467424738, 45.7996473828], [-112.36764660829797, 45.7293486158], [-112.359375, 45.72263540652131], [-112.2890625, 45.68029523381551], [-112.21875, 45.66506979503063], [-112.14843750000001, 45.66054170036837], [-112.13420325422496, 45.65904984880001], [-112.078125, 45.654822548517295], [-112.0078125, 45.636323930402675], [-111.96681453468281, 45.5887510817], [-111.9375, 45.52932067996536], [-111.93157152077247, 45.518452314700006], [-111.90248310760532, 45.4481535477], [-111.9375, 45.404827732603856], [-112.0078125, 45.38983540613877], [-112.078125, 45.44030600115254], [-112.08868722023531, 45.4481535477], [-112.1484375, 45.48960050899065], [-112.17800133466338, 45.5184523147], [-112.21875, 45.55729155304368], [-112.25760355786636, 45.5887510817], [-112.2890625, 45.620785063689866], [-112.359375, 45.62663923651037], [-112.4296875, 45.601948019684656], [-112.44955035588275, 45.5887510817], [-112.5, 45.57236919794256], [-112.55103969409778, 45.5887510817], [-112.5703125, 45.61949763157798], [-112.6040934337074, 45.65904984880001], [-112.640625, 45.702567090464], [-112.7109375, 45.72089084479714], [-112.7278882696661, 45.7293486158], [-112.7109375, 45.756733234281775], [-112.640625, 45.75968181817766], [-112.5703125, 45.78455893245078], [-112.55760543855965, 45.7996473828], [-112.5, 45.824635832499]]}}, {"type": "Feature", "properties": {"level_in": 0.25}, "geometry": {"type": "LineString", "coordinates": [[-114.67968750000001, 45.735378186574145], [-114.71641371554968, 45.7293486158], [-114.6796875, 45.72610927404218], [-114.66837149732109, 45.72934861579999], [-114.6796875, 45.735378186574145]]}}, {"type": "Feature", "properties": {"level_in": 0.25}, "geometry": {"type": "LineString", "coordinates": [[-114.3984375, 45.73950158882907], [-114.4541678964278, 45.729348615800006], [-114.46875, 45.7013115780296], [-114.49114848399614, 45.6590498488], [-114.46875, 45.65494370209632], [-114.3984375, 45.643992218928524], [-114.35733409530562, 45.6590498488], [-114.328125, 45.72862656369149], [-114.32771900019947, 45.7293486158], [-114.328125, 45.72951098410143], [-114.3984375, 45.73950158882907]]}}, {"type": "Feature", "properties": {"level_in": 0.25}, "geometry": {"type": "LineString", "coordinates": [[-118.1953125, 45.66652084046938], [-118.17186408354718, 45.6590498488], [-118.125, 45.60761626493433], [-118.10280558510152, 45.5887510817], [-118.125, 45.576772568067156], [-118.19531249999999, 45.558596399832766], [-118.265625, 45.55730349229672], [-118.2967172042512, 45.5887510817], [-118.265625, 45.6163479509452], [-118.21785776783963, 45.6590498488], [-118.1953125, 45.66652084046938]]}}, {"type": "Feature", "properties": {"level_in": 0.25}, "geometry": {"type": "LineString", "coordinates": [[-117.0703125, 45.67631039709327], [-117.06118013199205, 45.6590498488], [-117.0, 45.61605554396333], [-116.9786381573573, 45.5887510817], [-116.9296875, 45.56450592581605], [-116.859375, 45.54329142519059], [-116.7890625, 45.531713807441044], [-116.73204161408255, 45.5184523147], [-116.71875, 45.50496422503644], [-116.70427345027068, 45.4481535477], [-116.71875, 45.4379184173554], [-116.7890625, 45.40006001772889], [-116.81198011331684, 45.3778547806], [-116.859375, 45.338124611522105], [-116.88649553863326, 45.3075560136], [-116.9296875, 45.2721600866077], [-117.0, 45.24076682879925], [-117.00869447079741, 45.2372572465], [-117.0, 45.232697597527434], [-116.93955139727665, 45.1669584794], [-116.94647655362382, 45.0966597123], [-117.0, 45.05702586447943], [-117.0703125, 45.03305592521708], [-117.0971204876403, 45.0263609453], [-117.14062499999999, 45.00835147656337], [-117.2109375, 44.98949107329871], [-117.28125, 44.99042664084618], [-117.3515625, 44.99906901595216], [-117.421875, 45.00294645130036], [-117.49218749999999, 45.00336119197727], [-117.5625, 45.01486498799036], [-117.58669058365732, 45.0263609453], [-117.6328125, 45.05490097852655], [-117.66922894729049, 45.0966597123], [-117.703125, 45.125591976452085], [-117.74099238655917, 45.1669584794], [-117.7734375, 45.21583065700036], [-117.80401995037327, 45.23725724649999], [-117.84375, 45.25307595300346], [-117.87644617346939, 45.30755601359999], [-117.84375, 45.35202127006181], [-117.7734375, 45.345384324129284], [-117.7174099482823, 45.3778547806], [-117.71090682670892, 45.4481535477], [-117.703125, 45.455227804349335], [-117.6328125, 45.476669087989436], [-117.5625, 45.45943587320391], [-117.52856103381794, 45.4481535477], [-117.4921875, 45.43287887523675], [-117.421875, 45.38482494980046], [-117.41400315289263, 45.37785478060001], [-117.3515625, 45.35553452045609], [-117.30974775697157, 45.3075560136], [-117.28125, 45.290820394784774], [-117.21643090674783, 45.3075560136], [-117.26623715901586, 45.3778547806], [-117.2109375, 45.430479462792086], [-117.17822643285953, 45.4481535477], [-117.1595299224606, 45.5184523147], [-117.140625, 45.549388826233326], [-117.09247617027872, 45.5887510817], [-117.0780127032771, 45.65904984880001], [-117.0703125, 45.67631039709327]]}}, {"type": "Feature", "properties": {"level_in": 0.25}, "geometry": {"type": "LineString", "coordinates": [[-113.27343750000001, 45.67472510632435], [-113.203125, 45.706077899405784], [-113.1328125, 45.72157324526602], [-113.0625, 45.71321736322667], [-112.9921875, 45.67101972763102], [-112.98116223801208, 45.6590498488], [-112.94371456686905, 45.5887510817], [-112.92289796508231, 45.5184523147], [-112.93561903099256, 45.4481535477], [-112.98626049757513, 45.3778547806], [-112.9921875, 45.37624950885376], [-113.04790134631666, 45.3778547806], [-113.0625, 45.37859070295941], [-113.1328125, 45.396080913749785], [-113.203125, 45.418690144520575], [-113.2734375, 45.43220302712757], [-113.30339075816654, 45.4481535477], [-113.34375, 45.48221982260852], [-113.36924450356813, 45.5184523147], [-113.35690273262738, 45.58875108170001], [-113.34375, 45.6121484980058], [-113.30357899080191, 45.6590498488], [-113.27343750000001, 45.67472510632435]]}}, {"type": "Feature", "properties": {"level_in": 0.25}, "geometry": {"type": "LineString", "coordinates": [[-110.953125, 45.60526688999025], [-110.91553998935812, 45.5887510817], [-110.953125, 45.560015216269775], [-110.97448057169956, 45.5887510817], [-110.953125, 45.60526688999025]]}}, {"type": "Feature", "properties": {"level_in": 0.25}, "geometry": {"type": "LineString", "coordinates": [[-116.578125, 45.52095085736001], [-116.57347979209223, 45.5184523147], [-116.578125, 45.5151937262705], [-116.611023962465, 45.5184523147], [-116.578125, 45.52095085736001]]}}, {"type": "Feature", "properties": {"level_in": 0.25}, "geometry": {"type": "LineString", "coordinates": [[-111.0234375, 45.52085404303174], [-111.01970468744861, 45.5184523147], [-111.0234375, 45.51506615010718], [-111.03159781558196, 45.5184523147], [-111.0234375, 45.52085404303174]]}}, {"type": "Feature", "properties": {"level_in": 0.25}, "geometry": {"type": "LineString", "coordinates": [[-114.9609375, 45.45305872602876], [-114.99086894427745, 45.4481535477], [-115.0097306051498, 45.3778547806], [-114.9609375, 45.3607322444033], [-114.890625, 45.35408894818622], [-114.8203125, 45.361655957286246], [-114.75, 45.37174349843838], [-114.71620745012845, 45.3778547806], [-114.75, 45.394151530676325], [-114.79393367139446, 45.4481535477], [-114.8203125, 45.45652635433998], [-114.890625, 45.455807274481266], [-114.9609375, 45.45305872602876]]}}, {"type": "Feature", "properties": {"level_in": 0.25}, "geometry": {"type": "LineString", "coordinates": [[-113.6953125, 45.468328965079195], [-113.67086989549989, 45.4481535477], [-113.625, 45.40823606840002], [-113.5736653874402, 45.3778547806], [-113.5546875, 45.35876764410952], [-113.50300438153153, 45.3075560136], [-113.484375, 45.30504086045657], [-113.4140625, 45.294960481377494], [-113.34375, 45.255658832931914], [-113.32188890872554, 45.2372572465], [-113.30010086086122, 45.1669584794], [-113.3288850318306, 45.096659712299996], [-113.34375, 45.07415686865426], [-113.3819942052441, 45.0263609453], [-113.4140625, 44.9851193276256], [-113.484375, 44.989564795091624], [-113.540933071894, 45.0263609453], [-113.5546875, 45.037764825626844], [-113.61209373040155, 45.0966597123], [-113.60891335193665, 45.1669584794], [-113.62499999999999, 45.20674559572724], [-113.63942159649325, 45.23725724650001], [-113.69115698161686, 45.3075560136], [-113.6953125, 45.3146305532479], [-113.765625, 45.36752971793824], [-113.77988799261857, 45.3778547806], [-113.765625, 45.43438266802688], [-113.75605237485043, 45.4481535477], [-113.6953125, 45.468328965079195]]}}, {"type": "Feature", "properties": {"level_in": 0.25}, "geometry": {"type": "LineString", "coordinates": [[-111.4453125, 45.47590837094789], [-111.375, 45.46524331503663], [-111.30468750000001, 45.44823359061434], [-111.30443476006374, 45.4481535477], [-111.26732468646478, 45.3778547806], [-111.25164146411184, 45.307556013600006], [-111.234375, 45.286071765713686], [-111.18628086720642, 45.2372572465], [-111.22254734732918, 45.1669584794], [-111.234375, 45.15029501539408], [-111.3046875, 45.100492033230154], [-111.31453561556225, 45.0966597123], [-111.3046875, 45.08845107709824], [-111.234375, 45.062888216848535], [-111.18781462929181, 45.0263609453], [-111.1640625, 44.97724282266864], [-111.15532637223254, 44.9560621782], [-111.16406250000001, 44.944425789500755], [-111.234375, 44.89000914306809], [-111.2411634355857, 44.8857634111], [-111.3046875, 44.85581112904302], [-111.375, 44.84217760472914], [-111.4453125, 44.839556181689346], [-111.48804512048099, 44.8857634111], [-111.515625, 44.913759959429086], [-111.56069485265076, 44.9560621782], [-111.515625, 44.98191170069204], [-111.4453125, 45.02218830866735], [-111.43427547864093, 45.0263609453], [-111.4453125, 45.03452035661453], [-111.51562500000001, 45.095570163011736], [-111.51709226133346, 45.0966597123], [-111.58593750000001, 45.145302962827486], [-111.62153018705754, 45.1669584794], [-111.5859375, 45.186719996763706], [-111.54722142982237, 45.23725724649999], [-111.57031792259619, 45.3075560136], [-111.53073807900597, 45.3778547806], [-111.515625, 45.418057281954546], [-111.50734550392443, 45.4481535477], [-111.4453125, 45.47590837094789]]}}, {"type": "Feature", "properties": {"level_in": 0.25}, "geometry": {"type": "LineString", "coordinates": [[-118.6875, 45.31911171348854], [-118.64739715535973, 45.3075560136], [-118.6875, 45.25619292636013], [-118.73285222997548, 45.3075560136], [-118.6875, 45.31911171348854]]}}, {"type": "Feature", "properties": {"level_in": 0.25}, "geometry": {"type": "LineString", "coordinates": [[-119.25, 45.1697180497167], [-119.23675602018918, 45.1669584794], [-119.25, 45.15844615526562], [-119.28250799388451, 45.1669584794], [-119.25, 45.1697180497167]]}}, {"type": "Feature", "properties": {"level_in": 0.25}, "geometry": {"type": "LineString", "coordinates": [[-110.4609375, 45.173090891895306], [-110.44414810346602, 45.1669584794], [-110.4609375, 45.159485207547036], [-110.47585552402992, 45.166958479399995], [-110.4609375, 45.173090891895306]]}}, {"type": "Feature", "properties": {"level_in": 0.25}, "geometry": {"type": "LineString", "coordinates": [[-118.0546875, 45.161401692538284], [-117.984375, 45.15108321464082], [-117.91908002903367, 45.09665971230001], [-117.9140625, 45.08748409138464], [-117.87971285220567, 45.0263609453], [-117.9140625, 44.99777022293611], [-117.984375, 44.99178938562763], [-118.03776643630871, 45.0263609453], [-118.0546875, 45.05827053278647], [-118.07127714654214, 45.0966597123], [-118.0546875, 45.161401692538284]]}}, {"type": "Feature", "properties": {"level_in": 0.25}, "geometry": {"type": "LineString", "coordinates": [[-115.734375, 45.11412662899046], [-115.75274191887168, 45.0966597123], [-115.7524615737018, 45.0263609453], [-115.734375, 44.99262237179327], [-115.67772681370037, 44.9560621782], [-115.6640625, 44.9422660472165], [-115.64334726514845, 44.9560621782], [-115.59375, 44.99940459675573], [-115.57959096259644, 45.0263609453], [-115.57371422219494, 45.0966597123], [-115.59375, 45.116732711122346], [-115.6640625, 45.13438719764044], [-115.734375, 45.11412662899046]]}}, {"type": "Feature", "properties": {"level_in": 0.25}, "geometry": {"type": "LineString", "coordinates": [[-123.8203125, 45.03886222561545], [-123.75, 45.0736723446493], [-123.6796875, 45.08115814719832], [-123.609375, 45.06339515530351], [-123.5573451000533, 45.0263609453], [-123.5390625, 45.01613578619059], [-123.4755101562468, 44.9560621782], [-123.46875, 44.93765313285993], [-123.4423992976427, 44.8857634111], [-123.46750482088204, 44.815464643999995], [-123.46875, 44.81366487839507], [-123.5390625, 44.769025562127354], [-123.609375, 44.75627171775522], [-123.6796875, 44.76318175304439], [-123.75000000000001, 44.78467387258982], [-123.80809564069192, 44.815464644], [-123.8203125, 44.82309107414913], [-123.88819380691564, 44.8857634111], [-123.88532962585548, 44.9560621782], [-123.82950583740416, 45.0263609453], [-123.8203125, 45.03886222561545]]}}, {"type": "Feature", "properties": {"level_in": 0.25}, "geometry": {"type": "LineString", "coordinates": [[-118.265625, 45.0376246280888], [-118.19536759376675, 45.0263609453], [-118.1953125, 45.02635642598304], [-118.125, 44.995159289350454], [-118.08800475671055, 44.9560621782], [-118.0546875, 44.890805677190215], [-118.0521225411492, 44.8857634111], [-118.0546875, 44.87659505482203], [-118.10901258078664, 44.815464644], [-118.125, 44.809460071456066], [-118.15097201853256, 44.815464644], [-118.1953125, 44.821127662682784], [-118.265625, 44.82858170296524], [-118.3359375, 44.835290789385965], [-118.40625, 44.863104134838785], [-118.4765625, 44.84239691647647], [-118.50648588063338, 44.815464644], [-118.546875, 44.777550140071845], [-118.57609263091003, 44.7451658768], [-118.6171875, 44.68125300310357], [-118.6875, 44.71044733328097], [-118.7578125, 44.728849452868374], [-118.76966892185662, 44.745165876799994], [-118.828125, 44.75681589353794], [-118.8984375, 44.76745669577874], [-118.96875, 44.76873149009232], [-119.0390625, 44.805654808895774], [-119.04280367088222, 44.815464644], [-119.0390625, 44.81757446915801], [-118.96875, 44.84929600446018], [-118.8984375, 44.87683459380924], [-118.87906940823154, 44.8857634111], [-118.828125, 44.92807303677108], [-118.80121878454938, 44.9560621782], [-118.75781249999999, 44.98437956477147], [-118.6875, 45.007076920129336], [-118.6171875, 45.01777538908198], [-118.546875, 45.007312779220044], [-118.48213254703094, 44.9560621782], [-118.4765625, 44.94718263912086], [-118.40625, 44.93967445468479], [-118.38060486934702, 44.9560621782], [-118.33593749999999, 44.981220289121886], [-118.30433286620973, 45.0263609453], [-118.265625, 45.0376246280888]]}}, {"type": "Feature", "properties": {"level_in": 0.25}, "geometry": {"type": "LineString", "coordinates": [[-111.9375, 44.96493007060442], [-111.94393224443313, 44.9560621782], [-111.9375, 44.953154973493305], [-111.89662255349913, 44.9560621782], [-111.9375, 44.96493007060442]]}}, {"type": "Feature", "properties": {"level_in": 0.25}, "geometry": {"type": "LineString", "coordinates": [[-70.3125, 44.956162939089424], [-70.31220849465286, 44.95606217820001], [-70.2930662851504, 44.885763411099994], [-70.3125, 44.85661854243892], [-70.33103263211136, 44.815464644], [-70.35519216228239, 44.7451658768], [-70.3125, 44.70848041274746], [-70.2796168196453, 44.6748671097], [-70.30122255482615, 44.60456834259999], [-70.3125, 44.576587106345116], [-70.3370399568794, 44.5342695755], [-70.35032168969457, 44.4639708083], [-70.36828150909554, 44.3936720412], [-70.3828125, 44.38109192898223], [-70.453125, 44.342337706938864], [-70.5234375, 44.343163592406526], [-70.59375, 44.35306436749847], [-70.64221945487795, 44.3936720412], [-70.6640625, 44.409357821939224], [-70.734375, 44.39529164523262], [-70.73752431681291, 44.3936720412], [-70.75372992636977, 44.323373274], [-70.7597741858081, 44.2530745069], [-70.78379140096501, 44.1827757397], [-70.78215962614739, 44.11247697259999], [-70.8046875, 44.0859172134833], [-70.85487505867503, 44.0421782054], [-70.875, 44.03029263028689], [-70.9453125, 44.00924959836259], [-71.015625, 43.98432814992748], [-71.02967320268803, 43.9718794382], [-71.0859375, 43.90930971473772], [-71.09539150180437, 43.901580671], [-71.15625, 43.86037273035285], [-71.2265625, 43.838274852911475], [-71.296875, 43.85271158809796], [-71.3671875, 43.877265171971445], [-71.4058711623746, 43.901580671], [-71.4375, 43.910950827388675], [-71.5078125, 43.93936098206834], [-71.55593841252416, 43.9718794382], [-71.578125, 44.002709449825794], [-71.60441232419535, 44.0421782054], [-71.61183831603496, 44.11247697259999], [-71.60939353907678, 44.1827757397], [-71.5790050220097, 44.2530745069], [-71.578125, 44.25396256463755], [-71.5129561608595, 44.323373274], [-71.5078125, 44.33153009834675], [-71.47833231516493, 44.3936720412], [-71.46503350555159, 44.4639708083], [-71.4375, 44.50577276432567], [-71.40790136414175, 44.5342695755], [-71.3671875, 44.563494344838986], [-71.296875, 44.598408564928704], [-71.28051651205875, 44.604568342600004], [-71.2265625, 44.662815788600476], [-71.21511759993285, 44.6748671097], [-71.2265625, 44.685759643070426], [-71.29560671277383, 44.7451658768], [-71.2265625, 44.8051488851665], [-71.15625, 44.78218028822212], [-71.0859375, 44.773122851424006], [-71.015625, 44.77068108820632], [-70.9453125, 44.767638501271534], [-70.875, 44.76416680819495], [-70.8046875, 44.760537210967136], [-70.734375, 44.75996345210604], [-70.6640625, 44.76765714553317], [-70.59375, 44.81007617677746], [-70.58828510025783, 44.815464644], [-70.5234375, 44.85704040452765], [-70.46982682392209, 44.8857634111], [-70.453125, 44.89318154639197], [-70.3828125, 44.921314970435134], [-70.31277522840479, 44.9560621782], [-70.3125, 44.956162939089424]]}}, {"type": "Feature", "properties": {"level_in": 0.25}, "geometry": {"type": "LineString", "coordinates": [[-116.71875, 44.8912134841168], [-116.6484375, 44.90317111827138], [-116.58665020768142, 44.8857634111], [-116.61192679651361, 44.815464644], [-116.63187649305858, 44.7451658768], [-116.6484375, 44.733965694196996], [-116.71875, 44.711500822583254], [-116.7890625, 44.69458280256288], [-116.859375, 44.69076829348379], [-116.87407460510656, 44.7451658768], [-116.859375, 44.76791886885183], [-116.81208446788955, 44.815464644], [-116.7890625, 44.84365712544468], [-116.73223585843886, 44.8857634111], [-116.71875, 44.8912134841168]]}}, {"type": "Feature", "properties": {"level_in": 0.25}, "geometry": {"type": "LineString", "coordinates": [[-112.5, 44.816277589163214], [-112.5063671271136, 44.815464644], [-112.5, 44.81439067190847], [-112.49684190309182, 44.815464644], [-112.5, 44.816277589163214]]}}, {"type": "Feature", "properties": {"level_in": 0.25}, "geometry": {"type": "LineString", "coordinates": [[-116.2265625, 44.75377068017833], [-116.15625, 44.80252790324671], [-116.11598050708608, 44.7451658768], [-116.15624999999999, 44.73421173141488], [-116.22656250000001, 44.730206434998834], [-116.23908419342189, 44.7451658768], [-116.2265625, 44.75377068017833]]}}, {"type": "Feature", "properties": {"level_in": 0.25}, "geometry": {"type": "LineString", "coordinates": [[-80.578125, 44.69959497245918], [-80.5078125, 44.697064388907386], [-80.4375, 44.692827135877096], [-80.38857877671414, 44.6748671097], [-80.3671875, 44.664483151942484], [-80.296875, 44.64585639428661], [-80.2265625, 44.61557306312754], [-80.20864124785149, 44.6045683426], [-80.2265625, 44.565422524854014], [-80.296875, 44.54318417850601], [-80.3671875, 44.553685429316516], [-80.4375, 44.57075625745647], [-80.5078125, 44.59265636051718], [-80.53668542451538, 44.60456834259999], [-80.578125, 44.63852289981685], [-80.62954298001003, 44.6748671097], [-80.578125, 44.69959497245918]]}}, {"type": "Feature", "properties": {"level_in": 0.25}, "geometry": {"type": "LineString", "coordinates": [[-123.609375, 44.54182179445143], [-123.59672971164449, 44.5342695755], [-123.609375, 44.52187846880829], [-123.66917786759704, 44.5342695755], [-123.609375, 44.54182179445143]]}}, {"type": "Feature", "properties": {"level_in": 0.25}, "geometry": {"type": "LineString", "coordinates": [[-120.58593749999999, 44.549527732900586], [-120.54042563784239, 44.5342695755], [-120.5859375, 44.52262446148942], [-120.62732530628168, 44.5342695755], [-120.58593749999999, 44.549527732900586]]}}, {"type": "Feature", "properties": {"level_in": 0.25}, "geometry": {"type": "LineString", "coordinates": [[-112.2890625, 44.54663304699202], [-112.21875, 44.549414406337505], [-112.1484375, 44.54042204343838], [-112.10695095122554, 44.5342695755], [-112.14843749999999, 44.50572863892543], [-112.21875, 44.48962933159004], [-112.2890625, 44.500041728092654], [-112.31789158065534, 44.5342695755], [-112.2890625, 44.54663304699202]]}}, {"type": "Feature", "properties": {"level_in": 0.25}, "geometry": {"type": "LineString", "coordinates": [[-79.6640625, 44.49364924824563], [-79.59375, 44.49256154076315], [-79.52346993426157, 44.4639708083], [-79.5234375, 44.46391737228126], [-79.4999918429156, 44.3936720412], [-79.5234375, 44.38752557248348], [-79.59375, 44.39335944966798], [-79.59672933921829, 44.3936720412], [-79.6640625, 44.416066102176025], [-79.71786944785563, 44.4639708083], [-79.6640625, 44.49364924824563]]}}, {"type": "Feature", "properties": {"level_in": 0.25}, "geometry": {"type": "LineString", "coordinates": [[-73.4765625, 44.503048714462565], [-73.40625, 44.509848351156435], [-73.3359375, 44.470323115392716], [-73.32924485820007, 44.4639708083], [-73.28525320021677, 44.3936720412], [-73.3359375, 44.37160855775302], [-73.40625, 44.38097980976791], [-73.46476774389308, 44.3936720412], [-73.4765625, 44.407208632754305], [-73.52298540754026, 44.4639708083], [-73.4765625, 44.503048714462565]]}}, {"type": "Feature", "properties": {"level_in": 0.25}, "geometry": {"type": "LineString", "coordinates": [[-120.3046875, 44.4100228510996], [-120.234375, 44.399379651017675], [-120.1657476163525, 44.3936720412], [-120.2167954337236, 44.323373274], [-120.234375, 44.295622899412535], [-120.3046875, 44.3030892363454], [-120.33430240059215, 44.32337327399999], [-120.32736862253446, 44.3936720412], [-120.3046875, 44.4100228510996]]}}, {"type": "Feature", "properties": {"level_in": 0.25}, "geometry": {"type": "LineString", "coordinates": [[-119.953125, 44.413770662513], [-119.8828125, 44.41003804217317], [-119.8125, 44.40182947093555], [-119.78668450255455, 44.3936720412], [-119.7421875, 44.352581036132996], [-119.7188337112963, 44.323373274], [-119.7421875, 44.30899594371256], [-119.8125, 44.3226766767235], [-119.81508481004514, 44.323373274], [-119.8828125, 44.350852959068135], [-119.953125, 44.36645408401953], [-120.02338440629853, 44.3936720412], [-119.953125, 44.413770662513]]}}, {"type": "Feature", "properties": {"level_in": 0.25}, "geometry": {"type": "LineString", "coordinates": [[-118.265625, 44.39810616094027], [-118.25706580082496, 44.3936720412], [-118.265625, 44.38526787413642], [-118.30137532193164, 44.3936720412], [-118.265625, 44.39810616094027]]}}, {"type": "Feature", "properties": {"level_in": 0.25}, "geometry": {"type": "LineString", "coordinates": [[-80.296875, 44.39976522625071], [-80.2265625, 44.40948560552921], [-80.20175571820265, 44.3936720412], [-80.16480027945315, 44.323373274000005], [-80.15625, 44.26837839982105], [-80.1523920400311, 44.2530745069], [-80.15625, 44.24003981173185], [-80.20030792363261, 44.1827757397], [-80.2265625, 44.17278982560419], [-80.2608115389686, 44.1827757397], [-80.296875, 44.199289696406986], [-80.3341770278953, 44.2530745069], [-80.35241438591451, 44.323373274], [-80.31283526986073, 44.3936720412], [-80.296875, 44.39976522625071]]}}, {"type": "Feature", "properties": {"level_in": 0.25}, "geometry": {"type": "LineString", "coordinates": [[-118.61718750000001, 44.33959314853789], [-118.54687500000001, 44.327324025232], [-118.5348669774931, 44.323373274], [-118.4901793537055, 44.25307450689999], [-118.546875, 44.20593568198528], [-118.59067614358034, 44.18277573969999], [-118.6171875, 44.17526968374531], [-118.6875, 44.16617639706932], [-118.7578125, 44.179256735841804], [-118.77155637471998, 44.1827757397], [-118.8074104956601, 44.2530745069], [-118.7578125, 44.29442964499402], [-118.6875, 44.3202937581859], [-118.67721607911665, 44.323373274], [-118.61718750000001, 44.33959314853789]]}}, {"type": "Feature", "properties": {"level_in": 0.25}, "geometry": {"type": "LineString", "coordinates": [[-122.83593750000001, 44.18966564535119], [-122.765625, 44.210722396087334], [-122.6953125, 44.18732182097616], [-122.68154677350343, 44.18277573969999], [-122.69531249999999, 44.1770998775782], [-122.765625, 44.148637309362805], [-122.8359375, 44.1769853909051], [-122.84237855564615, 44.182775739700006], [-122.83593750000001, 44.18966564535119]]}}, {"type": "Feature", "properties": {"level_in": 0.25}, "geometry": {"type": "LineString", "coordinates": [[-72.9140625, 44.07828376165466], [-72.84375, 44.0795045160042], [-72.7734375, 44.062247857180616], [-72.74512337371497, 44.0421782054], [-72.70741176199752, 43.9718794382], [-72.7734375, 43.90590308440871], [-72.81812767465632, 43.901580671], [-72.84375, 43.894829122389226], [-72.84948389195483, 43.90158067099999], [-72.9140625, 43.95157135510384], [-72.93367547532509, 43.9718794382], [-72.95420404665464, 44.0421782054], [-72.9140625, 44.07828376165466]]}}, {"type": "Feature", "properties": {"level_in": 0.25}, "geometry": {"type": "LineString", "coordinates": [[-122.625, 43.98342248484135], [-122.61262865024106, 43.9718794382], [-122.625, 43.959110817150204], [-122.64632210685996, 43.9718794382], [-122.625, 43.98342248484135]]}}, {"type": "Feature", "properties": {"level_in": 0.25}, "geometry": {"type": "LineString", "coordinates": [[-122.0625, 43.971959789703284], [-122.06357993302741, 43.9718794382], [-122.0625, 43.97181221807542], [-122.06230672317031, 43.9718794382], [-122.0625, 43.971959789703284]]}}, {"type": "Feature", "properties": {"level_in": 0.25}, "geometry": {"type": "LineString", "coordinates": [[-119.7421875, 43.98446816993394], [-119.69569860199451, 43.9718794382], [-119.7421875, 43.94120588583152], [-119.7893990340951, 43.9718794382], [-119.7421875, 43.98446816993394]]}}, {"type": "Feature", "properties": {"level_in": 0.25}, "geometry": {"type": "LineString", "coordinates": [[-119.6015625, 43.92154810051294], [-119.57429884253031, 43.901580671], [-119.6015625, 43.882917734416544], [-119.66572185052767, 43.901580671], [-119.6015625, 43.92154810051294]]}}, {"type": "Feature", "properties": {"level_in": 0.25}, "geometry": {"type": "LineString", "coordinates": [[-121.28906249999999, 43.848959356392534], [-121.21875, 43.86450095962971], [-121.1484375, 43.85732632881128], [-121.10535205328455, 43.8312819038], [-121.078125, 43.79704192634938], [-121.0546649927569, 43.7609831366], [-121.04303738657632, 43.6906843694], [-121.05700559054685, 43.6203856022], [-121.07589573152633, 43.550086835], [-121.078125, 43.54822046428934], [-121.1484375, 43.52219786879475], [-121.21875, 43.53609646524906], [-121.25153030603408, 43.550086835], [-121.2890625, 43.55875569067971], [-121.359375, 43.58132051772584], [-121.39271132021534, 43.6203856022], [-121.4296875, 43.67720786052331], [-121.44284443176538, 43.6906843694], [-121.4296875, 43.74719345895353], [-121.42499442203997, 43.7609831366], [-121.359375, 43.81586075532722], [-121.33736455767063, 43.8312819038], [-121.28906249999999, 43.848959356392534]]}}, {"type": "Feature", "properties": {"level_in": 0.25}, "geometry": {"type": "LineString", "coordinates": [[-70.59375, 43.83172448993389], [-70.57972895945376, 43.8312819038], [-70.59375, 43.83090344997078], [-70.62497885942362, 43.8312819038], [-70.59375, 43.83172448993389]]}}, {"type": "Feature", "properties": {"level_in": 0.25}, "geometry": {"type": "LineString", "coordinates": [[-72.7734375, 43.765127167674905], [-72.703125, 43.78442697332071], [-72.66429396212575, 43.7609831366], [-72.6328125, 43.74966647845325], [-72.5625, 43.70212520372173], [-72.55121124640873, 43.69068436940001], [-72.5200651408347, 43.6203856022], [-72.54007566172666, 43.550086835], [-72.55236696665675, 43.4797880678], [-72.53748913310318, 43.4094893005], [-72.52688907249926, 43.3391905333], [-72.54810049139337, 43.268891766100005], [-72.56171780145824, 43.1985929988], [-72.54517282493289, 43.1282942316], [-72.52707570243564, 43.0579954643], [-72.50534725928564, 42.98769669699999], [-72.51060088777166, 42.9173979298], [-72.5157913140706, 42.8470991625], [-72.52498298938289, 42.7768003952], [-72.53314148781482, 42.706501627899996], [-72.5625, 42.652629466418006], [-72.57189998512935, 42.6362028606], [-72.61383454243735, 42.5659040933], [-72.62647873263379, 42.495605326], [-72.62460740095665, 42.4253065587], [-72.6328125, 42.38692895321593], [-72.64147636867403, 42.3550077914], [-72.68327739246628, 42.2847090241], [-72.703125, 42.24667520523302], [-72.72067431870667, 42.2144102568], [-72.7734375, 42.15356982252884], [-72.80500808603647, 42.1441114894], [-72.84375, 42.090813068837974], [-72.9140625, 42.11292922421341], [-72.92612200092972, 42.1441114894], [-72.95024898585645, 42.2144102568], [-72.93493050564065, 42.2847090241], [-72.94758587006226, 42.3550077914], [-72.96146628951996, 42.4253065587], [-72.984375, 42.48965965083294], [-72.98601937251973, 42.495605326], [-73.011959246952, 42.565904093300006], [-73.0244918331629, 42.6362028606], [-73.012104567645, 42.7065016279], [-72.99971740120444, 42.7768003952], [-73.00185669901991, 42.8470991625], [-73.02056240892708, 42.9173979298], [-73.0546875, 42.98398519727363], [-73.0566379127076, 42.987696697], [-73.06991894250645, 43.0579954643], [-73.068284298018, 43.1282942316], [-73.0546875, 43.162484782450505], [-73.0403924380435, 43.1985929988], [-73.02279476824305, 43.2688917661], [-73.01134856885491, 43.3391905333], [-72.984375, 43.40761230598446], [-72.98359897888172, 43.4094893005], [-72.9140625, 43.47176202967137], [-72.8990395858751, 43.4797880678], [-72.84375, 43.52016296488709], [-72.798755979703, 43.550086835], [-72.7734375, 43.59908601464376], [-72.76438632052391, 43.6203856022], [-72.7718833190918, 43.6906843694], [-72.7734375, 43.709478845482565], [-72.77666676483648, 43.7609831366], [-72.7734375, 43.765127167674905]]}}, {"type": "Feature", "properties": {"level_in": 0.25}, "geometry": {"type": "LineString", "coordinates": [[-71.859375, 43.763282371133826], [-71.7890625, 43.76984187103658], [-71.71875, 43.76111389126477], [-71.71786827008032, 43.7609831366], [-71.6484375, 43.75379081567144], [-71.578125, 43.74542208028842], [-71.5078125, 43.7366253285667], [-71.4375, 43.72434509473798], [-71.3671875, 43.69474644559922], [-71.36238187533093, 43.69068436940001], [-71.296875, 43.66813148135335], [-71.2265625, 43.625045495961906], [-71.2225921853796, 43.6203856022], [-71.2265625, 43.6169995626444], [-71.296875, 43.584702549167474], [-71.3671875, 43.57139451729684], [-71.4375, 43.564210378399295], [-71.5078125, 43.56320491917178], [-71.578125, 43.56254428915159], [-71.6484375, 43.559594382284914], [-71.71875, 43.550757760663224], [-71.72136547052986, 43.550086835], [-71.74974939913002, 43.4797880678], [-71.74659459498834, 43.4094893005], [-71.7594658828808, 43.3391905333], [-71.77050057962623, 43.2688917661], [-71.7890625, 43.215906967990556], [-71.79648811460993, 43.1985929988], [-71.82861604008134, 43.1282942316], [-71.859375, 43.086535375357215], [-71.91516844587017, 43.05799546430001], [-71.9296875, 42.996842047199515], [-72.0, 43.008977284482626], [-72.0703125, 43.02182368717569], [-72.10616748794911, 43.0579954643], [-72.140625, 43.08518064531871], [-72.18207399809262, 43.1282942316], [-72.20458854660154, 43.1985929988], [-72.19813878419056, 43.2688917661], [-72.20081078341012, 43.3391905333], [-72.2109375, 43.3975070161145], [-72.21427747812986, 43.4094893005], [-72.2109375, 43.435773001331114], [-72.20539730183367, 43.4797880678], [-72.140625, 43.54234673087719], [-72.13117949062027, 43.550086835], [-72.0703125, 43.58764210419104], [-72.02384057400403, 43.6203856022], [-72.0, 43.64660144975832], [-71.9559084688002, 43.6906843694], [-71.9296875, 43.73084088570326], [-71.87197146734273, 43.7609831366], [-71.859375, 43.763282371133826]]}}, {"type": "Feature", "properties": {"level_in": 0.25}, "geometry": {"type": "LineString", "coordinates": [[-122.8359375, 43.44160191888559], [-122.87139747144914, 43.4094893005], [-122.90625, 43.36992431333995], [-122.94129444731111, 43.3391905333], [-122.90625, 43.30597189491213], [-122.8359375, 43.28661697559289], [-122.765625, 43.29734735511137], [-122.6953125, 43.32449464139812], [-122.67645946355078, 43.3391905333], [-122.625, 43.3914071806747], [-122.60530788376906, 43.4094893005], [-122.625, 43.455604783535144], [-122.6953125, 43.47645864506647], [-122.765625, 43.46438144720794], [-122.8359375, 43.441601918885596]]}}, {"type": "Feature", "properties": {"level_in": 0.25}, "geometry": {"type": "LineString", "coordinates": [[-123.8203125, 43.206823132458645], [-123.81335096812762, 43.198592998799995], [-123.8203125, 43.19604428925821], [-123.82971450666386, 43.1985929988], [-123.8203125, 43.206823132458645]]}}, {"type": "Feature", "properties": {"level_in": 0.25}, "geometry": {"type": "LineString", "coordinates": [[-74.3203125, 43.22983190138011], [-74.25, 43.22171012576612], [-74.2119102412019, 43.1985929988], [-74.1796875, 43.18267735916868], [-74.12196653682513, 43.1282942316], [-74.1796875, 43.100868459422415], [-74.25, 43.107838143672915], [-74.3203125, 43.11941836896587], [-74.3439072740191, 43.1282942316], [-74.38147450733844, 43.1985929988], [-74.3203125, 43.22983190138011]]}}, {"type": "Feature", "properties": {"level_in": 0.25}, "geometry": {"type": "LineString", "coordinates": [[-121.78124999999999, 43.129939324825976], [-121.78415638691843, 43.1282942316], [-121.8362778982468, 43.05799546429999], [-121.8515625, 43.038509195066524], [-121.86724619376824, 42.987696697], [-121.86325474840045, 42.9173979298], [-121.86246437900498, 42.8470991625], [-121.921875, 42.78732597442666], [-121.93235860858151, 42.7768003952], [-121.9921875, 42.72347779153066], [-122.00791385516555, 42.7065016279], [-122.0405249038441, 42.6362028606], [-122.0625, 42.60766090623328], [-122.09030841006944, 42.5659040933], [-122.0625, 42.50655705357735], [-122.05333323322057, 42.495605326], [-122.06249999999999, 42.47268555204494], [-122.08321164293743, 42.4253065587], [-122.08147829058916, 42.3550077914], [-122.0625, 42.31935394496302], [-122.03444247244875, 42.2847090241], [-122.00461674527764, 42.2144102568], [-122.0625, 42.1456601201759], [-122.06586215115183, 42.144111489400004], [-122.13281250000001, 42.12068692049697], [-122.203125, 42.11425348500951], [-122.2734375, 42.11554030793915], [-122.34375, 42.111950232507425], [-122.4140625, 42.109281953978154], [-122.484375, 42.10868505039503], [-122.5546875, 42.103593760368256], [-122.625, 42.08016580851721], [-122.63152069222434, 42.0738127221], [-122.63427773615149, 42.0035139548], [-122.6953125, 41.97404778305331], [-122.765625, 41.94727048640818], [-122.8070028095624, 41.9332151874], [-122.8359375, 41.916481184246756], [-122.90625, 41.89386529654497], [-122.94967377020718, 41.8629164201], [-122.90625, 41.827416625681934], [-122.8359375, 41.80613132444736], [-122.8073180991226, 41.7926176527], [-122.83593750000001, 41.782070225072715], [-122.90625, 41.72245314869154], [-122.90645485754263, 41.7223188853], [-122.9765625, 41.68471588705077], [-123.00001988087112, 41.652020118], [-122.99262366905347, 41.581721350600006], [-122.9775232399245, 41.5114225832], [-122.9765625, 41.50934224510805], [-122.93270762718578, 41.4411238158], [-122.90625, 41.409879763547835], [-122.85772248580207, 41.3708250484], [-122.8359375, 41.349467330892374], [-122.765625, 41.33278412756964], [-122.6953125, 41.35901536648203], [-122.67958677873573, 41.37082504839999], [-122.625, 41.41051676531117], [-122.5546875, 41.42397543819541], [-122.484375, 41.43470945349709], [-122.46622288248435, 41.4411238158], [-122.4140625, 41.46318315102675], [-122.36730486518476, 41.5114225832], [-122.34375, 41.52618050895934], [-122.2734375, 41.56459811343137], [-122.23945275507597, 41.5817213506], [-122.2354210799946, 41.652020118], [-122.2734375, 41.70870681516801], [-122.29060636700201, 41.7223188853], [-122.32198924690161, 41.7926176527], [-122.34375, 41.81836685294316], [-122.39530225699424, 41.7926176527], [-122.4140625, 41.78013449641431], [-122.484375, 41.75755373551404], [-122.5546875, 41.771794837055026], [-122.61082601576604, 41.7926176527], [-122.5546875, 41.82325065457069], [-122.484375, 41.85413997952505], [-122.43550806089252, 41.8629164201], [-122.4140625, 41.866294538731864], [-122.34375, 41.91686172989821], [-122.31269791067947, 41.9332151874], [-122.27343749999999, 41.95024688407045], [-122.203125, 41.96317741248643], [-122.1328125, 41.94856585714762], [-122.11154397835594, 41.9332151874], [-122.0625, 41.8893485538199], [-122.03538945546285, 41.86291642009999], [-122.02571422115327, 41.7926176527], [-122.02481746264036, 41.7223188853], [-122.00024512518603, 41.652020118], [-121.9921875, 41.64834141025992], [-121.97018398262736, 41.652020118], [-121.921875, 41.66773013925843], [-121.8515625, 41.69340520221344], [-121.78349687007685, 41.7223188853], [-121.78125, 41.72416925578096], [-121.7109375, 41.765191976439894], [-121.640625, 41.77120722127087], [-121.5703125, 41.760554231326694], [-121.5, 41.75491510386802], [-121.4296875, 41.7581862189033], [-121.4064846647934, 41.7926176527], [-121.359375, 41.829958560964045], [-121.2890625, 41.84596324580153], [-121.21875, 41.84888699960574], [-121.15979194625888, 41.86291642009999], [-121.1484375, 41.87871574731203], [-121.1262542651118, 41.9332151874], [-121.078125, 41.991424695449865], [-121.04064098081908, 42.0035139548], [-121.01358198860743, 42.0738127221], [-121.078125, 42.096240973040054], [-121.1484375, 42.11326007173577], [-121.20891154816171, 42.1441114894], [-121.21875, 42.16533414700241], [-121.25856396455649, 42.2144102568], [-121.2890625, 42.2753954367896], [-121.32836192887086, 42.2847090241], [-121.2890625, 42.289851492073474], [-121.21875, 42.29952094480018], [-121.14843750000001, 42.31319959353638], [-121.078125, 42.31882015876316], [-121.0078125, 42.32688677123393], [-120.9375, 42.34046965283956], [-120.8894844687766, 42.3550077914], [-120.9375, 42.37239869970959], [-120.9891512821239, 42.4253065587], [-121.0078125, 42.43073585221586], [-121.078125, 42.459349507559985], [-121.14020686144316, 42.495605326], [-121.11879698747626, 42.5659040933], [-121.1484375, 42.60216705322578], [-121.21875, 42.61748776604999], [-121.2681847130443, 42.6362028606], [-121.2890625, 42.65359156366077], [-121.359375, 42.646629591711985], [-121.38154609363431, 42.6362028606], [-121.4296875, 42.59763838180261], [-121.5, 42.63339003359124], [-121.50259027629613, 42.6362028606], [-121.5, 42.640637900469], [-121.45769873624198, 42.7065016279], [-121.47626867349311, 42.7768003952], [-121.50000000000001, 42.84370767793264], [-121.50090508371338, 42.8470991625], [-121.49999999999999, 42.85140233677844], [-121.4649212170335, 42.9173979298], [-121.5, 42.950131737047286], [-121.5293839674523, 42.98769669699999], [-121.5703125, 43.02042629464949], [-121.62174426679113, 43.0579954643], [-121.640625, 43.09690438070146], [-121.7109375, 43.124607949716456], [-121.75191193618454, 43.1282942316], [-121.78125, 43.12993932482598]]}}, {"type": "Feature", "properties": {"level_in": 0.25}, "geometry": {"type": "LineString", "coordinates": [[-117.0, 43.05289199533618], [-116.9296875, 43.031195652843124], [-116.8751791177615, 42.987696697000004], [-116.9296875, 42.96103082536803], [-117.0, 42.94065350171397], [-117.05962167379616, 42.987696697], [-117.0, 43.05289199533618]]}}, {"type": "Feature", "properties": {"level_in": 0.25}, "geometry": {"type": "LineString", "coordinates": [[-71.9296875, 42.97405119122261], [-71.859375, 42.968306555115156], [-71.81467248043586, 42.9173979298], [-71.82300481876044, 42.8470991625], [-71.859375, 42.81482317232924], [-71.91377830843376, 42.8470991625], [-71.9296875, 42.890358950598724], [-71.94040774187641, 42.9173979298], [-71.9296875, 42.97405119122261]]}}, {"type": "Feature", "properties": {"level_in": 0.25}, "geometry": {"type": "LineString", "coordinates": [[-124.171875, 42.72554431036298], [-124.1015625, 42.70790194099187], [-124.09751142375703, 42.7065016279], [-124.1015625, 42.70401941590085], [-124.171875, 42.68680673641316], [-124.19918970560107, 42.7065016279], [-124.171875, 42.72554431036298]]}}, {"type": "Feature", "properties": {"level_in": 0.25}, "geometry": {"type": "LineString", "coordinates": [[-118.828125, 42.73925845942121], [-118.7578125, 42.728719827063074], [-118.7235114637959, 42.7065016279], [-118.75781249999999, 42.69414307221327], [-118.828125, 42.68357852426051], [-118.88557571787233, 42.7065016279], [-118.828125, 42.73925845942121]]}}, {"type": "Feature", "properties": {"level_in": 0.25}, "geometry": {"type": "LineString", "coordinates": [[-123.9609375, 42.67559631417349], [-123.890625, 42.68213105318253], [-123.83909142750514, 42.6362028606], [-123.8203125, 42.63133290869984], [-123.75, 42.603703990471224], [-123.69719718123434, 42.5659040933], [-123.6796875, 42.54419166902497], [-123.65638540073263, 42.495605326], [-123.6796875, 42.456159358158374], [-123.73009542228573, 42.4253065587], [-123.75, 42.407123420425314], [-123.8203125, 42.389381271841266], [-123.84988631842211, 42.4253065587], [-123.890625, 42.46081596924266], [-123.92106318988937, 42.495605326], [-123.890625, 42.55002409454871], [-123.87969469210032, 42.5659040933], [-123.890625, 42.59922605177661], [-123.9609375, 42.62048963107148], [-124.01053733197415, 42.6362028606], [-123.9609375, 42.67559631417349]]}}, {"type": "Feature", "properties": {"level_in": 0.25}, "geometry": {"type": "LineString", "coordinates": [[-121.71093749999999, 42.646389873623065], [-121.69353907914787, 42.63620286060001], [-121.71093750000001, 42.61754546804333], [-121.72809974496073, 42.6362028606], [-121.71093749999999, 42.646389873623065]]}}, {"type": "Feature", "properties": {"level_in": 0.25}, "geometry": {"type": "LineString", "coordinates": [[-121.7109375, 42.47186975871904], [-121.66705656725534, 42.4253065587], [-121.640625, 42.411083828031074], [-121.58081773940476, 42.3550077914], [-121.57544378880586, 42.2847090241], [-121.640625, 42.27123707609083], [-121.7109375, 42.27461092743661], [-121.78124999999999, 42.282985392432565], [-121.78504273116658, 42.2847090241], [-121.8515625, 42.323941864973804], [-121.87285733377263, 42.3550077914], [-121.8515625, 42.376603520752525], [-121.78125, 42.414355716883], [-121.75141169366651, 42.4253065587], [-121.7109375, 42.47186975871904]]}}, {"type": "Feature", "properties": {"level_in": 0.25}, "geometry": {"type": "LineString", "coordinates": [[-121.28906249999999, 42.43828842921761], [-121.27394889687315, 42.4253065587], [-121.2890625, 42.40186283192443], [-121.34789959742258, 42.4253065587], [-121.28906249999999, 42.43828842921761]]}}, {"type": "Feature", "properties": {"level_in": 0.25}, "geometry": {"type": "LineString", "coordinates": [[-114.328125, 42.299490008965606], [-114.2578125, 42.3172976024329], [-114.18750000000001, 42.30872221892977], [-114.1171875, 42.294472414026885], [-114.1056813599134, 42.284709024099996], [-114.1171875, 42.266783647016666], [-114.14495890145227, 42.2144102568], [-114.1875, 42.17715487786154], [-114.2578125, 42.16074684030315], [-114.328125, 42.152812103562574], [-114.3984375, 42.150119186219676], [-114.44949866607197, 42.14411148939999], [-114.4508662976788, 42.0738127221], [-114.46875, 42.05600827062935], [-114.5390625, 42.03905087845262], [-114.59662261115822, 42.0738127221], [-114.609375, 42.090174175505055], [-114.64468357287983, 42.1441114894], [-114.609375, 42.18375626602196], [-114.56539663677381, 42.2144102568], [-114.5390625, 42.23564640692567], [-114.46875, 42.26461268325447], [-114.3984375, 42.28024343510687], [-114.36715441676066, 42.2847090241], [-114.328125, 42.299490008965606]]}}, {"type": "Feature", "properties": {"level_in": 0.25}, "geometry": {"type": "LineString", "coordinates": [[-113.625, 42.34656668401324], [-113.55827774225762, 42.2847090241], [-113.6103303803254, 42.21441025680001], [-113.62499999999999, 42.18857839438182], [-113.6953125, 42.18164901844504], [-113.72754576804829, 42.214410256799994], [-113.6953125, 42.268344696508336], [-113.66815190499052, 42.2847090241], [-113.625, 42.34656668401324]]}}, {"type": "Feature", "properties": {"level_in": 0.25}, "geometry": {"type": "LineString", "coordinates": [[-120.58593750000001, 42.15692352924414], [-120.59593170845432, 42.1441114894], [-120.5859375, 42.13506769258298], [-120.515625, 42.11921019259967], [-120.50206352785389, 42.1441114894], [-120.515625, 42.190281798367444], [-120.5859375, 42.15692352924414]]}}, {"type": "Feature", "properties": {"level_in": 0.25}, "geometry": {"type": "LineString", "coordinates": [[-115.03125, 42.177311154390665], [-114.9609375, 42.20610628806273], [-114.890625, 42.20460651380061], [-114.8203125, 42.19473390754798], [-114.79451867068347, 42.1441114894], [-114.79071622485819, 42.0738127221], [-114.8203125, 42.051697722743945], [-114.890625, 42.02308234207938], [-114.9609375, 42.032766983960684], [-114.96555160187566, 42.073812722099994], [-115.03125000000001, 42.114660181151066], [-115.07690843394845, 42.1441114894], [-115.03125, 42.177311154390665]]}}, {"type": "Feature", "properties": {"level_in": 0.25}, "geometry": {"type": "LineString", "coordinates": [[-72.84375, 42.06428337256728], [-72.82237108586772, 42.0035139548], [-72.84375, 41.97745321828577], [-72.87738331861466, 42.0035139548], [-72.84375, 42.06428337256728]]}}, {"type": "Feature", "properties": {"level_in": 0.25}, "geometry": {"type": "LineString", "coordinates": [[-113.625, 41.934525414474905], [-113.60909113707494, 41.9332151874], [-113.62499999999999, 41.9321416465387], [-113.67007511162099, 41.9332151874], [-113.625, 41.934525414474905]]}}, {"type": "Feature", "properties": {"level_in": 0.25}, "geometry": {"type": "LineString", "coordinates": [[-123.2578125, 41.87134786255484], [-123.2952887356119, 41.86291642009999], [-123.328125, 41.85404694505128], [-123.3984375, 41.835489926527146], [-123.46875, 41.79424776577754], [-123.4707602212036, 41.7926176527], [-123.51104506936107, 41.7223188853], [-123.51157883140411, 41.652020118], [-123.46875, 41.62768721842885], [-123.40783679649272, 41.652020118], [-123.3984375, 41.655396611304205], [-123.328125, 41.704712547863], [-123.27379906773892, 41.7223188853], [-123.2578125, 41.73291877454654], [-123.1875, 41.750309904350246], [-123.1171875, 41.72592573973236], [-123.08336834411767, 41.7926176527], [-123.1171875, 41.832981852609045], [-123.14500590869304, 41.86291642010001], [-123.1875, 41.88205532501016], [-123.2578125, 41.87134786255485]]}}, {"type": "Feature", "properties": {"level_in": 0.25}, "geometry": {"type": "LineString", "coordinates": [[-115.3125, 41.88097418817088], [-115.2421875, 41.8630583294378], [-115.24203688901912, 41.8629164201], [-115.23992529135445, 41.7926176527], [-115.21466592388526, 41.7223188853], [-115.2421875, 41.71209960741839], [-115.31249999999999, 41.699193161772044], [-115.3828125, 41.70346007791182], [-115.3972629432588, 41.7223188853], [-115.44099867191068, 41.7926176527], [-115.3828125, 41.85241593164807], [-115.36814987393106, 41.8629164201], [-115.3125, 41.88097418817088]]}}, {"type": "Feature", "properties": {"level_in": 0.25}, "geometry": {"type": "LineString", "coordinates": [[-113.90625, 41.87781338143212], [-113.86019988463059, 41.8629164201], [-113.90625, 41.83689989444949], [-113.92657244830542, 41.8629164201], [-113.90625, 41.87781338143212]]}}, {"type": "Feature", "properties": {"level_in": 0.25}, "geometry": {"type": "LineString", "coordinates": [[-120.51562500000001, 41.79453994696498], [-120.52510912608801, 41.7926176527], [-120.5859375, 41.74778147072], [-120.60956062062999, 41.7223188853], [-120.65625, 41.66608326999616], [-120.71834823357823, 41.652020118], [-120.72656249999999, 41.649459585218224], [-120.796875, 41.639252194936816], [-120.8671875, 41.591168518972175], [-120.88385652204995, 41.5817213506], [-120.8671875, 41.557468923372355], [-120.84837220622185, 41.5114225832], [-120.796875, 41.492637499957354], [-120.7265625, 41.46304269834006], [-120.67371323443649, 41.4411238158], [-120.65625, 41.43384318535294], [-120.5859375, 41.40350771534361], [-120.56525781723329, 41.4411238158], [-120.56482505022083, 41.5114225832], [-120.52944602547822, 41.58172135059999], [-120.53313072881616, 41.652020118], [-120.515625, 41.669986061673356], [-120.44883233633664, 41.7223188853], [-120.49365941467286, 41.7926176527], [-120.515625, 41.79453994696498]]}}, {"type": "Feature", "properties": {"level_in": 0.25}, "geometry": {"type": "LineString", "coordinates": [[-119.8828125, 41.82035400207614], [-119.84978961169848, 41.7926176527], [-119.8828125, 41.772198979574725], [-119.90789608727172, 41.7926176527], [-119.8828125, 41.82035400207614]]}}, {"type": "Feature", "properties": {"level_in": 0.25}, "geometry": {"type": "LineString", "coordinates": [[-114.3984375, 41.857121924428455], [-114.37822428559508, 41.7926176527], [-114.3984375, 41.7731418487508], [-114.43695062800951, 41.7926176527], [-114.3984375, 41.857121924428455]]}}, {"type": "Feature", "properties": {"level_in": 0.25}, "geometry": {"type": "LineString", "coordinates": [[-114.046875, 41.794149976385384], [-113.9765625, 41.8238292697842], [-113.93889260822763, 41.7926176527], [-113.9765625, 41.75530149544289], [-114.046875, 41.77189277729454], [-114.04870462540374, 41.7926176527], [-114.046875, 41.794149976385384]]}}, {"type": "Feature", "properties": {"level_in": 0.25}, "geometry": {"type": "LineString", "coordinates": [[-123.046875, 41.72833955063155], [-123.09267864069346, 41.7223188853], [-123.046875, 41.71719141847399], [-123.038422194904, 41.7223188853], [-123.046875, 41.72833955063155]]}}, {"type": "Feature", "properties": {"level_in": 0.25}, "geometry": {"type": "LineString", "coordinates": [[-114.1171875, 41.7244506673502], [-114.09408491260838, 41.7223188853], [-114.1171875, 41.6828421779261], [-114.12242668958511, 41.7223188853], [-114.1171875, 41.7244506673502]]}}, {"type": "Feature", "properties": {"level_in": 0.25}, "geometry": {"type": "LineString", "coordinates": [[-114.1875, 41.65334799954052], [-114.17101422014231, 41.652020118], [-114.1171875, 41.632193067944826], [-114.11297659437629, 41.581721350600006], [-114.1171875, 41.57475551509607], [-114.1875, 41.54288560568738], [-114.2319645070772, 41.5817213506], [-114.1886060769576, 41.652020118], [-114.1875, 41.65334799954052]]}}, {"type": "Feature", "properties": {"level_in": 0.25}, "geometry": {"type": "LineString", "coordinates": [[-122.6953125, 41.52296509549309], [-122.68145153906482, 41.5114225832], [-122.6953125, 41.50661999469892], [-122.70012910798566, 41.5114225832], [-122.6953125, 41.52296509549309]]}}, {"type": "Feature", "properties": {"level_in": 0.25}, "geometry": {"type": "LineString", "coordinates": [[-114.3984375, 41.467860670372325], [-114.328125, 41.4885852268649], [-114.2578125, 41.500010740378535], [-114.1875, 41.447578272801884], [-114.18491532990356, 41.4411238158], [-114.1875, 41.423243606310514], [-114.19346070486083, 41.3708250484], [-114.2578125, 41.33086435374852], [-114.328125, 41.305834602253036], [-114.34033332272807, 41.30052628109999], [-114.3984375, 41.27454287836977], [-114.46875000000001, 41.27441464904727], [-114.5390625, 41.27916832516952], [-114.58403539792546, 41.3005262811], [-114.5390625, 41.33102062744271], [-114.49947110674805, 41.37082504840001], [-114.46875, 41.41840180361542], [-114.444701290051, 41.4411238158], [-114.3984375, 41.467860670372325]]}}, {"type": "Feature", "properties": {"level_in": 0.25}, "geometry": {"type": "LineString", "coordinates": [[-120.515625, 41.38483912108437], [-120.54427797429565, 41.3708250484], [-120.515625, 41.3511785221251], [-120.50497609890343, 41.3708250484], [-120.515625, 41.38483912108437]]}}, {"type": "Feature", "properties": {"level_in": 0.25}, "geometry": {"type": "LineString", "coordinates": [[-121.5, 41.315086873867], [-121.57008658340416, 41.3005262811], [-121.5, 41.2408897999577], [-121.47412189006408, 41.3005262811], [-121.5, 41.315086873867]]}}, {"type": "Feature", "properties": {"level_in": 0.25}, "geometry": {"type": "LineString", "coordinates": [[-123.2578125, 41.23608532651025], [-123.28895839703935, 41.2302275137], [-123.2578125, 41.214634365131474], [-123.24888516127518, 41.2302275137], [-123.2578125, 41.23608532651025]]}}, {"type": "Feature", "properties": {"level_in": 0.25}, "geometry": {"type": "LineString", "coordinates": [[-123.1875, 41.18819281401447], [-123.22747743458376, 41.1599287463], [-123.1875, 41.10544110636736], [-123.1171875, 41.136757985647805], [-123.08275397100631, 41.1599287463], [-123.1171875, 41.17235694095922], [-123.1875, 41.18819281401447]]}}, {"type": "Feature", "properties": {"level_in": 0.25}, "geometry": {"type": "LineString", "coordinates": [[-123.82031249999999, 41.113048123645314], [-123.78181689174087, 41.0896299788], [-123.8203125, 41.073159668320876], [-123.85183356172493, 41.0896299788], [-123.82031249999999, 41.113048123645314]]}}, {"type": "Feature", "properties": {"level_in": 0.25}, "geometry": {"type": "LineString", "coordinates": [[-114.5390625, 41.09779292740483], [-114.52753465349859, 41.089629978800005], [-114.5390625, 41.064826510557], [-114.58654398188811, 41.0896299788], [-114.5390625, 41.09779292740483]]}}, {"type": "Feature", "properties": {"level_in": 0.25}, "geometry": {"type": "LineString", "coordinates": [[-115.1015625, 41.02719369648826], [-115.03124999999999, 41.040482368548695], [-114.97680000164809, 41.0193312114], [-114.9611748482416, 40.949032444], [-115.03125, 40.91316413951115], [-115.06483687554815, 40.8787336766], [-115.1015625, 40.83993982861347], [-115.15760023297223, 40.8084349092], [-115.171875, 40.770506678037925], [-115.19225009969978, 40.7381361417], [-115.2421875, 40.706998444386485], [-115.27583824997274, 40.6678373743], [-115.3125, 40.644801913039096], [-115.3828125, 40.6024698786847], [-115.39349309956357, 40.5975386068], [-115.453125, 40.57578739927367], [-115.5234375, 40.58702607412589], [-115.5511868707158, 40.5975386068], [-115.57337690651195, 40.6678373743], [-115.5234375, 40.72737915931697], [-115.49200077437177, 40.7381361417], [-115.453125, 40.7466116524277], [-115.3828125, 40.76119558188333], [-115.3125, 40.77796741799865], [-115.2421875, 40.807496674558614], [-115.24025273922683, 40.8084349092], [-115.2421875, 40.80948648931608], [-115.26188186661682, 40.8787336766], [-115.28167185555776, 40.949032444], [-115.2421875, 40.98053679083496], [-115.171875, 41.006496503941946], [-115.14136858311184, 41.0193312114], [-115.1015625, 41.02719369648826]]}}, {"type": "Feature", "properties": {"level_in": 0.25}, "geometry": {"type": "LineString", "coordinates": [[-123.328125, 40.9558589223505], [-123.3487142458068, 40.949032444], [-123.328125, 40.92603652409798], [-123.30176980940452, 40.949032444], [-123.328125, 40.955858922350494]]}}, {"type": "Feature", "properties": {"level_in": 0.25}, "geometry": {"type": "LineString", "coordinates": [[-115.8046875, 40.951928039550836], [-115.79064549208053, 40.949032444], [-115.734375, 40.9366278026091], [-115.68684384335768, 40.8787336766], [-115.6640625, 40.8505459791719], [-115.63266835671806, 40.8084349092], [-115.6640625, 40.78595533184798], [-115.734375, 40.78297890007432], [-115.8046875, 40.798388492243745], [-115.82223932701143, 40.8084349092], [-115.875, 40.841044225157326], [-115.92266264401928, 40.8787336766], [-115.875, 40.92731773418736], [-115.81009667169323, 40.949032444], [-115.8046875, 40.951928039550836]]}}, {"type": "Feature", "properties": {"level_in": 0.25}, "geometry": {"type": "LineString", "coordinates": [[-123.8203125, 40.88440877231834], [-123.79988308948872, 40.87873367659999], [-123.8203125, 40.86576128296112], [-123.82657268642214, 40.87873367660001], [-123.8203125, 40.88440877231834]]}}, {"type": "Feature", "properties": {"level_in": 0.25}, "geometry": {"type": "LineString", "coordinates": [[-123.75, 40.8495529179923], [-123.71709359383632, 40.8084349092], [-123.6796875, 40.7942736441438], [-123.609375, 40.746814813741466], [-123.5972726614028, 40.7381361417], [-123.609375, 40.70048693905996], [-123.6223163444438, 40.6678373743], [-123.62010498858695, 40.5975386068], [-123.63991855296895, 40.5272398394], [-123.6796875, 40.50961083568168], [-123.74581758373307, 40.5272398394], [-123.75, 40.53021455419235], [-123.77812385662604, 40.5975386068], [-123.8203125, 40.63649980572288], [-123.84090332357931, 40.6678373743], [-123.84774840782589, 40.7381361417], [-123.8203125, 40.769767155379455], [-123.780779375069, 40.8084349092], [-123.75, 40.8495529179923]]}}, {"type": "Feature", "properties": {"level_in": 0.25}, "geometry": {"type": "LineString", "coordinates": [[-115.03125, 40.74240663443069], [-115.02802872200178, 40.7381361417], [-115.03125, 40.73614044734026], [-115.06510028231887, 40.7381361417], [-115.03125, 40.74240663443069]]}}, {"type": "Feature", "properties": {"level_in": 0.25}, "geometry": {"type": "LineString", "coordinates": [[-122.8359375, 40.60149819177355], [-122.765625, 40.61612842486161], [-122.6953125, 40.608469202033255], [-122.67476924182196, 40.5975386068], [-122.6953125, 40.58595626532975], [-122.765625, 40.53780408520874], [-122.77144321373322, 40.5272398394], [-122.8359375, 40.47388350608681], [-122.85300342711102, 40.4569410719], [-122.90625, 40.41959629832804], [-122.9635105518311, 40.3866423045], [-122.9765625, 40.35692152338654], [-123.00314894710681, 40.3866423045], [-123.046875, 40.4168878016993], [-123.08593695316262, 40.4569410719], [-123.046875, 40.48533808338681], [-123.01113736269014, 40.5272398394], [-122.9765625, 40.55546803656134], [-122.90625, 40.58244890648783], [-122.85305240847859, 40.5975386068], [-122.8359375, 40.60149819177355]]}}, {"type": "Feature", "properties": {"level_in": 0.25}, "geometry": {"type": "LineString", "coordinates": [[-114.8203125, 40.627371083538904], [-114.77574479439221, 40.5975386068], [-114.8203125, 40.57293679694895], [-114.8760997416746, 40.5975386068], [-114.8203125, 40.627371083538904]]}}, {"type": "Feature", "properties": {"level_in": 0.25}, "geometry": {"type": "LineString", "coordinates": [[-123.53906249999999, 40.468928684385006], [-123.46875, 40.47375375952961], [-123.3984375, 40.464287395168476], [-123.34835102855737, 40.4569410719], [-123.328125, 40.45102326529247], [-123.2578125, 40.43679146875888], [-123.1875, 40.4291697417544], [-123.13246413159479, 40.3866423045], [-123.1171875, 40.3757390278728], [-123.046875, 40.34190077504879], [-123.01821430890827, 40.316343536999995], [-122.9765625, 40.29351560517867], [-122.92761896264787, 40.2460447695], [-122.90625, 40.23807052530105], [-122.8359375, 40.216509871531066], [-122.77805107150783, 40.1757460021], [-122.765625, 40.16869409099691], [-122.70292298568316, 40.1054472346], [-122.6953125, 40.099661655875884], [-122.6411099288231, 40.0351484671], [-122.62744321432322, 39.9648496996], [-122.6953125, 39.90666570144592], [-122.72618751219025, 39.8945509321], [-122.765625, 39.86621870406101], [-122.82486103995608, 39.8242521646], [-122.81479224835778, 39.7539533971], [-122.765625, 39.719519670390056], [-122.72029403598913, 39.6836546296], [-122.6953125, 39.65419397589466], [-122.66681000602482, 39.61335586210001], [-122.6953125, 39.54502331529574], [-122.765625, 39.56540230591395], [-122.79767402022148, 39.5430570946], [-122.8359375, 39.49413577726375], [-122.90625, 39.47635093163024], [-122.9765625, 39.49290915230003], [-123.00500798714472, 39.5430570946], [-123.046875, 39.574650992026605], [-123.10421739668436, 39.6133558621], [-123.07407344140815, 39.6836546296], [-123.04687499999999, 39.694684401194706], [-122.99195218753451, 39.7539533971], [-123.046875, 39.79757346678767], [-123.1171875, 39.805672173028604], [-123.14242938468644, 39.8242521646], [-123.15508984013482, 39.8945509321], [-123.1875, 39.92659571646769], [-123.23468150525105, 39.9648496996], [-123.25653093611706, 40.0351484671], [-123.2578125, 40.047026867293866], [-123.26646381092155, 40.1054472346], [-123.29176520478109, 40.1757460021], [-123.32622334287785, 40.2460447695], [-123.328125, 40.2467757830481], [-123.3984375, 40.24757553020431], [-123.40077156260594, 40.2460447695], [-123.3984375, 40.24414408557708], [-123.35857137197414, 40.1757460021], [-123.39843749999999, 40.15394588669458], [-123.46875, 40.14036273788388], [-123.51902471964695, 40.1757460021], [-123.5390625, 40.21383341027318], [-123.57973384661236, 40.2460447695], [-123.5390625, 40.29770186223254], [-123.5213224891254, 40.316343537], [-123.5390625, 40.32593514497771], [-123.60341243346353, 40.3866423045], [-123.55074687529113, 40.4569410719], [-123.53906249999999, 40.468928684385006]]}}, {"type": "Feature", "properties": {"level_in": 0.25}, "geometry": {"type": "LineString", "coordinates": [[-123.6796875, 40.318985852036704], [-123.61198693536225, 40.316343536999995], [-123.6796875, 40.31422720658197], [-123.6818321839021, 40.316343537], [-123.6796875, 40.318985852036704]]}}, {"type": "Feature", "properties": {"level_in": 0.25}, "geometry": {"type": "LineString", "coordinates": [[-116.296875, 40.27349369190828], [-116.22656250000001, 40.25531173071358], [-116.1892131665567, 40.2460447695], [-116.2265625, 40.232414528741664], [-116.296875, 40.2275700967426], [-116.32114228175345, 40.2460447695], [-116.296875, 40.27349369190828]]}}, {"type": "Feature", "properties": {"level_in": 0.25}, "geometry": {"type": "LineString", "coordinates": [[-116.0859375, 40.25539870082364], [-116.015625, 40.26591041360185], [-115.9453125, 40.263164882640325], [-115.88301855529393, 40.2460447695], [-115.875, 40.23128335912041], [-115.85566550016117, 40.1757460021], [-115.875, 40.1648799795932], [-115.9453125, 40.10896804491222], [-116.015625, 40.11505953890166], [-116.0859375, 40.13471074736166], [-116.15625, 40.164975321134534], [-116.17439025241201, 40.1757460021], [-116.15625, 40.21939558231618], [-116.12099197529642, 40.2460447695], [-116.0859375, 40.25539870082364]]}}, {"type": "Feature", "properties": {"level_in": 0.25}, "geometry": {"type": "LineString", "coordinates": [[-123.46875, 39.876430787734755], [-123.41615751277784, 39.8242521646], [-123.46875, 39.784341424902365], [-123.53198675851564, 39.8242521646], [-123.46875, 39.876430787734755]]}}, {"type": "Feature", "properties": {"level_in": 0.25}, "geometry": {"type": "LineString", "coordinates": [[-122.5546875, 39.41599127386775], [-122.54433565813751, 39.4024595596], [-122.5546875, 39.38882280669719], [-122.61325794167317, 39.4024595596], [-122.5546875, 39.41599127386775]]}}, {"type": "Feature", "properties": {"level_in": 0.25}, "geometry": {"type": "LineString", "coordinates": [[-122.765625, 39.38208322598035], [-122.69668878161542, 39.332160792], [-122.765625, 39.28765163699028], [-122.82778821298443, 39.332160792], [-122.765625, 39.38208322598035]]}}, {"type": "Feature", "properties": {"level_in": 0.25}, "geometry": {"type": "LineString", "coordinates": [[-80.0859375, 38.91220878538626], [-80.015625, 38.91982720212007], [-79.9770296774272, 38.9103681868], [-79.9453125, 38.88950389164919], [-79.875, 38.86964245197697], [-79.8046875, 38.86294794331236], [-79.734375, 38.86080950353755], [-79.6640625, 38.850392054877155], [-79.65859219354085, 38.8400694192], [-79.65861223040865, 38.7697706516], [-79.6640625, 38.761323920937386], [-79.734375, 38.699629507965355], [-79.73500561816876, 38.6994718841], [-79.8046875, 38.68329467158477], [-79.875, 38.64083126830821], [-79.88514085880564, 38.6291731165], [-79.92827681312062, 38.5588743489], [-79.9453125, 38.53571631313808], [-79.97399495024769, 38.4885755813], [-80.015625, 38.45160900682711], [-80.042170157313, 38.4182768137], [-80.0859375, 38.37823509581703], [-80.12482016876432, 38.3479780462], [-80.15625, 38.32436838140608], [-80.2161707343876, 38.2776792786], [-80.2265625, 38.26841489832879], [-80.296875, 38.21194360038651], [-80.30330724443311, 38.207380511], [-80.3671875, 38.170384445614786], [-80.42596390001084, 38.1370817434], [-80.4375, 38.130613743569924], [-80.5078125, 38.09606421420486], [-80.56608045584068, 38.0667829758], [-80.578125, 38.06121481395857], [-80.6484375, 38.03634383670419], [-80.71875, 38.02988976172956], [-80.75394023623079, 38.0667829758], [-80.71875, 38.12751489234933], [-80.71517958246274, 38.1370817434], [-80.66593792248275, 38.207380511], [-80.6484375, 38.2378291340664], [-80.61737748086227, 38.2776792786], [-80.578125, 38.34403134214729], [-80.57446433957861, 38.3479780462], [-80.5078125, 38.402605175773836], [-80.49314907074037, 38.4182768137], [-80.47333261519775, 38.4885755813], [-80.4375, 38.50409480253752], [-80.38351133780026, 38.5588743489], [-80.3671875, 38.58701173003752], [-80.34260070992472, 38.6291731165], [-80.3432542957181, 38.6994718841], [-80.30914426983036, 38.76977065159999], [-80.296875, 38.780175523385324], [-80.2265625, 38.83680158309591], [-80.22383832444162, 38.8400694192], [-80.15625, 38.8983254843286], [-80.09585386903966, 38.9103681868], [-80.0859375, 38.91220878538626]]}}, {"type": "Feature", "properties": {"level_in": 0.25}, "geometry": {"type": "LineString", "coordinates": [[-118.54687500000001, 38.50274216457315], [-118.52695008275847, 38.4885755813], [-118.54687499999999, 38.47255934121549], [-118.61665544234029, 38.4885755813], [-118.54687500000001, 38.50274216457315]]}}, {"type": "Feature", "properties": {"level_in": 0.25}, "geometry": {"type": "LineString", "coordinates": [[-120.515625, 38.2904285035673], [-120.45911445426412, 38.2776792786], [-120.515625, 38.26632043845039], [-120.53005902006657, 38.2776792786], [-120.515625, 38.2904285035673]]}}, {"type": "Feature", "properties": {"level_in": 0.25}, "geometry": {"type": "LineString", "coordinates": [[-121.5703125, 36.37356253834565], [-121.5, 36.33797571237616], [-121.47133247304626, 36.3093137843], [-121.4296875, 36.24913361334286], [-121.41934622052196, 36.2390150166], [-121.4296875, 36.22736574981971], [-121.5, 36.20604776434393], [-121.5445639653883, 36.2390150166], [-121.5703125, 36.28058992747668], [-121.58900404816987, 36.3093137843], [-121.5703125, 36.37356253834565]]}}, {"type": "Feature", "properties": {"level_in": 0.25}, "geometry": {"type": "LineString", "coordinates": [[-82.125, 36.24172995375119], [-82.0546875, 36.24919725100293], [-81.98437499999999, 36.24471003931994], [-81.9520182748804, 36.2390150166], [-81.94269772363094, 36.1687162488], [-81.984375, 36.13544815046359], [-82.03010600943509, 36.0984174811], [-82.0546875, 36.08692983919778], [-82.125, 36.08167732582342], [-82.1953125, 36.08570691845369], [-82.23328707037308, 36.0984174811], [-82.265625, 36.12453634831362], [-82.30803933450736, 36.1687162488], [-82.265625, 36.19986613475706], [-82.1953125, 36.228961501071886], [-82.13983916885698, 36.2390150166], [-82.125, 36.24172995375119]]}}, {"type": "Feature", "properties": {"level_in": 0.25}, "geometry": {"type": "LineString", "coordinates": [[-82.6171875, 36.04170939198015], [-82.546875, 36.05876025837061], [-82.50113179373292, 36.0281187134], [-82.53437567624468, 35.9578199457], [-82.546875, 35.95220290939804], [-82.58726197727609, 35.9578199457], [-82.6171875, 35.97473452787963], [-82.64711721598229, 36.0281187134], [-82.6171875, 36.04170939198015]]}}, {"type": "Feature", "properties": {"level_in": 0.25}, "geometry": {"type": "LineString", "coordinates": [[-83.390625, 35.70011901055301], [-83.3203125, 35.7172075055198], [-83.25, 35.725582040049396], [-83.18024258151218, 35.6766248748], [-83.25, 35.62604780626288], [-83.29353226272828, 35.606326107], [-83.3203125, 35.59925589989017], [-83.390625, 35.59081990365729], [-83.4609375, 35.584273102061836], [-83.53125, 35.574792279210975], [-83.6015625, 35.57137455831625], [-83.66149115347429, 35.606326107], [-83.6015625, 35.62149411803357], [-83.53125, 35.63133100352811], [-83.4609375, 35.662397433537635], [-83.45029592212133, 35.6766248748], [-83.390625, 35.70011901055301]]}}, {"type": "Feature", "properties": {"level_in": 0.5}, "geometry": {"type": "LineString", "coordinates": [[-119.79976006979665, 54.9384870199], [-119.78366040461238, 54.8681882542], [-119.76662810391863, 54.7978894884], [-119.78356139006807, 54.7275907227], [-119.8125, 54.69397740506675], [-119.8828125, 54.66003414662647], [-119.89344436027612, 54.6572919569], [-119.953125, 54.647272032097725], [-119.99923473255612, 54.58699319120001], [-119.953125, 54.520711421656024], [-119.95089392775364, 54.5166944254], [-119.8828125, 54.44870463511377], [-119.88011143480728, 54.4463956596], [-119.84379305109243, 54.3760968938], [-119.8125, 54.33578405104913], [-119.78008009831136, 54.305798127900005], [-119.7421875, 54.25856557098713], [-119.7063071733397, 54.2354993621], [-119.7421875, 54.1981041277961], [-119.8125, 54.19919628893901], [-119.8828125, 54.22259036526707], [-119.91631265977796, 54.2354993621], [-119.953125, 54.25200591298514], [-120.0234375, 54.276724332273176], [-120.09375, 54.304560803727995], [-120.0960483363384, 54.3057981279], [-120.1640625, 54.33986148328922], [-120.234375, 54.372208111132316], [-120.24328721623176, 54.3760968938], [-120.3046875, 54.40234519796839], [-120.375, 54.43130097267629], [-120.40535271303972, 54.4463956596], [-120.4453125, 54.466499778392375], [-120.515625, 54.50181865260059], [-120.54534775222216, 54.516694425400004], [-120.5859375, 54.53131543829374], [-120.65625, 54.5482887813637], [-120.7265625, 54.56700423860988], [-120.796875, 54.58448913746499], [-120.81159912035938, 54.5869931912], [-120.8671875, 54.59860159863053], [-120.9375, 54.6121920506597], [-121.0078125, 54.64090809456649], [-121.03423739875532, 54.6572919569], [-121.078125, 54.72156878390978], [-121.08355166961316, 54.7275907227], [-121.07812499999999, 54.73152269445965], [-121.0078125, 54.78243643120864], [-120.9888069763312, 54.7978894884], [-121.0078125, 54.82075277550042], [-121.07363847830068, 54.8681882542], [-121.078125, 54.87038648856601], [-121.1484375, 54.90683324879057], [-121.21136057903841, 54.9384870199]]}}, {"type": "Feature", "properties": {"level_in": 0.5}, "geometry": {"type": "LineString", "coordinates": [[-119.53125, 54.61677869809069], [-119.4609375, 54.633006700762834], [-119.390625, 54.63074384243326], [-119.3203125, 54.6208987387533], [-119.25, 54.61180177984731], [-119.1796875, 54.590871012622635], [-119.1716185896609, 54.58699319120001], [-119.109375, 54.55977095141532], [-119.0390625, 54.51721744390937], [-119.03823855765422, 54.5166944254], [-118.96875, 54.45842899469731], [-118.95421438872704, 54.4463956596], [-118.90011229696198, 54.3760968938], [-118.8984375, 54.37324429483287], [-118.87235436462515, 54.30579812789999], [-118.828125, 54.25461553903187], [-118.80604375571676, 54.2354993621], [-118.7578125, 54.2005252982847], [-118.68907953038213, 54.16520059620001], [-118.6875, 54.1646961554178], [-118.6171875, 54.14140586883526], [-118.546875, 54.114748509572934], [-118.49697238947876, 54.09490183039999], [-118.4765625, 54.08405490493418], [-118.40625, 54.06732091819725], [-118.3359375, 54.05726273111259], [-118.265625, 54.05144512996985], [-118.1953125, 54.04164952419963], [-118.125, 54.029710664041765], [-118.0835319754623, 54.0246030645], [-118.0546875, 54.021808877638485], [-117.984375, 54.02082280013705], [-117.9140625, 54.0193393456394], [-117.84375, 54.02366721300426], [-117.83348195315256, 54.0246030645], [-117.7734375, 54.03525399872971], [-117.70312499999999, 54.050642763722166], [-117.6328125, 54.0684797773739], [-117.5625, 54.08773007991363], [-117.5377715135042, 54.094901830400005], [-117.4921875, 54.11602198831877], [-117.43330517455276, 54.1652005962], [-117.421875, 54.18607565730429], [-117.39891836935928, 54.2354993621], [-117.3515625, 54.26115868406163], [-117.28125, 54.30248012746929], [-117.2749062716564, 54.3057981279], [-117.2109375, 54.32391210977759], [-117.140625, 54.33912507908296], [-117.0703125, 54.34927763519967], [-117.0, 54.3424144836678], [-116.9296875, 54.31958750519471], [-116.90918961472983, 54.3057981279], [-116.87939029097532, 54.2354993621], [-116.9296875, 54.17125792326716], [-116.93571445181695, 54.1652005962], [-116.98698601193215, 54.09490183039999], [-116.9296875, 54.07523607624131], [-116.859375, 54.07272785112961], [-116.7890625, 54.070514293252884], [-116.71875, 54.06988901778523], [-116.6484375, 54.079277400766436], [-116.578125, 54.091204779329765], [-116.52852394845425, 54.0949018304], [-116.5078125, 54.09655159967279], [-116.4375, 54.0996119222391], [-116.3671875, 54.101430394493896], [-116.296875, 54.10301756078488], [-116.2265625, 54.10406195119496], [-116.16188546214205, 54.0949018304], [-116.15625, 54.094018891398925], [-116.0859375, 54.073074400424815], [-116.02062655254278, 54.0246030645], [-116.04718136944267, 53.9543042986], [-116.0859375, 53.92679883875567], [-116.15625, 53.90083359868548], [-116.20707399694466, 53.8840055327], [-116.2265625, 53.828798964565785], [-116.23176276290603, 53.8137067668], [-116.2265625, 53.811328993591786], [-116.15625, 53.781791458987136], [-116.0859375, 53.75048888325574], [-116.07200903842083, 53.7434080008], [-116.015625, 53.720707464921816], [-115.9453125, 53.69170894484323], [-115.90114783138333, 53.6731092349], [-115.875, 53.66231209910731], [-115.8046875, 53.63896682332285], [-115.734375, 53.622846636626484], [-115.6640625, 53.61270333293781], [-115.59375, 53.60524675655746], [-115.56914647612342, 53.6028104689], [-115.5234375, 53.598018932494604], [-115.453125, 53.595139700768456], [-115.3828125, 53.59102920368425], [-115.3125, 53.58151124910684], [-115.2421875, 53.56386945758651], [-115.171875, 53.538588979636216], [-115.15816310122639, 53.532511703], [-115.1015625, 53.50121460887458], [-115.03934769064269, 53.462212937], [-115.03125, 53.45774058339093], [-114.9609375, 53.39868993791622], [-114.95514417509708, 53.391914171], [-114.9120448292522, 53.321615405], [-114.890625, 53.27301336618126], [-114.88118733902773, 53.251316638999995], [-114.8203125, 53.2120370489375], [-114.75, 53.18846666244281], [-114.73133843560854, 53.1810178729], [-114.75, 53.14998782630914], [-114.77720251236929, 53.1107191069], [-114.75, 53.07325361026429], [-114.72465915527343, 53.040420340800004], [-114.68657751831871, 52.9701215748], [-114.6796875, 52.96310293180894], [-114.64121842779517, 52.8998228087], [-114.6130410729661, 52.8295240426], [-114.609375, 52.82109846651197], [-114.58943708335376, 52.759225276500004], [-114.5390625, 52.707894095271925], [-114.51924615847902, 52.6889265104], [-114.48100206575822, 52.6186277442], [-114.46875, 52.59999446414687], [-114.40656422721617, 52.5483289781], [-114.3984375, 52.54309933094183], [-114.34107368501643, 52.4780302119], [-114.328125, 52.42344656064461], [-114.32575606517233, 52.4077314458], [-114.30949181820293, 52.3374326796], [-114.29563781888544, 52.2671339134], [-114.32610517653896, 52.19683514719999], [-114.328125, 52.19027648032727], [-114.34988953098865, 52.126536381], [-114.34142681285624, 52.0562376148], [-114.328125, 52.046024174342115], [-114.2578125, 52.04939698464057], [-114.21319724358179, 52.0562376148], [-114.1875, 52.05861377574581], [-114.17364086266406, 52.0562376148], [-114.1171875, 52.05056146610635], [-114.046875, 52.02711527256518], [-113.99043391095134, 51.9859388485], [-114.046875, 51.95447559557017], [-114.1171875, 51.93722418546503], [-114.1875, 51.93931023726128], [-114.2578125, 51.938077663903755], [-114.2950661670273, 51.9156400823], [-114.2578125, 51.86243098921267], [-114.1875, 51.85806593157712], [-114.17367504235021, 51.845341316], [-114.1875, 51.83993335375616], [-114.2578125, 51.840094487034236], [-114.328125, 51.84072815132587], [-114.3984375, 51.83421250716587], [-114.46875, 51.81881488648556], [-114.50009933358078, 51.7750425498], [-114.50092253875368, 51.7047437835], [-114.51728337218091, 51.6344450172], [-114.46875, 51.59035359835528], [-114.44451804701293, 51.5641462509], [-114.46875, 51.521559260498734], [-114.4764126138979, 51.49384748460001], [-114.49341249144915, 51.4235487183], [-114.5061162045908, 51.353249952], [-114.5390625, 51.32635065248712], [-114.58496969314308, 51.2829511856], [-114.58288617619789, 51.2126524193], [-114.5390625, 51.16958951322299], [-114.51533466334416, 51.1423536529], [-114.46875, 51.0893367632829], [-114.45692457761972, 51.072054886500005], [-114.40765498521657, 51.0017561202], [-114.3984375, 50.97075791823806], [-114.38485036954847, 50.9314573538], [-114.3984375, 50.890400382879406], [-114.40827830840554, 50.8611585874], [-114.3984375, 50.84944878398788], [-114.33592102767422, 50.7908598209], [-114.3575308244272, 50.7205610545], [-114.36454071395632, 50.650262288099995], [-114.3984375, 50.598395607465974], [-114.41081163439421, 50.5799635216], [-114.3984375, 50.51372357744449], [-114.39776439991007, 50.5096647552], [-114.39843750000001, 50.50866565623478], [-114.46204262192936, 50.43936598869999], [-114.43542846840414, 50.3690672223], [-114.3984375, 50.31165088082005], [-114.38931142174441, 50.2987684558], [-114.37653861691294, 50.228469689300006], [-114.3984375, 50.17189320488349], [-114.45380229143964, 50.1581709228], [-114.46875, 50.15743735721345], [-114.47125544716043, 50.1581709228], [-114.5390625, 50.18699149642573], [-114.609375, 50.22041954369932], [-114.61915288045778, 50.2284696893], [-114.6796875, 50.27258058487436], [-114.70598653421361, 50.2987684558], [-114.75, 50.36168713214105], [-114.76661446099313, 50.3690672223], [-114.8203125, 50.384675246895625], [-114.890625, 50.39033951873429], [-114.9609375, 50.39648705502198], [-115.03125, 50.41352600930833], [-115.09250670158934, 50.4393659887], [-115.1015625, 50.45623200391015], [-115.12986795058221, 50.5096647552], [-115.1015625, 50.54790990483353], [-115.0625462358301, 50.57996352159999], [-115.07507894107705, 50.6502622881], [-115.1015625, 50.67637724104125], [-115.15045216758494, 50.7205610545], [-115.171875, 50.735682026033714], [-115.21766678891454, 50.7908598209], [-115.2421875, 50.85250215021104], [-115.2510148527811, 50.8611585874], [-115.30181207116368, 50.9314573538], [-115.3125, 50.936328563026755], [-115.37794033913153, 51.0017561202], [-115.3828125, 51.003858391353646], [-115.453125, 51.03799686123786], [-115.47781800681693, 51.0017561202], [-115.5234375, 50.97900455296062], [-115.59375, 50.96803051914112], [-115.6640625, 50.98449286021571], [-115.70822489046039, 51.0017561202], [-115.734375, 51.02607405616959], [-115.8046875, 51.05904346940112], [-115.82967541910784, 51.0720548865], [-115.875, 51.08117318199154], [-115.9453125, 51.09575099817495], [-116.015625, 51.102974389609884], [-116.0859375, 51.10266750984937], [-116.15625, 51.094603948064034], [-116.18793414132296, 51.0720548865], [-116.2265625, 51.04744316799996], [-116.296875, 51.048855229607305], [-116.33190973842531, 51.0720548865], [-116.3671875, 51.09664075502235], [-116.42803063056253, 51.1423536529], [-116.4375, 51.16804163796303], [-116.47512688708136, 51.2126524193], [-116.4375, 51.26367488665674], [-116.42496795788163, 51.2829511856], [-116.3671875, 51.338177059334484], [-116.33496899214572, 51.353249952], [-116.296875, 51.366965535468616], [-116.2265625, 51.385483356050585], [-116.15625, 51.41919837337191], [-116.15093925421672, 51.4235487183], [-116.0859375, 51.487736547415494], [-116.08295297956903, 51.4938474846], [-116.08593750000001, 51.54892125240424], [-116.08741117805576, 51.5641462509], [-116.15523216042439, 51.6344450172], [-116.15625, 51.63463887795833], [-116.2265625, 51.63781253360207], [-116.296875, 51.63829012200982], [-116.3671875, 51.63904182817126], [-116.4375, 51.63900635475856], [-116.5078125, 51.63831450969069], [-116.578125, 51.638522840386166], [-116.6457146970234, 51.6344450172], [-116.6484375, 51.63126895916243], [-116.64871573866729, 51.634445017199994], [-116.71875, 51.651575005645924], [-116.7890625, 51.66872000760928], [-116.859375, 51.68112111106768], [-116.9296875, 51.68853731375637], [-117.0, 51.69188702831322], [-117.0703125, 51.69946590457071], [-117.0864307722245, 51.7047437835], [-117.0703125, 51.765940338340215], [-117.05648139932913, 51.7750425498], [-117.01152504455683, 51.845341316], [-117.00000000000001, 51.85670674320557], [-116.94176208078196, 51.9156400823], [-116.94533275204027, 51.9859388485], [-116.9296875, 52.006930029690395], [-116.87757695985907, 52.0562376148], [-116.859375, 52.06758668862296], [-116.7890625, 52.09889290887048], [-116.72925064618777, 52.126536381], [-116.78906250000001, 52.167446759140276], [-116.81210332016299, 52.1968351472], [-116.84116892076304, 52.2671339134], [-116.859375, 52.326292101537874], [-116.8633640556269, 52.3374326796], [-116.87332780508166, 52.4077314458], [-116.9296875, 52.441751395209536], [-116.99748963856953, 52.4780302119], [-117.0, 52.48022589092777], [-117.07031250000001, 52.54190108895347], [-117.0776052588127, 52.5483289781], [-117.140625, 52.60495117896127], [-117.15128559141053, 52.61862774419999], [-117.20180235160521, 52.6889265104], [-117.2109375, 52.70181064706402], [-117.24987907716347, 52.7592252765], [-117.28125, 52.80767426708506], [-117.29633919355524, 52.8295240426], [-117.3515625, 52.88848939306126], [-117.36687111956809, 52.8998228087], [-117.421875, 52.92403595755829], [-117.4921875, 52.94262040868563], [-117.5625, 52.968249967174984], [-117.56690755493602, 52.970121574800004], [-117.6328125, 52.987828122699455], [-117.703125, 53.009784248419024], [-117.77343750000001, 53.040358844073445], [-117.77356030853447, 53.04042034079999], [-117.84375, 53.08928892104692], [-117.9140625, 53.09688712000944], [-117.984375, 53.087474071320585], [-118.0546875, 53.07562951661721], [-118.125, 53.053763288478336], [-118.1953125, 53.045157698001866], [-118.265625, 53.051495530629026], [-118.3359375, 53.06011751829031], [-118.40625, 53.07805002089579], [-118.46826488964376, 53.1107191069], [-118.4765625, 53.11765033328293], [-118.54687499999999, 53.16983824853894], [-118.56530052055426, 53.1810178729], [-118.6171875, 53.21606373291888], [-118.6875, 53.24032808038453], [-118.71224009388823, 53.251316639], [-118.75364614421022, 53.321615405], [-118.6875, 53.35282896518639], [-118.6171875, 53.37883390018389], [-118.56675328239783, 53.391914171], [-118.546875, 53.41772509688246], [-118.53427853297347, 53.462212937], [-118.546875, 53.46860392318878], [-118.6171875, 53.50822698558292], [-118.64026576655723, 53.532511703000004], [-118.6875, 53.56620492957319], [-118.73141832855207, 53.6028104689], [-118.7578125, 53.61786262620483], [-118.828125, 53.64493398160499], [-118.8984375, 53.664891023556926], [-118.92924392781713, 53.6731092349], [-118.96875, 53.6830215383061], [-119.0390625, 53.69987118311363], [-119.10937500000001, 53.721101534095226], [-119.16347382419181, 53.7434080008], [-119.1796875, 53.751720137665636], [-119.25, 53.79358408778904], [-119.27864736853874, 53.81370676680001], [-119.3203125, 53.863064673875535], [-119.34265860451407, 53.8840055327], [-119.390625, 53.9127003223348], [-119.4609375, 53.94342349503299], [-119.48184767157267, 53.95430429859999], [-119.53125, 53.98584713654422], [-119.58943638842382, 54.0246030645], [-119.6015625, 54.042254642204725], [-119.65479592170522, 54.0949018304], [-119.63875623306194, 54.1652005962], [-119.6015625, 54.17320178055216], [-119.53125, 54.16861796190309], [-119.47640227834898, 54.1652005962], [-119.4609375, 54.164635245276486], [-119.42768856411477, 54.1652005962], [-119.390625, 54.16664248521503], [-119.3203125, 54.19295837853453], [-119.28742106048142, 54.2354993621], [-119.28861348859846, 54.3057981279], [-119.3203125, 54.337336118194756], [-119.36367089314771, 54.3760968938], [-119.390625, 54.389682672781], [-119.4609375, 54.42861168542819], [-119.48632684860692, 54.4463956596], [-119.53125, 54.48449837311448], [-119.57639746957678, 54.5166944254], [-119.58176960555194, 54.5869931912], [-119.53125, 54.61677869809069]]}}, {"type": "Feature", "properties": {"level_in": 0.5}, "geometry": {"type": "LineString", "coordinates": [[-119.1796875, 54.09656596335473], [-119.18138349637256, 54.0949018304], [-119.1796875, 54.056547265873945], [-119.17842393263254, 54.0246030645], [-119.109375, 53.98359879289866], [-119.0390625, 53.972494890457824], [-118.96875, 53.973858659328315], [-118.9321448350793, 54.0246030645], [-118.96875, 54.05515639087255], [-119.03906249999999, 54.08361585301525], [-119.10937500000001, 54.09065321463669], [-119.1617852063765, 54.0949018304], [-119.1796875, 54.09656596335473]]}}, {"type": "Feature", "properties": {"level_in": 0.5}, "geometry": {"type": "LineString", "coordinates": [[-116.6484375, 52.01111697131026], [-116.65564302065697, 51.9859388485], [-116.6484375, 51.972317930850885], [-116.57812499999999, 51.93263052127961], [-116.5078125, 51.953195731410716], [-116.4488249754564, 51.9859388485], [-116.5078125, 52.006520257630164], [-116.578125, 52.03166312085969], [-116.6484375, 52.011116971310265]]}}, {"type": "Feature", "properties": {"level_in": 0.5}, "geometry": {"type": "LineString", "coordinates": [[-116.6484375, 51.89347759636898], [-116.71549754005368, 51.845341316], [-116.6484375, 51.783109914454904], [-116.578125, 51.81570077432082], [-116.54507886359416, 51.845341316], [-116.578125, 51.88082226663466], [-116.6484375, 51.89347759636898]]}}, {"type": "Feature", "properties": {"level_in": 0.5}, "geometry": {"type": "LineString", "coordinates": [[-117.84375, 51.66433644687072], [-117.77343750000001, 51.665903698101104], [-117.703125, 51.65042493266262], [-117.66750268960499, 51.6344450172], [-117.6328125, 51.59898910866664], [-117.61052261489027, 51.564146250899995], [-117.57448707396158, 51.4938474846], [-117.5625, 51.47575053123701], [-117.4921875, 51.46115241794325], [-117.421875, 51.45187506073038], [-117.3515625, 51.44486392819251], [-117.28125, 51.45069151738581], [-117.2109375, 51.45345136952916], [-117.140625, 51.43897100526378], [-117.10622027673463, 51.4235487183], [-117.140625, 51.36014596453312], [-117.14623429683783, 51.353249952], [-117.140625, 51.350386924223756], [-117.0703125, 51.31526058255214], [-117.02362269771012, 51.2829511856], [-117.0, 51.274231094174816], [-116.9296875, 51.250032741303414], [-116.859375, 51.23629857674548], [-116.7890625, 51.22671822202622], [-116.72396094176439, 51.2126524193], [-116.7890625, 51.171670569035], [-116.80174437219279, 51.1423536529], [-116.7890625, 51.12125888559183], [-116.75883620534655, 51.0720548865], [-116.71875, 51.05124526983397], [-116.67057686455028, 51.0017561202], [-116.6484375, 50.98503961994347], [-116.578125, 50.93500814755516], [-116.57225318510353, 50.9314573538], [-116.5078125, 50.87221246981608], [-116.48779560755688, 50.8611585874], [-116.4375, 50.80737722223415], [-116.42198022966451, 50.790859820899996], [-116.3671875, 50.76407984280487], [-116.31902964909496, 50.7205610545], [-116.296875, 50.68305872001575], [-116.27821502269506, 50.65026228810001], [-116.23496475720246, 50.5799635216], [-116.2265625, 50.55425574291603], [-116.2070531906453, 50.5096647552], [-116.15625, 50.47664822070104], [-116.09932052776277, 50.4393659887], [-116.0859375, 50.4343432046427], [-116.015625, 50.38305121160459], [-116.00141937628263, 50.3690672223], [-115.97390753011892, 50.2987684558], [-115.98311754486897, 50.2284696893], [-116.01341091044257, 50.15817092279999], [-116.01469721076022, 50.0878721563], [-115.95479928635126, 50.0175733898], [-115.9453125, 50.00960184488657], [-115.90230643110581, 49.9472746232], [-115.9103992712837, 49.8769758567], [-115.93022315725236, 49.8066770901], [-115.9453125, 49.79131877691124], [-115.98941476378229, 49.7363783236], [-115.9973090169292, 49.666079557], [-116.015625, 49.61798618897522], [-116.0277751637938, 49.5957807904], [-116.015625, 49.57885269886074], [-115.97414861814099, 49.5254820238], [-115.9453125, 49.49149260075548], [-115.90412727129103, 49.4551832573], [-115.875, 49.424862150245005], [-115.82073401273863, 49.3848844907], [-115.80468750000001, 49.328732734930824], [-115.79854702476412, 49.314585724], [-115.8046875, 49.29033371525972], [-115.82599494996293, 49.2442869574], [-115.80468750000001, 49.200932902401576], [-115.7998108386369, 49.1739881908], [-115.8046875, 49.16978038772053], [-115.875, 49.123255862085145], [-115.89841848734619, 49.1036894241], [-115.88620477130395, 49.0333906575], [-115.875, 48.997824704491784], [-115.86919827791766, 48.9630918908], [-115.8731968664071, 48.8927931242], [-115.875, 48.890523501385594], [-115.92320702681496, 48.8224943575], [-115.9453125, 48.81131816089632], [-115.98656208815487, 48.8224943575], [-116.015625, 48.83564395798364], [-116.0859375, 48.86759187215421], [-116.1129464174272, 48.8927931242], [-116.15625, 48.92196704024843], [-116.20054694741407, 48.9630918908], [-116.2265625, 49.02318888184634], [-116.23068818022833, 49.03339065749999], [-116.2265625, 49.04253505141795], [-116.15625, 49.0875147021069], [-116.13222554871305, 49.1036894241], [-116.15625, 49.11353328557681], [-116.2265625, 49.14110742492162], [-116.29687499999999, 49.15948834359749], [-116.32309886463054, 49.1739881908], [-116.3671875, 49.190963687198376], [-116.43749999999999, 49.21784554570402], [-116.5078125, 49.23944801242511], [-116.52870529522163, 49.2442869574], [-116.578125, 49.26049665906077], [-116.6484375, 49.30135064815092], [-116.67113740832329, 49.314585724], [-116.70498080610164, 49.3848844907], [-116.71875, 49.41391929535116], [-116.74456334866582, 49.4551832573], [-116.71875, 49.51209907299955], [-116.71304907308314, 49.5254820238], [-116.66355027601955, 49.5957807904], [-116.6484375, 49.63137003769246], [-116.62924172966643, 49.666079557], [-116.6484375, 49.69371018026503], [-116.66567440945062, 49.7363783236], [-116.71875, 49.799508599244646], [-116.7254503712032, 49.806677090099996], [-116.74201990942368, 49.8769758567], [-116.71929261481982, 49.9472746232], [-116.7273328243562, 50.0175733898], [-116.73149438076581, 50.0878721563], [-116.71875, 50.135255039217554], [-116.70935601231956, 50.1581709228], [-116.71875, 50.18917476899621], [-116.72661596363811, 50.2284696893], [-116.77583727274973, 50.2987684558], [-116.7890625, 50.35526759314338], [-116.79165269336045, 50.3690672223], [-116.7890625, 50.384669509249655], [-116.76579622726237, 50.4393659887], [-116.7890625, 50.45982532706799], [-116.8190528450308, 50.5096647552], [-116.7890625, 50.56687888074586], [-116.76936503696655, 50.5799635216], [-116.7890625, 50.59837103265655], [-116.859375, 50.62880776851033], [-116.9296875, 50.63696854275409], [-116.95621975736675, 50.5799635216], [-117.0, 50.538823776513084], [-117.0703125, 50.51357585243028], [-117.09209336770141, 50.5096647552], [-117.0988034402748, 50.4393659887], [-117.140625, 50.38703143506949], [-117.2109375, 50.37099226455967], [-117.21373937842942, 50.3690672223], [-117.2109375, 50.36820958734217], [-117.14062499999999, 50.3015292749233], [-117.13953563957698, 50.2987684558], [-117.0703125, 50.27155223694673], [-117.03243258517114, 50.2284696893], [-117.01047868281461, 50.1581709228], [-117.0, 50.130808742667085], [-116.98303449564476, 50.0878721563], [-116.93351601766136, 50.0175733898], [-116.9296875, 49.999845451127555], [-116.90587618477082, 49.9472746232], [-116.9296875, 49.91714787506357], [-116.95282673525608, 49.8769758567], [-116.94929347184546, 49.8066770901], [-116.9529701085159, 49.73637832359999], [-117.0, 49.700376391828414], [-117.04620257658172, 49.666079557], [-117.05078172958713, 49.59578079039999], [-117.0, 49.56436523704672], [-116.9444038255226, 49.5254820238], [-116.9296875, 49.51067434089558], [-116.859375, 49.46054213510494], [-116.8454681711682, 49.4551832573], [-116.80219503337763, 49.3848844907], [-116.7890625, 49.36739096122656], [-116.74414743010729, 49.314585724], [-116.71875, 49.26623231728852], [-116.70603338839369, 49.24428695740001], [-116.69709518712148, 49.1739881908], [-116.71568949671543, 49.10368942409999], [-116.71875, 49.096048360078825], [-116.73669360232563, 49.03339065750001], [-116.71875, 49.01225631282293], [-116.6484375, 48.96782596286779], [-116.63859869403117, 48.9630918908], [-116.578125, 48.943501344760975], [-116.51414040923474, 48.8927931242], [-116.5078125, 48.885003074056115], [-116.46879868981955, 48.8224943575], [-116.4462015838369, 48.7521955908], [-116.50246644635345, 48.681896824099994], [-116.48710383539397, 48.6115980574], [-116.5078125, 48.55781332106455], [-116.52319209098714, 48.5412992907], [-116.56892401752964, 48.471000524000004], [-116.578125, 48.45514111418356], [-116.6484375, 48.40821580703212], [-116.66275299182945, 48.4007017573], [-116.71875, 48.374487973181985], [-116.7890625, 48.399104701069106], [-116.79177021070015, 48.400701757300006], [-116.7890625, 48.41673441501011], [-116.77963900758957, 48.471000524], [-116.75951350694078, 48.5412992907], [-116.77837748830575, 48.6115980574], [-116.7890625, 48.63855248005301], [-116.80767539394918, 48.6818968241], [-116.8385191897641, 48.7521955908], [-116.859375, 48.7861419330647], [-116.9296875, 48.77401430247612], [-116.95887350942292, 48.7521955908], [-116.9985917968835, 48.6818968241], [-117.0, 48.680709405168955], [-117.0703125, 48.640922751813946], [-117.13612973592377, 48.6115980574], [-117.140625, 48.6061310738278], [-117.16965047496734, 48.6115980574], [-117.2109375, 48.616057527538224], [-117.27521818626272, 48.6818968241], [-117.28125, 48.71285924797383], [-117.29416870882423, 48.75219559080001], [-117.31405689562355, 48.822494357500005], [-117.30181828231075, 48.89279312419999], [-117.28125, 48.92156163802187], [-117.22847811380664, 48.9630918908], [-117.2109375, 48.978107652677984], [-117.16038698998958, 49.0333906575], [-117.140625, 49.06111917662399], [-117.11016949079553, 49.1036894241], [-117.140625, 49.15380070412676], [-117.15498298525192, 49.1739881908], [-117.21093750000001, 49.23714283737666], [-117.22578709352479, 49.24428695740001], [-117.28125, 49.270631721749126], [-117.3515625, 49.25716783950441], [-117.37773524141585, 49.2442869574], [-117.421875, 49.23571656302599], [-117.45232839784444, 49.24428695739999], [-117.4921875, 49.280911613192245], [-117.52500546859403, 49.314585724], [-117.5625, 49.37466372349296], [-117.6328125, 49.38280825155259], [-117.703125, 49.38409297747282], [-117.7734375, 49.38483035549332], [-117.77393254870758, 49.3848844907], [-117.84375, 49.387083701965715], [-117.9140625, 49.40504179972793], [-117.97771139700428, 49.45518325730001], [-117.984375, 49.468319302772656], [-118.00347801671504, 49.5254820238], [-118.02567004974622, 49.5957807904], [-118.02174379503425, 49.666079557], [-117.984375, 49.73029547135988], [-117.98158843090032, 49.7363783236], [-117.94442461203971, 49.806677090099996], [-117.9140625, 49.83897842902474], [-117.88785225983611, 49.8769758567], [-117.84375, 49.923598058997285], [-117.82392209495046, 49.9472746232], [-117.7734375, 50.01718502565374], [-117.77113521409514, 50.0175733898], [-117.703125, 50.03695393704305], [-117.6328125, 50.04315659030704], [-117.59376589348088, 50.0175733898], [-117.5625, 49.99745570091798], [-117.53061774375168, 49.9472746232], [-117.49218750000001, 49.88041589391297], [-117.48758098321787, 49.8769758567], [-117.421875, 49.840505635797285], [-117.3515625, 49.85892898395947], [-117.32346210704895, 49.8769758567], [-117.28125, 49.92852510487188], [-117.25646064473368, 49.9472746232], [-117.2109375, 49.991320673487145], [-117.19825600428138, 50.0175733898], [-117.2109375, 50.03559602332765], [-117.25173326797682, 50.0878721563], [-117.28125, 50.1398743661271], [-117.30120169466474, 50.1581709228], [-117.3515625, 50.211276315626215], [-117.37274553936766, 50.2284696893], [-117.421875, 50.29534481390951], [-117.42691891839709, 50.2987684558], [-117.4921875, 50.31301308201358], [-117.5625, 50.325824626339625], [-117.63281249999999, 50.35908671933575], [-117.64826139550334, 50.3690672223], [-117.703125, 50.42852633612716], [-117.71218885874103, 50.4393659887], [-117.74916954572163, 50.5096647552], [-117.703125, 50.56817551583903], [-117.66969933377237, 50.5799635216], [-117.63686215741497, 50.6502622881], [-117.6328125, 50.693059384274314], [-117.62540805361147, 50.7205610545], [-117.6328125, 50.72516201188662], [-117.703125, 50.771278756137846], [-117.73743130596401, 50.7908598209], [-117.7734375, 50.80977678065361], [-117.84375, 50.83392952160082], [-117.9140625, 50.84268732462323], [-117.98437500000001, 50.851599194699425], [-118.01534140833311, 50.8611585874], [-118.02129620403008, 50.9314573538], [-118.00023100896637, 51.0017561202], [-117.984375, 51.060313921676425], [-117.98156734266261, 51.0720548865], [-117.984375, 51.102343223503325], [-117.98948370535935, 51.1423536529], [-117.984375, 51.15556282172963], [-117.93248785272237, 51.2126524193], [-117.94371347812864, 51.2829511856], [-117.9140625, 51.321505288315436], [-117.84375, 51.323391326646984], [-117.7734375, 51.310687085704615], [-117.703125, 51.29258247670405], [-117.6775177699449, 51.2829511856], [-117.6328125, 51.26498161875514], [-117.5625, 51.26762008174456], [-117.55365716913076, 51.2829511856], [-117.5625, 51.31700985656575], [-117.58464347119897, 51.353249952], [-117.6328125, 51.392666718478296], [-117.703125, 51.39515836332404], [-117.7734375, 51.39050804245878], [-117.84375, 51.39338781723478], [-117.86610028608752, 51.4235487183], [-117.88093078595034, 51.4938474846], [-117.87623230576067, 51.5641462509], [-117.87076360292306, 51.63444501720001], [-117.84375, 51.66433644687072]]}}, {"type": "Feature", "properties": {"level_in": 0.5}, "geometry": {"type": "LineString", "coordinates": [[-116.71875, 51.542544297571176], [-116.6484375, 51.561106856838876], [-116.578125, 51.55524104146308], [-116.52995933735495, 51.493847484599996], [-116.578125, 51.46033123409231], [-116.62973741551097, 51.4235487183], [-116.61297310314794, 51.353249952], [-116.6484375, 51.34183088895624], [-116.66425939698154, 51.353249952], [-116.71875, 51.40704808279447], [-116.73673988009284, 51.4235487183], [-116.735149456903, 51.4938474846], [-116.71875, 51.542544297571176]]}}, {"type": "Feature", "properties": {"level_in": 0.5}, "geometry": {"type": "LineString", "coordinates": [[-79.59375, 51.35728929501097], [-79.52343750000001, 51.35973671325129], [-79.453125, 51.36216424640857], [-79.3828125, 51.36105970396468], [-79.3125, 51.358995462433704], [-79.2421875, 51.35359344685759], [-79.23941992122043, 51.353249952], [-79.171875, 51.34346272750215], [-79.1015625, 51.33155703146618], [-79.03125, 51.31492665569304], [-78.9609375, 51.29692929001427], [-78.91769628003397, 51.2829511856], [-78.890625, 51.271016041419564], [-78.8203125, 51.23636990494775], [-78.77747772924727, 51.2126524193], [-78.75, 51.18899257866774], [-78.70009270885326, 51.1423536529], [-78.6796875, 51.11503270153412], [-78.64199194382596, 51.0720548865], [-78.609375, 51.02459933098382], [-78.59147094695115, 51.0017561202], [-78.5390625, 50.94873773544361], [-78.51774165820532, 50.9314573538], [-78.46875, 50.88386472783186], [-78.44313246126492, 50.8611585874], [-78.40933470184817, 50.7908598209], [-78.46875, 50.73787814444309], [-78.48518222329497, 50.7205610545], [-78.5390625, 50.70221235619137], [-78.609375, 50.6797616780031], [-78.6796875, 50.658165176506365], [-78.69653302561959, 50.65026228810001], [-78.75, 50.62215151222687], [-78.8203125, 50.58913617705688], [-78.83583364112624, 50.5799635216], [-78.890625, 50.55325907108101], [-78.95674676547007, 50.5096647552], [-78.9609375, 50.507369308017246], [-79.03125, 50.46864486328367], [-79.07430848620922, 50.4393659887], [-79.1015625, 50.4210629412961], [-79.17027442301888, 50.3690672223], [-79.171875, 50.36713780154036], [-79.2421875, 50.30116818232203], [-79.24590519158906, 50.2987684558], [-79.3125, 50.25846891833018], [-79.37078469670429, 50.2284696893], [-79.3828125, 50.21659597997216], [-79.453125, 50.15869127095258], [-79.45382739673981, 50.1581709228], [-79.5234375, 50.088290425778624], [-79.52399758703586, 50.0878721563], [-79.59375, 50.05839822652385], [-79.6640625, 50.02878189436155], [-79.69919534904795, 50.0175733898], [-79.734375, 50.00311729612553], [-79.8046875, 49.967281449743105], [-79.875, 49.95897526457662], [-79.9453125, 49.949718253968946], [-80.015625, 49.97897275690532], [-80.0859375, 50.00589548634], [-80.15625, 50.00413746580382], [-80.2265625, 49.99778917780381], [-80.296875, 49.9871851881034], [-80.3671875, 49.9674238193374], [-80.4375, 49.947731509173465], [-80.43826449903901, 49.9472746232], [-80.5078125, 49.890137797921376], [-80.52204339805088, 49.8769758567], [-80.55968831915466, 49.806677090099996], [-80.55613196252978, 49.73637832360001], [-80.53887497331822, 49.666079557], [-80.52879067142236, 49.5957807904], [-80.5078125, 49.55024496036789], [-80.4562412588957, 49.5254820238], [-80.4375, 49.514626137541626], [-80.3671875, 49.4905938669857], [-80.296875, 49.508179753944745], [-80.23475231636952, 49.5254820238], [-80.2265625, 49.53011014016156], [-80.15625, 49.5442387414591], [-80.0859375, 49.5527524297012], [-80.0500750915936, 49.5254820238], [-80.015625, 49.461346220694494], [-80.01409712587727, 49.4551832573], [-80.00435286189905, 49.3848844907], [-79.98193060767052, 49.314585724], [-79.9453125, 49.277974768558735], [-79.875, 49.28908084812694], [-79.8046875, 49.28359104171635], [-79.734375, 49.25831842069278], [-79.7025195484755, 49.24428695739999], [-79.6640625, 49.22536261313067], [-79.60686935100634, 49.1739881908], [-79.59375, 49.16358520323068], [-79.5317030397782, 49.1036894241], [-79.5234375, 49.086922009006244], [-79.49975553018547, 49.0333906575], [-79.47963079670508, 48.9630918908], [-79.45608418364782, 48.8927931242], [-79.453125, 48.889676582709654], [-79.40795302334821, 48.8224943575], [-79.3828125, 48.784288272247736], [-79.37027384134676, 48.7521955908], [-79.33945812367996, 48.6818968241], [-79.36494768603026, 48.6115980574], [-79.3125, 48.5947564286679], [-79.25457187225543, 48.5412992907], [-79.2421875, 48.52836355537285], [-79.171875, 48.4735817803384], [-79.16986297945745, 48.471000524], [-79.171875, 48.41174990203952], [-79.1727432524181, 48.4007017573], [-79.171875, 48.39722942596411], [-79.16065494228182, 48.33040299049999], [-79.171875, 48.31726295939936], [-79.23035918700462, 48.2601042238], [-79.2421875, 48.24244134222365], [-79.27300798287652, 48.189805457], [-79.3125, 48.12793629449135], [-79.31800523251631, 48.1195066903], [-79.36486613303137, 48.049207923500006], [-79.3828125, 48.011786941979715], [-79.3947298408, 47.9789091567], [-79.3828125, 47.96752369619175], [-79.3125, 47.920399932156336], [-79.29568212192517, 47.90861038989999], [-79.2421875, 47.87872455532248], [-79.171875, 47.85547631070102], [-79.11596375494574, 47.8383116232], [-79.1015625, 47.833821784200936], [-79.03125, 47.80955532705114], [-78.9609375, 47.786270771387606], [-78.93532944442383, 47.7680128564], [-78.890625, 47.74055855095334], [-78.8203125, 47.70609112330669], [-78.810490289852, 47.69771408950001], [-78.82031249999999, 47.68767295320753], [-78.890625, 47.662113205175864], [-78.9609375, 47.66243940208015], [-79.03125, 47.66293395987873], [-79.1015625, 47.657365608486884], [-79.171875, 47.642513170691764], [-79.19961633432608, 47.6274153227], [-79.2421875, 47.59328833508707], [-79.28680809076197, 47.557116555899995], [-79.3125, 47.53739954278385], [-79.35821769326812, 47.4868177891], [-79.3828125, 47.457138228668356], [-79.39571477521308, 47.4165190222], [-79.4036780413469, 47.3462202554], [-79.3828125, 47.29551314843782], [-79.36925400524959, 47.2759214885], [-79.37430927263601, 47.2056227217], [-79.3828125, 47.182791895476456], [-79.40437724605087, 47.1353239548], [-79.453125, 47.08090458027227], [-79.46701863067126, 47.0650251879], [-79.51756604404831, 46.994726421], [-79.5234375, 46.98972954632651], [-79.59375, 46.93998529108361], [-79.62226429954329, 46.9244276541], [-79.6640625, 46.888473135864416], [-79.734375, 46.85605923132539], [-79.74026274077755, 46.8541288872], [-79.8046875, 46.82939266447278], [-79.85991930351098, 46.78383012030001], [-79.875, 46.77306739289069], [-79.93514108495754, 46.7135313534], [-79.9453125, 46.70749387893919], [-80.015625, 46.66505554970749], [-80.04937015167673, 46.6432325865], [-80.0859375, 46.62048709662085], [-80.15459536213504, 46.57293381950001], [-80.15625, 46.57136997620077], [-80.20731260871844, 46.502635052600006], [-80.16643816694774, 46.4323362857], [-80.15625, 46.428504396231666], [-80.0859375, 46.39935893415468], [-80.015625, 46.364062312890276], [-80.01163922024215, 46.3620375187], [-79.9453125, 46.34285913078212], [-79.875, 46.3303482190034], [-79.8046875, 46.31858670026073], [-79.734375, 46.292468252120166], [-79.7331431966339, 46.2917387517], [-79.734375, 46.2910871445938], [-79.8046875, 46.25768725970416], [-79.875, 46.24811826984215], [-79.9453125, 46.24282922648129], [-80.015625, 46.23884394072583], [-80.0859375, 46.23499560993185], [-80.15625, 46.22433901224066], [-80.17279195334393, 46.2214399848], [-80.2265625, 46.20196964936582], [-80.296875, 46.174146013440826], [-80.3538431565101, 46.1511412178], [-80.3671875, 46.135660732691875], [-80.42788550222528, 46.0808424508], [-80.4375, 46.07517387637225], [-80.5078125, 46.0476663214817], [-80.578125, 46.02699945233134], [-80.6203715101326, 46.010543683799995], [-80.6484375, 45.996089700207015], [-80.71541933578965, 45.9402449168], [-80.7059388006556, 45.8699461498], [-80.71875, 45.84312526339084], [-80.73906183646797, 45.7996473828], [-80.7432130026807, 45.7293486158], [-80.7890625, 45.68463071531029], [-80.81348538256182, 45.6590498488], [-80.85731921983354, 45.5887510817], [-80.859375, 45.586087524229086], [-80.91995768017512, 45.51845231469999], [-80.9296875, 45.51037954388397], [-81.0, 45.45413342238748], [-81.00955429883793, 45.4481535477], [-81.0703125, 45.40756908749124], [-81.12413210866669, 45.3778547806], [-81.140625, 45.36842513414466], [-81.2071212497953, 45.3075560136], [-81.2109375, 45.30264354890518], [-81.25052329920524, 45.23725724649999], [-81.28125, 45.21012861220582], [-81.3515625, 45.186015816916964], [-81.421875, 45.181943362462675], [-81.4921875, 45.199240566765184], [-81.5625, 45.227504472382], [-81.6087637027868, 45.2372572465], [-81.6328125, 45.24410798171863], [-81.703125, 45.25661312730644], [-81.7734375, 45.245661103838124], [-81.82367267367346, 45.2372572465], [-81.84375, 45.23487089489056], [-81.9140625, 45.22271148042128], [-81.984375, 45.20978246764574], [-82.0546875, 45.20348240511458], [-82.125, 45.19932713669127], [-82.1953125, 45.20418417852062], [-82.265625, 45.213811597051766], [-82.3359375, 45.228994706267514], [-82.36305790938248, 45.23725724650001], [-82.40625, 45.2581501616055], [-82.4765625, 45.2781308388159], [-82.546875, 45.30599217029633], [-82.6171875, 45.27940985353661], [-82.6875, 45.24368842030084], [-82.69151403137158, 45.2372572465], [-82.75008687026339, 45.1669584794], [-82.7578125, 45.15692148418187], [-82.8038964479866, 45.096659712299996], [-82.828125, 45.07008239294044], [-82.86578628864063, 45.0263609453], [-82.8984375, 44.97889521378022], [-82.91896079990856, 44.9560621782], [-82.95432586487551, 44.8857634111], [-82.96875, 44.85828922485429], [-82.99089381944373, 44.815464644], [-83.0230371956628, 44.7451658768], [-83.03906249999999, 44.73750596090504], [-83.10036989595059, 44.6748671097], [-83.10937500000001, 44.670153780545256], [-83.1796875, 44.62242273239146], [-83.20702278052221, 44.6045683426], [-83.25, 44.5668373676083], [-83.30233318221244, 44.5342695755], [-83.3203125, 44.523408801467234], [-83.390625, 44.491871976264605], [-83.4609375, 44.48919246285716], [-83.53125, 44.49007754846711], [-83.6015625, 44.497687766304296], [-83.671875, 44.503771852031946], [-83.7421875, 44.50695028497621], [-83.8125, 44.510530349734516], [-83.8828125, 44.51465057802952], [-83.953125, 44.52145752088941], [-84.0234375, 44.53201091777407], [-84.07483156222612, 44.5342695755], [-84.09375, 44.53577274752884], [-84.10602144651878, 44.5342695755], [-84.1640625, 44.52880618388145], [-84.234375, 44.521470832924315], [-84.3046875, 44.51664307225448], [-84.375, 44.521147879174585], [-84.4453125, 44.53247112239819], [-84.515625, 44.51869048086657], [-84.5859375, 44.49032498999456], [-84.65625, 44.4727296548641], [-84.7265625, 44.46563838713093], [-84.73322034867702, 44.4639708083], [-84.796875, 44.454487203684906], [-84.8671875, 44.444637453960624], [-84.9375, 44.4466344069761], [-85.0078125, 44.455633011504645], [-85.078125, 44.44987570692023], [-85.1484375, 44.41915665898354], [-85.2001852686985, 44.3936720412], [-85.21875, 44.38714614103332], [-85.2890625, 44.38221859644149], [-85.359375, 44.38749493690466], [-85.41670962003263, 44.39367204119999], [-85.4296875, 44.39671077116363], [-85.5, 44.43267839445204], [-85.55564181491185, 44.46397080829999], [-85.5703125, 44.470394135258545], [-85.640625, 44.51096728263835], [-85.67990256318768, 44.5342695755], [-85.7109375, 44.55416131124679], [-85.78125, 44.57465245701944], [-85.8515625, 44.602524419137474], [-85.85620018522677, 44.6045683426], [-85.921875, 44.62438019028173], [-85.9921875, 44.65322479881486], [-86.0625, 44.67398555199308], [-86.1328125, 44.65029029488883], [-86.15066285713232, 44.6045683426], [-86.13281250000001, 44.5455903318756], [-86.11400252835631, 44.5342695755], [-86.1328125, 44.52350428333039], [-86.15159311696873, 44.4639708083], [-86.20087337135273, 44.3936720412], [-86.203125, 44.3911777541798], [-86.2734375, 44.33626177776632], [-86.29062135853931, 44.323373274], [-86.31841986965091, 44.2530745069], [-86.34375, 44.18352825778036], [-86.34401169072125, 44.1827757397], [-86.4140625, 44.120273831542605], [-86.42940866405009, 44.1124769726], [-86.44576496465906, 44.0421782054], [-86.4809923825756, 43.9718794382], [-86.42272858730786, 43.901580671], [-86.43342969469998, 43.8312819038], [-86.43630408729165, 43.7609831366], [-86.484375, 43.73270192977874], [-86.5546875, 43.69793575443845], [-86.56856616571281, 43.6906843694], [-86.625, 43.62751652181043], [-86.66374969313858, 43.6203856022], [-86.6953125, 43.61387283934901], [-86.76562499999999, 43.60308071797006], [-86.8359375, 43.59351863933627], [-86.90625, 43.57881216721407], [-86.9765625, 43.55389818680269], [-86.98418669269357, 43.550086835], [-87.046875, 43.50157311378833], [-87.06616083574553, 43.4797880678], [-87.1053171653888, 43.409489300500006], [-87.1171875, 43.38755345941577], [-87.1422903671325, 43.3391905333], [-87.1875, 43.285543905384024], [-87.20908482091214, 43.2688917661], [-87.2578125, 43.239529223407395], [-87.32119889095075, 43.1985929988], [-87.328125, 43.19278592597936], [-87.3984375, 43.13450073155784], [-87.40609861251102, 43.1282942316], [-87.45766220209708, 43.0579954643], [-87.46875, 43.044707372806585], [-87.5390625, 42.9962021871529], [-87.55390717185225, 42.987696697], [-87.60141007260425, 42.9173979298], [-87.609375, 42.907851490716354], [-87.62819376355002, 42.8470991625], [-87.66241572677174, 42.7768003952], [-87.6796875, 42.7524519642099], [-87.71896898874503, 42.706501627899996], [-87.75, 42.66898306596616], [-87.8203125, 42.639381292075214], [-87.82949644465793, 42.6362028606], [-87.890625, 42.60411664712078], [-87.9609375, 42.60525124823444], [-88.03125, 42.61879571286259], [-88.05957903946214, 42.6362028606], [-88.1015625, 42.65081373036237], [-88.171875, 42.6597244271648], [-88.2421875, 42.66316404624979], [-88.3125, 42.671311350209066], [-88.34237680151182, 42.7065016279], [-88.3125, 42.72641557479243], [-88.26131162109374, 42.7768003952], [-88.2421875, 42.78334564966615], [-88.171875, 42.81046594447456], [-88.10702328600802, 42.8470991625], [-88.14483286146626, 42.9173979298], [-88.171875, 42.95951294917387], [-88.19133308455527, 42.98769669699999], [-88.18294473809377, 43.05799546429999], [-88.19253652768774, 43.1282942316], [-88.21799594420692, 43.1985929988], [-88.2421875, 43.230397599522675], [-88.27980069491085, 43.2688917661], [-88.3125, 43.29579109644247], [-88.36918135540964, 43.3391905333], [-88.3828125, 43.35954918634283], [-88.453125, 43.34089027147384], [-88.46369517014081, 43.3391905333], [-88.5234375, 43.325721984595376], [-88.58858154478688, 43.2688917661], [-88.59375, 43.26558311653564], [-88.6640625, 43.232839325507555], [-88.734375, 43.2161360806663], [-88.7814992842159, 43.1985929988], [-88.7824662445277, 43.1282942316], [-88.80423370593613, 43.0579954643], [-88.8046875, 43.05749399890335], [-88.875, 43.04895736339984], [-88.914259167914, 43.0579954643], [-88.91795042564591, 43.1282942316], [-88.875, 43.1623752347824], [-88.82313274294876, 43.1985929988], [-88.83533945439358, 43.2688917661], [-88.86332849707068, 43.3391905333], [-88.875, 43.34599757311141], [-88.9453125, 43.38053571753341], [-89.015625, 43.40521654515785], [-89.02521006021159, 43.4094893005], [-89.0859375, 43.42356246806276], [-89.15625, 43.44309733940825], [-89.2265625, 43.47022929605971], [-89.24443238841789, 43.4797880678], [-89.296875, 43.50986193895598], [-89.35200874228094, 43.550086835], [-89.3671875, 43.567080871194534], [-89.39968581523429, 43.6203856022], [-89.42758485302025, 43.6906843694], [-89.4375, 43.707600503383986], [-89.47094737198495, 43.7609831366], [-89.5078125, 43.807288300031196], [-89.53505647226595, 43.8312819038], [-89.55028527446206, 43.901580671], [-89.578125, 43.929567914127084], [-89.61998473433098, 43.9718794382], [-89.6484375, 43.989805075394244], [-89.71875, 44.04129196467073], [-89.71968289301768, 44.042178205400006], [-89.7890625, 44.094496708564215], [-89.81336119428786, 44.11247697259999], [-89.859375, 44.144704896514426], [-89.92323714141176, 44.182775739700006], [-89.9296875, 44.18766741646114], [-89.99937395029276, 44.2530745069], [-90.0, 44.25739337388697], [-90.00926219101225, 44.32337327399999], [-90.05700209038585, 44.3936720412], [-90.0703125, 44.41144288250617], [-90.1084375790239, 44.4639708083], [-90.140625, 44.509712471764274], [-90.15669635638854, 44.5342695755], [-90.18945728945901, 44.6045683426], [-90.2109375, 44.63339756795855], [-90.26705437497812, 44.6748671097], [-90.28125, 44.6800419687753], [-90.33372506083846, 44.7451658768], [-90.28125, 44.807611162660145], [-90.25242363092363, 44.815464644], [-90.21413235551012, 44.8857634111], [-90.2109375, 44.90342570041189], [-90.20046977953754, 44.9560621782], [-90.2109375, 44.96291902234902], [-90.28125, 44.98874662011507], [-90.31852411967942, 45.0263609453], [-90.34159916687375, 45.0966597123], [-90.30051801792015, 45.1669584794], [-90.35156250000001, 45.21799299186182], [-90.36066499107034, 45.2372572465], [-90.42187499999999, 45.290234793947384], [-90.4921875, 45.29233427713859], [-90.55377887802733, 45.3075560136], [-90.4921875, 45.322863759541974], [-90.46128184212316, 45.3778547806], [-90.421875, 45.438394880741384], [-90.4156221319608, 45.4481535477], [-90.41030162063741, 45.5184523147], [-90.421875, 45.53389546520765], [-90.4921875, 45.56719385181934], [-90.55331318489985, 45.5887510817], [-90.5625, 45.59023625489118], [-90.6328125, 45.5981225978602], [-90.703125, 45.64336511200882], [-90.7734375, 45.630496666240944], [-90.84375, 45.62405809605907], [-90.9140625, 45.62759600085192], [-90.98174111281942, 45.6590498488], [-90.984375, 45.665862229099076], [-90.98810632565413, 45.6590498488], [-91.0546875, 45.63505098747329], [-91.125, 45.62991949791143], [-91.18609167760968, 45.6590498488], [-91.16580505205407, 45.7293486158], [-91.16710816213377, 45.7996473828], [-91.1953125, 45.8038402413062], [-91.265625, 45.81986038187269], [-91.32300719449606, 45.8699461498], [-91.3359375, 45.88368582299687], [-91.40625, 45.92904263730075], [-91.42384207765221, 45.9402449168], [-91.4765625, 45.97616838819163], [-91.546875, 46.009949330986416], [-91.54891665677192, 46.0105436838], [-91.6171875, 46.023867560789824], [-91.6875, 46.036159072796806], [-91.7578125, 46.04724905553529], [-91.828125, 46.05750204816192], [-91.8984375, 46.06871890602243], [-91.96512995414415, 46.0808424508], [-91.96875, 46.081650135587005], [-92.0390625, 46.098227464660866], [-92.109375, 46.11377618326947], [-92.1796875, 46.12389363673229], [-92.25, 46.127616543404315], [-92.3203125, 46.12651934323438], [-92.390625, 46.12085129845454], [-92.4609375, 46.115399609505516], [-92.53125, 46.10883202565596], [-92.6015625, 46.10462207575189], [-92.671875, 46.104541016017905], [-92.7421875, 46.10800755559141], [-92.8125, 46.121200451519314], [-92.8828125, 46.13774347072601], [-92.93693597596332, 46.1511412178], [-92.953125, 46.155862099314284], [-93.0234375, 46.171823664260515], [-93.09375, 46.164022148442044], [-93.1640625, 46.15463406613606], [-93.17252708030382, 46.1511412178], [-93.234375, 46.11316924239809], [-93.3046875, 46.10623224553299], [-93.375, 46.110631569523804], [-93.4453125, 46.110470110461414], [-93.515625, 46.08955886554425], [-93.56232343886656, 46.080842450800006], [-93.5859375, 46.062885953605615], [-93.65625, 46.040024986466264], [-93.7265625, 46.01760323303134], [-93.73440098589911, 46.0105436838], [-93.75931834871128, 45.9402449168], [-93.79687500000001, 45.928564364162696], [-93.8671875, 45.88987199670128], [-93.89253364187928, 45.8699461498], [-93.9375, 45.819147681087465], [-93.95578062187425, 45.7996473828], [-94.0078125, 45.76174982970446], [-94.06000130251509, 45.7293486158], [-94.07812500000001, 45.707772565328405], [-94.1484375, 45.673950619323634], [-94.21875, 45.720102715673974], [-94.23040730611856, 45.7293486158], [-94.28539559135756, 45.7996473828], [-94.2890625, 45.80516594658048], [-94.31104586987888, 45.8699461498], [-94.2890625, 45.93210916518535], [-94.28415030509865, 45.9402449168], [-94.28477740969514, 46.01054368380001], [-94.27758008498009, 46.0808424508], [-94.25024729957826, 46.1511412178], [-94.21875, 46.19781563864087], [-94.20447064206972, 46.2214399848], [-94.1484375, 46.28474962459812], [-94.14121202693914, 46.2917387517], [-94.078125, 46.341945358369124], [-94.05456136093039, 46.3620375187], [-94.0078125, 46.393990952911665], [-93.94561413337948, 46.4323362857], [-93.9375, 46.43731198203927], [-93.8671875, 46.47615289651202], [-93.81497828511947, 46.5026350526], [-93.8671875, 46.5429494571875], [-93.89019371001513, 46.5729338195], [-93.8671875, 46.60103632956721], [-93.84621688134506, 46.6432325865], [-93.796875, 46.683450895522014], [-93.72912339261964, 46.7135313534], [-93.72656249999999, 46.71628063008106], [-93.65625, 46.77485816910464], [-93.63813109848581, 46.7838301203], [-93.65625, 46.797245754773144], [-93.68559685782984, 46.85412888719999], [-93.65625, 46.89830183280874], [-93.5859375, 46.88183665968658], [-93.54508945181695, 46.8541288872], [-93.515625, 46.837394945462975], [-93.4453125, 46.85099352245603], [-93.43846529304223, 46.8541288872], [-93.375, 46.90969130663859], [-93.3556485627467, 46.9244276541], [-93.3046875, 46.963034961036456], [-93.25469277856294, 46.99472642100001], [-93.23437500000001, 47.009869431594154], [-93.1640625, 47.04410548770579], [-93.10856893628709, 47.065025187900005], [-93.09375, 47.092655164052545], [-93.06698658281874, 47.1353239548], [-93.09375, 47.169644231781376], [-93.11582113828666, 47.2056227217], [-93.09375, 47.22739916126081], [-93.0464545606595, 47.2056227217], [-93.0234375, 47.18884273822292], [-92.953125, 47.17600651257468], [-92.8828125, 47.17171843762545], [-92.8125, 47.16736219175252], [-92.7421875, 47.15923441333116], [-92.67768902887269, 47.1353239548], [-92.671875, 47.13320433899332], [-92.6015625, 47.1053100842428], [-92.55143452148437, 47.065025187900005], [-92.53125, 47.05539009619354], [-92.4609375, 47.03000731820286], [-92.390625, 47.01834478175767], [-92.3203125, 47.01429762959044], [-92.25, 47.02731873548109], [-92.1796875, 47.05961914297572], [-92.17465515318993, 47.0650251879], [-92.109375, 47.12414626444712], [-92.09597118365689, 47.1353239548], [-92.109375, 47.14973218141854], [-92.14238168761209, 47.2056227217], [-92.109375, 47.248788189741454], [-92.05651371676606, 47.275921488499996], [-92.04979454219821, 47.3462202554], [-92.0436127566161, 47.4165190222], [-92.109375, 47.45002834741192], [-92.1796875, 47.4812501305362], [-92.20938745097429, 47.4868177891], [-92.25, 47.492700841502064], [-92.3203125, 47.48900055513688], [-92.34045251371704, 47.4868177891], [-92.390625, 47.480407244242436], [-92.4609375, 47.46473590493935], [-92.53125, 47.451659851835274], [-92.6015625, 47.440876286477135], [-92.671875, 47.43024514494308], [-92.7421875, 47.42152999575517], [-92.77814847152906, 47.4165190222], [-92.8125, 47.40932640600533], [-92.88281250000001, 47.39521823448223], [-92.94854001594499, 47.3462202554], [-92.953125, 47.34198495878669], [-93.0234375, 47.32458686993346], [-93.09375, 47.3107112016367], [-93.11803840119472, 47.3462202554], [-93.09375, 47.372000839591834], [-93.0234375, 47.38540509038366], [-92.99987509071426, 47.4165190222], [-93.0234375, 47.43974498848465], [-93.04748664115054, 47.4868177891], [-93.04695230268999, 47.55711655590001], [-93.0234375, 47.61366027949903], [-93.01792047215027, 47.6274153227], [-92.96267782219759, 47.6977140895], [-92.953125, 47.708153509507966], [-92.89685295028985, 47.76801285639999], [-92.8828125, 47.79720485421664], [-92.86481194356085, 47.8383116232], [-92.86516954173274, 47.9086103899], [-92.8780504635104, 47.9789091567], [-92.8828125, 48.00252048681779], [-92.89182086368494, 48.0492079235], [-92.89932857456094, 48.1195066903], [-92.8828125, 48.177191430531], [-92.87869840943563, 48.189805457], [-92.82248851717543, 48.260104223800006], [-92.8125, 48.26687744877242], [-92.7421875, 48.305826541410894], [-92.6814170702029, 48.3304029905], [-92.671875, 48.33424039045214], [-92.6015625, 48.362965932676644], [-92.53125, 48.39580424508344], [-92.52077271389948, 48.4007017573], [-92.4609375, 48.42574413827079], [-92.390625, 48.46003270921963], [-92.37108860266821, 48.471000524], [-92.3203125, 48.50549048070938], [-92.26846866551332, 48.54129929070001], [-92.25, 48.55294449551302], [-92.1796875, 48.59566594478381], [-92.15389638367304, 48.6115980574], [-92.109375, 48.63551324834927], [-92.0390625, 48.672268680705706], [-92.021292858864, 48.68189682410001], [-91.96875, 48.70762710015652], [-91.8984375, 48.741154530780264], [-91.87608339857702, 48.7521955908], [-91.828125, 48.773636259475765], [-91.7578125, 48.80237656365429], [-91.70791064795094, 48.8224943575], [-91.6875, 48.83040391406666], [-91.6171875, 48.858014764902265], [-91.546875, 48.88611882461486], [-91.52730687446982, 48.8927931242], [-91.4765625, 48.91257358117504], [-91.40625, 48.941966610047245], [-91.35721088488262, 48.9630918908], [-91.3359375, 48.97449220959152], [-91.265625, 49.00872882881009], [-91.20738458628692, 49.03339065750001], [-91.1953125, 49.03864683981426], [-91.125, 49.063783285089045], [-91.0546875, 49.08408536021677], [-90.984375, 49.09575936486981], [-90.9345721241705, 49.1036894241], [-90.9140625, 49.10696728679435], [-90.84375, 49.11634381965179], [-90.7734375, 49.12688871460662], [-90.703125, 49.14287794859129], [-90.6328125, 49.160495527163526], [-90.57675526048662, 49.1739881908], [-90.5625, 49.177534266084535], [-90.4921875, 49.193456827239174], [-90.421875, 49.211209324761285], [-90.3515625, 49.22989973115541], [-90.31021371713204, 49.2442869574], [-90.28125, 49.253858826178906], [-90.2109375, 49.29090115615978], [-90.17759154048383, 49.314585724], [-90.140625, 49.343744621000226], [-90.11148476516598, 49.3848844907], [-90.0703125, 49.4487912832495], [-90.06660360421527, 49.45518325729999], [-90.02670605135316, 49.525482023799995], [-90.0, 49.569983452497226], [-89.98894185122901, 49.5957807904], [-89.95911425279662, 49.666079557], [-89.9296875, 49.72451289123153], [-89.92355488021113, 49.7363783236], [-89.88122454757243, 49.8066770901], [-89.859375, 49.83912373197326], [-89.83350114145148, 49.8769758567], [-89.7890625, 49.93552926147674], [-89.77952542440013, 49.9472746232], [-89.71875, 50.0159798786131], [-89.71717057751619, 50.0175733898], [-89.6484375, 50.07268190690809], [-89.62711550375552, 50.0878721563], [-89.578125, 50.11614881916972], [-89.5078125, 50.153665156243406], [-89.49851419358254, 50.1581709228], [-89.4375, 50.18607972269818], [-89.3671875, 50.21811461089178], [-89.34352022322608, 50.2284696893], [-89.296875, 50.24929243319293], [-89.2265625, 50.280937972478576], [-89.18334325893416, 50.2987684558], [-89.15625000000001, 50.31070006109782], [-89.0859375, 50.341774934890296], [-89.02310151041891, 50.3690672223], [-89.015625, 50.37284034019785], [-88.9453125, 50.40868628918783], [-88.89290236992667, 50.4393659887], [-88.875, 50.451405111129375], [-88.8046875, 50.49987307071466], [-88.79162935355025, 50.509664755200006], [-88.734375, 50.54953050205392], [-88.6876741849791, 50.57996352160001], [-88.6640625, 50.59269738718987], [-88.59375, 50.63075216768651], [-88.55728730934129, 50.65026228810001], [-88.5234375, 50.666352900997595], [-88.453125, 50.70075057555672], [-88.41465663832679, 50.7205610545], [-88.3828125, 50.73599343003441], [-88.3125, 50.77120547768486], [-88.27586049569686, 50.79085982090001], [-88.2421875, 50.80681064186615], [-88.171875, 50.83636669126676], [-88.11743759437306, 50.8611585874], [-88.1015625, 50.86740855666466], [-88.03125, 50.893310688078586], [-87.9609375, 50.92147379535697], [-87.93768694700165, 50.9314573538], [-87.890625, 50.94903751294784], [-87.8203125, 50.975925145465176], [-87.76292458257893, 51.0017561202], [-87.75, 51.006870632247825], [-87.6796875, 51.0308261937075], [-87.609375, 51.056870143622476], [-87.56433565042903, 51.0720548865], [-87.5390625, 51.07935833423444], [-87.46875, 51.098422167310204], [-87.3984375, 51.11789891620943], [-87.328125, 51.13494860203029], [-87.30039247718722, 51.1423536529], [-87.2578125, 51.15274272293183], [-87.1875, 51.16410216506726], [-87.1171875, 51.17631536882581], [-87.046875, 51.18570333944894], [-86.9765625, 51.19318300100702], [-86.90625, 51.199999170399224], [-86.8359375, 51.20131982612778], [-86.765625, 51.202710394764544], [-86.6953125, 51.1913821706181], [-86.625, 51.17736672899012], [-86.5546875, 51.15070519270106], [-86.537080306908, 51.142353652900006], [-86.484375, 51.110168754012456], [-86.43087698062646, 51.0720548865], [-86.4140625, 51.06035588323965], [-86.34375, 51.010216480391755], [-86.33163238982728, 51.0017561202], [-86.2734375, 50.96222934531625], [-86.23117519725268, 50.9314573538], [-86.203125, 50.90689530997513], [-86.151279975041, 50.8611585874], [-86.1328125, 50.83929344001087], [-86.09097525391013, 50.7908598209], [-86.0625, 50.74205476029152], [-86.04936240278946, 50.720561054499996], [-86.02480891573039, 50.6502622881], [-86.02812023636642, 50.57996352160001], [-86.05742276907311, 50.5096647552], [-86.0625, 50.5022534608213], [-86.10156827749347, 50.439365988700004], [-86.1328125, 50.40468089745609], [-86.16657056881498, 50.3690672223], [-86.203125, 50.34329885929044], [-86.2734375, 50.30939266292889], [-86.29673350636143, 50.2987684558], [-86.34375, 50.28258048496012], [-86.4140625, 50.26159025648471], [-86.484375, 50.240009977082345], [-86.5177071479338, 50.2284696893], [-86.5546875, 50.2157114048], [-86.625, 50.18529436066992], [-86.67414617616481, 50.1581709228], [-86.6953125, 50.14385531183726], [-86.75705733177873, 50.0878721563], [-86.765625, 50.07488274849784], [-86.79924578773083, 50.0175733898], [-86.80955683550413, 49.9472746232], [-86.8019389885199, 49.8769758567], [-86.77162973455364, 49.8066770901], [-86.765625, 49.80162293720218], [-86.6953125, 49.76031259479769], [-86.625, 49.74276845011864], [-86.58230011082964, 49.7363783236], [-86.5546875, 49.73393934516607], [-86.484375, 49.73569323318013], [-86.4569655829199, 49.7363783236], [-86.4140625, 49.737686637356305], [-86.34375, 49.745222842314114], [-86.2734375, 49.751625355139744], [-86.203125, 49.75748444105517], [-86.1328125, 49.762840037157254], [-86.0625, 49.768936135089945], [-85.9921875, 49.77611010231355], [-85.921875, 49.783431727829004], [-85.8515625, 49.79187372145347], [-85.78125, 49.800340464318595], [-85.7109375, 49.80603134627021], [-85.7029718211916, 49.8066770901], [-85.640625, 49.81301059547659], [-85.5703125, 49.81984021483022], [-85.5, 49.82632455027984], [-85.4296875, 49.83464723837642], [-85.359375, 49.844575626273354], [-85.2890625, 49.85554815338494], [-85.21875, 49.87016838806579], [-85.18634230594697, 49.8769758567], [-85.1484375, 49.88607971197062], [-85.078125, 49.905438421661785], [-85.0078125, 49.923306056318836], [-84.9375, 49.9384921496], [-84.8911557623519, 49.9472746232], [-84.8671875, 49.951597751953216], [-84.796875, 49.962266950577956], [-84.7265625, 49.97037876193407], [-84.65625, 49.97787782905509], [-84.5859375, 49.98326406894229], [-84.515625, 49.98863432392662], [-84.4453125, 49.99333503761538], [-84.375, 49.99770401973005], [-84.3046875, 50.002685540509006], [-84.234375, 50.007893044382236], [-84.1640625, 50.01354795408221], [-84.12119492975873, 50.017573389800006], [-84.09375, 50.02043079368146], [-84.02343750000001, 50.02817599330973], [-83.953125, 50.03999433051921], [-83.8828125, 50.05197144880628], [-83.8125, 50.06921387429854], [-83.74515013993188, 50.0878721563], [-83.7421875, 50.088872549999245], [-83.671875, 50.116091610586494], [-83.6015625, 50.14900444232484], [-83.5830041461828, 50.1581709228], [-83.53125, 50.18924240608577], [-83.46844359446098, 50.2284696893], [-83.4609375, 50.23364667415037], [-83.390625, 50.28101754635859], [-83.36423518696752, 50.2987684558], [-83.3203125, 50.33047052259493], [-83.27308527918366, 50.3690672223], [-83.25, 50.39032195570041], [-83.20245116524109, 50.439365988700004], [-83.1796875, 50.466744245775885], [-83.14841402056709, 50.5096647552], [-83.109375, 50.56550969398572], [-83.09940490508694, 50.5799635216], [-83.04932896231708, 50.6502622881], [-83.03906250000001, 50.66311106832992], [-82.98858258671913, 50.720561054499996], [-82.96875, 50.73859226033662], [-82.90784554428892, 50.7908598209], [-82.8984375, 50.797366849749594], [-82.828125, 50.84405088266598], [-82.80155940151997, 50.8611585874], [-82.7578125, 50.884575694576384], [-82.6875, 50.92299958993215], [-82.67134759785381, 50.9314573538], [-82.6171875, 50.95659215148194], [-82.546875, 50.99061947354815], [-82.52333635059014, 51.0017561202], [-82.4765625, 51.02198900133684], [-82.40625, 51.05047421623591], [-82.34896414469664, 51.0720548865], [-82.3359375, 51.0767422654173], [-82.265625, 51.100790359616866], [-82.1953125, 51.1215593621999], [-82.125, 51.14051934133569], [-82.11757040845058, 51.1423536529], [-82.0546875, 51.158142431873486], [-81.984375, 51.17344167605725], [-81.9140625, 51.18792645532442], [-81.84375, 51.2004442249311], [-81.7734375, 51.21240027895243], [-81.77184854167965, 51.2126524193], [-81.703125, 51.22394420473082], [-81.6328125, 51.2349044176187], [-81.5625, 51.24537958114348], [-81.4921875, 51.25470798397784], [-81.421875, 51.264036376802146], [-81.3515625, 51.27217122536188], [-81.28125, 51.28023886071573], [-81.25444225291255, 51.2829511856], [-81.2109375, 51.28774400758632], [-81.14062500000001, 51.29436029975196], [-81.0703125, 51.30089887786605], [-81.0, 51.30548092776513], [-80.9296875, 51.310186704114784], [-80.859375, 51.3138169174141], [-80.7890625, 51.31709351946343], [-80.71875, 51.320117479937295], [-80.6484375, 51.32260980986412], [-80.578125, 51.32512472321119], [-80.5078125, 51.32772250920327], [-80.4375, 51.33033279684281], [-80.3671875, 51.332368948562944], [-80.296875, 51.33399080365151], [-80.2265625, 51.33499877347166], [-80.15625, 51.335149396086415], [-80.0859375, 51.33540665261924], [-80.015625, 51.33627102307075], [-79.9453125, 51.337210349128924], [-79.875, 51.340443208461124], [-79.8046875, 51.344202317391456], [-79.734375, 51.34839130274156], [-79.6640625, 51.35320688842422], [-79.66337792906903, 51.353249952], [-79.59375, 51.35728929501097]]}}, {"type": "Feature", "properties": {"level_in": 0.5}, "geometry": {"type": "LineString", "coordinates": [[-118.6875, 51.29857984253738], [-118.63273907159471, 51.2829511856], [-118.6171875, 51.262064092897035], [-118.5826592650524, 51.2126524193], [-118.6171875, 51.193638519793915], [-118.6448018002011, 51.2126524193], [-118.6875, 51.248470668138985], [-118.7055138424223, 51.282951185600005], [-118.6875, 51.29857984253738]]}}, {"type": "Feature", "properties": {"level_in": 0.5}, "geometry": {"type": "LineString", "coordinates": [[-122.5546875, 51.22674946938217], [-122.484375, 51.23161358017836], [-122.42001434467126, 51.2126524193], [-122.4140625, 51.191521509174564], [-122.40455676909285, 51.142353652900006], [-122.38543754797308, 51.0720548865], [-122.4140625, 51.06067199219039], [-122.44255926465624, 51.0720548865], [-122.484375, 51.10367009436672], [-122.5546875, 51.137640552211614], [-122.56943782695413, 51.1423536529], [-122.57255491475274, 51.21265241929999], [-122.5546875, 51.22674946938217]]}}, {"type": "Feature", "properties": {"level_in": 0.5}, "geometry": {"type": "LineString", "coordinates": [[-121.8515625, 51.22525640844381], [-121.82960988264122, 51.2126524193], [-121.8515625, 51.1831847830415], [-121.91652430329164, 51.2126524193], [-121.8515625, 51.22525640844381]]}}, {"type": "Feature", "properties": {"level_in": 0.5}, "geometry": {"type": "LineString", "coordinates": [[-115.59375, 51.267107089437204], [-115.65773343218265, 51.2126524193], [-115.59375, 51.14437255598768], [-115.59254714645404, 51.1423536529], [-115.5234375, 51.10003382854288], [-115.4577731489456, 51.1423536529], [-115.50058354208812, 51.2126524193], [-115.5234375, 51.270029867373246], [-115.59375000000001, 51.267107089437204]]}}, {"type": "Feature", "properties": {"level_in": 0.5}, "geometry": {"type": "LineString", "coordinates": [[-119.390625, 51.14397948200939], [-119.3793129439256, 51.1423536529], [-119.39062499999999, 51.13802879817024], [-119.39336336257412, 51.1423536529], [-119.390625, 51.14397948200939]]}}, {"type": "Feature", "properties": {"level_in": 0.5}, "geometry": {"type": "LineString", "coordinates": [[-121.21875000000001, 51.02073530069554], [-121.1484375, 51.00615812647379], [-121.1350630552165, 51.0017561202], [-121.1484375, 50.9986937048915], [-121.21875, 50.985333787307006], [-121.25879395655971, 51.0017561202], [-121.21875000000001, 51.02073530069554]]}}, {"type": "Feature", "properties": {"level_in": 0.5}, "geometry": {"type": "LineString", "coordinates": [[-118.47656249999999, 50.94503058843336], [-118.40625, 50.96120723764509], [-118.33593750000001, 50.958807561356736], [-118.265625, 50.939526531935535], [-118.24723750116817, 50.9314573538], [-118.1953125, 50.90902190155387], [-118.12500000000001, 50.875170242964884], [-118.08064540175167, 50.8611585874], [-118.07079867217882, 50.7908598209], [-118.0546875, 50.73003597202796], [-118.05289174888769, 50.72056105450001], [-118.01613205076151, 50.6502622881], [-117.984375, 50.605221052669044], [-117.9679506925876, 50.57996352159999], [-117.984375, 50.54107744102213], [-118.00743468364391, 50.50966475519999], [-118.05449769677422, 50.4393659887], [-118.05468750000001, 50.43911389425011], [-118.125, 50.38456305515602], [-118.14316904933739, 50.3690672223], [-118.125, 50.33635380317557], [-118.11117307279507, 50.29876845580001], [-118.0676266926127, 50.2284696893], [-118.11472162312712, 50.1581709228], [-118.125, 50.14286584644751], [-118.16887888529953, 50.08787215630001], [-118.1953125, 50.06341163202764], [-118.265625, 50.019581953197246], [-118.27214264799417, 50.0175733898], [-118.2790874168623, 49.9472746232], [-118.29341731575721, 49.8769758567], [-118.28984055758566, 49.8066770901], [-118.30373830777617, 49.7363783236], [-118.29930653131464, 49.666079557], [-118.3359375, 49.60155846113823], [-118.34108129680159, 49.5957807904], [-118.37296392220259, 49.525482023799995], [-118.40625, 49.476524438240915], [-118.42809775153088, 49.45518325729999], [-118.41415003749546, 49.3848844907], [-118.42492394226313, 49.314585724], [-118.4765625, 49.29192584879196], [-118.546875, 49.25687950014892], [-118.56501895931918, 49.24428695739999], [-118.6171875, 49.21100537261226], [-118.6875, 49.20279870165734], [-118.75054657520715, 49.24428695739999], [-118.7578125, 49.25269080506653], [-118.79972672916837, 49.314585724], [-118.828125, 49.36984364991043], [-118.83448695880813, 49.3848844907], [-118.85955946005356, 49.45518325730001], [-118.828125, 49.49056425709196], [-118.7828269544645, 49.5254820238], [-118.7578125, 49.567695479182106], [-118.72301112749076, 49.5957807904], [-118.6875, 49.62283733503417], [-118.6171875, 49.66533444346007], [-118.61647960778471, 49.666079557], [-118.6171875, 49.670657642113085], [-118.62665107781335, 49.73637832359999], [-118.6171875, 49.781270578253256], [-118.60892877004318, 49.8066770901], [-118.6171875, 49.83748722072492], [-118.6875, 49.851619937689584], [-118.7578125, 49.827306017477206], [-118.77516708367531, 49.8066770901], [-118.81020265795533, 49.73637832360001], [-118.828125, 49.71695053321336], [-118.8984375, 49.677698536028416], [-118.93699178316677, 49.666079557], [-118.96875, 49.66129087096249], [-119.0390625, 49.652156954497535], [-119.109375, 49.6276404745534], [-119.13214757815659, 49.5957807904], [-119.1796875, 49.5312408642894], [-119.19293542346568, 49.52548202380001], [-119.1990391150824, 49.4551832573], [-119.1796875, 49.44661271874611], [-119.109375, 49.40084246150511], [-119.08818008240985, 49.3848844907], [-119.07096571340841, 49.314585724], [-119.0618429814708, 49.2442869574], [-119.06216320647778, 49.1739881908], [-119.109375, 49.11032447668153], [-119.11339719137999, 49.1036894241], [-119.109375, 49.06149872047732], [-119.10615838940444, 49.0333906575], [-119.109375, 48.98363941329007], [-119.1796875, 48.995205694404504], [-119.25, 49.026677061874445], [-119.25634227012252, 49.03339065749999], [-119.3203125, 49.0861374896348], [-119.33387152146967, 49.1036894241], [-119.390625, 49.15128036616008], [-119.41141426827457, 49.1739881908], [-119.39282309830185, 49.2442869574], [-119.41839238965535, 49.314585724], [-119.44597784606222, 49.3848844907], [-119.390625, 49.44700130369134], [-119.36526807778415, 49.4551832573], [-119.390625, 49.514532707667996], [-119.39424566263948, 49.5254820238], [-119.44353234051593, 49.5957807904], [-119.4609375, 49.64930391804031], [-119.46634941537872, 49.666079557], [-119.4609375, 49.6746591643223], [-119.390625, 49.73138060626513], [-119.3814059656246, 49.7363783236], [-119.3203125, 49.76297314317166], [-119.25, 49.76571443373682], [-119.1796875, 49.79306474212092], [-119.17272929086269, 49.8066770901], [-119.109375, 49.87335057011409], [-119.10675283192558, 49.8769758567], [-119.109375, 49.906409185011356], [-119.11346456265741, 49.9472746232], [-119.17968750000001, 50.005570966608225], [-119.19000256369243, 50.0175733898], [-119.1796875, 50.030646568943325], [-119.11744694370395, 50.0878721563], [-119.109375, 50.09328598914199], [-119.0390625, 50.12908666106853], [-118.96875, 50.14589485728814], [-118.8984375, 50.1519716987533], [-118.828125, 50.156790998664974], [-118.7578125, 50.154741829338946], [-118.6875, 50.152527134461515], [-118.6171875, 50.139192133225436], [-118.54687500000001, 50.113156733319265], [-118.50593708530423, 50.0878721563], [-118.4765625, 50.055940500669884], [-118.4227264953905, 50.0878721563], [-118.40625, 50.1064624840396], [-118.36963035000609, 50.1581709228], [-118.33899535206513, 50.2284696893], [-118.3359375, 50.26521543858416], [-118.33072823906205, 50.2987684558], [-118.3359375, 50.333204557815364], [-118.34201574893359, 50.3690672223], [-118.40625, 50.41548693166774], [-118.45029115654273, 50.4393659887], [-118.4618446015296, 50.5096647552], [-118.44754079162459, 50.5799635216], [-118.45234733063799, 50.6502622881], [-118.4765625, 50.719745959392604], [-118.47689898665514, 50.7205610545], [-118.53920977569321, 50.7908598209], [-118.532357630482, 50.8611585874], [-118.48999876045212, 50.9314573538], [-118.47656249999999, 50.94503058843336]]}}, {"type": "Feature", "properties": {"level_in": 0.5}, "geometry": {"type": "LineString", "coordinates": [[-121.640625, 50.882156642668285], [-121.57675319209817, 50.8611585874], [-121.5703125, 50.84938234536657], [-121.55938419153566, 50.79085982090001], [-121.5703125, 50.762473551179895], [-121.5950055007188, 50.72056105450001], [-121.5703125, 50.696531235743734], [-121.53808974641049, 50.6502622881], [-121.5, 50.61373040797166], [-121.4581953515625, 50.5799635216], [-121.4861519239826, 50.5096647552], [-121.49999999999999, 50.506168447286], [-121.5703125, 50.45281531241939], [-121.60344274796176, 50.4393659887], [-121.64062499999999, 50.421294816087425], [-121.68021574819045, 50.3690672223], [-121.640625, 50.35753936296132], [-121.5703125, 50.324116759735105], [-121.52890125672911, 50.2987684558], [-121.5, 50.2869693061062], [-121.43790322953357, 50.2987684558], [-121.4296875, 50.3011043311434], [-121.359375, 50.331935171534155], [-121.2890625, 50.36214041632499], [-121.27583717832421, 50.3690672223], [-121.24843060444321, 50.43936598869999], [-121.26926349741211, 50.5096647552], [-121.2820372989666, 50.5799635216], [-121.21875, 50.60214558184823], [-121.1484375, 50.64877470324533], [-121.14563499493033, 50.6502622881], [-121.078125, 50.67670558875048], [-121.03453390162173, 50.7205610545], [-121.0078125, 50.72677476095414], [-120.98141954789435, 50.7205610545], [-120.9375, 50.67641754852491], [-120.8671875, 50.65920447691804], [-120.796875, 50.653639362655795], [-120.7559030816352, 50.6502622881], [-120.7265625, 50.64225823558311], [-120.65625, 50.635865599792126], [-120.5859375, 50.62688577019112], [-120.515625, 50.60482789418883], [-120.45309833642824, 50.5799635216], [-120.4453125, 50.51968871436837], [-120.4435611752544, 50.509664755200006], [-120.4453125, 50.50591007003567], [-120.49289996423738, 50.4393659887], [-120.515625, 50.420220473692524], [-120.54452775775997, 50.3690672223], [-120.5859375, 50.3325740164844], [-120.63670809473211, 50.2987684558], [-120.65625, 50.27008298839658], [-120.70827677405688, 50.2284696893], [-120.7265625, 50.2172778338071], [-120.796875, 50.21251744013527], [-120.84552170279187, 50.2284696893], [-120.8671875, 50.27855605655129], [-120.9375, 50.280895867439895], [-120.98519369617838, 50.2284696893], [-121.0078125, 50.18664157894253], [-121.01871131361884, 50.1581709228], [-121.01735320313904, 50.0878721563], [-121.0078125, 50.07777356964183], [-120.9375, 50.06387882132927], [-120.8671875, 50.07231200142046], [-120.796875, 50.082614569303175], [-120.76669836129572, 50.0878721563], [-120.7265625, 50.10547871644077], [-120.6965929842292, 50.0878721563], [-120.65625, 50.03979986570491], [-120.64509951526809, 50.01757338979999], [-120.63922767452546, 49.9472746232], [-120.65625, 49.93189521411874], [-120.70215775236065, 49.8769758567], [-120.66596501433393, 49.80667709010001], [-120.65625, 49.8018205287764], [-120.5859375, 49.77805152290256], [-120.515625, 49.75300142146922], [-120.48385571503921, 49.7363783236], [-120.51241080527096, 49.666079556999996], [-120.515625, 49.66548086499185], [-120.5859375, 49.6457612289007], [-120.65625, 49.607913621623794], [-120.66831519121263, 49.5957807904], [-120.70286759464395, 49.5254820238], [-120.67554275348076, 49.4551832573], [-120.65625, 49.44359635204723], [-120.5859375, 49.39869995090972], [-120.56489028591396, 49.3848844907], [-120.515625, 49.356386917840084], [-120.4453125, 49.33380091269477], [-120.37500000000001, 49.3320291448499], [-120.3046875, 49.34375853585344], [-120.25517721367618, 49.3848844907], [-120.234375, 49.43358704466452], [-120.22632521556935, 49.4551832573], [-120.234375, 49.52476135350033], [-120.23447090191972, 49.5254820238], [-120.25526783361465, 49.5957807904], [-120.3046875, 49.66317573782334], [-120.30983287730228, 49.666079557], [-120.3046875, 49.68028593464521], [-120.2696229482489, 49.7363783236], [-120.3046875, 49.786153112179505], [-120.32791030523386, 49.8066770901], [-120.375, 49.84538773433921], [-120.40287730732373, 49.8769758567], [-120.44531250000001, 49.926152464593116], [-120.46830506052342, 49.9472746232], [-120.4453125, 49.95261147722757], [-120.375, 49.99224176155812], [-120.33322686602361, 50.0175733898], [-120.3046875, 50.02691705741748], [-120.234375, 50.03641553015595], [-120.1640625, 50.04746663424115], [-120.09375, 50.05616848300674], [-120.0234375, 50.062350097071885], [-119.953125, 50.0503427483831], [-119.8828125, 50.018921293664576], [-119.88135016395219, 50.0175733898], [-119.8317763155789, 49.9472746232], [-119.87857456694218, 49.87697585669999], [-119.8828125, 49.87265217938817], [-119.93642126794545, 49.8066770901], [-119.91003100466139, 49.7363783236], [-119.90053386590252, 49.666079557], [-119.8828125, 49.64406548587758], [-119.85027770692005, 49.5957807904], [-119.8231342051588, 49.52548202380001], [-119.8125, 49.502983917869344], [-119.7948852164061, 49.45518325730001], [-119.75930488065819, 49.3848844907], [-119.7893547708047, 49.314585724], [-119.8125, 49.26363298589261], [-119.82003166822794, 49.2442869574], [-119.8125, 49.235335241584124], [-119.77669903399284, 49.1739881908], [-119.7421875, 49.1195508972601], [-119.73324570925365, 49.1036894241], [-119.71142953245555, 49.0333906575], [-119.73511392927384, 48.9630918908], [-119.72659365153791, 48.8927931242], [-119.68389510657173, 48.8224943575], [-119.73754257383652, 48.7521955908], [-119.71720445996135, 48.6818968241], [-119.7421875, 48.616185368602565], [-119.74425652011261, 48.6115980574], [-119.75046282706037, 48.5412992907], [-119.7421875, 48.48171607022013], [-119.73963761805167, 48.471000524], [-119.7421875, 48.46210699357376], [-119.78261581079735, 48.4007017573], [-119.8125, 48.38183304176342], [-119.8828125, 48.359462726074035], [-119.953125, 48.38217070550806], [-119.97588411538678, 48.4007017573], [-120.0234375, 48.42699544949238], [-120.05969264314044, 48.471000524], [-120.09375, 48.51666028218652], [-120.12585839788863, 48.5412992907], [-120.1640625, 48.573910984102994], [-120.234375, 48.575340129234895], [-120.3046875, 48.5566464373183], [-120.32308212263096, 48.5412992907], [-120.3248820831524, 48.471000524], [-120.3046875, 48.4382449215646], [-120.28146444337615, 48.4007017573], [-120.234375, 48.360177346068326], [-120.20003511108371, 48.330402990500005], [-120.1640625, 48.30073858380873], [-120.11245135785524, 48.2601042238], [-120.09375, 48.21794634215543], [-120.07782472810365, 48.189805457], [-120.09375, 48.13487337708736], [-120.09852820230599, 48.1195066903], [-120.16373062557312, 48.04920792349999], [-120.1640625, 48.04901496288411], [-120.234375, 48.01241550637175], [-120.28705032983841, 47.9789091567], [-120.30468749999999, 47.96694690079663], [-120.36560710318962, 47.9086103899], [-120.37500000000001, 47.89567138586541], [-120.4453125, 47.84937003885617], [-120.48253261833801, 47.8383116232], [-120.515625, 47.82507127457137], [-120.58593749999999, 47.83216902844239], [-120.59750464448233, 47.8383116232], [-120.65625, 47.87940600751455], [-120.6982567864217, 47.9086103899], [-120.7265625, 47.92416840897483], [-120.796875, 47.942379207399405], [-120.8671875, 47.949142659164046], [-120.9375, 47.948361369325234], [-121.0078125, 47.90862954921946], [-121.00784248580516, 47.9086103899], [-121.0078125, 47.90826449252404], [-121.00179873257207, 47.8383116232], [-120.9375, 47.80091503598804], [-120.90681829473633, 47.768012856400006], [-120.8671875, 47.74854770434257], [-120.81721759909436, 47.69771408950001], [-120.81831814157474, 47.6274153227], [-120.796875, 47.60415177805326], [-120.76505083672195, 47.557116555899995], [-120.77082736478089, 47.4868177891], [-120.73869090753578, 47.4165190222], [-120.796875, 47.38474467540871], [-120.8671875, 47.37830709870486], [-120.9375, 47.38763838877177], [-121.0078125, 47.400865451537925], [-121.078125, 47.410340427433766], [-121.1484375, 47.41448746664707], [-121.21875, 47.391303186988665], [-121.2890625, 47.37008360740023], [-121.359375, 47.34955677852123], [-121.36975680622015, 47.3462202554], [-121.4296875, 47.321743437324685], [-121.5, 47.291731806458316], [-121.53609352386883, 47.2759214885], [-121.5703125, 47.25740223100891], [-121.640625, 47.24283641854889], [-121.7109375, 47.254044714851965], [-121.72871332182874, 47.2759214885], [-121.72948042983799, 47.3462202554], [-121.7109375, 47.38292325708095], [-121.68564423822684, 47.4165190222], [-121.65701830218184, 47.4868177891], [-121.640625, 47.51391310068532], [-121.60554528732257, 47.5571165559], [-121.63007588031964, 47.6274153227], [-121.640625, 47.63863510469618], [-121.66070436574009, 47.69771408950001], [-121.67932507435374, 47.7680128564], [-121.640625, 47.802457172444676], [-121.61476209267201, 47.8383116232], [-121.6140203640837, 47.9086103899], [-121.640625, 47.93144409903288], [-121.6908087009817, 47.9789091567], [-121.7109375, 47.99012361328444], [-121.78125000000001, 48.04591192648167], [-121.78454664090711, 48.0492079235], [-121.81815451977845, 48.1195066903], [-121.78125, 48.16010814565105], [-121.72017371927328, 48.189805457000006], [-121.7109375, 48.19589166407918], [-121.69131448115725, 48.189805457], [-121.640625, 48.175066875436684], [-121.5703125, 48.14799355260743], [-121.5, 48.12572429037209], [-121.4296875, 48.15800730373205], [-121.39698178572118, 48.189805457], [-121.3797798864434, 48.2601042238], [-121.40905578634124, 48.3304029905], [-121.42950941363189, 48.4007017573], [-121.41782802532289, 48.471000524], [-121.4296875, 48.50642239274163], [-121.44171374667626, 48.5412992907], [-121.50000000000001, 48.58409781094674], [-121.5703125, 48.60091500315422], [-121.62215767894543, 48.6115980574], [-121.640625, 48.617339765764946], [-121.7109375, 48.63256394950468], [-121.78125, 48.636090762967584], [-121.8515625, 48.63992764774112], [-121.921875, 48.65084617029994], [-121.9921875, 48.670390213948224], [-122.03314751446212, 48.6818968241], [-122.02941427974207, 48.7521955908], [-122.0214587222224, 48.82249435749999], [-121.9921875, 48.85864683890179], [-121.97145472997535, 48.8927931242], [-121.92198939962141, 48.9630918908], [-121.921875, 48.963214808952955], [-121.8515625, 49.02434204257294], [-121.83720291576722, 49.0333906575], [-121.78125, 49.069768040240234], [-121.73619851317784, 49.1036894241], [-121.71093750000001, 49.135619461622646], [-121.68421933584521, 49.1739881908], [-121.640625, 49.238234982700796], [-121.63682698173565, 49.2442869574], [-121.58213291003898, 49.314585724], [-121.59862989846278, 49.3848844907], [-121.640625, 49.41786993462394], [-121.68798743440837, 49.4551832573], [-121.7109375, 49.48288767769755], [-121.73760526454339, 49.525482023799995], [-121.7695217803726, 49.5957807904], [-121.78125, 49.6089033871127], [-121.8515625, 49.65938155805694], [-121.86632215966954, 49.666079557], [-121.921875, 49.68638609698477], [-121.9921875, 49.68068906988272], [-122.04018198371344, 49.666079557], [-122.0625, 49.65125370719223], [-122.08705569118592, 49.5957807904], [-122.0625, 49.558715921843834], [-122.04244786140224, 49.525482023799995], [-122.01705390781026, 49.4551832573], [-122.03349761511686, 49.3848844907], [-122.0625, 49.36268618541805], [-122.1282322655826, 49.31458572399999], [-122.1328125, 49.31321373732151], [-122.14419176803686, 49.31458572399999], [-122.203125, 49.32958209577132], [-122.2734375, 49.36401818899182], [-122.30916399278348, 49.3848844907], [-122.34374999999999, 49.427254322251784], [-122.38719714892413, 49.4551832573], [-122.4140625, 49.47396223809559], [-122.484375, 49.48830625304579], [-122.55468749999999, 49.52216158380053], [-122.55977079789818, 49.5254820238], [-122.625, 49.529742844816155], [-122.6953125, 49.53098541796114], [-122.72227555757797, 49.5957807904], [-122.765625, 49.665542841410634], [-122.76596614728304, 49.666079556999996], [-122.8359375, 49.71362538274697], [-122.90625, 49.73615315742542], [-122.9064854276459, 49.7363783236], [-122.90624999999999, 49.739571055668314], [-122.8359375, 49.78266467571389], [-122.765625, 49.792930304168294], [-122.6953125, 49.799004329231764], [-122.67796199379913, 49.8066770901], [-122.625, 49.87029811150944], [-122.61690053477052, 49.8769758567], [-122.5546875, 49.89838770783552], [-122.484375, 49.886226956813836], [-122.4140625, 49.8822415829119], [-122.34986152662542, 49.9472746232], [-122.36678662467492, 50.0175733898], [-122.35093788736714, 50.0878721563], [-122.34375, 50.094181308162774], [-122.2734375, 50.13155747122887], [-122.203125, 50.14468784876237], [-122.1390282598207, 50.1581709228], [-122.1328125, 50.16004189105664], [-122.0625, 50.16751302936001], [-121.9921875, 50.19460498413925], [-121.96836444284646, 50.2284696893], [-121.921875, 50.26803240189314], [-121.89920701097768, 50.2987684558], [-121.86389791266649, 50.3690672223], [-121.8515625, 50.387174100335024], [-121.78239141690432, 50.4393659887], [-121.8515625, 50.46655668463563], [-121.92187499999999, 50.49133903172703], [-121.9921875, 50.50778462029301], [-122.01207200015983, 50.50966475519999], [-122.0625, 50.52975766188979], [-122.1328125, 50.57952810468765], [-122.13313912635157, 50.5799635216], [-122.13281250000001, 50.58015473631547], [-122.0625, 50.61081566743762], [-121.9921875, 50.63863900898301], [-121.95282259533145, 50.6502622881], [-121.921875, 50.65391335106417], [-121.8515625, 50.68710112793295], [-121.79353749816602, 50.720561054499996], [-121.78125, 50.73039276522658], [-121.7109375, 50.78084279149515], [-121.67696009626377, 50.7908598209], [-121.67571504669817, 50.8611585874], [-121.640625, 50.882156642668285]]}}, {"type": "Feature", "properties": {"level_in": 0.5}, "geometry": {"type": "LineString", "coordinates": [[-117.28125, 50.60836606650932], [-117.30726532094249, 50.5799635216], [-117.3515625, 50.55739457675956], [-117.39285346917681, 50.50966475519999], [-117.41294015344195, 50.43936598869999], [-117.3515625, 50.408380461361205], [-117.28125, 50.398196206666675], [-117.24683323984095, 50.4393659887], [-117.25811347605188, 50.509664755200006], [-117.2109375, 50.573195447576595], [-117.20856255470056, 50.5799635216], [-117.2109375, 50.584541313929954], [-117.28125, 50.60836606650931]]}}, {"type": "Feature", "properties": {"level_in": 0.5}, "geometry": {"type": "LineString", "coordinates": [[-120.9375, 50.51222122056418], [-120.9457994626672, 50.5096647552], [-121.0078125, 50.45621129458526], [-121.02326234600488, 50.4393659887], [-121.0078125, 50.423376111485325], [-120.93981354543588, 50.3690672223], [-120.9375, 50.3651416883339], [-120.8671875, 50.319353406920754], [-120.8158066939439, 50.3690672223], [-120.796875, 50.375326884168345], [-120.7265625, 50.40812004419828], [-120.69105957829825, 50.4393659887], [-120.7265625, 50.454502321902666], [-120.79388394129656, 50.5096647552], [-120.796875, 50.512390837093015], [-120.8671875, 50.53011622125943], [-120.9375, 50.51222122056418]]}}, {"type": "Feature", "properties": {"level_in": 0.5}, "geometry": {"type": "LineString", "coordinates": [[-116.3671875, 50.23655886311045], [-116.38883228285815, 50.2284696893], [-116.3671875, 50.174898773155135], [-116.34912038714978, 50.2284696893], [-116.3671875, 50.23655886311045]]}}, {"type": "Feature", "properties": {"level_in": 0.5}, "geometry": {"type": "LineString", "coordinates": [[-122.97656250000001, 50.0235703193738], [-122.9509744788003, 50.0175733898], [-122.90625, 49.991974623289025], [-122.8359375, 49.95012660458578], [-122.83088850244079, 49.9472746232], [-122.765625, 49.911024203691404], [-122.72998605889521, 49.8769758567], [-122.765625, 49.82884468382501], [-122.8359375, 49.81453606834069], [-122.90625, 49.81130101661007], [-122.9765625, 49.828544109010465], [-123.00306216678419, 49.8769758567], [-122.9765625, 49.940515763853654], [-122.96872762807615, 49.9472746232], [-122.9765625, 49.966733217161774], [-122.98248935415246, 50.0175733898], [-122.97656250000001, 50.0235703193738]]}}, {"type": "Feature", "properties": {"level_in": 0.5}, "geometry": {"type": "LineString", "coordinates": [[-121.640625, 50.032805956259175], [-121.65510350229826, 50.0175733898], [-121.640625, 50.01193488156725], [-121.5703125, 49.98326415919], [-121.53558276088125, 50.0175733898], [-121.5703125, 50.045983086104215], [-121.640625, 50.03280595625918]]}}, {"type": "Feature", "properties": {"level_in": 0.5}, "geometry": {"type": "LineString", "coordinates": [[-121.42968749999999, 49.88616923466047], [-121.48861860261052, 49.8769758567], [-121.49133219656257, 49.8066770901], [-121.42968749999999, 49.74310071204829], [-121.41240122541824, 49.73637832360001], [-121.359375, 49.72119428413966], [-121.3365281686032, 49.73637832360001], [-121.3357226317971, 49.8066770901], [-121.359375, 49.83466738972271], [-121.41635488354775, 49.8769758567], [-121.4296875, 49.88616923466047]]}}, {"type": "Feature", "properties": {"level_in": 0.5}, "geometry": {"type": "LineString", "coordinates": [[-115.5234375, 49.923856120967386], [-115.453125, 49.938321169522695], [-115.3828125, 49.94627605096322], [-115.3125, 49.93037746496733], [-115.2613027845172, 49.8769758567], [-115.24218750000001, 49.80689996296083], [-115.24212311044359, 49.8066770901], [-115.2421875, 49.80650385734147], [-115.26656446321537, 49.7363783236], [-115.28190499601713, 49.666079557], [-115.3125, 49.64763424588715], [-115.3828125, 49.63321218299253], [-115.453125, 49.63571535107175], [-115.52343749999999, 49.64454551820381], [-115.54752978262442, 49.666079557], [-115.59375, 49.73477459722641], [-115.59418596366432, 49.7363783236], [-115.59375, 49.7473572222038], [-115.58049881033267, 49.8066770901], [-115.55005605652894, 49.8769758567], [-115.5234375, 49.923856120967386]]}}, {"type": "Feature", "properties": {"level_in": 0.5}, "geometry": {"type": "LineString", "coordinates": [[-117.5625, 49.715104644176755], [-117.61712634173414, 49.666079557], [-117.59422421604845, 49.5957807904], [-117.5676035661371, 49.5254820238], [-117.57749489086348, 49.4551832573], [-117.5625, 49.402668610084895], [-117.4921875, 49.393149376441194], [-117.421875, 49.392385333151154], [-117.3515625, 49.40789446663419], [-117.28523555145287, 49.4551832573], [-117.28124999999999, 49.45821991935918], [-117.22035038706305, 49.5254820238], [-117.26078425993923, 49.5957807904], [-117.28125, 49.60217929118707], [-117.3515625, 49.632463747362884], [-117.4044911552446, 49.666079557], [-117.421875, 49.70615455154203], [-117.4921875, 49.73138228197673], [-117.5625, 49.715104644176755]]}}, {"type": "Feature", "properties": {"level_in": 0.5}, "geometry": {"type": "LineString", "coordinates": [[-122.9765625, 49.53648849499582], [-122.90624999999999, 49.55401014141867], [-122.8359375, 49.55041287096475], [-122.765625, 49.54086174846287], [-122.70647153916786, 49.525482023799995], [-122.6953125, 49.5063061454619], [-122.6298622245682, 49.4551832573], [-122.6953125, 49.45348710989771], [-122.75591448217003, 49.4551832573], [-122.765625, 49.46042590270996], [-122.8359375, 49.46546991926804], [-122.86311512492824, 49.4551832573], [-122.90625, 49.45347920487385], [-122.97656249999999, 49.451192939672076], [-122.98636108863772, 49.4551832573], [-123.0149507683208, 49.5254820238], [-122.9765625, 49.53648849499582]]}}, {"type": "Feature", "properties": {"level_in": 0.5}, "geometry": {"type": "LineString", "coordinates": [[-118.1953125, 49.31876040509616], [-118.125, 49.3221372402065], [-118.05468749999999, 49.33171788935536], [-117.984375, 49.34308430169884], [-117.9140625, 49.35238159465748], [-117.8468340228254, 49.314585724], [-117.84375, 49.31345053435223], [-117.7734375, 49.25741555308237], [-117.76372111834885, 49.2442869574], [-117.74204104299326, 49.1739881908], [-117.7734375, 49.118471851918], [-117.7840814897629, 49.1036894241], [-117.84375, 49.06777594108813], [-117.9140625, 49.04223838931348], [-117.984375, 49.05037459887941], [-118.0546875, 49.076434762158705], [-118.08831876646717, 49.1036894241], [-118.12200295904664, 49.1739881908], [-118.125, 49.18864740647814], [-118.15138242946283, 49.2442869574], [-118.1953125, 49.30790713057728], [-118.26154282518334, 49.314585724], [-118.1953125, 49.31876040509616]]}}, {"type": "Feature", "properties": {"level_in": 0.5}, "geometry": {"type": "LineString", "coordinates": [[-80.015625, 49.218929845026416], [-80.03197077819945, 49.1739881908], [-80.04445136907637, 49.1036894241], [-80.015625, 49.07864837139056], [-79.97694650190903, 49.1036894241], [-79.98137666604458, 49.1739881908], [-80.015625, 49.218929845026416]]}}, {"type": "Feature", "properties": {"level_in": 0.5}, "geometry": {"type": "LineString", "coordinates": [[-120.5859375, 49.16225427189359], [-120.60401789456095, 49.1036894241], [-120.5859375, 49.09337574091437], [-120.515625, 49.08651171172933], [-120.4453125, 49.09141523651242], [-120.42501686426341, 49.1036894241], [-120.4453125, 49.11918203773146], [-120.515625, 49.140449714718], [-120.5859375, 49.16225427189359]]}}, {"type": "Feature", "properties": {"level_in": 0.5}, "geometry": {"type": "LineString", "coordinates": [[-119.0390625, 48.83421314902121], [-118.96874999999999, 48.82766023797034], [-118.96172081150875, 48.822494357500005], [-118.90439800572621, 48.7521955908], [-118.96875, 48.70181442543776], [-119.0390625, 48.69442660890263], [-119.109375, 48.75162511579926], [-119.1098986104118, 48.7521955908], [-119.10937499999999, 48.75685106699641], [-119.0707537208566, 48.822494357500005], [-119.0390625, 48.83421314902121]]}}, {"type": "Feature", "properties": {"level_in": 0.5}, "geometry": {"type": "LineString", "coordinates": [[-118.47656250000001, 48.75635859841701], [-118.45812211778153, 48.7521955908], [-118.40625, 48.72869375372315], [-118.3692996339569, 48.6818968241], [-118.36242190473979, 48.6115980574], [-118.40625, 48.5621673567817], [-118.4212049234994, 48.541299290699996], [-118.42084250916207, 48.471000524000004], [-118.4578297166027, 48.4007017573], [-118.45318670775502, 48.3304029905], [-118.4765625, 48.30155362283595], [-118.546875, 48.31374103453214], [-118.56454527711178, 48.330402990500005], [-118.61621596368475, 48.4007017573], [-118.6080659772619, 48.471000524], [-118.56054957067249, 48.541299290699996], [-118.58963352564632, 48.6115980574], [-118.546875, 48.66543718388425], [-118.52281607448464, 48.68189682410001], [-118.4829657737663, 48.7521955908], [-118.47656250000001, 48.75635859841701]]}}, {"type": "Feature", "properties": {"level_in": 0.5}, "geometry": {"type": "LineString", "coordinates": [[-119.25, 48.4808485171009], [-119.1796875, 48.51773598608379], [-119.109375, 48.53371628775642], [-119.0390625, 48.52084311624828], [-118.97554872086899, 48.471000524], [-118.96875, 48.461166305895176], [-118.93574844862425, 48.4007017573], [-118.96874999999999, 48.37211378759107], [-119.0390625, 48.351281958978184], [-119.109375, 48.34345567855198], [-119.1796875, 48.375841398058924], [-119.2119685155278, 48.4007017573], [-119.25, 48.4543622155411], [-119.25944861434743, 48.471000524], [-119.25, 48.4808485171009]]}}, {"type": "Feature", "properties": {"level_in": 0.5}, "geometry": {"type": "LineString", "coordinates": [[-116.15625, 48.48765554956736], [-116.13717601945648, 48.471000524000004], [-116.0859375, 48.42758557328466], [-116.06372761837966, 48.4007017573], [-116.03881659484242, 48.3304029905], [-116.05436179876469, 48.2601042238], [-116.07901811483079, 48.189805457], [-116.0859375, 48.187438104039614], [-116.15625, 48.183174194960685], [-116.16547734314983, 48.189805457], [-116.16181558911086, 48.2601042238], [-116.17700823700926, 48.3304029905], [-116.22106226793676, 48.4007017573], [-116.19008951050839, 48.471000524000004], [-116.15625, 48.48765554956736]]}}, {"type": "Feature", "properties": {"level_in": 0.5}, "geometry": {"type": "LineString", "coordinates": [[-121.921875, 48.41617658491949], [-121.8515625, 48.42027311623413], [-121.81157116868786, 48.4007017573], [-121.8515625, 48.33788237296416], [-121.921875, 48.34959502758463], [-121.968479338144, 48.4007017573], [-121.921875, 48.41617658491949]]}}, {"type": "Feature", "properties": {"level_in": 0.5}, "geometry": {"type": "LineString", "coordinates": [[-123.75000000000001, 47.91656685839877], [-123.6796875, 47.91721811267096], [-123.636620297273, 47.9086103899], [-123.6796875, 47.89451062256179], [-123.75, 47.89431234894525], [-123.7654855181702, 47.9086103899], [-123.75000000000001, 47.91656685839877]]}}, {"type": "Feature", "properties": {"level_in": 0.5}, "geometry": {"type": "LineString", "coordinates": [[-123.328125, 47.93030049057738], [-123.2578125, 47.941287878123276], [-123.1875, 47.944973585662105], [-123.1171875, 47.921169344216075], [-123.09664923981988, 47.9086103899], [-123.09509825133148, 47.8383116232], [-123.1171875, 47.8240512709246], [-123.1875, 47.788479747758494], [-123.2578125, 47.806460164069335], [-123.328125, 47.824474401337795], [-123.37656471892095, 47.8383116232], [-123.38509877383545, 47.9086103899], [-123.328125, 47.93030049057738]]}}, {"type": "Feature", "properties": {"level_in": 0.5}, "geometry": {"type": "LineString", "coordinates": [[-121.4296875, 47.76948281844122], [-121.43078330004467, 47.7680128564], [-121.4296875, 47.766183494258755], [-121.37715359033054, 47.6977140895], [-121.359375, 47.68043059171248], [-121.2890625, 47.64993387810698], [-121.21875, 47.666257560994275], [-121.17526182684486, 47.69771408950001], [-121.17491973489012, 47.7680128564], [-121.21875, 47.797934339374024], [-121.2890625, 47.81662304618319], [-121.359375, 47.80670515288186], [-121.4296875, 47.76948281844122]]}}, {"type": "Feature", "properties": {"level_in": 0.5}, "geometry": {"type": "LineString", "coordinates": [[-120.5859375, 47.346924761208854], [-120.51562500000001, 47.36868500763968], [-120.44531249999999, 47.35157086622667], [-120.43745082322695, 47.3462202554], [-120.39860990487279, 47.2759214885], [-120.375, 47.260644015580844], [-120.33173523296941, 47.2056227217], [-120.375, 47.17894314060234], [-120.4453125, 47.194004484191254], [-120.4640133907594, 47.205622721699996], [-120.50419275646195, 47.2759214885], [-120.515625, 47.281389992471595], [-120.5859375, 47.34428163845309], [-120.58746950200147, 47.3462202554], [-120.5859375, 47.346924761208854]]}}, {"type": "Feature", "properties": {"level_in": 0.5}, "geometry": {"type": "LineString", "coordinates": [[-116.0859375, 47.144097052698434], [-116.015625, 47.15500880832628], [-115.9453125, 47.162972214563325], [-115.875, 47.14278679690723], [-115.85770073800501, 47.1353239548], [-115.84399505533965, 47.06502518789999], [-115.875, 47.03807878145678], [-115.92916655531295, 46.99472642100001], [-115.9453125, 46.987216481483124], [-116.015625, 46.95711573544233], [-116.0859375, 46.92944521297541], [-116.15625, 46.96989233285199], [-116.17407540795513, 46.994726420999996], [-116.15625, 47.013640468370866], [-116.10939841713207, 47.0650251879], [-116.10690210167976, 47.1353239548], [-116.0859375, 47.144097052698434]]}}, {"type": "Feature", "properties": {"level_in": 0.5}, "geometry": {"type": "LineString", "coordinates": [[-121.92187500000001, 47.071243977181666], [-121.8515625, 47.09636248643076], [-121.78125, 47.117689805328084], [-121.7109375, 47.1210813750165], [-121.640625, 47.11668847682836], [-121.5703125, 47.07835500169487], [-121.55922319050046, 47.06502518789999], [-121.5, 47.03414879515462], [-121.4296875, 47.002634274104246], [-121.40774338632608, 46.99472642100001], [-121.359375, 46.9746146647481], [-121.29215164072356, 46.9244276541], [-121.2890625, 46.92215409365583], [-121.23054794072388, 46.854128887200005], [-121.21875, 46.82582537654403], [-121.2018019890403, 46.7838301203], [-121.21038473814907, 46.7135313534], [-121.21875, 46.68007686555866], [-121.2352751559005, 46.64323258649999], [-121.21875, 46.6243766890602], [-121.18319991039728, 46.5729338195], [-121.17161781657919, 46.5026350526], [-121.18141906343061, 46.4323362857], [-121.21875, 46.403046821181626], [-121.2890625, 46.372354614279274], [-121.32550234974192, 46.3620375187], [-121.28972773305425, 46.2917387517], [-121.2890625, 46.29136061084857], [-121.21875, 46.22778988407005], [-121.21424582735496, 46.2214399848], [-121.21875, 46.21781879892321], [-121.2890625, 46.151255762212614], [-121.28914054517112, 46.1511412178], [-121.359375, 46.10126944428232], [-121.40031164503706, 46.0808424508], [-121.4296875, 46.061622365847796], [-121.5, 46.026338756513205], [-121.53665133137956, 46.010543683799995], [-121.56636507411903, 45.9402449168], [-121.57031250000001, 45.93170224147857], [-121.59698924495694, 45.8699461498], [-121.64062499999999, 45.83817045664382], [-121.7109375, 45.80594708493131], [-121.74545242289324, 45.7996473828], [-121.78125, 45.788294621434396], [-121.8515625, 45.761198179256894], [-121.91118000417157, 45.72934861579999], [-121.90914229597917, 45.65904984880001], [-121.8515625, 45.639917079390514], [-121.78125, 45.61047424651045], [-121.74396438658455, 45.5887510817], [-121.7109375, 45.561934295750476], [-121.66270583628985, 45.5184523147], [-121.640625, 45.480537883938695], [-121.61604164860394, 45.4481535477], [-121.5703125, 45.42384046090347], [-121.51064374514928, 45.3778547806], [-121.51742935229993, 45.3075560136], [-121.5703125, 45.266683343034515], [-121.63409599319999, 45.2372572465], [-121.640625, 45.234685715524876], [-121.7109375, 45.21647684321478], [-121.78125000000001, 45.21651120790842], [-121.85126236315156, 45.2372572465], [-121.8515625, 45.23743453553936], [-121.921875, 45.28073970404016], [-121.95074430219954, 45.307556013600006], [-121.9915344702704, 45.3778547806], [-121.9921875, 45.37869125690369], [-122.03141726443104, 45.4481535477], [-122.0625, 45.48356115534857], [-122.08185961999814, 45.5184523147], [-122.10007547409529, 45.5887510817], [-122.1328125, 45.616012511624376], [-122.20310237357776, 45.6590498488], [-122.203125, 45.659053833008095], [-122.2734375, 45.685722818017055], [-122.33992052370414, 45.7293486158], [-122.34375, 45.73401927794594], [-122.38327132747935, 45.7996473828], [-122.38681464408964, 45.8699461498], [-122.35116509769493, 45.9402449168], [-122.4140625, 45.9823875608182], [-122.484375, 45.9996742483011], [-122.55468749999999, 46.009407103548654], [-122.55733520666725, 46.0105436838], [-122.625, 46.04578280465765], [-122.66216061087974, 46.0808424508], [-122.64515917711626, 46.1511412178], [-122.625, 46.18700537816861], [-122.608496323656, 46.2214399848], [-122.5546875, 46.28596900335916], [-122.5489594477895, 46.2917387517], [-122.484375, 46.34831677753782], [-122.46413466432284, 46.3620375187], [-122.41406250000001, 46.38971195585421], [-122.34375, 46.412548827014476], [-122.2734375, 46.42930067954616], [-122.2543307674798, 46.4323362857], [-122.203125, 46.443429597169064], [-122.1328125, 46.448613690863574], [-122.0625, 46.44132668651585], [-121.99218749999999, 46.43439247623905], [-121.921875, 46.43705973744858], [-121.8515625, 46.45549596336427], [-121.82686889859951, 46.5026350526], [-121.8515625, 46.515986378268586], [-121.921875, 46.53112811953285], [-121.9921875, 46.53917772842313], [-122.0625, 46.55393121207011], [-122.1328125, 46.56504198139065], [-122.203125, 46.56209006328639], [-122.2734375, 46.56047541503698], [-122.34375, 46.569950492658016], [-122.36210468580401, 46.5729338195], [-122.4140625, 46.5779077890681], [-122.484375, 46.59951527382658], [-122.5546875, 46.64160148593197], [-122.55679911038916, 46.6432325865], [-122.55669374378567, 46.71353135340001], [-122.5546875, 46.71462916055415], [-122.484375, 46.74663669573724], [-122.4140625, 46.76794279105745], [-122.34375, 46.77153427559229], [-122.2734375, 46.77172333507841], [-122.203125, 46.77532738406146], [-122.1328125, 46.78036667058285], [-122.12709778050453, 46.7838301203], [-122.07562804960317, 46.8541288872], [-122.0625, 46.87688128199038], [-122.03937452785893, 46.9244276541], [-122.02583861100538, 46.994726421], [-121.9921875, 47.021709297191975], [-121.93180245852881, 47.0650251879], [-121.92187500000001, 47.071243977181666]]}}, {"type": "Feature", "properties": {"level_in": 0.5}, "geometry": {"type": "LineString", "coordinates": [[-77.69531249999999, 46.64457149656285], [-77.625, 46.656904320804884], [-77.5546875, 46.66026989013298], [-77.51533177323702, 46.6432325865], [-77.484375, 46.62439302286041], [-77.42973838774793, 46.5729338195], [-77.4140625, 46.55287999782354], [-77.3890336706445, 46.5026350526], [-77.3747260994482, 46.4323362857], [-77.34883938013894, 46.3620375187], [-77.34375, 46.350133479824834], [-77.32294523396189, 46.2917387517], [-77.31051215154835, 46.2214399848], [-77.2734375, 46.16803776371477], [-77.25939394414031, 46.1511412178], [-77.2734375, 46.11636572422246], [-77.31364298023448, 46.0808424508], [-77.34375, 46.07227437222915], [-77.4140625, 46.044571354003665], [-77.47087174031756, 46.01054368380001], [-77.4140625, 45.96117019289013], [-77.40066421636189, 45.9402449168], [-77.34375, 45.89878200217213], [-77.31648773203482, 45.8699461498], [-77.2734375, 45.81067823096568], [-77.26629015970146, 45.79964738280001], [-77.2734375, 45.79223465320625], [-77.34375, 45.76039108196057], [-77.4140625, 45.76601187501878], [-77.484375, 45.77374624594304], [-77.5546875, 45.776721130957704], [-77.625, 45.777561650483044], [-77.64607625065133, 45.7293486158], [-77.625, 45.68055008018562], [-77.61757119183426, 45.65904984880001], [-77.6176253260883, 45.5887510817], [-77.625, 45.58385314809828], [-77.6953125, 45.542045993190115], [-77.73581260870701, 45.5184523147], [-77.765625, 45.48631083559128], [-77.79479300996402, 45.4481535477], [-77.83475783737387, 45.3778547806], [-77.8359375, 45.376095445809206], [-77.89587588299433, 45.3075560136], [-77.90625, 45.29722491889381], [-77.9765625, 45.27522699034902], [-78.046875, 45.258535567224186], [-78.1171875, 45.28981338144055], [-78.14485504667283, 45.3075560136], [-78.1875, 45.35132797501636], [-78.20133921462497, 45.3778547806], [-78.24695253440812, 45.4481535477], [-78.2578125, 45.462268754453866], [-78.29800092208623, 45.5184523147], [-78.328125, 45.56625237506863], [-78.3427177568053, 45.5887510817], [-78.3767114964736, 45.6590498488], [-78.38962541784561, 45.7293486158], [-78.3984375, 45.746275186154556], [-78.43318359191534, 45.7996473828], [-78.46875, 45.85427963700839], [-78.479433795288, 45.8699461498], [-78.49474720827293, 45.9402449168], [-78.51177064548844, 46.0105436838], [-78.5050009427163, 46.0808424508], [-78.47870620676214, 46.151141217799996], [-78.46875, 46.1709409603088], [-78.43902935662857, 46.2214399848], [-78.3984375, 46.256402879897315], [-78.33739088900978, 46.2917387517], [-78.328125, 46.30447686067425], [-78.29998697155644, 46.3620375187], [-78.28796925704708, 46.4323362857], [-78.25949744947468, 46.5026350526], [-78.2578125, 46.50402448189513], [-78.1875, 46.55325356064123], [-78.12944428047524, 46.5729338195], [-78.1171875, 46.57718918894486], [-78.046875, 46.58442149114657], [-77.9765625, 46.587067607699396], [-77.90722615277983, 46.5729338195], [-77.90625, 46.57260002115805], [-77.8359375, 46.55396508685131], [-77.80898794772519, 46.5729338195], [-77.765625, 46.597468831175746], [-77.69783779845993, 46.6432325865], [-77.69531249999999, 46.64457149656285]]}}, {"type": "Feature", "properties": {"level_in": 0.5}, "geometry": {"type": "LineString", "coordinates": [[-113.765625, 46.30470376618226], [-113.6953125, 46.295828313910825], [-113.69239211499777, 46.2917387517], [-113.6953125, 46.2849004669805], [-113.765625, 46.28262361147115], [-113.775136502764, 46.2917387517], [-113.765625, 46.30470376618226]]}}, {"type": "Feature", "properties": {"level_in": 0.5}, "geometry": {"type": "LineString", "coordinates": [[-112.9921875, 46.30827012773032], [-112.97467996574049, 46.291738751699995], [-112.9921875, 46.28220976162357], [-113.05413277309886, 46.29173875170001], [-112.9921875, 46.30827012773032]]}}, {"type": "Feature", "properties": {"level_in": 0.5}, "geometry": {"type": "LineString", "coordinates": [[-114.3984375, 46.173128266939266], [-114.35380741899817, 46.1511412178], [-114.3984375, 46.13319340964814], [-114.43325330368438, 46.1511412178], [-114.3984375, 46.173128266939266]]}}, {"type": "Feature", "properties": {"level_in": 0.5}, "geometry": {"type": "LineString", "coordinates": [[-120.9375, 46.117904987426236], [-120.8671875, 46.10929874843461], [-120.81478341286157, 46.0808424508], [-120.80934930370475, 46.0105436838], [-120.8671875, 45.990767743850284], [-120.9375, 46.008422112269464], [-120.94276856341682, 46.0105436838], [-120.97379310678225, 46.0808424508], [-120.9375, 46.117904987426236]]}}, {"type": "Feature", "properties": {"level_in": 0.5}, "geometry": {"type": "LineString", "coordinates": [[-115.10156250000001, 45.94334312994001], [-115.09285957553723, 45.9402449168], [-115.1015625, 45.93509219585394], [-115.10753585016452, 45.9402449168], [-115.10156250000001, 45.94334312994001]]}}, {"type": "Feature", "properties": {"level_in": 0.5}, "geometry": {"type": "LineString", "coordinates": [[-114.3984375, 45.97608245314964], [-114.37174573766802, 45.9402449168], [-114.3984375, 45.91068871340459], [-114.46192206669376, 45.9402449168], [-114.3984375, 45.97608245314964]]}}, {"type": "Feature", "properties": {"level_in": 0.5}, "geometry": {"type": "LineString", "coordinates": [[-123.609375, 45.735156408531125], [-123.5390625, 45.75846288725745], [-123.46875, 45.752832600663346], [-123.42466451945742, 45.7293486158], [-123.3984375, 45.69824771548805], [-123.37886739566122, 45.65904984880001], [-123.3805730494586, 45.5887510817], [-123.37163460171939, 45.5184523147], [-123.35953893096931, 45.4481535477], [-123.3603796526327, 45.3778547806], [-123.3984375, 45.32030589589821], [-123.40557078610664, 45.30755601359999], [-123.46875, 45.25087015447102], [-123.49281134378597, 45.2372572465], [-123.5390625, 45.21849682631484], [-123.609375, 45.21770510606763], [-123.67968749999999, 45.23150059117796], [-123.69090924297332, 45.2372572465], [-123.72003108708637, 45.3075560136], [-123.7015078727118, 45.3778547806], [-123.6796875, 45.40062324875861], [-123.64118364662502, 45.4481535477], [-123.63978510193041, 45.5184523147], [-123.64761792241872, 45.5887510817], [-123.66380199812124, 45.6590498488], [-123.61970031147582, 45.7293486158], [-123.609375, 45.735156408531125]]}}, {"type": "Feature", "properties": {"level_in": 0.5}, "geometry": {"type": "LineString", "coordinates": [[-115.94531249999999, 45.66937600677599], [-115.87500000000001, 45.67094757193705], [-115.8046875, 45.67085259543873], [-115.75531156640872, 45.6590498488], [-115.8046875, 45.64563404398939], [-115.875, 45.64704745435477], [-115.9453125, 45.648103286775694], [-115.97684693872245, 45.6590498488], [-115.94531249999999, 45.66937600677599]]}}, {"type": "Feature", "properties": {"level_in": 0.5}, "geometry": {"type": "LineString", "coordinates": [[-115.03124999999999, 45.618862772514206], [-114.9609375, 45.6339612030378], [-114.90985044015977, 45.5887510817], [-114.9609375, 45.57564840137354], [-115.03125, 45.569050350303336], [-115.07391918304833, 45.5887510817], [-115.03124999999999, 45.618862772514206]]}}, {"type": "Feature", "properties": {"level_in": 0.5}, "geometry": {"type": "LineString", "coordinates": [[-116.9296875, 45.460975381995425], [-116.89810798728632, 45.4481535477], [-116.91606430228367, 45.3778547806], [-116.92968749999999, 45.36205172422271], [-116.96812902412148, 45.3075560136], [-117.0, 45.288804733299756], [-117.0643932977838, 45.3075560136], [-117.0703125, 45.30984733907847], [-117.140625, 45.357821671296726], [-117.15789469803742, 45.37785478060001], [-117.140625, 45.39059666673029], [-117.0703125, 45.42566741393173], [-117.0, 45.44148604121724], [-116.97289960747109, 45.4481535477], [-116.9296875, 45.460975381995425]]}}, {"type": "Feature", "properties": {"level_in": 0.5}, "geometry": {"type": "LineString", "coordinates": [[-117.4921875, 45.33388343565181], [-117.421875, 45.33970520007846], [-117.3717134920562, 45.307556013600006], [-117.3515625, 45.294594774795314], [-117.28125, 45.25443347387139], [-117.22697737086506, 45.2372572465], [-117.2109375, 45.2332485540726], [-117.140625, 45.230451211829205], [-117.0703125, 45.21688510263246], [-117.0, 45.17028675679969], [-116.99693957381818, 45.1669584794], [-117.0, 45.15683598443184], [-117.03757562256865, 45.09665971230001], [-117.0703125, 45.0828942277556], [-117.140625, 45.06124845283423], [-117.2109375, 45.06504442508819], [-117.25732086077403, 45.0966597123], [-117.28125, 45.1063874564833], [-117.34298292756066, 45.0966597123], [-117.3515625, 45.093220647768376], [-117.421875, 45.06814471662655], [-117.4921875, 45.07438858126886], [-117.56249999999999, 45.092190398140055], [-117.56863397914057, 45.0966597123], [-117.6328125, 45.12886546653324], [-117.67497447171264, 45.1669584794], [-117.6328125, 45.227447137159935], [-117.61478620491181, 45.2372572465], [-117.5625, 45.286708382372225], [-117.54133276201755, 45.3075560136], [-117.4921875, 45.33388343565181]]}}, {"type": "Feature", "properties": {"level_in": 0.5}, "geometry": {"type": "LineString", "coordinates": [[-115.94531250000001, 45.30896396572161], [-115.875, 45.313060403030256], [-115.84660669736287, 45.3075560136], [-115.8046875, 45.244634211044456], [-115.79796534785234, 45.23725724650001], [-115.79993585225704, 45.1669584794], [-115.8046875, 45.16264998949598], [-115.83149612049718, 45.0966597123], [-115.82337373596937, 45.0263609453], [-115.875, 44.96619641135535], [-115.9453125, 44.95801880879387], [-116.015625, 44.974930217772965], [-116.0859375, 44.99316957401311], [-116.15625, 45.0224734800689], [-116.16159953993466, 45.02636094529999], [-116.15625, 45.046988553436876], [-116.13928018763487, 45.09665971230001], [-116.15625, 45.14370540466168], [-116.16799626938166, 45.16695847940001], [-116.2265625, 45.21680917695549], [-116.28594274536647, 45.1669584794], [-116.296875, 45.159139812914006], [-116.3671875, 45.09866700973482], [-116.3685604561812, 45.0966597123], [-116.4375, 45.067292962895706], [-116.5078125, 45.06431517387868], [-116.5586301558468, 45.0966597123], [-116.578125, 45.13300992075084], [-116.5916173080395, 45.16695847940001], [-116.62828903131748, 45.2372572465], [-116.578125, 45.26672374885308], [-116.5078125, 45.269333689717776], [-116.4375, 45.261139861278245], [-116.3671875, 45.25463532637005], [-116.296875, 45.2464401610648], [-116.22656250000001, 45.24411963656781], [-116.15625, 45.249917787179506], [-116.0859375, 45.26735442423927], [-116.015625, 45.30202370785007], [-115.96892897785285, 45.3075560136], [-115.94531250000001, 45.30896396572161]]}}, {"type": "Feature", "properties": {"level_in": 0.5}, "geometry": {"type": "LineString", "coordinates": [[-114.8203125, 45.173173900578625], [-114.75, 45.16798569394685], [-114.74428163006603, 45.1669584794], [-114.75000000000001, 45.16544801004539], [-114.8203125, 45.161400689466774], [-114.82919523937092, 45.1669584794], [-114.8203125, 45.173173900578625]]}}, {"type": "Feature", "properties": {"level_in": 0.5}, "geometry": {"type": "LineString", "coordinates": [[-114.6796875, 45.15269045055885], [-114.609375, 45.14914888652183], [-114.5390625, 45.13031729168957], [-114.46895944177723, 45.0966597123], [-114.46875, 45.09644616989407], [-114.3984375, 45.03481224793991], [-114.38780822458347, 45.0263609453], [-114.3984375, 44.987345964007815], [-114.46875, 44.983698087899974], [-114.5390625, 44.996631474823076], [-114.609375, 45.00542546432092], [-114.63128418464481, 45.0263609453], [-114.67968749999999, 45.07061299136366], [-114.71438157205174, 45.096659712299996], [-114.6796875, 45.15269045055885]]}}, {"type": "Feature", "properties": {"level_in": 0.5}, "geometry": {"type": "LineString", "coordinates": [[-123.67968749999999, 45.04014155180967], [-123.64903765316268, 45.0263609453], [-123.609375, 45.012429608994296], [-123.53906250000001, 44.964653015913655], [-123.52997418501829, 44.9560621782], [-123.49570986255452, 44.8857634111], [-123.5390625, 44.82661962427828], [-123.56051099709867, 44.815464644], [-123.609375, 44.797116512995885], [-123.6796875, 44.79379531589231], [-123.72979163618899, 44.815464644], [-123.75, 44.82361591934936], [-123.8203125, 44.87384811046833], [-123.83321813298772, 44.88576341110001], [-123.8411707144474, 44.9560621782], [-123.8203125, 44.981180970024994], [-123.75, 45.01742385256798], [-123.71983426514902, 45.0263609453], [-123.67968749999999, 45.04014155180967]]}}, {"type": "Feature", "properties": {"level_in": 0.5}, "geometry": {"type": "LineString", "coordinates": [[-122.484375, 45.03222908991509], [-122.4140625, 45.06461752961473], [-122.34375, 45.08160543499615], [-122.2734375, 45.086360387919484], [-122.203125, 45.08136972441507], [-122.13281250000001, 45.0385342629214], [-122.1192640586577, 45.0263609453], [-122.0625, 44.97435012016655], [-122.03476368164249, 44.9560621782], [-121.9921875, 44.91044932688094], [-121.9719806206694, 44.8857634111], [-121.921875, 44.863352816130515], [-121.8515625, 44.855773028922094], [-121.78125, 44.822946731555746], [-121.77636711603262, 44.815464644], [-121.7280361692096, 44.7451658768], [-121.71737455548957, 44.6748671097], [-121.78125, 44.61141255895184], [-121.78970251155154, 44.6045683426], [-121.85151962191166, 44.5342695755], [-121.84746977276554, 44.4639708083], [-121.85156249999999, 44.452025985586], [-121.88375100204522, 44.3936720412], [-121.921875, 44.331751491426864], [-121.93146822796042, 44.323373274], [-121.9921875, 44.3022118553518], [-122.0625, 44.29710327666311], [-122.1328125, 44.31013165047081], [-122.195416068763, 44.323373274], [-122.203125, 44.34563176030278], [-122.220707867574, 44.3936720412], [-122.203125, 44.406097195053654], [-122.1328125, 44.46320365319874], [-122.13227042025343, 44.4639708083], [-122.0625, 44.50345646272011], [-121.99392653410345, 44.5342695755], [-121.9921875, 44.535239724466244], [-121.921875, 44.58591345223216], [-121.9111963793201, 44.6045683426], [-121.921875, 44.61534180171681], [-121.9921875, 44.644532146369755], [-122.0625, 44.657012016143575], [-122.09685957191152, 44.6748671097], [-122.0625, 44.71665382015553], [-122.00689596018452, 44.7451658768], [-122.0625, 44.76193108682336], [-122.1328125, 44.76045986431021], [-122.19102934570313, 44.74516587680001], [-122.203125, 44.740835478305634], [-122.2734375, 44.68889114806176], [-122.28844394272463, 44.6748671097], [-122.2734375, 44.66216253672995], [-122.23763259831355, 44.6045683426], [-122.2734375, 44.55349553512346], [-122.29058281884022, 44.5342695755], [-122.34375, 44.495282399435084], [-122.3744222234917, 44.4639708083], [-122.4140625, 44.44766471073384], [-122.44219292384255, 44.4639708083], [-122.484375, 44.48568709890116], [-122.5546875, 44.52984165628125], [-122.56402690901037, 44.5342695755], [-122.61120096516838, 44.6045683426], [-122.5546875, 44.67417442493894], [-122.55131783235099, 44.6748671097], [-122.484375, 44.70650583066555], [-122.43305439432427, 44.74516587680001], [-122.47276001775252, 44.815464644], [-122.484375, 44.824056545127654], [-122.5546875, 44.87608320955367], [-122.56763614034195, 44.8857634111], [-122.56937321585653, 44.9560621782], [-122.5546875, 44.97164667231803], [-122.493154481481, 45.0263609453], [-122.484375, 45.03222908991509]]}}, {"type": "Feature", "properties": {"level_in": 0.5}, "geometry": {"type": "LineString", "coordinates": [[-115.453125, 45.04325058655476], [-115.3828125, 45.058182673502486], [-115.32660137573308, 45.0263609453], [-115.3125, 45.02373190935324], [-115.2421875, 45.01945209884204], [-115.171875, 45.00815427089495], [-115.12093487383916, 44.9560621782], [-115.171875, 44.91284381686934], [-115.2421875, 44.88972195785009], [-115.2495400663836, 44.8857634111], [-115.24644734327293, 44.815464644], [-115.24656687557467, 44.7451658768], [-115.2421875, 44.74135831322774], [-115.1743001117325, 44.6748671097], [-115.171875, 44.67346392460888], [-115.1015625, 44.63884686999435], [-115.03125, 44.62355484285831], [-114.9609375, 44.61608165561256], [-114.890625, 44.61894442272354], [-114.82667842777384, 44.6045683426], [-114.8203125, 44.603269090221644], [-114.75834492787726, 44.5342695755], [-114.75, 44.52339468884369], [-114.6796875, 44.481049889787485], [-114.60937499999999, 44.46952870345966], [-114.58196051407475, 44.4639708083], [-114.5390625, 44.444319303467616], [-114.5100143564914, 44.393672041200006], [-114.5390625, 44.37593469544255], [-114.609375, 44.39206790546476], [-114.6193061408338, 44.39367204119999], [-114.6796875, 44.42385682417035], [-114.6901909388469, 44.393672041200006], [-114.75, 44.36272428013736], [-114.8203125, 44.342481623933196], [-114.890625, 44.32448904812497], [-114.89511677378826, 44.323373274], [-114.9609375, 44.25778329420931], [-114.9661002305081, 44.2530745069], [-114.9609375, 44.24975582768876], [-114.890625, 44.210972365734854], [-114.83581584751279, 44.182775739700006], [-114.8203125, 44.175564014819436], [-114.75, 44.15553187815039], [-114.6796875, 44.12506326779638], [-114.66172163401421, 44.1124769726], [-114.609375, 44.07327394076589], [-114.53906250000001, 44.046653230971685], [-114.52159157768955, 44.0421782054], [-114.46875, 43.9921801280926], [-114.44300369113745, 43.9718794382], [-114.3984375, 43.93411886728035], [-114.328125, 43.911754161996505], [-114.2578125, 43.904124346340346], [-114.18749999999999, 43.901733804776214], [-114.18633397612342, 43.901580671], [-114.1171875, 43.89563857764687], [-114.046875, 43.87884845666187], [-113.9765625, 43.85147586023534], [-113.9341734854377, 43.8312819038], [-113.90625, 43.818837500749595], [-113.8519661198423, 43.760983136600004], [-113.90286028369222, 43.6906843694], [-113.90625, 43.68794858312549], [-113.9765625, 43.67814504281246], [-114.046875, 43.67885396029908], [-114.10360810840163, 43.6906843694], [-114.1171875, 43.69495233164836], [-114.1875, 43.73832314275856], [-114.21387001251176, 43.760983136600004], [-114.2578125, 43.81593966137366], [-114.31070321293453, 43.8312819038], [-114.328125, 43.862532501745136], [-114.3984375, 43.87301290686834], [-114.46875, 43.879674120283724], [-114.52958487414381, 43.901580671], [-114.5390625, 43.90450954534685], [-114.609375, 43.91486159757296], [-114.6796875, 43.928098743093194], [-114.75000000000001, 43.94722723739601], [-114.8203125, 43.970320450544136], [-114.83848648771074, 43.901580671], [-114.8203125, 43.87984625884131], [-114.75164674950331, 43.8312819038], [-114.75, 43.824085588736324], [-114.73134966533573, 43.7609831366], [-114.75, 43.753298894181924], [-114.8203125, 43.73876644368352], [-114.890625, 43.73350049681916], [-114.9609375, 43.7441193755111], [-115.01164406708517, 43.7609831366], [-115.03125, 43.767717087982454], [-115.10156250000001, 43.80326372873181], [-115.171875, 43.824317455609105], [-115.18459200132267, 43.8312819038], [-115.2421875, 43.891734196266995], [-115.24943779579002, 43.901580671], [-115.27837354115985, 43.9718794382], [-115.27458809450498, 44.0421782054], [-115.28863749858947, 44.1124769726], [-115.3125, 44.16003112971909], [-115.34971918700599, 44.1827757397], [-115.3828125, 44.19170057679872], [-115.453125, 44.225031942863815], [-115.5234375, 44.250083359307204], [-115.53086715192335, 44.2530745069], [-115.59375, 44.280655112475756], [-115.64822739612238, 44.32337327399999], [-115.6640625, 44.34246626648814], [-115.68844879859029, 44.3936720412], [-115.69775975941013, 44.4639708083], [-115.70253505877004, 44.5342695755], [-115.734375, 44.56978544134236], [-115.7521530765922, 44.60456834259999], [-115.734375, 44.64838099627171], [-115.71614263382318, 44.6748671097], [-115.6640625, 44.7386179225712], [-115.59375, 44.71365202691597], [-115.52954250604597, 44.7451658768], [-115.5234375, 44.76316163259894], [-115.51797382930232, 44.815464644], [-115.45479445740845, 44.8857634111], [-115.46951580150424, 44.9560621782], [-115.45890160693075, 45.0263609453], [-115.453125, 45.04325058655476]]}}, {"type": "Feature", "properties": {"level_in": 0.5}, "geometry": {"type": "LineString", "coordinates": [[-118.1953125, 44.960596185881435], [-118.18771735329163, 44.9560621782], [-118.125, 44.89676162873496], [-118.11809750856479, 44.8857634111], [-118.125, 44.87867216438327], [-118.1953125, 44.87753660101633], [-118.22938406460469, 44.8857634111], [-118.20411756654964, 44.9560621782], [-118.1953125, 44.960596185881435]]}}, {"type": "Feature", "properties": {"level_in": 0.5}, "geometry": {"type": "LineString", "coordinates": [[-112.1484375, 44.81656217871961], [-112.078125, 44.83675547526004], [-112.00781250000001, 44.835958754626645], [-111.9375, 44.83742411948366], [-111.86718749999999, 44.84096339604167], [-111.81515607855584, 44.815464644], [-111.8671875, 44.80412667656441], [-111.9375, 44.80240386112396], [-112.00781249999999, 44.80053149785056], [-112.078125, 44.79571334747469], [-112.14843749999999, 44.81451037137903], [-112.14958794127203, 44.815464643999995], [-112.1484375, 44.81656217871961]]}}, {"type": "Feature", "properties": {"level_in": 0.5}, "geometry": {"type": "LineString", "coordinates": [[-114.328125, 44.7593799973295], [-114.31657203552197, 44.7451658768], [-114.328125, 44.73956895487411], [-114.38559069408784, 44.7451658768], [-114.328125, 44.7593799973295]]}}, {"type": "Feature", "properties": {"level_in": 0.5}, "geometry": {"type": "LineString", "coordinates": [[-114.8203125, 44.68953406467613], [-114.79099800387131, 44.6748671097], [-114.8203125, 44.60753769661721], [-114.84613138315342, 44.6748671097], [-114.8203125, 44.68953406467613]]}}, {"type": "Feature", "properties": {"level_in": 0.5}, "geometry": {"type": "LineString", "coordinates": [[-113.484375, 44.484324435499545], [-113.4140625, 44.46877156472355], [-113.40287062719966, 44.4639708083], [-113.36528917714632, 44.3936720412], [-113.4140625, 44.371062165469546], [-113.48437499999999, 44.39192316964135], [-113.48734994893881, 44.3936720412], [-113.52251992052079, 44.4639708083], [-113.484375, 44.484324435499545]]}}, {"type": "Feature", "properties": {"level_in": 0.5}, "geometry": {"type": "LineString", "coordinates": [[-71.15625, 44.402438237373644], [-71.0859375, 44.39527170453427], [-71.0831585948799, 44.39367204119999], [-71.015625, 44.35839837580912], [-70.97466871352445, 44.323373274], [-70.9957190141026, 44.2530745069], [-71.015625, 44.22491744106624], [-71.07054432348491, 44.18277573969999], [-71.0859375, 44.17170561986593], [-71.15304749187361, 44.1124769726], [-71.15625, 44.108053562869465], [-71.19371480924484, 44.0421782054], [-71.2265625, 44.01540805572661], [-71.296875, 43.981972236935505], [-71.3671875, 44.00176506640554], [-71.43386647750349, 44.0421782054], [-71.42606330334013, 44.1124769726], [-71.3671875, 44.16908939556102], [-71.33741787214949, 44.1827757397], [-71.296875, 44.220662993255615], [-71.27474689483321, 44.2530745069], [-71.2460727789095, 44.323373274], [-71.2265625, 44.35946209283554], [-71.18613165499475, 44.3936720412], [-71.15625, 44.402438237373644]]}}, {"type": "Feature", "properties": {"level_in": 0.5}, "geometry": {"type": "LineString", "coordinates": [[-121.8515625, 44.28139404979812], [-121.78131409313153, 44.2530745069], [-121.78125, 44.25306403197484], [-121.7109375, 44.214992341076226], [-121.68263264359229, 44.1827757397], [-121.640625, 44.12844471796974], [-121.62989593563381, 44.1124769726], [-121.60735428645371, 44.0421782054], [-121.640625, 43.989323348443016], [-121.66064673520245, 43.9718794382], [-121.7109375, 43.94042679481393], [-121.78125, 43.914015530192145], [-121.8515625, 43.93580637901239], [-121.88753470013239, 43.9718794382], [-121.921875, 44.000824396336455], [-121.97518177593088, 44.042178205400006], [-121.9921875, 44.05683503845863], [-122.0625, 44.08906049146151], [-122.08505410317551, 44.1124769726], [-122.0625, 44.13454902952235], [-121.9921875, 44.17863574082355], [-121.98734984355673, 44.1827757397], [-121.921875, 44.25000350535472], [-121.9114346885223, 44.2530745069], [-121.8515625, 44.28139404979812]]}}, {"type": "Feature", "properties": {"level_in": 0.5}, "geometry": {"type": "LineString", "coordinates": [[-114.890625, 44.055753950518096], [-114.91658842294596, 44.0421782054], [-114.890625, 44.01597082113405], [-114.86215984597305, 44.0421782054], [-114.890625, 44.055753950518096]]}}, {"type": "Feature", "properties": {"level_in": 0.5}, "geometry": {"type": "LineString", "coordinates": [[-122.34375, 43.93945636165339], [-122.2734375, 43.93783407409701], [-122.203125, 43.91669444801045], [-122.16652825120377, 43.901580671], [-122.1328125, 43.8637823771156], [-122.0704188084465, 43.8312819038], [-122.0625, 43.82847376958335], [-121.9921875, 43.79358947524743], [-121.95524070032056, 43.7609831366], [-121.93195942258762, 43.6906843694], [-121.96532588602938, 43.6203856022], [-121.9921875, 43.55499053365364], [-121.99368387583118, 43.550086835], [-121.99454746843968, 43.4797880678], [-121.9921875, 43.437574765001095], [-121.99065268433185, 43.40948930049999], [-121.96253355472668, 43.3391905333], [-121.94033236300896, 43.2688917661], [-121.9520304718041, 43.1985929988], [-121.96067571178507, 43.1282942316], [-121.94602913581949, 43.0579954643], [-121.94949760600463, 42.987696697], [-121.96561038946896, 42.9173979298], [-121.97601745053275, 42.8470991625], [-121.9921875, 42.83087379991694], [-122.03855716575163, 42.7768003952], [-122.0625, 42.751163016025934], [-122.08652551897345, 42.7065016279], [-122.1328125, 42.636498621356445], [-122.1330579928677, 42.6362028606], [-122.16776555363582, 42.5659040933], [-122.16909530397447, 42.495605326], [-122.203125, 42.45460684630306], [-122.22643328142922, 42.4253065587], [-122.24072800874859, 42.3550077914], [-122.26010733326453, 42.28470902410001], [-122.203125, 42.22622860939258], [-122.19257894525877, 42.21441025680001], [-122.20312499999999, 42.211172940677], [-122.2734375, 42.19755816036636], [-122.34374999999999, 42.1897741821746], [-122.4140625, 42.1936904501874], [-122.484375, 42.209823605928136], [-122.5546875, 42.211649348329374], [-122.62500000000001, 42.209295196165264], [-122.62966443887808, 42.2144102568], [-122.625, 42.21778124220171], [-122.5546875, 42.21619502826394], [-122.484375, 42.22415926133517], [-122.44850313009266, 42.2847090241], [-122.4140625, 42.32462104832888], [-122.39080549456239, 42.3550077914], [-122.40497286420023, 42.4253065587], [-122.40512329537582, 42.495605326], [-122.4140625, 42.50972150488984], [-122.42194630128479, 42.5659040933], [-122.47326525934989, 42.6362028606], [-122.43334938754788, 42.7065016279], [-122.44470445119006, 42.7768003952], [-122.45083493899529, 42.8470991625], [-122.484375, 42.85608589673908], [-122.5546875, 42.87053436623414], [-122.625, 42.863446557736054], [-122.6953125, 42.87497906633257], [-122.72042571569892, 42.9173979298], [-122.70810378568827, 42.987696697], [-122.74663796188278, 43.0579954643], [-122.6953125, 43.09740904455208], [-122.625, 43.11860719082629], [-122.58679649076032, 43.12829423160001], [-122.57989162774103, 43.1985929988], [-122.5546875, 43.21594095906903], [-122.484375, 43.256609421148426], [-122.47221579472927, 43.2688917661], [-122.43987058721052, 43.3391905333], [-122.4140625, 43.40435974351052], [-122.4125825297128, 43.4094893005], [-122.36148341766514, 43.4797880678], [-122.34375, 43.490548130582575], [-122.28265079094606, 43.550086835], [-122.2734375, 43.55871862847133], [-122.203125, 43.61230071468351], [-122.19300754573595, 43.6203856022], [-122.203125, 43.64224720656679], [-122.22497074166904, 43.6906843694], [-122.27343750000001, 43.737525773701435], [-122.28866569847422, 43.7609831366], [-122.34375, 43.830020734484016], [-122.34450436408201, 43.8312819038], [-122.38254872207301, 43.901580671], [-122.34375, 43.93945636165339]]}}, {"type": "Feature", "properties": {"level_in": 0.5}, "geometry": {"type": "LineString", "coordinates": [[-121.21875, 43.70140793486621], [-121.21172755225757, 43.6906843694], [-121.21875, 43.678901337291904], [-121.23440109108911, 43.6906843694], [-121.21875, 43.70140793486621]]}}, {"type": "Feature", "properties": {"level_in": 0.5}, "geometry": {"type": "LineString", "coordinates": [[-71.6484375, 43.64143492063843], [-71.578125, 43.66121974672864], [-71.5078125, 43.662612610044285], [-71.4375, 43.659049821701515], [-71.3671875, 43.636508581576955], [-71.33536476961963, 43.6203856022], [-71.3671875, 43.60934500840706], [-71.4375, 43.594424770104425], [-71.5078125, 43.59628487242322], [-71.578125, 43.59969949895468], [-71.6484375, 43.61104320298196], [-71.68680111983804, 43.6203856022], [-71.6484375, 43.64143492063843]]}}, {"type": "Feature", "properties": {"level_in": 0.5}, "geometry": {"type": "LineString", "coordinates": [[-122.9765625, 43.552481239727356], [-122.9692486016741, 43.550086835], [-122.90625, 43.48670792032567], [-122.903231548896, 43.4797880678], [-122.90625, 43.47693632714949], [-122.9765625, 43.44355653845048], [-123.03003022585781, 43.4797880678], [-122.99509322053694, 43.550086835], [-122.9765625, 43.552481239727356]]}}, {"type": "Feature", "properties": {"level_in": 0.5}, "geometry": {"type": "LineString", "coordinates": [[-72.7734375, 43.38255242172517], [-72.703125, 43.35984965106674], [-72.69391780226691, 43.3391905333], [-72.703125, 43.32171283828578], [-72.73621717967244, 43.2688917661], [-72.7734375, 43.21213663117657], [-72.81187816236343, 43.2688917661], [-72.81187653817983, 43.3391905333], [-72.7734375, 43.38255242172517]]}}, {"type": "Feature", "properties": {"level_in": 0.5}, "geometry": {"type": "LineString", "coordinates": [[-122.90625, 43.23101713169363], [-122.83593749999999, 43.20019956256076], [-122.8332523111673, 43.1985929988], [-122.76585701163076, 43.1282942316], [-122.8359375, 43.08891435881825], [-122.90625, 43.090389865365], [-122.9765625, 43.10429050886285], [-123.02189693857315, 43.1282942316], [-122.9765625, 43.16977088084254], [-122.95582228949127, 43.1985929988], [-122.90625, 43.23101713169363]]}}, {"type": "Feature", "properties": {"level_in": 0.5}, "geometry": {"type": "LineString", "coordinates": [[-122.4140625, 43.20434194751705], [-122.41987855699422, 43.1985929988], [-122.4140625, 43.197234997268495], [-122.39390460633872, 43.1985929988], [-122.4140625, 43.20434194751705]]}}, {"type": "Feature", "properties": {"level_in": 0.5}, "geometry": {"type": "LineString", "coordinates": [[-72.84375, 43.15643243551438], [-72.7734375, 43.15818773835291], [-72.75687789680815, 43.1282942316], [-72.7158685703166, 43.0579954643], [-72.703125, 43.02405533223427], [-72.69513067338261, 42.987696697], [-72.703125, 42.95533201522581], [-72.71403626997886, 42.9173979298], [-72.76781626553283, 42.8470991625], [-72.7734375, 42.84350400807848], [-72.77680011106246, 42.84709916250001], [-72.84375, 42.90560294637389], [-72.85325670249034, 42.9173979298], [-72.9140625, 42.97905255771841], [-72.91797047254798, 42.987696697], [-72.9188577176646, 43.0579954643], [-72.9140625, 43.06704026516412], [-72.86359872342047, 43.1282942316], [-72.84375, 43.15643243551438]]}}, {"type": "Feature", "properties": {"level_in": 0.5}, "geometry": {"type": "LineString", "coordinates": [[-120.9375, 42.671572516576774], [-120.8671875, 42.665173994651695], [-120.796875, 42.650961030838836], [-120.77786170719025, 42.6362028606], [-120.77835277837553, 42.5659040933], [-120.796875, 42.53133601977046], [-120.83014276389665, 42.495605326], [-120.8671875, 42.47923401372716], [-120.93749999999999, 42.47539333949709], [-121.0078125, 42.49344772447048], [-121.01133249190727, 42.495605326], [-121.01812529151043, 42.5659040933], [-121.0078125, 42.59852574648602], [-120.9891547239915, 42.6362028606], [-120.9375, 42.671572516576774]]}}, {"type": "Feature", "properties": {"level_in": 0.5}, "geometry": {"type": "LineString", "coordinates": [[-88.5234375, 42.67800489248789], [-88.453125, 42.66280383213348], [-88.3828125, 42.653822889695775], [-88.360866432599, 42.6362028606], [-88.37463012247476, 42.56590409329999], [-88.3828125, 42.56304952592589], [-88.453125, 42.55543733155887], [-88.5234375, 42.55907679298145], [-88.5359964676643, 42.5659040933], [-88.5482138755849, 42.6362028606], [-88.5234375, 42.67800489248789]]}}, {"type": "Feature", "properties": {"level_in": 0.5}, "geometry": {"type": "LineString", "coordinates": [[-120.796875, 42.443432195186574], [-120.78704959855659, 42.4253065587], [-120.796875, 42.42192390662491], [-120.80295843202418, 42.4253065587], [-120.796875, 42.443432195186574]]}}, {"type": "Feature", "properties": {"level_in": 0.5}, "geometry": {"type": "LineString", "coordinates": [[-124.17187499999999, 42.361823762162125], [-124.15736037613053, 42.3550077914], [-124.171875, 42.330240174536165], [-124.18305018397251, 42.3550077914], [-124.17187499999999, 42.361823762162125]]}}, {"type": "Feature", "properties": {"level_in": 0.5}, "geometry": {"type": "LineString", "coordinates": [[-123.89062500000001, 42.22138871913531], [-123.8203125, 42.222634674843896], [-123.8124596296773, 42.2144102568], [-123.8203125, 42.19268885747519], [-123.83425336629186, 42.1441114894], [-123.8203125, 42.1024594686752], [-123.81145013550343, 42.0738127221], [-123.8203125, 42.05096110445109], [-123.85518505572674, 42.0035139548], [-123.89062499999999, 41.98883717135744], [-123.9609375, 41.988314197951425], [-123.98749203264703, 42.0035139548], [-124.00172324437551, 42.0738127221], [-123.97085536357918, 42.1441114894], [-123.9609375, 42.183355475411005], [-123.91619285697865, 42.2144102568], [-123.89062500000001, 42.22138871913531]]}}, {"type": "Feature", "properties": {"level_in": 0.5}, "geometry": {"type": "LineString", "coordinates": [[-120.375, 42.18639284150947], [-120.3046875, 42.19354546344774], [-120.234375, 42.177384978998646], [-120.18287084090349, 42.1441114894], [-120.1640625, 42.10385822433523], [-120.15239939799902, 42.07381272210001], [-120.11850833386364, 42.0035139548], [-120.15058752292413, 41.933215187399995], [-120.1640625, 41.92636749582364], [-120.234375, 41.90255380384126], [-120.30468750000001, 41.90623219985582], [-120.33555799745199, 41.8629164201], [-120.37500000000001, 41.85359971018285], [-120.4453125, 41.84740176980554], [-120.479120352462, 41.8629164201], [-120.515625, 41.897992200276846], [-120.5640288416229, 41.9332151874], [-120.51562499999999, 41.9549758109666], [-120.48857605458089, 42.0035139548], [-120.4453125, 42.04567559343031], [-120.375, 42.0601735788471], [-120.3046875, 42.0585803311419], [-120.234375, 42.06577854928269], [-120.21271344557232, 42.0738127221], [-120.234375, 42.08142100261724], [-120.3046875, 42.089962154252156], [-120.375, 42.1002428813135], [-120.4188670734894, 42.1441114894], [-120.375, 42.18639284150947]]}}, {"type": "Feature", "properties": {"level_in": 0.5}, "geometry": {"type": "LineString", "coordinates": [[-123.46875, 42.081381303586], [-123.3984375, 42.11028257382226], [-123.328125, 42.10485855217256], [-123.27724005309437, 42.0738127221], [-123.2578125, 42.05931141979377], [-123.1875, 42.02918847474005], [-123.1171875, 42.025439841774656], [-123.046875, 42.024159033124185], [-122.98475637196816, 42.0738127221], [-122.9765625, 42.076572685787276], [-122.90625, 42.08970420532927], [-122.8359375, 42.08798455316021], [-122.77514197352872, 42.0738127221], [-122.8359375, 42.01821654307537], [-122.86175588735856, 42.0035139548], [-122.90625, 41.99113785921629], [-122.9765625, 41.980615634120696], [-123.046875, 41.95299121046312], [-123.09995098183505, 41.93321518740001], [-123.1171875, 41.93125538870564], [-123.13565520501423, 41.9332151874], [-123.1875, 41.94100987583858], [-123.22370085333048, 41.9332151874], [-123.25781250000001, 41.929799577521386], [-123.328125, 41.90977889925315], [-123.3984375, 41.89144448982829], [-123.45249477339357, 41.8629164201], [-123.46875, 41.85506914564334], [-123.5390625, 41.79930271956386], [-123.54449073082421, 41.7926176527], [-123.5603217048258, 41.7223188853], [-123.59116306591326, 41.652020118], [-123.59311768367574, 41.58172135059999], [-123.609375, 41.55304360848738], [-123.62741517348445, 41.5114225832], [-123.61776472751055, 41.4411238158], [-123.64047468297278, 41.3708250484], [-123.6796875, 41.3215519444216], [-123.75, 41.301168704076495], [-123.8203125, 41.31479254735625], [-123.8481251570665, 41.37082504840001], [-123.8203125, 41.43577109628033], [-123.81547780559875, 41.4411238158], [-123.8203125, 41.45420416246679], [-123.83262430029376, 41.5114225832], [-123.83627510471315, 41.5817213506], [-123.86880892893356, 41.652020118], [-123.890625, 41.7157615419936], [-123.89329076353988, 41.72231888529999], [-123.89062500000001, 41.724794201873735], [-123.83891196144127, 41.7926176527], [-123.8203125, 41.8624659542045], [-123.82007606784585, 41.8629164201], [-123.75776086240745, 41.9332151874], [-123.74999999999999, 41.94007816575977], [-123.67968750000001, 41.94198959773629], [-123.609375, 41.95208815565998], [-123.5390625, 41.988900483428814], [-123.5262064711132, 42.0035139548], [-123.47638203261118, 42.0738127221], [-123.46875, 42.081381303586]]}}, {"type": "Feature", "properties": {"level_in": 0.5}, "geometry": {"type": "LineString", "coordinates": [[-120.9375, 41.938869789210955], [-120.8671875, 41.948545876088886], [-120.796875, 41.96866807516609], [-120.7265625, 41.978848108831066], [-120.65625, 41.9499938912553], [-120.63563443726527, 41.9332151874], [-120.65625, 41.90756344398061], [-120.67736076592797, 41.8629164201], [-120.72656249999999, 41.84167437008768], [-120.796875, 41.82953495554246], [-120.86718750000001, 41.83082921575472], [-120.9375, 41.83360354902513], [-120.99404300957632, 41.8629164201], [-120.97597211917738, 41.9332151874], [-120.9375, 41.938869789210955]]}}, {"type": "Feature", "properties": {"level_in": 0.5}, "geometry": {"type": "LineString", "coordinates": [[-122.203125, 41.83655836867885], [-122.18392284766028, 41.7926176527], [-122.203125, 41.76723721476965], [-122.22067656805888, 41.7926176527], [-122.203125, 41.83655836867885]]}}, {"type": "Feature", "properties": {"level_in": 0.5}, "geometry": {"type": "LineString", "coordinates": [[-121.28906249999999, 41.79974668509605], [-121.22423581435056, 41.7926176527], [-121.2890625, 41.779202037763184], [-121.30698233645502, 41.7926176527], [-121.28906249999999, 41.79974668509605]]}}, {"type": "Feature", "properties": {"level_in": 0.5}, "geometry": {"type": "LineString", "coordinates": [[-121.640625, 41.723375486325146], [-121.63617877621576, 41.7223188853], [-121.5703125, 41.67664952188852], [-121.53600055829085, 41.652020118], [-121.5, 41.615936670755374], [-121.47448750905963, 41.58172135059999], [-121.48324459160261, 41.5114225832], [-121.5, 41.487232835432735], [-121.54134720406185, 41.4411238158], [-121.5703125, 41.42670344954156], [-121.640625, 41.41710143421142], [-121.71093749999999, 41.41537482173702], [-121.78125, 41.411813312599165], [-121.8515625, 41.39650798218931], [-121.89491709617667, 41.3708250484], [-121.921875, 41.353151064067184], [-121.9921875, 41.322556441470866], [-122.0625, 41.30188748820294], [-122.06684391011052, 41.3005262811], [-122.1328125, 41.27177758932079], [-122.203125, 41.263838623342394], [-122.2734375, 41.25159820215504], [-122.33562645381988, 41.2302275137], [-122.34375, 41.224358626249824], [-122.4140625, 41.1941021813075], [-122.47905490980956, 41.1599287463], [-122.484375, 41.15852880482595], [-122.5546875, 41.154027840426075], [-122.57772368072348, 41.1599287463], [-122.5777892178067, 41.2302275137], [-122.5546875, 41.25045878132412], [-122.52939073005936, 41.3005262811], [-122.484375, 41.34818646273334], [-122.45545559455718, 41.3708250484], [-122.41406250000001, 41.391227391712405], [-122.34375, 41.4268225444348], [-122.31895516926676, 41.4411238158], [-122.27661395790675, 41.5114225832], [-122.2734375, 41.51325088460336], [-122.203125, 41.55371091291018], [-122.15231840885312, 41.5817213506], [-122.14129266382201, 41.652020118], [-122.1328125, 41.67230630759849], [-122.11976455345942, 41.652020118], [-122.0625, 41.62878150106906], [-121.9921875, 41.599785248812], [-121.92187500000001, 41.596385313884554], [-121.8515625, 41.619743416335716], [-121.80121084786917, 41.652020118], [-121.78125, 41.66391772385648], [-121.7109375, 41.6936926145188], [-121.64409777288222, 41.7223188853], [-121.640625, 41.723375486325146]]}}, {"type": "Feature", "properties": {"level_in": 0.5}, "geometry": {"type": "LineString", "coordinates": [[-123.328125, 41.666104714821614], [-123.2578125, 41.692537402636965], [-123.1875, 41.702036269020134], [-123.11718750000001, 41.682074041815795], [-123.07855367250947, 41.652020118], [-123.046875, 41.603513789282076], [-123.03532457923072, 41.5817213506], [-123.02581834985057, 41.5114225832], [-123.00450061416512, 41.4411238158], [-122.9765625, 41.40250595547988], [-122.95128241365074, 41.3708250484], [-122.90625, 41.32749145930987], [-122.87880954724909, 41.3005262811], [-122.85465172465783, 41.2302275137], [-122.90625, 41.1874894387539], [-122.9765625, 41.20861966969076], [-123.0277951606437, 41.2302275137], [-123.01197480194388, 41.3005262811], [-123.046875, 41.32787320437644], [-123.08425578696236, 41.3005262811], [-123.05812868951512, 41.2302275137], [-123.11718749999999, 41.225729960219304], [-123.1297836862928, 41.2302275137], [-123.1875, 41.254924445264464], [-123.25609420964622, 41.3005262811], [-123.2578125, 41.30245422621779], [-123.29934103685684, 41.3708250484], [-123.328125, 41.41727110523633], [-123.37058075884715, 41.4411238158], [-123.3984375, 41.48539383587877], [-123.40487597561969, 41.5114225832], [-123.44118210258505, 41.5817213506], [-123.3984375, 41.615239162944064], [-123.3474195105265, 41.652020118], [-123.328125, 41.666104714821614]]}}, {"type": "Feature", "properties": {"level_in": 0.5}, "geometry": {"type": "LineString", "coordinates": [[-120.7265625, 41.24732373456438], [-120.71248377243114, 41.2302275137], [-120.7265625, 41.19020504966305], [-120.7833374836581, 41.2302275137], [-120.7265625, 41.24732373456438]]}}, {"type": "Feature", "properties": {"level_in": 0.5}, "geometry": {"type": "LineString", "coordinates": [[-123.46875, 41.187914240303314], [-123.3984375, 41.202200373829605], [-123.328125, 41.192561627522025], [-123.29098075971925, 41.1599287463], [-123.25781249999999, 41.098202489909426], [-123.25093836839328, 41.0896299788], [-123.25781249999999, 41.06509939690704], [-123.328125, 41.02806329021877], [-123.3984375, 41.02466154071996], [-123.46875, 41.04122748859896], [-123.4949349834977, 41.089629978800005], [-123.50319136456045, 41.1599287463], [-123.46875, 41.187914240303314]]}}, {"type": "Feature", "properties": {"level_in": 0.5}, "geometry": {"type": "LineString", "coordinates": [[-123.046875, 41.105539248438404], [-122.9765625, 41.13008796575848], [-122.92217978167145, 41.0896299788], [-122.9597404464746, 41.0193312114], [-122.95643131692363, 40.949032444], [-122.9765625, 40.94327999730791], [-123.046875, 40.94306269412192], [-123.0706720166698, 40.949032444], [-123.1171875, 40.96925725492456], [-123.1875, 41.00803470523344], [-123.21354347451776, 41.0193312114], [-123.1875, 41.02680364957859], [-123.1171875, 41.04848248252837], [-123.06770168305304, 41.089629978800005], [-123.046875, 41.105539248438404]]}}, {"type": "Feature", "properties": {"level_in": 0.5}, "geometry": {"type": "LineString", "coordinates": [[-122.765625, 41.05011542023466], [-122.6953125, 41.02064797065352], [-122.69457420086681, 41.0193312114], [-122.6953125, 41.016922554863974], [-122.765625, 40.98492675228888], [-122.82719102606711, 41.0193312114], [-122.765625, 41.05011542023466]]}}, {"type": "Feature", "properties": {"level_in": 0.5}, "geometry": {"type": "LineString", "coordinates": [[-121.00781249999999, 41.030416234029374], [-120.9375, 41.06018713123484], [-120.8671875, 41.08912267223672], [-120.83184755789, 41.0193312114], [-120.796875, 41.009602249040526], [-120.7265625, 40.985400990590904], [-120.68841607996345, 40.949032444], [-120.72178188501604, 40.87873367659999], [-120.66122635180541, 40.8084349092], [-120.65625, 40.80412107470631], [-120.5859375, 40.76096451524886], [-120.55922787290284, 40.7381361417], [-120.5859375, 40.72607394076044], [-120.6472704130237, 40.6678373743], [-120.65625, 40.659277010866404], [-120.7265625, 40.60686086311661], [-120.74176990313178, 40.5975386068], [-120.796875, 40.568759063568585], [-120.8671875, 40.57246282849234], [-120.9375, 40.581162637793746], [-120.95779659714705, 40.5272398394], [-120.9375, 40.51376594000135], [-120.87802746933843, 40.45694107189999], [-120.8671875, 40.440239688513415], [-120.82716853231292, 40.3866423045], [-120.796875, 40.33709441419103], [-120.78122730566636, 40.316343537], [-120.78515292127805, 40.2460447695], [-120.79687499999999, 40.23319311268907], [-120.8671875, 40.20349181809595], [-120.9375, 40.19915222304592], [-121.0078125, 40.203985805749156], [-121.078125, 40.203398514634976], [-121.1484375, 40.226538763270696], [-121.17149229007, 40.2460447695], [-121.21875, 40.29585810752237], [-121.28837035547242, 40.316343537], [-121.2890625, 40.31642634583591], [-121.28925720272026, 40.316343537], [-121.31964591400323, 40.2460447695], [-121.2890625, 40.19839580139188], [-121.27686628430534, 40.1757460021], [-121.2214853604284, 40.1054472346], [-121.21875, 40.086478501789415], [-121.20923552469421, 40.0351484671], [-121.1484375, 39.96798997152191], [-121.14452421357012, 39.9648496996], [-121.078125, 39.943616498189584], [-121.0078125, 39.907214140044914], [-120.93750000000001, 39.89500486349271], [-120.9304037161335, 39.8945509321], [-120.8671875, 39.89185545075758], [-120.84874945082018, 39.8945509321], [-120.796875, 39.90755394719552], [-120.7265625, 39.928804216839126], [-120.65625, 39.96367729743148], [-120.5859375, 39.93015475693633], [-120.55596097872207, 39.8945509321], [-120.55220011897575, 39.8242521646], [-120.52554368102169, 39.75395339709999], [-120.515625, 39.74465549094417], [-120.46082936726482, 39.6836546296], [-120.4453125, 39.67321373741115], [-120.375, 39.627608040500895], [-120.3460182390046, 39.6133558621], [-120.3046875, 39.56675291229317], [-120.28400158305479, 39.5430570946], [-120.24924589362212, 39.4727583271], [-120.234375, 39.42299984079626], [-120.22429771726286, 39.4024595596], [-120.17637711864407, 39.332160792], [-120.1640625, 39.31593812893649], [-120.10292879678447, 39.2618620245], [-120.09375, 39.23713171244872], [-120.06917754486476, 39.191563257], [-120.05875401607847, 39.121264489400005], [-120.02976389589054, 39.0509657219], [-120.0234375, 39.04565169307468], [-119.97596662714994, 38.9806669543], [-119.953125, 38.92049281101933], [-119.94643628696011, 38.91036818679999], [-119.92222234157619, 38.8400694192], [-119.89805067092577, 38.7697706516], [-119.8828125, 38.7324533414093], [-119.86152340542866, 38.6994718841], [-119.8125, 38.67294096047612], [-119.7421875, 38.65604322078638], [-119.69617690229612, 38.6291731165], [-119.671875, 38.61098661853693], [-119.60156250000001, 38.56819105884733], [-119.58942576532846, 38.5588743489], [-119.53124999999999, 38.505600936496236], [-119.51012956023268, 38.4885755813], [-119.4609375, 38.43563068703349], [-119.42684220834198, 38.4182768137], [-119.39267679616454, 38.3479780462], [-119.390625, 38.34523960728329], [-119.35493901936488, 38.2776792786], [-119.32031249999999, 38.228471666186095], [-119.3012540101474, 38.207380511], [-119.27001682527623, 38.1370817434], [-119.25, 38.106507092472434], [-119.22419353906892, 38.0667829758], [-119.21621266705355, 37.9964842081], [-119.23166987746373, 37.9261854405], [-119.2083952577041, 37.8558866729], [-119.1796875, 37.81601195148653], [-119.13806287605374, 37.7855879053], [-119.109375, 37.776079490169955], [-119.0390625, 37.72983077539227], [-119.02400016853323, 37.7152891377], [-118.98800018112328, 37.64499037], [-118.96875, 37.62682223665451], [-118.92451213885856, 37.5746916024], [-118.92296685507941, 37.5043928347], [-118.8984375, 37.45111534205642], [-118.89159936374678, 37.4340940671], [-118.88482892427746, 37.3637952995], [-118.8984375, 37.351366990459766], [-118.94654951508564, 37.2934965318], [-118.91765841515911, 37.2231977641], [-118.8984375, 37.21193446181833], [-118.828125, 37.189591884632065], [-118.75781249999999, 37.17216751969805], [-118.72130036934348, 37.1528989965], [-118.6875, 37.14043889083951], [-118.6171875, 37.08849341596406], [-118.61050920617635, 37.0826002288], [-118.59533300147696, 37.0123014612], [-118.6171875, 36.98883172799575], [-118.6875, 36.94593027989697], [-118.70173829946543, 36.9420026935], [-118.69698174540639, 36.8717039258], [-118.7578125, 36.85228719167316], [-118.828125, 36.86550059263096], [-118.83976325949317, 36.8717039258], [-118.89843750000001, 36.92388403729085], [-118.91353263118322, 36.8717039258], [-118.8984375, 36.82165451879281], [-118.88684547316741, 36.8014051581], [-118.86268748502938, 36.7311063904], [-118.828125, 36.70343241837643], [-118.79569624587828, 36.66080762280001], [-118.82812500000001, 36.64259884553863], [-118.8984375, 36.62929168753642], [-118.9482720326626, 36.6608076228], [-118.96875, 36.69856173778676], [-119.0390625, 36.724533238460154], [-119.04847854627859, 36.7311063904], [-119.0390625, 36.735515324534056], [-118.99244103171114, 36.8014051581], [-119.03906249999999, 36.851058424432736], [-119.05971203430022, 36.87170392579999], [-119.109375, 36.92832438896886], [-119.12626325335916, 36.9420026935], [-119.1796875, 36.98092677226362], [-119.23375381154639, 37.0123014612], [-119.25, 37.02796311250562], [-119.31111008249897, 37.08260022879999], [-119.3203125, 37.09862116026737], [-119.38476442583894, 37.1528989965], [-119.390625, 37.15752964867689], [-119.4609375, 37.21046404087664], [-119.47333168267015, 37.2231977641], [-119.52826721537726, 37.2934965318], [-119.53125, 37.29515933022071], [-119.6015625, 37.34342362215245], [-119.63102407524406, 37.3637952995], [-119.62869716192372, 37.4340940671], [-119.671875, 37.488617237490885], [-119.68747723991564, 37.5043928347], [-119.73964389509527, 37.5746916024], [-119.7421875, 37.57659576150563], [-119.8125, 37.60990992275038], [-119.85509100022958, 37.64499037], [-119.8828125, 37.69661577899963], [-119.8925481217441, 37.7152891377], [-119.94647383973916, 37.7855879053], [-119.953125, 37.79506904667335], [-119.99462594678374, 37.8558866729], [-120.0234375, 37.916176174981246], [-120.04169710872402, 37.9261854405], [-120.09375, 37.989671547116565], [-120.09690407406137, 37.9964842081], [-120.15783768486946, 38.0667829758], [-120.1640625, 38.07397083778777], [-120.21319187002074, 38.1370817434], [-120.234375, 38.173312473525556], [-120.25609864166577, 38.207380511], [-120.30468750000001, 38.26103726631558], [-120.31754146862501, 38.2776792786], [-120.375, 38.329268934217545], [-120.38718819058899, 38.3479780462], [-120.39327264546698, 38.4182768137], [-120.41653768114766, 38.4885755813], [-120.4453125, 38.522780215420326], [-120.515625, 38.556885291802956], [-120.52037449448969, 38.55887434889999], [-120.5859375, 38.598295733934364], [-120.61223293697967, 38.6291731165], [-120.5859375, 38.67377148317823], [-120.5470009625229, 38.6994718841], [-120.54798332332368, 38.7697706516], [-120.5859375, 38.7920157216279], [-120.63014037491206, 38.8400694192], [-120.64113553147222, 38.9103681868], [-120.63745454543636, 38.9806669543], [-120.6253197446934, 39.0509657219], [-120.65625, 39.11319986655656], [-120.6661134409826, 39.1212644894], [-120.72656249999999, 39.181782014402216], [-120.73512844801121, 39.191563257], [-120.796875, 39.24828509586169], [-120.84421384033887, 39.2618620245], [-120.81790828263513, 39.332160792], [-120.8671875, 39.369017501209356], [-120.89142309444057, 39.40245955959999], [-120.92486405161091, 39.4727583271], [-120.9375, 39.49221445797544], [-121.0078125, 39.53403164216835], [-121.03129986169819, 39.5430570946], [-121.078125, 39.55319395696513], [-121.1484375, 39.56756719942722], [-121.21875, 39.57608594009005], [-121.27303119725144, 39.6133558621], [-121.27878286803237, 39.6836546296], [-121.2890625, 39.73535554004536], [-121.359375, 39.72472027280186], [-121.42968750000001, 39.725476704021744], [-121.46944466581859, 39.7539533971], [-121.4296875, 39.78850056084497], [-121.359375, 39.79893896268883], [-121.33228026788692, 39.8242521646], [-121.359375, 39.83655037265969], [-121.4296875, 39.85562840069332], [-121.5, 39.88064464590446], [-121.52540575721599, 39.8945509321], [-121.5703125, 39.91875993114186], [-121.61493599842817, 39.9648496996], [-121.63780972405422, 40.0351484671], [-121.59607138390543, 40.1054472346], [-121.57791745301324, 40.1757460021], [-121.59962627463779, 40.2460447695], [-121.640625, 40.270008244097866], [-121.7109375, 40.31481002168243], [-121.7133662153991, 40.316343537], [-121.78125, 40.337353143523764], [-121.8515625, 40.36281083346148], [-121.86783242499298, 40.3866423045], [-121.890226377993, 40.4569410719], [-121.88834027135613, 40.5272398394], [-121.921875, 40.5900924432522], [-121.92853865817116, 40.5975386068], [-121.921875, 40.60627566344132], [-121.8580682331646, 40.6678373743], [-121.87074384876664, 40.7381361417], [-121.8515625, 40.76221036348315], [-121.80334819309951, 40.8084349092], [-121.78125, 40.82204704061756], [-121.7109375, 40.85200226230098], [-121.640625, 40.84921115466484], [-121.5703125, 40.8375695246552], [-121.5, 40.823982954879284], [-121.4296875, 40.82637418521643], [-121.359375, 40.86328671098114], [-121.33097410687239, 40.8787336766], [-121.2890625, 40.90938023014314], [-121.21875, 40.933806229403174], [-121.1484375, 40.946718047103936], [-121.1351522718096, 40.949032444], [-121.078125, 40.97410644188547], [-121.02904376732724, 41.0193312114], [-121.00781249999999, 41.030416234029374]]}}, {"type": "Feature", "properties": {"level_in": 0.5}, "geometry": {"type": "LineString", "coordinates": [[-122.1328125, 40.92590508520105], [-122.0625, 40.90756819417552], [-122.00674236965727, 40.8787336766], [-122.0625, 40.85603861712535], [-122.1328125, 40.85021493339775], [-122.20044302980318, 40.8787336766], [-122.1328125, 40.92590508520105]]}}, {"type": "Feature", "properties": {"level_in": 0.5}, "geometry": {"type": "LineString", "coordinates": [[-123.46875000000001, 40.38729429323767], [-123.4671950836874, 40.3866423045], [-123.46875, 40.385959835023066], [-123.46974277394968, 40.3866423045], [-123.46875000000001, 40.38729429323767]]}}, {"type": "Feature", "properties": {"level_in": 0.5}, "geometry": {"type": "LineString", "coordinates": [[-123.1171875, 40.21311614554919], [-123.046875, 40.19250292850854], [-123.01472442904392, 40.1757460021], [-122.9765625, 40.14531604291339], [-122.93337390070329, 40.1054472346], [-122.90625, 40.090812181957354], [-122.8359375, 40.09880185696926], [-122.765625, 40.10329870063216], [-122.6953125, 40.05067867274872], [-122.68226436064992, 40.03514846710001], [-122.6953125, 39.993809564942396], [-122.765625, 39.976375416174946], [-122.80668053568752, 39.9648496996], [-122.8359375, 39.94661788378822], [-122.89549317167773, 39.8945509321], [-122.90625, 39.88956166516042], [-122.9765625, 39.87172698694087], [-123.046875, 39.88764138785902], [-123.05193664046088, 39.8945509321], [-123.11200162368594, 39.9648496996], [-123.1171875, 39.971299454316764], [-123.15849426100607, 40.0351484671], [-123.17182442850181, 40.1054472346], [-123.13780375050388, 40.1757460021], [-123.1171875, 40.21311614554919]]}}, {"type": "Feature", "properties": {"level_in": 0.5}, "geometry": {"type": "LineString", "coordinates": [[-122.90625, 39.69774757081176], [-122.88182644797675, 39.6836546296], [-122.90625, 39.66988414041036], [-122.91238150153197, 39.6836546296], [-122.90625, 39.69774757081176]]}}, {"type": "Feature", "properties": {"level_in": 0.5}, "geometry": {"type": "LineString", "coordinates": [[-118.828125, 36.54895010003502], [-118.77185696646491, 36.5202100874], [-118.828125, 36.50105316421303], [-118.85184572804648, 36.5202100874], [-118.828125, 36.54895010003502]]}}, {"type": "Feature", "properties": {"level_in": 1.0}, "geometry": {"type": "LineString", "coordinates": [[-116.15625, 50.37847514747665], [-116.13698193181564, 50.3690672223], [-116.0859375, 50.331918816381915], [-116.06117957013893, 50.298768455799994], [-116.0859375, 50.27234052342597], [-116.15394890852795, 50.2987684558], [-116.15625, 50.30397488818174], [-116.17737243997044, 50.3690672223], [-116.15625, 50.37847514747665]]}}, {"type": "Feature", "properties": {"level_in": 1.0}, "geometry": {"type": "LineString", "coordinates": [[-89.0859375, 49.47558203523705], [-89.015625, 49.48864355172384], [-88.9453125, 49.50069194866769], [-88.875, 49.50299493194941], [-88.8046875, 49.49769083685844], [-88.734375, 49.48919520415277], [-88.6640625, 49.47454524293699], [-88.59375, 49.459916279879835], [-88.57818614122866, 49.4551832573], [-88.5234375, 49.43538585635909], [-88.453125, 49.408934643509255], [-88.40431720057971, 49.3848844907], [-88.3828125, 49.369030984849516], [-88.32771342773437, 49.314585724], [-88.3125, 49.28689069474305], [-88.28285222150963, 49.2442869574], [-88.24218750000001, 49.193179361736284], [-88.22932365854797, 49.1739881908], [-88.19345420820758, 49.1036894241], [-88.1950134631746, 49.03339065749999], [-88.22424356034676, 48.9630918908], [-88.2421875, 48.92829646663604], [-88.27795236339145, 48.8927931242], [-88.3125, 48.8627715648872], [-88.3828125, 48.86152041556622], [-88.453125, 48.863178431272416], [-88.5234375, 48.85586919205376], [-88.59375, 48.8437220353855], [-88.64897064537324, 48.822494357500005], [-88.6640625, 48.811306950624086], [-88.73208537341714, 48.7521955908], [-88.734375, 48.75057867311355], [-88.8046875, 48.729834482161095], [-88.875, 48.7413457902947], [-88.92512163157625, 48.7521955908], [-88.9453125, 48.758558390199276], [-89.00149036876562, 48.8224943575], [-89.015625, 48.840318991092275], [-89.06246079081315, 48.8927931242], [-89.0859375, 48.90755839309196], [-89.15625, 48.95683729640955], [-89.16581772196838, 48.9630918908], [-89.2265625, 49.00019391779391], [-89.26816963922558, 49.0333906575], [-89.296875, 49.06724162593092], [-89.32555569335949, 49.1036894241], [-89.35430748538482, 49.1739881908], [-89.3582810272359, 49.2442869574], [-89.33518176060304, 49.314585724], [-89.296875, 49.36766555570865], [-89.2826553803441, 49.3848844907], [-89.2265625, 49.42930489412686], [-89.15625, 49.45424220479999], [-89.15338761208527, 49.4551832573], [-89.0859375, 49.47558203523705]]}}, {"type": "Feature", "properties": {"level_in": 1.0}, "geometry": {"type": "LineString", "coordinates": [[-119.3203125, 49.319348351328074], [-119.25, 49.32847186126705], [-119.1796875, 49.32690358359154], [-119.1686424681201, 49.314585724000004], [-119.1796875, 49.293660737859696], [-119.24872974423236, 49.24428695740001], [-119.20368915956331, 49.1739881908], [-119.25, 49.158669943529226], [-119.27635863885263, 49.1739881908], [-119.25120834167684, 49.2442869574], [-119.3203125, 49.30950045129089], [-119.32247421735507, 49.314585724], [-119.3203125, 49.319348351328074]]}}, {"type": "Feature", "properties": {"level_in": 1.0}, "geometry": {"type": "LineString", "coordinates": [[-120.0234375, 49.246401259240926], [-120.02043998594662, 49.2442869574], [-119.953125, 49.1843580937782], [-119.94045083507211, 49.1739881908], [-119.953125, 49.157346486896856], [-120.0234375, 49.13604066209736], [-120.09375, 49.13683451445772], [-120.16406250000001, 49.14715120083453], [-120.20502837547329, 49.1739881908], [-120.1640625, 49.2118449517374], [-120.09375, 49.24318764861596], [-120.07480048912343, 49.2442869574], [-120.0234375, 49.246401259240926]]}}, {"type": "Feature", "properties": {"level_in": 1.0}, "geometry": {"type": "LineString", "coordinates": [[-85.0078125, 49.24874671827589], [-84.93750000000001, 49.26114197308836], [-84.8671875, 49.27024546973723], [-84.796875, 49.278271103975555], [-84.7265625, 49.28504259910793], [-84.65625, 49.28971333924251], [-84.5859375, 49.29341146461836], [-84.515625, 49.29026195859809], [-84.4453125, 49.286683979368725], [-84.375, 49.27700753787002], [-84.3046875, 49.26678856599152], [-84.234375, 49.2560627056134], [-84.16482856454402, 49.2442869574], [-84.1640625, 49.244124078679384], [-84.09375, 49.23768370051675], [-84.0234375, 49.23433897037226], [-83.953125, 49.23739966543292], [-83.89517084426173, 49.2442869574], [-83.8828125, 49.245686896473984], [-83.8125, 49.24902327114477], [-83.75960051759492, 49.2442869574], [-83.7421875, 49.24276942623346], [-83.671875, 49.233551888598015], [-83.6015625, 49.20588022589891], [-83.53125, 49.17879903997395], [-83.52048678562477, 49.1739881908], [-83.4609375, 49.141104045083345], [-83.40321039816513, 49.1036894241], [-83.390625, 49.09417755664295], [-83.3203125, 49.04216703881912], [-83.31010446596929, 49.0333906575], [-83.25, 48.98151365995598], [-83.222734678966, 48.9630918908], [-83.1796875, 48.934781264732244], [-83.11584353191974, 48.8927931242], [-83.109375, 48.88811180062932], [-83.04117650484532, 48.8224943575], [-83.0390625, 48.81911849151376], [-82.99697175417236, 48.7521955908], [-82.99487611657214, 48.6818968241], [-83.0390625, 48.61968714527651], [-83.04720859089575, 48.6115980574], [-83.109375, 48.564822336238535], [-83.14174644957131, 48.5412992907], [-83.1796875, 48.47359486895252], [-83.18082633845299, 48.471000524], [-83.1796875, 48.44822890656556], [-83.1779553388944, 48.4007017573], [-83.17179704872255, 48.3304029905], [-83.16874523636642, 48.2601042238], [-83.16120542092617, 48.189805457], [-83.15226730898416, 48.1195066903], [-83.16008170494202, 48.0492079235], [-83.1796875, 47.99040182938784], [-83.1833940087183, 47.9789091567], [-83.20100568870392, 47.9086103899], [-83.18123389089061, 47.8383116232], [-83.1796875, 47.836489079003016], [-83.1150505782587, 47.7680128564], [-83.109375, 47.76230269372506], [-83.04823467782325, 47.6977140895], [-83.0390625, 47.6777059566517], [-82.9874205256223, 47.6274153227], [-82.96875, 47.56377713324221], [-82.96549309205885, 47.5571165559], [-82.96875, 47.508266446977856], [-82.96944945483371, 47.4868177891], [-82.96875, 47.48572733588081], [-82.93413908312144, 47.41651902219999], [-82.8984375, 47.351719509278624], [-82.85753656638204, 47.4165190222], [-82.86759732136632, 47.4868177891], [-82.87075427644514, 47.5571165559], [-82.828125, 47.59648662692536], [-82.76294110377599, 47.6274153227], [-82.7578125, 47.628486761712765], [-82.6875, 47.630290954849244], [-82.64165144387898, 47.6274153227], [-82.6171875, 47.62534656880946], [-82.546875, 47.583174956808804], [-82.5252955488177, 47.5571165559], [-82.49948334149019, 47.4868177891], [-82.49175144467026, 47.4165190222], [-82.48110659735616, 47.3462202554], [-82.4765625, 47.33668836756409], [-82.46121735111282, 47.2759214885], [-82.4765625, 47.225935654316515], [-82.546875, 47.21466837934295], [-82.6171875, 47.2300356079712], [-82.6875, 47.25043883710225], [-82.73551139160477, 47.2759214885], [-82.7578125, 47.31187543630472], [-82.828125, 47.338298714528115], [-82.85529464045666, 47.2759214885], [-82.87746379825586, 47.2056227217], [-82.89142334788261, 47.1353239548], [-82.86902060133137, 47.06502518789999], [-82.828125, 47.011109626745515], [-82.79486297921241, 46.994726421], [-82.7578125, 46.98494234371099], [-82.6875, 46.97115639620198], [-82.6171875, 46.98158826489384], [-82.546875, 46.99374057500839], [-82.54274996565499, 46.994726421], [-82.4765625, 47.02296750326458], [-82.40625, 47.05606682584478], [-82.35520411775848, 47.0650251879], [-82.3359375, 47.07437330159952], [-82.265625, 47.08092673312744], [-82.24578983967648, 47.0650251879], [-82.1953125, 47.043016765307854], [-82.125, 47.00144314472086], [-82.11681655363776, 46.994726421], [-82.0546875, 46.95389358337408], [-82.01225778560058, 46.9244276541], [-81.984375, 46.907629154901684], [-81.9140625, 46.85467169490894], [-81.91344353224267, 46.8541288872], [-81.84375, 46.79480512961247], [-81.82268470546066, 46.783830120299996], [-81.7734375, 46.75714406698751], [-81.703125, 46.73527350501367], [-81.6328125, 46.74380344112324], [-81.5625, 46.7534442579859], [-81.4921875, 46.78212795935583], [-81.48863245756122, 46.7838301203], [-81.421875, 46.81299988473347], [-81.36837317707258, 46.8541288872], [-81.3515625, 46.8659008718434], [-81.28125, 46.91693932012594], [-81.26997868060518, 46.9244276541], [-81.2109375, 46.95621286109035], [-81.140625, 46.992943612682765], [-81.13595411915188, 46.994726421], [-81.0703125, 47.026019605039835], [-81.0, 47.02431819431246], [-80.9296875, 47.01891935151346], [-80.8841992853086, 46.994726421], [-80.859375, 46.978315470446006], [-80.81458185629296, 46.9244276541], [-80.7890625, 46.893582824784446], [-80.7743033336359, 46.8541288872], [-80.7461702592754, 46.7838301203], [-80.7890625, 46.73140102175458], [-80.81302965277345, 46.7135313534], [-80.859375, 46.683868352010066], [-80.9296875, 46.65859440637143], [-80.96436730256761, 46.6432325865], [-80.96869061189578, 46.57293381950001], [-80.99040279579759, 46.5026350526], [-81.0, 46.498424858831356], [-81.0703125, 46.476310942114566], [-81.140625, 46.48321517842537], [-81.2109375, 46.490064220008264], [-81.28125, 46.495237168091215], [-81.35156250000001, 46.495813733798734], [-81.421875, 46.49180622258285], [-81.4921875, 46.492039983173854], [-81.56033901130303, 46.5026350526], [-81.5625, 46.50319317761456], [-81.6328125, 46.5227705087668], [-81.703125, 46.55031129971104], [-81.77343750000001, 46.57013917488502], [-81.84375, 46.57178354054693], [-81.9140625, 46.56723712713594], [-81.984375, 46.54690514017982], [-82.0546875, 46.531151487364895], [-82.125, 46.52231050703447], [-82.1953125, 46.51470148765839], [-82.265625, 46.51142452721693], [-82.3359375, 46.50765975871147], [-82.38240594032202, 46.5026350526], [-82.40625, 46.499858069708566], [-82.4765625, 46.488891152225705], [-82.546875, 46.470992927888545], [-82.6171875, 46.44657707774192], [-82.66583469440714, 46.4323362857], [-82.6875, 46.425867805852036], [-82.7578125, 46.41113800825245], [-82.828125, 46.40012059492031], [-82.8984375, 46.39323217887619], [-82.96875, 46.3697030879503], [-82.9798637097846, 46.3620375187], [-83.0390625, 46.292853546094996], [-83.03991650354335, 46.2917387517], [-83.06602663989425, 46.2214399848], [-83.0390625, 46.175177296276516], [-83.01451668560713, 46.1511412178], [-82.96875, 46.13027849515639], [-82.8984375, 46.08290151477182], [-82.89537211017883, 46.0808424508], [-82.828125, 46.04494291607279], [-82.78371255289022, 46.0105436838], [-82.77649393086429, 45.9402449168], [-82.82519953274544, 45.8699461498], [-82.828125, 45.86841330563324], [-82.8984375, 45.83741669838449], [-82.96875, 45.826765136459876], [-83.0390625, 45.81803853319982], [-83.109375, 45.823854763073854], [-83.1796875, 45.830171302176765], [-83.25, 45.8243793827294], [-83.3203125, 45.817667357072416], [-83.3798281895975, 45.7996473828], [-83.390625, 45.795376740243334], [-83.4609375, 45.76614961037784], [-83.51374514377227, 45.7293486158], [-83.53125, 45.71355365929037], [-83.6015625, 45.660895552420364], [-83.60387553878401, 45.6590498488], [-83.66124365639311, 45.5887510817], [-83.63377091369159, 45.5184523147], [-83.6015625, 45.49156241094942], [-83.5530274718113, 45.4481535477], [-83.53125, 45.4292546969983], [-83.47687932198214, 45.3778547806], [-83.4609375, 45.32506353619782], [-83.45559465123662, 45.3075560136], [-83.4609375, 45.25146662672948], [-83.46292057730449, 45.2372572465], [-83.53125, 45.20867529658592], [-83.6015625, 45.220677329917784], [-83.64699340350985, 45.2372572465], [-83.671875, 45.25092998010631], [-83.7421875, 45.30169764231332], [-83.75274102056397, 45.3075560136], [-83.8125, 45.32868054268383], [-83.8828125, 45.353785836120664], [-83.953125, 45.37241345893668], [-83.96972483905446, 45.3778547806], [-84.0234375, 45.38728416236234], [-84.09375, 45.39935424176857], [-84.1640625, 45.411087080416614], [-84.234375, 45.423487380357955], [-84.3046875, 45.43619810101389], [-84.35739836691938, 45.4481535477], [-84.375, 45.45120686100313], [-84.4453125, 45.46515521155197], [-84.515625, 45.482731555353226], [-84.5859375, 45.50337042979446], [-84.62838497984157, 45.5184523147], [-84.65625, 45.5269462512442], [-84.7265625, 45.54551585965943], [-84.796875, 45.56773088293336], [-84.85259736526871, 45.5887510817], [-84.8671875, 45.59504119295456], [-84.9375, 45.629456353210784], [-84.9982238241072, 45.6590498488], [-85.0078125, 45.664983753609974], [-85.078125, 45.68723299078894], [-85.1484375, 45.69476223145406], [-85.21875, 45.682054051941776], [-85.27553447990198, 45.6590498488], [-85.2890625, 45.653893980284764], [-85.359375, 45.61178682080712], [-85.38445526214431, 45.5887510817], [-85.41083424774534, 45.5184523147], [-85.40882828609337, 45.4481535477], [-85.42452331443961, 45.3778547806], [-85.4296875, 45.37167837135879], [-85.49575335189117, 45.3075560136], [-85.5, 45.306073803865516], [-85.5387199712845, 45.3075560136], [-85.5703125, 45.312752403071606], [-85.640625, 45.359003177544636], [-85.64552055361597, 45.3778547806], [-85.69073390001938, 45.4481535477], [-85.7109375, 45.4545380065121], [-85.78125, 45.47352490991511], [-85.8515625, 45.48016617677157], [-85.921875, 45.48299213184802], [-85.9921875, 45.47474411288601], [-86.0625, 45.46624120716384], [-86.1328125, 45.45245321889381], [-86.15210021402316, 45.4481535477], [-86.203125, 45.43646580019548], [-86.2734375, 45.4157018348265], [-86.34375, 45.393461934072945], [-86.39704207323456, 45.3778547806], [-86.4140625, 45.372140561970625], [-86.484375, 45.35041025598517], [-86.5546875, 45.325684725814796], [-86.60110150731347, 45.3075560136], [-86.625, 45.2983236433285], [-86.6953125, 45.28344817851016], [-86.765625, 45.26487320845287], [-86.8359375, 45.25623630567422], [-86.90625, 45.248808678565], [-86.92226382704419, 45.2372572465], [-86.9765625, 45.211663533917175], [-87.046875, 45.1933960685515], [-87.1171875, 45.22922555091952], [-87.12478702566963, 45.2372572465], [-87.1171875, 45.26385039135934], [-87.08148516659861, 45.3075560136], [-87.1171875, 45.34976608035092], [-87.13208421133385, 45.3778547806], [-87.14801314604298, 45.4481535477], [-87.14977917726695, 45.5184523147], [-87.13902715738453, 45.5887510817], [-87.16916927364751, 45.6590498488], [-87.1875, 45.663066981546706], [-87.2578125, 45.67083779377912], [-87.328125, 45.68511985018398], [-87.3984375, 45.71933675028468], [-87.41488032134274, 45.7293486158], [-87.46875, 45.77129421170121], [-87.49353886795936, 45.7996473828], [-87.5390625, 45.85071650896106], [-87.56157779623913, 45.8699461498], [-87.609375, 45.90155384236367], [-87.66129111521857, 45.9402449168], [-87.6796875, 45.9608913842727], [-87.73270224286266, 46.0105436838], [-87.75, 46.02507830132232], [-87.80499492747556, 46.080842450800006], [-87.8203125, 46.09845629956205], [-87.86534185137502, 46.1511412178], [-87.890625, 46.18170614103954], [-87.91981468230993, 46.2214399848], [-87.9609375, 46.27576233876503], [-87.97512456807875, 46.2917387517], [-88.03125, 46.354104650496296], [-88.03756071128942, 46.3620375187], [-88.07713622684837, 46.4323362857], [-88.1015625, 46.46006071257361], [-88.13657569726459, 46.5026350526], [-88.171875, 46.528784928676394], [-88.2421875, 46.560895808179886], [-88.26848877705437, 46.5729338195], [-88.3125, 46.59965851575007], [-88.37548310024661, 46.6432325865], [-88.3828125, 46.64840636243696], [-88.453125, 46.686078682294585], [-88.5099505238031, 46.7135313534], [-88.5234375, 46.724351937610265], [-88.59375, 46.76794169373642], [-88.62348515941451, 46.7838301203], [-88.6640625, 46.801457174933574], [-88.734375, 46.80588580041838], [-88.8046875, 46.788355387834955], [-88.82199862124062, 46.7838301203], [-88.875, 46.7765373667935], [-88.9453125, 46.771975685342895], [-89.015625, 46.77580503708828], [-89.05639677065105, 46.7838301203], [-89.07994403447847, 46.8541288872], [-89.0859375, 46.869760977728035], [-89.1020088063027, 46.9244276541], [-89.0859375, 46.93835933101997], [-89.015625, 46.98941132605255], [-89.00804183923692, 46.994726420999996], [-88.9453125, 47.04670034402998], [-88.91868287164748, 47.0650251879], [-88.88564663072337, 47.1353239548], [-88.9453125, 47.18227518794141], [-89.015625, 47.18008645319622], [-89.0859375, 47.16888295821695], [-89.15625, 47.159660257450156], [-89.2265625, 47.14819965661907], [-89.28931095831189, 47.1353239548], [-89.296875, 47.133612336683505], [-89.3671875, 47.117379994062105], [-89.4375, 47.104135523386134], [-89.5078125, 47.090422899550305], [-89.578125, 47.07490171730367], [-89.61398014442645, 47.0650251879], [-89.6484375, 47.05667038682038], [-89.71875, 47.0393142983811], [-89.7890625, 47.02565749352454], [-89.859375, 47.008900563627336], [-89.88323945026664, 46.994726421], [-89.9296875, 46.970284843141016], [-90.0, 46.948683617010175], [-90.0703125, 46.94500399712471], [-90.140625, 46.93364376654223], [-90.15944095629662, 46.9244276541], [-90.2109375, 46.914098423750524], [-90.28125, 46.89896822679039], [-90.3515625, 46.898984702135536], [-90.421875, 46.90220117079252], [-90.4921875, 46.91047078628414], [-90.55633992589253, 46.9244276541], [-90.5625, 46.930285071740926], [-90.6180233875171, 46.994726421], [-90.5625, 47.02018246579747], [-90.5089151604328, 47.0650251879], [-90.49218749999999, 47.0822615708187], [-90.44561026678245, 47.1353239548], [-90.42187499999999, 47.15355736311515], [-90.36196741879242, 47.20562272170001], [-90.3515625, 47.22466956937475], [-90.30174474421179, 47.2759214885], [-90.28125, 47.305612030241186], [-90.23567298079253, 47.3462202554], [-90.2109375, 47.364946982723815], [-90.140625, 47.39815615795934], [-90.11318089053063, 47.4165190222], [-90.0703125, 47.44852602013961], [-90.0, 47.47425988528555], [-89.9770959324104, 47.4868177891], [-89.9296875, 47.50797207469535], [-89.859375, 47.52950104812797], [-89.7890625, 47.55347435615888], [-89.77652602743979, 47.5571165559], [-89.71875, 47.57417908356415], [-89.6484375, 47.60392343829086], [-89.58713481255913, 47.6274153227], [-89.57812499999999, 47.63186086127698], [-89.5078125, 47.6672164304039], [-89.4375, 47.69733186166509], [-89.4365915583446, 47.6977140895], [-89.3671875, 47.75901235752349], [-89.35393528099705, 47.7680128564], [-89.29789707003941, 47.8383116232], [-89.32918140246592, 47.908610389900005], [-89.30571180926566, 47.9789091567], [-89.296875, 47.987586151472875], [-89.23321620983988, 48.0492079235], [-89.2265625, 48.05423855360703], [-89.15625, 48.10298596755153], [-89.12905676197053, 48.1195066903], [-89.0859375, 48.14189720857033], [-89.015625, 48.17865837361723], [-88.99497726388203, 48.189805457], [-88.9453125, 48.217087787307904], [-88.8932263730072, 48.2601042238], [-88.875, 48.277585402442725], [-88.8196793948649, 48.33040299049999], [-88.8046875, 48.342900139907385], [-88.734375, 48.38615561480942], [-88.70896812479654, 48.4007017573], [-88.6640625, 48.435176110743384], [-88.59375, 48.45769570725106], [-88.5234375, 48.467429126745586], [-88.49856279720456, 48.471000524], [-88.453125, 48.48600709412305], [-88.3828125, 48.50001119665713], [-88.3125, 48.51090022088709], [-88.2421875, 48.525755299297956], [-88.171875, 48.536265615611356], [-88.1015625, 48.537261590574865], [-88.03125, 48.5381422675674], [-87.9609375, 48.5326915680799], [-87.890625, 48.527757122098194], [-87.8203125, 48.523331190142656], [-87.75, 48.5190544461404], [-87.6796875, 48.51689635233225], [-87.609375, 48.51559213052899], [-87.5390625, 48.51660003238659], [-87.46875, 48.51956605491652], [-87.3984375, 48.52514582055265], [-87.328125, 48.535127234193595], [-87.28867513700416, 48.541299290699996], [-87.2578125, 48.547038197638386], [-87.1875, 48.563874178405904], [-87.1171875, 48.58054132382814], [-87.046875, 48.590882227944036], [-86.9765625, 48.60110532675207], [-86.90625, 48.60425842430974], [-86.8359375, 48.6060993919503], [-86.765625, 48.60163274058963], [-86.6953125, 48.593365949989106], [-86.625, 48.58068971525366], [-86.5546875, 48.56183538438795], [-86.484375, 48.54175966803916], [-86.48250533731124, 48.5412992907], [-86.4140625, 48.5249327201177], [-86.34375, 48.51099203600586], [-86.2734375, 48.51903511025651], [-86.203125, 48.53442838650444], [-86.19187651636551, 48.5412992907], [-86.1328125, 48.60616523997094], [-86.12806708494209, 48.6115980574], [-86.10806424979306, 48.6818968241], [-86.09297666784438, 48.7521955908], [-86.0625, 48.78763663579367], [-86.01739968377245, 48.8224943575], [-85.9921875, 48.830770198702645], [-85.921875, 48.85189430494762], [-85.8515625, 48.869539214886814], [-85.78125, 48.8852578200433], [-85.74580502917601, 48.8927931242], [-85.7109375, 48.8999934348373], [-85.640625, 48.92531171551401], [-85.5703125, 48.95497540080639], [-85.55940956604442, 48.9630918908], [-85.5, 49.00222613128018], [-85.45823130318135, 49.0333906575], [-85.4296875, 49.051751621930734], [-85.359375, 49.097077872980805], [-85.34903425220642, 49.1036894241], [-85.2890625, 49.13926236856909], [-85.22586404407855, 49.1739881908], [-85.21875, 49.1775499692251], [-85.1484375, 49.20604657161145], [-85.078125, 49.233212070133526], [-85.0307011941024, 49.24428695740001], [-85.0078125, 49.24874671827589]]}}, {"type": "Feature", "properties": {"level_in": 1.0}, "geometry": {"type": "LineString", "coordinates": [[-120.09375, 49.065630779692015], [-120.0234375, 49.079651680140515], [-119.953125, 49.076336849465164], [-119.8828125, 49.043321163208276], [-119.87579526091085, 49.03339065749999], [-119.84708727645744, 48.9630918908], [-119.8125, 48.901144374202296], [-119.80986882492661, 48.8927931242], [-119.8125, 48.8795568556964], [-119.85289121176757, 48.822494357500005], [-119.85318750314673, 48.7521955908], [-119.8125, 48.70516272628966], [-119.80257061741389, 48.6818968241], [-119.81250000000001, 48.65950276388549], [-119.83283335510777, 48.6115980574], [-119.8125, 48.56714140498798], [-119.80504750596434, 48.541299290699996], [-119.8125, 48.51779522511898], [-119.85079662248927, 48.47100052399999], [-119.8828125, 48.450103083769946], [-119.95312500000001, 48.440425352567516], [-119.99496531260502, 48.471000524], [-120.0234375, 48.53270239859118], [-120.02898105368257, 48.5412992907], [-120.06247810729555, 48.6115980574], [-120.09375000000001, 48.67862216262557], [-120.10404623772072, 48.6818968241], [-120.1640625, 48.72118186666479], [-120.234375, 48.710357656615386], [-120.3046875, 48.69791144915238], [-120.375, 48.693198760909425], [-120.42954494457487, 48.7521955908], [-120.375, 48.78788075816371], [-120.3046875, 48.815100738265066], [-120.28000011653926, 48.8224943575], [-120.23437500000001, 48.84064694136254], [-120.1640625, 48.89212167874675], [-120.16348776969693, 48.8927931242], [-120.14311178231313, 48.9630918908], [-120.13254822998167, 49.0333906575], [-120.09375, 49.065630779692015]]}}, {"type": "Feature", "properties": {"level_in": 1.0}, "geometry": {"type": "LineString", "coordinates": [[-117.07031249999999, 48.91161947381896], [-117.02997599696823, 48.8927931242], [-117.04529106364373, 48.8224943575], [-117.06226192983813, 48.7521955908], [-117.0703125, 48.73923907876977], [-117.140625, 48.727527620260275], [-117.16588959622186, 48.7521955908], [-117.19194940472138, 48.82249435749999], [-117.140625, 48.88879753509641], [-117.12565659455495, 48.8927931242], [-117.07031249999999, 48.91161947381896]]}}, {"type": "Feature", "properties": {"level_in": 1.0}, "geometry": {"type": "LineString", "coordinates": [[-81.703125, 48.942474478769086], [-81.6328125, 48.95538939095772], [-81.5625, 48.94571869729038], [-81.49864994865227, 48.8927931242], [-81.4921875, 48.88789671003917], [-81.421875, 48.82626760202681], [-81.41839133913011, 48.8224943575], [-81.35156250000001, 48.76163671417267], [-81.34174431925703, 48.7521955908], [-81.28125, 48.69684497123493], [-81.26523094422625, 48.681896824099994], [-81.2109375, 48.628310003189874], [-81.20148975765493, 48.6115980574], [-81.15031142429437, 48.5412992907], [-81.140625, 48.52753706437451], [-81.08878971362326, 48.471000524], [-81.140625, 48.42411106061209], [-81.16605724227122, 48.4007017573], [-81.2109375, 48.36668149559796], [-81.26163785175024, 48.3304029905], [-81.28125, 48.314012815760925], [-81.3515625, 48.2672072059255], [-81.35973253146332, 48.2601042238], [-81.421875, 48.21725566748303], [-81.46964755466274, 48.189805457], [-81.4921875, 48.18064463922971], [-81.5625, 48.15384948674456], [-81.6328125, 48.13688248958265], [-81.703125, 48.12683510611766], [-81.7734375, 48.12590027226599], [-81.84375, 48.185446276117], [-81.84616568766525, 48.189805457], [-81.86565168031537, 48.2601042238], [-81.85605906995141, 48.3304029905], [-81.84375, 48.37304786376629], [-81.83786225922243, 48.4007017573], [-81.83692968463792, 48.471000524], [-81.84375, 48.51255481309215], [-81.84769843412526, 48.5412992907], [-81.85722010872142, 48.6115980574], [-81.84958681640624, 48.6818968241], [-81.84375, 48.70042498656595], [-81.82589450671264, 48.7521955908], [-81.79857573112004, 48.8224943575], [-81.7734375, 48.8756062672776], [-81.75484411067913, 48.8927931242], [-81.703125, 48.942474478769086]]}}, {"type": "Feature", "properties": {"level_in": 1.0}, "geometry": {"type": "LineString", "coordinates": [[-116.71875, 48.837795030980715], [-116.6484375, 48.84408279915585], [-116.59721057452221, 48.8224943575], [-116.59543153506402, 48.7521955908], [-116.6484375, 48.701731745969894], [-116.68254694736113, 48.7521955908], [-116.71875, 48.805177697269315], [-116.72968229295935, 48.82249435749999], [-116.71875, 48.837795030980715]]}}, {"type": "Feature", "properties": {"level_in": 1.0}, "geometry": {"type": "LineString", "coordinates": [[-120.58593750000001, 48.49348341978588], [-120.515625, 48.51262639299935], [-120.44531249999999, 48.474663265491984], [-120.44441708232497, 48.471000524000004], [-120.3899393948345, 48.4007017573], [-120.375, 48.393233524192134], [-120.3046875, 48.349032486526234], [-120.28295163463119, 48.3304029905], [-120.234375, 48.2926081524555], [-120.1951386461903, 48.2601042238], [-120.1640625, 48.193110072703135], [-120.16250032318678, 48.189805457], [-120.1640625, 48.186817483678226], [-120.22446509150284, 48.1195066903], [-120.234375, 48.11092907121259], [-120.3046875, 48.072713860856794], [-120.375, 48.06199551303311], [-120.43808106531358, 48.0492079235], [-120.4453125, 48.04490372381976], [-120.51378293933365, 47.9789091567], [-120.515625, 47.977459594534885], [-120.51967149436486, 47.9789091567], [-120.5859375, 48.00798423227971], [-120.65625, 48.02158582544712], [-120.7265625, 48.03987105028698], [-120.76383557431285, 48.0492079235], [-120.796875, 48.0837974116809], [-120.8671875, 48.10459376136675], [-120.91946021152853, 48.1195066903], [-120.9375, 48.132258421576346], [-121.0078125, 48.182237491718226], [-121.01987554782909, 48.189805457], [-121.03929807884882, 48.2601042238], [-121.00781249999999, 48.280211638509215], [-120.9375, 48.3004177203385], [-120.8671875, 48.299743138053756], [-120.79687500000001, 48.27793885273817], [-120.73712348864672, 48.2601042238], [-120.796875, 48.22271784833656], [-120.86373667714709, 48.18980545699999], [-120.796875, 48.152940372138275], [-120.7265625, 48.16396424138609], [-120.65625, 48.17829776774198], [-120.64147855212637, 48.189805457], [-120.65625, 48.22186250596819], [-120.6994733733471, 48.2601042238], [-120.65625, 48.274999004564144], [-120.6267410181736, 48.3304029905], [-120.61488336023952, 48.4007017573], [-120.60337786638924, 48.47100052399999], [-120.58593750000001, 48.49348341978588]]}}, {"type": "Feature", "properties": {"level_in": 1.0}, "geometry": {"type": "LineString", "coordinates": [[-121.921875, 46.92905202849511], [-121.8515625, 46.99229825129284], [-121.78125, 46.980800997045584], [-121.7109375, 46.964314046698405], [-121.640625, 46.93934684590802], [-121.61216000311799, 46.9244276541], [-121.5703125, 46.89682168863152], [-121.5, 46.85562045674413], [-121.49738742931572, 46.8541288872], [-121.5, 46.84131031560841], [-121.51260448646521, 46.7838301203], [-121.5703125, 46.75953674981484], [-121.640625, 46.728866384131145], [-121.68356950113629, 46.7135313534], [-121.7109375, 46.70207236078824], [-121.78125, 46.679105498642826], [-121.8515625, 46.672878577595895], [-121.921875, 46.64940335010738], [-121.92728713408368, 46.6432325865], [-121.9921875, 46.62913009499653], [-122.0625, 46.62631830439415], [-122.1328125, 46.63008254154854], [-122.20312499999999, 46.62962196426575], [-122.2734375, 46.62542435382197], [-122.34374999999999, 46.629594133596434], [-122.39254091520394, 46.64323258649999], [-122.34375, 46.688350851081765], [-122.2734375, 46.6843888193056], [-122.203125, 46.675045620762326], [-122.1328125, 46.675894925226245], [-122.0625, 46.68460400840478], [-121.9921875, 46.712138538750516], [-121.99058489799928, 46.7135313534], [-121.97936684214055, 46.7838301203], [-121.96078493922087, 46.8541288872], [-121.92512412067258, 46.9244276541], [-121.921875, 46.92905202849511]]}}, {"type": "Feature", "properties": {"level_in": 1.0}, "geometry": {"type": "LineString", "coordinates": [[-91.19531250000001, 46.85991386455436], [-91.125, 46.88824014866287], [-91.0546875, 46.90414489438979], [-90.984375, 46.9078181911583], [-90.9140625, 46.90448339990245], [-90.84375, 46.9017795779671], [-90.7734375, 46.903587680806794], [-90.703125, 46.888983773911534], [-90.691582142933, 46.8541288872], [-90.703125, 46.822178659769556], [-90.7154905958564, 46.78383012030001], [-90.76796061037182, 46.7135313534], [-90.7734375, 46.710184437146324], [-90.83485612239531, 46.6432325865], [-90.84375, 46.636877892555034], [-90.9140625, 46.60666002508951], [-90.95113676378747, 46.5729338195], [-90.984375, 46.54890540911781], [-91.0546875, 46.54350146437899], [-91.10418954285139, 46.5729338195], [-91.125, 46.60390553626753], [-91.16069813925381, 46.6432325865], [-91.17150479868702, 46.7135313534], [-91.1465018472915, 46.78383012030001], [-91.1953125, 46.84493947847243], [-91.20963807888903, 46.85412888719999], [-91.19531250000001, 46.85991386455436]]}}, {"type": "Feature", "properties": {"level_in": 1.0}, "geometry": {"type": "LineString", "coordinates": [[-122.34375, 46.32592476850881], [-122.2734375, 46.34353299266629], [-122.203125, 46.348324231356195], [-122.1328125, 46.34366728740846], [-122.0625, 46.335574400674105], [-121.9921875, 46.31652869792592], [-121.94049595387443, 46.291738751699995], [-121.921875, 46.27440790690711], [-121.8515625, 46.23471143908267], [-121.80922389974981, 46.2214399848], [-121.8515625, 46.207157621371515], [-121.921875, 46.16955179912303], [-121.94912419715848, 46.1511412178], [-121.99218750000001, 46.133742998183145], [-122.0625, 46.112431717678525], [-122.1328125, 46.093618006634756], [-122.19209878404983, 46.08084245079999], [-122.203125, 46.0760419918477], [-122.2734375, 46.06447587260637], [-122.34375, 46.06046940209029], [-122.4140625, 46.06891783241932], [-122.48437500000001, 46.07778055031838], [-122.49266786592045, 46.0808424508], [-122.51540512698324, 46.1511412178], [-122.50069828325667, 46.2214399848], [-122.484375, 46.237847841013945], [-122.4140625, 46.28823542752046], [-122.40854794027747, 46.291738751699995], [-122.34375, 46.32592476850881]]}}, {"type": "Feature", "properties": {"level_in": 1.0}, "geometry": {"type": "LineString", "coordinates": [[-121.640625, 46.22407243265678], [-121.5703125, 46.23359722193174], [-121.53535807225367, 46.2214399848], [-121.5, 46.19843473566837], [-121.45752075474618, 46.1511412178], [-121.5, 46.1320636215803], [-121.5703125, 46.1187227863073], [-121.640625, 46.11405430177933], [-121.7109375, 46.13805235426818], [-121.72244134355375, 46.1511412178], [-121.7109375, 46.170032501734696], [-121.65043532267113, 46.2214399848], [-121.640625, 46.22407243265678]]}}, {"type": "Feature", "properties": {"level_in": 1.0}, "geometry": {"type": "LineString", "coordinates": [[-121.8515625, 46.01711291851868], [-121.81210915475128, 46.0105436838], [-121.78125, 46.0053194330704], [-121.7206450370479, 45.9402449168], [-121.74325510974745, 45.8699461498], [-121.78125, 45.857026040186824], [-121.8515625, 45.85277814751554], [-121.921875, 45.845764835239166], [-121.9921875, 45.83411802936069], [-122.03413360334869, 45.7996473828], [-122.0625, 45.75869382575394], [-122.11325386253236, 45.72934861579999], [-122.1328125, 45.724151286175264], [-122.203125, 45.71702774427672], [-122.2335153970302, 45.7293486158], [-122.2734375, 45.75162225220432], [-122.3149913898256, 45.7996473828], [-122.27870590655235, 45.86994614979999], [-122.2734375, 45.875350911546064], [-122.203125, 45.92175207329174], [-122.1328125, 45.93461901190749], [-122.10502187122313, 45.9402449168], [-122.0625, 45.95138104870001], [-121.99218750000001, 45.96652609005119], [-121.921875, 45.98992657473291], [-121.86782998884424, 46.0105436838], [-121.8515625, 46.01711291851868]]}}, {"type": "Feature", "properties": {"level_in": 1.0}, "geometry": {"type": "LineString", "coordinates": [[-81.7734375, 45.73682258160687], [-81.76147925994101, 45.7293486158], [-81.7734375, 45.70619351465532], [-81.82158537918744, 45.7293486158], [-81.7734375, 45.73682258160687]]}}, {"type": "Feature", "properties": {"level_in": 1.0}, "geometry": {"type": "LineString", "coordinates": [[-123.5390625, 45.59320909725471], [-123.53593159432805, 45.588751081699996], [-123.5390625, 45.58590771414026], [-123.5410933193567, 45.5887510817], [-123.5390625, 45.59320909725471]]}}, {"type": "Feature", "properties": {"level_in": 1.0}, "geometry": {"type": "LineString", "coordinates": [[-117.2109375, 45.17578000257032], [-117.15381083970289, 45.1669584794], [-117.2109375, 45.15563974746987], [-117.23207436364311, 45.1669584794], [-117.2109375, 45.17578000257032]]}}, {"type": "Feature", "properties": {"level_in": 1.0}, "geometry": {"type": "LineString", "coordinates": [[-123.75, 44.91377264933735], [-123.6796875, 44.95521128368184], [-123.609375, 44.91952707931708], [-123.59607887462498, 44.8857634111], [-123.609375, 44.87693933564227], [-123.6796875, 44.85823965181484], [-123.75, 44.88071990448232], [-123.75639593174893, 44.8857634111], [-123.75, 44.91377264933735]]}}, {"type": "Feature", "properties": {"level_in": 1.0}, "geometry": {"type": "LineString", "coordinates": [[-85.7109375, 44.90284538847171], [-85.640625, 44.92325052194246], [-85.5703125, 44.90155969500277], [-85.5629926138922, 44.88576341110001], [-85.57031250000001, 44.88252725782694], [-85.640625, 44.87205725562166], [-85.7109375, 44.87824734429437], [-85.72864759629394, 44.8857634111], [-85.7109375, 44.90284538847171]]}}, {"type": "Feature", "properties": {"level_in": 1.0}, "geometry": {"type": "LineString", "coordinates": [[-122.34375, 43.06424117255585], [-122.2734375, 43.076253180342206], [-122.203125, 43.081953425566375], [-122.13281250000001, 43.07102691029138], [-122.11754613979788, 43.0579954643], [-122.12652833056866, 42.987696697], [-122.1328125, 42.97624713107485], [-122.16936667387736, 42.9173979298], [-122.203125, 42.89119872130085], [-122.2734375, 42.88430886453624], [-122.34375, 42.902107035038306], [-122.38703491126314, 42.9173979298], [-122.4140625, 42.940486849214466], [-122.44395147634182, 42.987696697], [-122.4140625, 43.04706183754502], [-122.38043454587287, 43.0579954643], [-122.34375, 43.06424117255585]]}}, {"type": "Feature", "properties": {"level_in": 1.0}, "geometry": {"type": "LineString", "coordinates": [[-120.375, 42.00454232883733], [-120.37259264823032, 42.0035139548], [-120.375, 42.002228830890694], [-120.37762733100767, 42.0035139548], [-120.375, 42.00454232883733]]}}, {"type": "Feature", "properties": {"level_in": 1.0}, "geometry": {"type": "LineString", "coordinates": [[-123.1171875, 41.589825480239845], [-123.11106612570865, 41.5817213506], [-123.1171875, 41.57062621847641], [-123.15924362022118, 41.5817213506], [-123.1171875, 41.589825480239845]]}}, {"type": "Feature", "properties": {"level_in": 1.0}, "geometry": {"type": "LineString", "coordinates": [[-122.0625, 41.40794163459818], [-122.04497616938959, 41.3708250484], [-122.0625, 41.36293892187181], [-122.1092708606383, 41.3708250484], [-122.0625, 41.40794163459818]]}}, {"type": "Feature", "properties": {"level_in": 1.0}, "geometry": {"type": "LineString", "coordinates": [[-121.00781250000001, 40.744328169969236], [-120.98731463507644, 40.7381361417], [-121.0078125, 40.73289742911866], [-121.02987354448518, 40.7381361417], [-121.00781250000001, 40.744328169969236]]}}, {"type": "Feature", "properties": {"level_in": 1.0}, "geometry": {"type": "LineString", "coordinates": [[-121.7109375, 40.677805441863555], [-121.640625, 40.719133203019084], [-121.5703125, 40.70296997587929], [-121.49999999999999, 40.68125979109011], [-121.44190428403785, 40.6678373743], [-121.4296875, 40.66472754041689], [-121.359375, 40.63989926522821], [-121.30062647047995, 40.5975386068], [-121.29697653378636, 40.5272398394], [-121.359375, 40.46545853352583], [-121.36581115214233, 40.4569410719], [-121.38222202448931, 40.3866423045], [-121.4296875, 40.37193869148391], [-121.5, 40.366530108688075], [-121.55750842774667, 40.3866423045], [-121.5703125, 40.387246152971], [-121.57475927528712, 40.3866423045], [-121.640625, 40.373830318591324], [-121.7109375, 40.37860248648428], [-121.73433148016991, 40.3866423045], [-121.78125, 40.41711610236998], [-121.80655483202206, 40.4569410719], [-121.82444008648496, 40.5272398394], [-121.85065192072987, 40.5975386068], [-121.78125, 40.63713738804158], [-121.71809492939498, 40.66783737430001], [-121.7109375, 40.677805441863555]]}}, {"type": "Feature", "properties": {"level_in": 1.0}, "geometry": {"type": "LineString", "coordinates": [[-121.4296875, 39.98356245475617], [-121.40138417345477, 39.9648496996], [-121.4296875, 39.94624737956159], [-121.49764934108086, 39.964849699599995], [-121.4296875, 39.98356245475617]]}}, {"type": "Feature", "properties": {"level_in": 1.0}, "geometry": {"type": "LineString", "coordinates": [[-120.9375, 39.75985096587402], [-120.89578917074888, 39.7539533971], [-120.8671875, 39.748769586011136], [-120.796875, 39.718537754127226], [-120.7265625, 39.69664155800285], [-120.69283857027798, 39.6836546296], [-120.65625, 39.65264628205019], [-120.5859375, 39.61579625291291], [-120.58272387639141, 39.6133558621], [-120.515625, 39.565724011539515], [-120.49291274834404, 39.5430570946], [-120.4453125, 39.48222934111022], [-120.43641038906145, 39.4727583271], [-120.39172287867892, 39.4024595596], [-120.375, 39.3568534769659], [-120.36286769511217, 39.332160792], [-120.31696340647042, 39.2618620245], [-120.3046875, 39.25048065444436], [-120.25649870816162, 39.191563257], [-120.234375, 39.134248290253105], [-120.23089806077603, 39.1212644894], [-120.19764875567216, 39.0509657219], [-120.1640625, 39.009800930864074], [-120.12440129583925, 38.9806669543], [-120.09375000000001, 38.92839111290819], [-120.08729124253153, 38.9103681868], [-120.05837186089289, 38.8400694192], [-120.04151034834061, 38.7697706516], [-120.05189776327421, 38.6994718841], [-120.04872811127177, 38.6291731165], [-120.04590208336347, 38.5588743489], [-120.09374999999999, 38.53121185381569], [-120.1640625, 38.52804339362551], [-120.234375, 38.54654721879937], [-120.25614732820324, 38.5588743489], [-120.3046875, 38.595753506167064], [-120.33665735713316, 38.6291731165], [-120.36942529770906, 38.6994718841], [-120.33795722394555, 38.7697706516], [-120.375, 38.79069225908904], [-120.44531249999999, 38.83438632662292], [-120.45519234943242, 38.840069419200006], [-120.4453125, 38.90899105657242], [-120.44494133862884, 38.9103681868], [-120.4453125, 38.911189347315265], [-120.4671948147469, 38.98066695429999], [-120.50990203186059, 39.0509657219], [-120.515625, 39.057805681895644], [-120.54447189650341, 39.121264489400005], [-120.5859375, 39.17549000582957], [-120.59594233356367, 39.191563257], [-120.63200943145125, 39.2618620245], [-120.65625, 39.29814572130101], [-120.67385094823916, 39.332160792], [-120.7265625, 39.374161046826515], [-120.76745910796177, 39.4024595596], [-120.796875, 39.45634414488835], [-120.80526634479598, 39.472758327099996], [-120.84103022070794, 39.5430570946], [-120.86718749999999, 39.59401785684365], [-120.90814531612394, 39.6133558621], [-120.9375, 39.629631035607616], [-120.96983994325788, 39.6133558621], [-121.0078125, 39.60843908873009], [-121.078125, 39.5997923988083], [-121.14843750000001, 39.60702112520003], [-121.18449026568646, 39.6133558621], [-121.15806353668661, 39.6836546296], [-121.1484375, 39.6919229438973], [-121.078125, 39.701910307324326], [-121.02075224623086, 39.6836546296], [-121.0078125, 39.65841217291705], [-120.9961830000914, 39.6836546296], [-120.94947356644798, 39.7539533971], [-120.9375, 39.75985096587402]]}}, {"type": "Feature", "properties": {"level_in": 1.0}, "geometry": {"type": "LineString", "coordinates": [[-119.953125, 38.50735201748721], [-119.8828125, 38.51767041864028], [-119.8125, 38.52126940650919], [-119.7421875, 38.51618227818009], [-119.671875, 38.50323746672138], [-119.6504040147189, 38.4885755813], [-119.63187524054922, 38.4182768137], [-119.6015625, 38.38150103946954], [-119.57806428785028, 38.3479780462], [-119.53124999999999, 38.30443728137453], [-119.50728803902074, 38.2776792786], [-119.4609375, 38.240818727572425], [-119.43261130029985, 38.207380511], [-119.39062500000001, 38.152161882127096], [-119.37822727193998, 38.1370817434], [-119.34453136293033, 38.0667829758], [-119.37999114603588, 37.9964842081], [-119.39035408929317, 37.9261854405], [-119.390625, 37.92548281929688], [-119.42571944977317, 37.8558866729], [-119.40683349223931, 37.7855879053], [-119.390625, 37.75110915026451], [-119.3203125, 37.73750951830756], [-119.24999999999999, 37.72383880941397], [-119.21967402876007, 37.7152891377], [-119.25, 37.657199328169284], [-119.25422033057795, 37.64499037], [-119.25, 37.621238340484794], [-119.24133186824983, 37.5746916024], [-119.1796875, 37.54854079891568], [-119.109375, 37.5465740338142], [-119.07980206559259, 37.5043928347], [-119.0390625, 37.474011796589735], [-119.00721829911957, 37.434094067100006], [-119.00147401316102, 37.3637952995], [-119.0390625, 37.338373177057534], [-119.1012847273245, 37.3637952995], [-119.109375, 37.368416391956586], [-119.16419439121545, 37.4340940671], [-119.1796875, 37.46267756252492], [-119.25000000000001, 37.48259816437347], [-119.3203125, 37.49338492184616], [-119.390625, 37.498008360238906], [-119.4609375, 37.4857235074933], [-119.48086136823366, 37.5043928347], [-119.51696278181349, 37.5746916024], [-119.53125, 37.59577403923644], [-119.55296443749668, 37.5746916024], [-119.6015625, 37.56266013744191], [-119.62106949966203, 37.5746916024], [-119.671875, 37.59845617655287], [-119.7421875, 37.641462913623265], [-119.74950333246697, 37.64499037], [-119.7458988840973, 37.7152891377], [-119.8125, 37.747268295289615], [-119.85766198265958, 37.7855879053], [-119.8828125, 37.84687350745326], [-119.88626140284254, 37.8558866729], [-119.8828125, 37.8585029594109], [-119.8125, 37.85829400515898], [-119.77413100473903, 37.9261854405], [-119.8125, 37.98033825194788], [-119.83080281857228, 37.9964842081], [-119.8828125, 38.03892599388668], [-119.91059122734586, 38.0667829758], [-119.95312500000001, 38.136601288590015], [-119.9541091534492, 38.1370817434], [-119.9910672622911, 38.207380511], [-119.9902596246809, 38.2776792786], [-120.0234375, 38.30481043030425], [-120.05641505381078, 38.3479780462], [-120.04601230561984, 38.4182768137], [-120.0234375, 38.44575632648366], [-119.9837148121333, 38.4885755813], [-119.953125, 38.50735201748721]]}}, {"type": "Feature", "properties": {"level_in": 1.0}, "geometry": {"type": "LineString", "coordinates": [[-119.53125, 37.363978651421895], [-119.53056325266091, 37.3637952995], [-119.53125, 37.363732633210105], [-119.53133735067964, 37.3637952995], [-119.53125, 37.363978651421895]]}}, {"type": "Feature", "properties": {"level_in": 1.0}, "geometry": {"type": "LineString", "coordinates": [[-119.109375, 37.07231741789236], [-119.0390625, 37.04996245526166], [-119.01584533088266, 37.0123014612], [-119.03311618737149, 36.9420026935], [-119.0390625, 36.935461501475906], [-119.04421218793345, 36.9420026935], [-119.109375, 36.97954528951442], [-119.1538677295303, 37.0123014612], [-119.109375, 37.07231741789236]]}}, {"type": "Feature", "properties": {"level_in": 2.0}, "geometry": {"type": "LineString", "coordinates": [[-86.1328125, 46.734347976762066], [-86.0625, 46.7549527715854], [-85.9921875, 46.75176363064732], [-85.921875, 46.7485123935448], [-85.8515625, 46.7429053921459], [-85.78125, 46.735168717602456], [-85.7109375, 46.718103671726915], [-85.6964108836595, 46.7135313534], [-85.640625, 46.67217758332017], [-85.59594629855064, 46.6432325865], [-85.5703125, 46.61589541709968], [-85.53973168116559, 46.5729338195], [-85.5703125, 46.55308185625455], [-85.640625, 46.52229581123229], [-85.7109375, 46.51498034001555], [-85.78125, 46.51317813028166], [-85.8515625, 46.51908961892262], [-85.921875, 46.528148897545535], [-85.9921875, 46.54181979787157], [-86.0625, 46.55989664325112], [-86.10503140377341, 46.5729338195], [-86.1328125, 46.584191412534096], [-86.203125, 46.61336445044374], [-86.26142087735415, 46.6432325865], [-86.203125, 46.69691894136489], [-86.1826178484146, 46.7135313534], [-86.1328125, 46.734347976762066]]}}]}